-629
-854
-1121
-1702
-1585
-1050
-548
-637
-369
-28
-106
-210
-510
-787
-1084
-1304
-1365
-1740
-1632
-1625
-1781
-2290
-2355
-2236
-2784
-2475
-2854
-2455
-2887
-3259
-3499
-3958
-3881
-4212
-4633
-5535
-5851
-6045
-6520
-7242
-7034
-7513
-7856
-8597
-8848
-8710
-9042
-9269
-9467
-9580
-10161
-10470
-10868
-11069
-10958
-11063
-10952
-11242
-11458
-11928
-11896
-12427
-12691
-12641
-12339
-12108
-11608
-11681
-11564
-11316
-11202
-11476
-11622
-11257
-11157
-11045
-11043
-11046
-10989
-10879
-10770
-10662
-10555
-10449
-10505
-10508
-10402
-10444
-10810
-10804
-10859
-10932
-11259
-11146
-11436
-11321
-11554
-11215
-11102
-11369
-11666
-11526
-11410
-11297
-11069
-10958
-10948
-10838
-10729
-10502
-9699
-9499
-9670
-9624
-9903
-9356
-8843
-8470
-8587
-9235
-9142
-9274
-8931
-9336
-9570
-9474
-9463
-9368
-9274
-9279
-9463
-10016
-10135
-9869
-9942
-10261
-10553
-10889
-10708
-10557
-10323
-10819
-10960
-11117
-10802
-10460
-10292
-10465
-10360
-10349
-10245
-10151
-10413
-11026
-11135
-11247
-11484
-11353
-11923
-12241
-12193
-12234
-11880
-11653
-11632
-11239
-11363
-11854
-11694
-11489
-11248
-11135
-11023
-10912
-10802
-10693
-10793
-10684
-10441
-10336
-10232
-10129
-9469
-9190
-9098
-9006
-8915
-8689
-8602
-8605
-8518
-8432
-8347
-8211
-8128
-8046
-7979
-7905
-7751
-7673
-7434
-7359
-7448
-7682
-7731
-7496
-7373
-6987
-7482
-7480
-7535
-7908
-8021
-8127
-8045
-7964
-7884
-7805
-7627
-7550
-7474
-7399
-7324
-7250
-7177
-7105
-7033
-6962
-6892
-6823
-6754
-6686
-6619
-6552
-6486
-6421
-6356
-6292
-6229
-6166
-6104
-6353
-6289
-6226
-6163
-6101
-6233
-6150
-6088
-6299
-6005
-5944
-5929
-5869
-5714
-5656
-5353
-5299
-5822
-5848
-6002
-5998
-6206
-6256
-6521
-6650
-6366
-6546
-6270
-6756
-6451
-5927
-5612
-5620
-5563
-5303
-5249
-4879
-4933
-4918
-4489
-4444
-4723
-5013
-4794
-4739
-4654
-3986
-3946
-3811
-3132
-2456
-2157
-2135
-1832
-1813
-1766
-1761
-1447
-1432
-1230
-756
-354
-350
-505
-499
-411
-406
-693
-686
-679
-672
-665
-658
-651
-644
-637
-630
-623
-616
-609
-602
-595
-589
-583
-577
-571
-565
-489
-484
-508
-502
-496
-491
-486
-481
-476
-471
-466
-461
-456
-451
-446
-441
-436
-431
-426
-421
-416
-560
-742
-734
-726
-718
-710
-702
-694
-687
-680
-643
-636
-759
-751
-589
-583
-577
-283
-338
-31
-30
6
5
4
3
2
1
0
0
401
396
392
388
384
372
578
572
566
560
959
949
939
1493
1362
1348
1334
1320
1306
1173
1161
1501
1485
2010
1989
1969
1949
1929
1909
1889
1870
1851
2177
2155
2203
2180
2158
2225
2202
2129
2443
2418
2393
2369
2345
2321
2297
2510
2484
2459
2434
2409
2384
2360
2336
2312
2288
2265
2242
2219
2196
2174
2152
2130
2108
2086
2065
2637
2738
3003
3130
3098
3066
3307
3273
3240
3690
3553
3517
3481
3446
3411
3376
3403
3368
3334
3490
3917
3877
3838
4250
4637
4893
5184
5132
5080
4844
4795
4747
4699
4651
4604
5190
5212
5159
5107
5055
5004
4953
4903
5150
5098
5046
4995
5165
5113
5061
5010
4959
4909
4859
4991
5147
5095
5485
5430
5649
5592
5493
5438
5861
5944
5884
5825
6111
6518
6689
6622
6781
6933
6863
6687
6620
6553
6487
6422
6357
6293
6230
6167
6105
6224
6161
6091
6030
6122
6451
6386
6322
6120
6058
5997
5936
5876
5817
5758
5843
5784
5726
6014
5953
6174
6112
6050
6447
6382
6318
6254
6191
6129
6067
6023
5694
5642
5685
5751
5693
5917
5851
6063
6002
5984
5924
5634
5577
5521
5465
5410
5355
5301
5247
5194
5142
5090
5039
4988
4938
4888
4839
4790
4891
5345
5489
5434
5919
5859
5800
5741
5683
6181
6119
6216
6153
6091
6375
6658
6591
6786
6845
6776
6708
6640
6573
6507
6441
6376
6312
6248
6185
6255
6712
6644
6577
6511
6445
6380
6316
6252
6189
6127
6065
6004
5943
6313
6847
6778
6710
6913
6915
7070
6999
6928
7091
7020
6949
6741
6673
6606
6539
6473
6408
6816
6747
6679
6831
6762
6694
6626
6865
7044
6973
6903
6833
6764
6696
6628
6730
6485
6420
6355
6291
6228
6165
6103
6041
5980
5920
5860
5801
5742
5684
5627
5570
5514
5458
5403
5347
5293
5240
5473
5781
5898
5838
5779
5721
6350
6286
6223
6160
6098
5990
5930
5870
5811
5752
6381
6313
6249
6186
6124
6062
6001
5940
5880
6495
6448
6383
6319
6834
6784
6716
7311
7256
7183
7111
7039
6968
6898
7491
7435
7360
7395
7932
7852
7773
8358
8514
8428
8343
8259
8176
8094
8012
7931
7851
7772
7694
7616
7539
7463
7388
7314
7240
7167
7095
7023
7615
7538
7462
7387
7345
7271
7198
7125
7053
6982
7107
7035
7576
7500
7973
7893
8047
7966
7886
7807
7728
8016
8288
8205
8122
8040
8259
8176
8050
7969
7889
7810
7833
8064
7983
7903
7823
7744
7666
7589
7513
7437
7362
7288
7215
7074
7003
6932
7352
7278
7205
7132
7060
6989
6919
6849
6768
7161
7089
7018
6947
6877
6808
6739
6671
6604
6537
6471
6406
6341
6277
6214
6151
6089
6028
5967
5907
5847
5788
5730
5672
5615
5558
5502
5446
5391
5337
5283
5230
5177
5125
5073
5125
5073
5022
4971
5535
5479
5424
5369
5315
5261
5208
5155
5103
5051
5000
5395
5340
5510
5454
5414
5958
5898
5838
5779
5721
6301
6491
6790
6722
6654
6781
6713
6564
6498
6432
6367
6303
6239
6176
6114
6052
5991
5931
5871
5812
5753
5695
5637
5580
5497
6030
5969
5909
5849
5790
5732
6439
6374
6776
6708
6640
6805
7022
6951
7506
8166
8084
8003
7922
8043
7962
7882
7803
8690
8603
8671
8584
8498
8412
8327
8243
8160
8441
8356
8272
8189
8107
8574
8488
8719
8631
9113
9021
8930
8840
8751
8663
8576
8406
8321
8237
8154
8072
7813
8248
8165
8083
8002
8552
8601
8793
8704
8616
8529
8443
8647
8560
8517
8431
8346
8262
8711
9096
8863
8774
8686
8415
8693
8605
8518
8432
8347
8263
8180
8098
8016
7935
7855
7532
7599
7522
7446
7171
6620
6553
6487
6422
6547
6651
6850
7313
7771
7936
7856
7683
7871
7792
7714
7761
7474
7399
7435
8040
8055
7974
8371
8287
8376
8934
8844
8755
9239
9146
9277
9356
9262
9394
9804
10164
10426
10585
10852
11024
11173
11596
12051
12318
12335
12895
13561
13680
14048
14193
14410
14834
14893
15151
15691
15533
15709
16669
16502
16336
16679
17455
17888
18623
18436
18799
19346
19939
20285
20305
20661
20721
20996
20953
20951
21174
21110
21137
20925
20715
20794
21153
20941
21577
22048
21827
21608
21696
22093
21926
21706
21842
22041
22710
22482
22810
22848
22487
23008
23462
23515
23279
23350
23731
24074
23833
23594
23357
23123
23584
24496
25007
25452
26180
26549
26316
26052
26162
26646
26200
26027
25861
25624
25643
25525
25622
25353
25528
26167
26101
26201
25938
26174
26286
26635
27164
27113
27175
27367
27991
28185
28412
28691
28310
28026
27979
27867
27924
27930
27806
27681
27977
27804
27546
27270
27398
26922
26654
25954
26203
25510
25352
25098
24403
23647
24075
24119
23805
23841
23167
22934
22892
22646
22255
22657
22778
22956
23078
22871
23260
23027
23268
23256
23023
22792
22563
22264
22235
22108
21982
22600
22898
23186
23077
23228
22854
22357
22461
22788
22771
22876
22964
22734
22924
23088
23296
23447
23468
23889
24132
23890
24309
24120
24110
23973
24110
24421
25067
25051
24575
24626
24201
23921
24265
24267
24144
24515
24849
24858
25563
25854
25914
25747
25831
25688
25081
25090
24748
24488
24476
24285
24020
24190
24259
24133
24332
24541
24463
24218
24315
24340
24096
24098
24288
24246
24037
24111
24147
24194
24923
25573
25930
25461
25254
25363
25003
24656
24232
24687
24958
25028
25341
25688
26247
26210
26672
26511
26139
26510
26459
26006
25669
25412
25321
25446
25355
25446
25447
24923
24673
24858
24946
25270
25348
25186
25065
25312
25589
25282
24957
24684
24401
24531
24896
25196
25485
25100
25852
25843
25533
25842
25131
24988
24617
24683
24289
23714
23709
23586
23681
23429
22891
23000
23599
23010
23529
23219
23221
23505
23556
23916
23141
22785
22684
22832
23280
23670
23943
23799
23142
23076
23374
23619
23684
23996
24070
24308
24593
24930
25120
25022
25247
25160
25490
25504
25335
25073
25098
25406
25144
24971
24609
24226
24164
23632
22849
22842
22979
22986
22835
22860
22255
22071
21655
21375
21175
21317
20915
20667
20899
20857
21227
21078
20732
20864
20710
20583
20705
20607
20495
21020
21321
21650
21771
22085
21945
21630
21224
20616
20196
20245
20461
19834
19460
19069
18592
18480
18021
17834
18453
18682
18749
18670
18751
18692
18896
18685
18676
18645
18655
18468
18367
18546
18590
18663
18476
18297
17927
17737
17277
17112
17347
17396
17755
18203
18428
18384
18826
18981
18878
18964
18926
19442
19289
19473
19415
19674
19527
19546
19771
20071
20176
20164
20052
20019
20752
21012
20695
20900
20704
20450
20498
20294
20232
20671
20600
20756
20963
20976
21098
21207
21398
21351
21643
21505
21437
21327
21538
21734
22291
22401
22264
22308
22891
22598
22881
23253
22835
23431
23196
23864
23899
23766
23496
23491
23992
23817
23578
23731
24062
24289
24674
24880
24712
24588
24814
24786
24841
24946
24654
24678
24979
25104
24890
25001
25436
25979
26543
26618
26990
27903
27929
27649
27861
28406
28795
29405
29497
29475
29336
29853
30153
30185
29933
30430
30582
30506
30752
30934
31668
31718
32070
32064
32189
32340
32621
32960
33089
33335
33359
33372
33332
33384
33173
33076
32603
32357
31984
31760
31280
31165
31475
31415
31299
31203
31223
31649
31929
31774
31580
31154
30713
30405
29992
29740
29183
29213
28890
28726
28590
28784
28872
28708
28797
28757
28697
28380
28095
27844
28038
28342
28468
28183
27900
28181
28470
28185
28141
28190
28370
28350
28553
28933
28643
29060
28748
28625
28419
28365
28053
27772
27586
26944
26674
26363
26086
25844
25540
25211
24958
24708
24460
24426
24181
23958
23718
23384
23167
23463
23498
24064
23952
24122
24124
24055
23934
23783
23949
23840
23601
23364
23130
22898
22668
22441
22019
22150
22671
22786
23179
23529
23871
24275
24373
24738
24650
24403
24496
24619
24372
24128
23886
23646
23824
23585
23348
23852
24368
24590
24644
24397
24951
24916
24666
24637
24390
24501
24566
24320
24236
23993
23752
23296
22979
22500
22274
21920
21700
21482
21375
21248
21035
20824
20615
20408
20825
21009
21193
21062
21012
20801
21140
21353
21339
21125
21445
21485
21355
21141
20929
20947
21013
21089
21622
21405
21750
22172
21950
22736
23392
23374
23274
23041
23245
23455
23404
23660
23496
23585
23642
23674
23440
23578
23431
23196
23077
22905
23085
22917
22704
22710
22665
22386
22071
21828
21960
21794
21827
21804
21585
22022
21949
21729
22190
22287
22063
21658
21850
21825
22029
22214
22229
22471
22352
22013
22216
21993
21772
21554
21428
21707
21662
21539
21323
21304
21629
21516
21333
21700
22189
22321
22668
23136
23120
23016
22747
22361
21996
21892
21618
21876
21799
21580
21140
20928
21368
21154
20942
20642
20688
20654
20558
20352
21115
20903
20693
20485
20279
20076
19875
19676
19479
19284
19090
18898
18708
18520
18542
18765
18577
18739
19374
19180
19352
19406
19336
19142
19354
19485
19626
19429
19261
19068
18877
18688
18500
18314
18368
18184
18516
18330
18240
18139
17957
18281
18098
17916
18433
19362
19168
18976
19169
18977
18787
18598
18629
18442
18576
18390
18205
18022
18377
18871
18682
18494
19289
19095
18903
18713
18525
18621
18558
18372
18188
18005
17824
17645
17403
17555
17795
17616
17601
17424
17249
17076
16905
16525
16359
16195
16032
15871
15807
16150
15988
15827
15979
15719
15561
15405
15250
15097
14945
14795
14955
14805
15078
14927
14777
14629
14482
14337
14193
14050
14134
13992
13851
13712
13574
13438
13303
13169
13037
12906
12776
12753
12888
12870
12774
12646
12519
12393
12268
12145
12091
11969
11849
11730
11612
11495
11379
11265
11300
11186
11074
10963
10853
10744
10636
10529
10423
10318
10214
10111
10009
9866
10046
9945
9845
9888
9789
9922
9822
9723
9625
9528
9432
9337
9243
9150
9058
8967
8877
8788
8700
8612
8914
9001
8910
8820
8731
8643
8556
8470
8385
8301
8217
8134
8052
7971
7891
7812
7733
7655
7578
7502
7426
7351
7277
7204
7131
7059
6988
6918
6848
6779
6711
6643
6576
6510
6444
6379
6315
6251
6188
6126
6064
6003
5942
5882
5823
5764
5706
5648
5591
5535
5479
5424
5369
5315
5261
5208
5155
5103
5051
5000
4949
4899
4849
4800
4751
4703
4655
4608
4561
4515
4469
4424
4379
4335
4291
4248
4205
4162
4120
4078
4037
3996
3956
3916
3876
3837
3798
3759
3721
3683
3646
4468
4484
4439
4394
4350
4306
4262
4219
4448
5099
5047
4996
4945
4895
4846
4797
4748
4700
4652
4605
4667
5028
4977
4927
4877
4828
4779
4731
4683
4636
4589
4543
4497
4451
4406
4361
4317
4273
4230
4305
4993
5723
5561
6526
6460
6798
6729
7326
7252
7179
7107
7035
7043
6972
6902
6953
6883
7167
7095
7023
6656
6589
6498
6432
6614
6760
7100
7028
6957
6887
6818
6749
6681
6614
6547
6481
6416
6351
6287
6224
6161
6099
6037
5855
5796
6271
6208
6145
6083
6022
5961
5901
5841
5782
5724
5666
5609
5552
5496
5440
5385
5331
5277
5224
5799
6050
6987
6917
6847
6778
6710
6642
6575
6509
6443
6378
6314
6250
6645
6927
6857
6788
6720
6652
6585
6519
6264
6844
6775
6707
6794
6883
6814
6745
6677
6610
6543
6477
6412
6347
6283
6220
6452
6680
6613
6546
6480
6415
6350
6286
6223
6160
6098
6036
5975
5915
5855
5796
5818
5777
5719
5661
5604
5547
5491
5920
6239
6176
6114
6052
5991
5931
5871
5812
5753
5695
5637
5580
5524
5468
5413
5358
5304
5250
5197
5144
5092
5041
4990
5227
5174
5122
5387
5333
5279
5226
5173
5121
5069
5018
4967
4917
4867
4818
4769
4721
4673
4626
4579
4533
4487
4442
4397
4352
4308
4723
4675
4628
5187
5135
5083
5032
4981
4931
4881
4832
4783
4735
4687
4640
4726
5453
5553
5497
5708
5650
5593
5537
5481
5426
5371
5317
5263
5210
5157
5105
5257
5204
5151
5039
4988
4938
4888
4839
4790
4742
4694
4647
4600
4553
4507
4461
4416
4371
4327
4157
4115
4477
4432
4387
4343
4299
4255
4212
4169
4127
4085
4044
4003
3962
3922
3882
3843
3804
3765
4098
4286
4243
4200
4157
4115
4073
4032
3991
3951
3911
3871
3832
3793
3755
3717
3679
3642
3605
4006
3848
3809
3770
3732
3694
3657
3620
3583
3547
3511
3475
3440
3405
3370
3336
3302
3268
3235
3499
3463
3428
3747
3681
3644
3814
3775
4246
4203
4160
4118
4076
4035
3994
3954
3914
3874
3835
3796
3758
3720
3702
3664
4117
4075
4034
3993
3953
3913
3873
3834
3795
3757
3719
3681
3644
3607
3570
3534
3498
3462
3427
3392
3358
3324
3290
3257
3224
3191
3159
3127
3095
3064
3033
3002
2887
3309
3275
3242
3209
3176
3144
3112
3080
3049
3018
2987
2957
2927
2897
2868
2839
2810
2781
2753
3220
3187
3155
3176
3614
3577
3541
3505
3469
3434
3399
3364
3330
3296
3263
3230
3197
3164
3132
3100
3624
3470
3435
3487
3452
3417
3382
3348
3314
3280
3247
3214
3181
3149
3117
3085
3054
3023
3080
3049
3479
3572
3942
3902
3862
3823
3784
3746
3708
3670
3633
3596
3560
3524
3488
3453
3418
3383
3349
3315
3687
3782
3744
3706
3668
3631
3594
3558
3522
3486
3451
3416
3381
3347
3313
3279
3246
3213
3180
3148
3116
3084
3053
3022
2991
2890
2861
3399
3364
3330
3296
3263
3230
3197
3164
3132
3100
3068
3037
3006
2975
2945
2915
2885
2856
2827
2798
2753
2725
3231
3198
3165
3133
3101
3069
3038
3007
2976
2946
2916
2886
2857
2828
2799
2770
2742
2714
2686
2659
2632
2605
2578
2552
2526
2500
2474
2449
2527
2501
3076
3045
3014
2983
2953
2923
2893
2864
2835
2806
2777
2749
2721
2693
2666
2639
2612
2585
2559
3087
3138
3106
3074
3043
3012
2981
2951
2921
2891
2862
2833
2804
3263
3249
3216
3183
3151
3119
3087
3056
3025
3452
3720
3682
3645
3608
3571
3535
3499
3463
3428
3118
3086
3271
3238
3205
3172
3140
3108
3076
3045
3014
2983
2953
2923
2893
2944
3382
3348
3314
3280
3247
3214
3181
3149
3117
3085
3054
3023
2992
2962
2932
2902
2872
2843
2814
2785
2757
2729
2701
2673
2646
2619
2592
2566
2540
2813
2784
3184
3152
3120
3088
3057
3026
2995
2965
2935
3042
3011
3425
3390
3356
3322
3288
3255
3222
3189
3157
3125
3093
3062
3031
3000
2902
3389
3355
3321
3287
3254
3221
3188
3156
3124
3092
3061
3030
2999
2968
2938
2902
3386
3602
3565
3529
3493
3933
3893
4301
4257
4214
4171
4129
4359
4210
4167
4125
4083
4042
4001
3960
3920
3880
3841
3802
3763
3725
3687
3650
3542
4013
3972
3932
3892
3853
3814
3775
3737
3699
3661
3624
3587
4329
4600
4916
4866
4817
4768
4720
5267
5409
5708
5650
5593
5537
5481
5591
5616
5559
6175
6522
6456
6391
6327
6344
6280
6799
6765
6697
6488
6423
6396
6445
6380
6851
6881
6812
6743
6666
7177
7105
7480
7897
8265
8875
8786
8698
8610
8523
8991
9169
9077
9127
9134
9519
9938
9917
9817
9718
9620
9523
9427
9332
9238
9145
9109
9442
10010
10722
10614
10892
11481
11724
11990
11869
11750
11632
11515
11708
11780
11602
11485
11224
11111
11008
11239
11126
10899
10659
10552
10731
11115
11211
11328
11214
11209
11381
11393
11278
11218
11362
11248
11625
12032
11911
11791
12266
12489
12363
12239
12116
12287
12164
12405
12280
12841
13155
13131
13457
13757
14137
14635
15195
15042
14891
14741
14593
14446
14301
14157
14581
14397
14879
14730
15117
15429
15274
15454
15299
15282
15386
15231
15130
15333
15270
15210
15057
15374
15839
16459
16294
16130
15968
15808
15649
15492
15336
15182
15600
15641
15423
15702
15618
16236
16317
16153
16237
16493
15986
16023
16038
15877
15928
15493
15160
14819
14733
14884
15261
15036
14969
15036
14814
15016
15588
15103
15158
14795
14239
13774
13657
13617
13218
13795
13762
13587
13131
12843
12748
12550
11886
11104
10951
10854
10363
10154
10201
10087
9759
9993
10142
9841
9772
9369
9015
8844
8710
8547
8225
7743
7706
8101
8333
8690
8532
8776
9302
9426
9703
9973
9278
9193
9222
9468
9697
9653
9421
9387
9778
9777
9135
8734
8567
8479
8663
8190
7685
7324
7023
6847
6598
6370
6310
5973
5713
5742
5734
5782
5340
4864
4635
4376
4342
3908
4111
3484
3315
2896
2713
3004
3316
2941
3580
3789
4099
3771
3677
3616
3555
3360
3360
3620
3697
4081
4550
4260
4823
5014
4923
5509
5497
5267
5119
5240
4393
4135
4694
4557
4467
4425
4368
4471
4603
4819
5000
5019
4929
4870
4644
4844
5192
5211
5292
5399
6232
6641
6372
5749
5905
6071
6034
6187
5904
6232
5979
5861
5679
5555
5534
4833
4571
4117
3800
3407
3448
3505
4030
4297
4221
4813
5245
5294
5187
5184
4844
4612
4308
4082
3734
4015
4026
3791
3319
3240
3509
3730
3793
4237
4263
4615
4256
4523
4286
4278
4203
3566
3484
3958
4076
3927
3607
3363
2806
2894
2565
2550
2953
2543
2346
2660
2597
2715
2601
2388
2558
2853
2808
3282
3637
3419
3712
3615
3478
3589
3639
3558
3279
3455
3283
3559
3141
2922
2975
2717
3082
3327
3134
2696
2696
2566
2842
2850
3207
3808
4020
4172
3418
3523
3609
3723
3570
3234
2875
2874
2956
3075
3202
3094
3293
3818
3682
3311
3694
3709
3598
3661
3715
3754
3313
3472
3758
3858
3969
4072
4199
4428
4651
4692
4807
5022
5462
5704
6296
6572
6445
6234
6064
6123
6036
5931
6043
5757
5213
4950
5114
5357
5205
5283
5074
4891
4380
3984
3844
3277
2698
2730
2287
2160
2662
2327
1995
1331
1273
1784
1469
1366
1259
1287
1726
2030
2437
2300
2174
1820
1711
1810
1745
1332
1008
1049
708
976
837
955
1211
1075
928
509
1082
1369
1272
1343
752
621
606
570
491
354
373
282
-35
278
195
134
-206
-379
-149
-146
-238
312
734
1107
1095
1273
1450
1674
1798
1904
1975
1994
1626
1821
2115
1997
2385
2329
2106
2408
2558
2859
3087
3692
3516
3193
3295
3446
2959
2807
2777
2630
2753
2365
2286
2500
2758
2609
3278
3599
4259
4507
4655
5169
5797
5909
5945
5934
5893
6077
6084
6547
6465
6329
6182
5918
6486
6972
7329
7691
8311
8266
8235
8536
8450
8483
8399
8400
8043
8142
7657
7295
7471
6995
6833
6865
7122
7078
6733
6782
6593
6527
6542
6321
6370
6444
6379
6452
6458
6779
7324
7580
7350
7447
8040
7959
8232
8225
8363
8056
8187
8644
8672
8377
8382
8298
8214
8365
8227
8326
8088
7293
7219
7282
7136
7064
6993
6990
6801
6940
6967
6667
6621
6865
6860
6870
7502
7936
7509
6837
6768
6336
6272
5883
5983
6160
6342
6386
6941
7231
7158
7745
7835
8206
8451
8092
7731
7941
8132
8217
8260
8395
8346
8187
8289
8546
8595
8982
9578
10109
10637
11405
11550
12321
12197
12186
12262
12336
12212
11973
11807
11714
11498
11119
10790
10842
11423
11308
11362
11828
12123
12291
12447
12412
12236
12113
11991
12118
11996
11793
11843
12204
12081
12007
11886
11767
11649
11532
11547
12075
12007
11886
11767
11649
11532
11416
11301
11187
11075
10967
11179
11067
10956
10846
10737
10629
10603
10987
10877
10768
11358
11244
11131
11019
11157
11045
10934
10824
10715
10607
10500
10394
10289
10186
10674
10691
10955
10845
10736
10628
10521
10415
10310
10206
10103
10001
9900
9800
9701
9603
9506
9410
9315
9221
9128
9036
8945
8855
8766
8678
8847
8758
8670
8583
8931
8841
8752
8664
8577
8491
9122
9030
8939
8849
8760
8672
8585
8499
8636
8549
8463
8378
8294
8210
8127
8045
7964
7884
7805
7726
7648
7571
7495
7419
7344
7270
7197
7124
7052
6981
6911
6841
6772
7208
7210
7137
7065
6994
6923
6853
6784
6716
6648
6581
6954
7403
7328
7254
7705
7627
8205
8289
8206
8123
8041
7960
7880
7801
7722
7644
7567
7491
7416
7341
7267
7194
7121
7049
6978
6908
6838
6769
6701
6633
6566
6500
6434
6369
6305
6241
6178
6116
6054
5993
5933
5873
5814
5755
5697
5639
5582
5526
5747
5689
5632
6003
6747
6679
6667
6600
6533
6467
6402
6337
6273
6210
6147
6085
6167
6661
6594
6725
7076
7005
6934
6864
6795
6726
6658
6591
6525
6459
6394
6329
6265
6202
6272
6209
6465
6400
6655
6588
6522
6456
6391
6327
6263
6316
6252
6189
6127
6065
6004
5943
5883
5824
5765
5707
5649
5592
5536
5480
5425
5370
5331
5277
5539
5483
5908
5848
5789
5731
5673
5704
5646
5589
5533
5477
5422
5367
5313
5259
5206
5153
5101
5049
4998
4947
4897
4847
4798
4749
4701
4653
4606
4559
4513
4467
4422
4377
4333
4289
4246
4203
4160
4118
4623
4637
4590
4544
4498
4452
4407
4362
4318
4274
4231
4188
4146
4104
4062
4021
3980
4283
4240
4754
4706
4658
4611
4564
4518
4472
4427
4382
4338
4294
4251
4208
4165
4123
4081
4040
3999
3958
3918
3878
3839
4417
4505
4459
4747
4699
4651
4902
4852
4803
4754
4706
4658
4611
4564
4518
4472
4427
4382
4338
4294
4251
4208
4165
4123
4081
4040
3999
3958
3918
3878
3839
3800
3761
3723
3685
3648
3611
3574
3538
3502
3466
3431
3396
3362
3328
3294
3261
3228
3195
3163
3131
3099
3067
3036
3005
2974
2944
2914
2884
2855
2826
2797
2769
2741
2713
2685
2658
3269
3173
3141
3109
3077
3046
3015
2984
2954
2924
2894
2865
2836
2807
2778
2750
2722
2694
2667
2640
2613
2586
2560
2534
2508
2482
2457
2829
2799
2770
2742
2714
2686
2659
2632
2605
2578
2552
2526
2500
2474
2449
2424
2399
2374
2350
2326
2302
2278
2255
2232
2209
2186
2164
2142
2120
2098
2076
2055
2034
2013
1992
1972
1952
1932
1912
1892
1873
1854
1835
1816
1797
1779
1761
1743
1725
1707
1689
1672
1655
1638
1621
1604
1587
1571
1555
1539
1523
1507
1491
1476
1461
1446
1431
1416
1401
1386
1372
1358
1344
1330
1316
1302
1288
1275
1262
1249
1236
1223
1210
1197
1185
1173
1161
1149
1137
1125
1113
1101
1089
1078
1067
1056
1045
1034
1023
1012
1001
990
980
970
960
950
940
930
920
910
900
890
881
872
863
854
845
836
827
818
809
800
791
783
775
767
759
751
743
735
727
719
711
703
695
688
681
674
667
660
653
646
639
632
625
618
611
604
597
591
585
579
573
567
561
555
549
543
537
531
525
519
513
507
501
495
490
485
480
475
470
465
460
455
450
445
440
435
430
425
420
415
410
405
400
395
391
387
383
379
375
371
367
363
359
355
351
347
343
339
335
331
327
323
319
315
311
307
303
299
296
293
290
287
284
281
278
275
272
269
266
263
260
257
254
251
248
245
242
239
236
233
230
227
224
221
218
215
212
209
206
203
200
197
195
193
191
189
187
185
183
181
179
177
175
173
171
169
167
165
163
161
159
157
155
153
151
149
147
145
143
141
139
137
135
133
131
129
127
125
123
121
119
117
115
113
111
109
107
105
103
101
99
98
97
96
95
94
93
92
91
90
89
88
87
86
85
84
83
82
81
80
79
78
77
76
75
74
73
72
71
70
69
68
67
66
65
64
63
62
61
60
59
58
57
56
55
54
53
52
51
50
49
48
47
46
45
44
43
42
41
40
39
38
37
36
35
34
33
32
31
30
29
28
27
26
25
24
23
22
21
20
19
18
17
16
15
14
13
12
11
10
9
8
7
6
5
4
3
2
1
0
0
0
0
0
0
0
0
0
0
0
0
0
0
0
0
0
0
0
0
0
0
0
0
0
0
0
0
0
0
0
0
0
0
0
0
0
0
0
0
0
0
0
0
0
0
0
0
0
0
0
0
0
0
0
0
0
0
0
0
0
0
0
0
0
0
0
0
0
0
0
0
0
0
0
0
0
0
0
0
0
0
0
0
0
0
0
0
0
0
0
0
0
0
0
0
0
0
0
0
0
0
0
0
0
0
0
0
0
0
0
0
0
0
0
0
0
0
0
0
0
0
0
0
0
0
0
0
0
0
0
0
0
0
0
0
0
0
0
0
0
0
0
0
0
0
0
0
0
0
0
0
0
0
0
0
0
0
0
0
0
0
0
0
0
0
0
0
0
0
0
0
0
0
0
0
0
0
0
0
0
0
0
0
0
0
0
0
0
0
0
0
0
0
0
0
0
0
0
0
0
0
0
0
0
0
0
0
0
0
0
0
0
0
0
0
0
0
0
0
0
0
0
0
0
0
0
0
0
0
0
0
0
0
0
0
0
0
0
0
0
0
0
0
0
0
0
0
0
0
0
0
0
0
0
0
0
0
0
0
0
0
0
0
0
0
0
0
0
0
0
0
0
280
564
-94
-527
-425
-420
-415
-410
-405
-562
-556
-393
-389
-262
-447
-442
-437
-432
-427
-422
-417
-638
-716
-708
-700
-692
-685
-678
-671
-664
-657
-564
-558
-242
-131
-360
-620
-892
-632
-625
-938
-1199
-1186
-1174
-1162
-1150
-1138
-1478
-1337
-1572
-1803
-1784
-1467
-1452
-1124
-1112
-1100
-1088
-1077
-1066
-1106
-1440
-1814
-1792
-1774
-1756
-1738
-1915
-2507
-2481
-2456
-2893
-2864
-2743
-2849
-2545
-2498
-2472
-2447
-2722
-2411
-2386
-2087
-2066
-2045
-2024
-2003
-1982
-1962
-1941
-1582
-1372
-1358
-1344
-1330
-829
-311
122
171
350
480
861
644
821
603
633
522
269
266
86
165
41
40
39
38
37
-326
-393
-389
-385
-374
-382
95
94
93
92
91
90
89
-200
-795
-787
-779
-1116
-1136
-1124
-1112
-880
-778
-854
-845
-836
-1088
-1089
-847
-295
103
498
540
578
743
641
631
338
395
416
392
595
825
543
900
1158
1436
1780
1599
1480
1607
1758
1686
1185
1176
1055
914
525
240
-181
-180
-285
121
119
162
160
527
534
8
116
-266
-85
185
58
-205
-277
-382
-675
-666
-937
-1293
-1364
-1413
-1480
-1637
-2023
-2486
-2595
-2222
-2421
-2396
-2418
-2056
-1980
-1272
-756
-752
-920
-554
-167
-260
-11
-45
-209
95
9
82
11
-300
-218
-441
-599
-438
-710
-1197
-1581
-1037
-1167
-1215
-963
-91
-132
-43
210
577
625
546
502
559
822
1045
1206
1593
1769
1937
2433
2483
2766
2574
2785
3099
3410
3739
3953
3811
3861
3276
3285
3660
3826
3679
4010
4615
4841
4985
5786
5652
5672
6069
6768
6684
7222
7293
7397
7380
7184
7654
7650
7205
7143
7596
7524
7509
7495
7304
7522
7187
7129
6894
6491
6563
6415
6741
6778
6968
6692
6793
6352
5789
5572
5491
5598
5491
5916
5605
5679
6061
5799
5536
4675
4158
3983
4253
4366
4152
4147
3520
3337
3547
3432
3390
3817
4018
4646
5092
5182
4762
4429
4390
4001
3927
4149
4320
4227
4077
4384
4408
4285
4053
3770
3693
4001
4430
4466
4221
4097
4260
4564
4922
4814
4966
4793
4820
5190
5248
5331
4803
4490
4638
4454
4879
4634
4775
4802
4762
4897
4999
4732
4316
4002
3729
3781
4215
4208
4407
4380
4843
4683
4488
4435
4326
4785
5052
5056
4754
4669
4455
4026
3739
3811
3944
3839
4250
4465
4783
4075
3855
3308
3444
3199
2857
2894
2347
2582
2466
2281
2462
1752
1931
2026
1616
1638
1586
1885
2203
2131
1956
2049
2081
1758
1405
1082
867
1507
1499
1139
1108
1016
1024
1405
1947
2224
2356
2653
2583
2951
2906
3259
3079
3258
2984
3302
3220
3517
3703
3848
3733
4195
4867
4826
5047
4712
5007
5030
5026
4513
4309
4559
4647
5170
4767
5159
5452
6035
6037
6201
6138
5791
5612
5901
5287
5295
5516
5770
5734
5526
5070
5342
5447
5630
5813
5514
5592
6034
6126
6120
5935
5565
5846
5799
5583
5968
5882
5715
5321
5197
4984
5246
5345
5673
5211
5082
5211
5532
5383
5079
4787
4907
5241
5336
5323
5058
5149
5262
5207
5307
5542
5683
6010
6114
6074
6013
6181
5884
6149
6490
7276
7777
8602
8223
8465
8641
8422
8279
8131
8346
8372
8656
8301
8371
8874
9103
9127
8933
9082
9054
9144
9307
9212
9060
9128
9007
8484
8592
8784
8265
8232
7857
8380
8328
7816
7168
6981
6362
5540
5542
5242
5104
5293
5630
5682
5592
5483
5406
5589
5474
5627
5981
6684
6701
7235
7288
6960
7067
7188
6786
6957
7189
7186
7932
8048
8064
8481
8340
8101
7807
6966
6669
6818
6943
6583
6560
6594
7052
6634
7151
6965
7554
7678
7856
7631
7546
7303
6823
6499
5899
5829
5712
6022
6069
6724
7132
7290
7042
7261
7692
7975
7916
7916
7344
7200
7055
7305
6793
6439
6187
5966
5740
5117
4798
4645
4838
4772
4653
4904
5001
5346
5216
5018
4939
5233
5021
4738
4675
4623
4511
4832
5283
5230
5395
5050
4792
4947
5286
5704
6182
6352
6472
6257
6128
5748
6075
5566
6004
6412
7172
7629
7619
7826
7241
7168
6994
6758
6750
6347
6015
6026
5842
5783
5762
5704
5233
5020
4926
4670
4596
4546
4270
4404
4768
5032
5581
5916
6046
6308
6399
6646
6782
6801
6752
6470
6302
6195
5823
5617
5681
5738
5382
5014
4343
3937
3897
3857
3924
3494
2946
3157
3221
3111
3079
3568
3534
3498
3462
3427
3392
3358
3324
3258
3517
3333
3113
3081
2822
2737
2751
2687
2456
2134
2059
2196
2030
2009
2718
2478
3014
3024
2993
2963
3178
2808
2563
2525
2741
2837
2849
2599
2244
2519
2883
3959
4012
3971
3931
4334
4838
5142
4817
5194
5669
5651
6010
6265
6285
6490
6627
6906
7125
6592
6539
6874
6641
7091
7020
6949
7645
7281
7244
6866
7752
7819
7981
7661
8234
8459
8374
8290
8207
8124
8042
7961
7881
7802
7723
7645
7586
8321
8237
8154
8072
7991
7911
7831
7752
7674
7597
7520
7444
7369
8086
8075
7888
7809
8150
9030
8939
9130
9038
8947
8857
9509
9544
9448
9353
9259
9166
9074
8983
8893
8803
8714
8626
8539
8453
8368
8104
8739
8651
8564
8478
8393
8308
8224
8141
8059
7978
7898
7818
7739
7661
7584
7508
7432
7357
7283
7210
7137
7065
6994
6923
6853
6784
6716
6648
6581
6515
6449
6384
6320
6256
6193
6131
6069
6008
5947
5650
5593
6118
6056
5995
5934
5874
5815
5756
5698
5640
5583
5527
5471
5416
5361
5307
5253
5200
5147
5095
5044
4993
4943
4893
4844
4795
4747
4699
4651
4604
4557
4511
4465
4420
4375
4331
4287
4244
4201
4158
4116
4074
4033
3992
3952
3912
3872
3833
3794
3756
3718
3680
3643
3606
3569
3533
3497
3461
3426
3391
3357
3323
3289
3256
3223
3190
3158
3126
3094
3063
3032
3001
2970
2940
2910
2880
2851
2822
2793
2765
2737
2709
2681
2654
2627
2600
2573
2547
2521
2495
2470
2445
2420
3031
3191
3159
3127
3095
3064
3033
3002
2971
2941
2911
2881
2852
2823
2794
2766
2738
2710
2682
2655
2864
3611
3667
3630
3593
3919
4746
4808
4759
4670
4881
4832
4783
4735
4687
4640
4593
4547
4501
4455
4410
4365
4321
4277
4234
4191
4149
4107
4065
4024
3983
3943
3903
3863
3824
3785
3747
3709
3671
3634
3597
3560
3524
3488
3453
3418
3383
3349
3315
3281
3248
3215
3182
3150
3118
3086
3055
3024
2993
2963
2933
2903
2873
2844
2815
2786
2758
2730
2702
2674
2647
2620
2593
2567
2541
2515
2489
2464
2439
2414
2389
2365
2341
2317
2293
2270
2247
2224
2201
2178
2156
2134
2112
2090
2069
2048
2027
2006
1985
1965
1945
1925
1905
1885
1866
1847
1828
1809
1790
1772
1754
1736
1718
1700
1682
1665
1648
1631
1614
1597
1581
1565
1549
1533
1517
1501
1485
1470
1455
1440
1425
1410
1395
1381
1367
1353
1339
1325
1311
1297
1284
1271
1258
1245
1232
1219
1206
1193
1181
1169
1157
1145
1133
1121
1109
1097
1086
1075
1064
1053
1042
1031
1020
1009
998
988
978
968
958
948
938
928
918
908
898
889
880
871
862
853
844
835
826
817
808
799
791
783
775
767
759
751
743
735
727
719
711
703
695
688
681
674
667
660
653
646
639
632
625
618
611
604
597
591
585
579
573
567
561
555
549
543
537
531
525
519
513
507
501
495
490
485
480
475
470
465
460
455
450
445
440
435
430
425
420
415
410
405
400
395
391
387
383
379
375
371
367
363
359
355
351
347
343
339
335
331
327
323
319
315
311
307
303
299
296
293
290
287
284
281
278
275
272
269
266
263
260
257
254
251
248
245
242
239
236
233
230
227
224
221
218
215
212
209
206
203
200
197
195
193
191
189
187
185
183
181
179
177
175
173
171
169
167
165
163
161
159
157
155
153
151
149
147
145
143
141
139
137
135
133
131
129
127
125
123
121
119
616
336
332
507
362
641
634
627
620
1168
1728
1710
1692
1675
1658
1641
1624
1607
1590
1574
1605
1588
1572
1556
1540
1524
1508
1492
1477
1462
1447
1432
1417
1402
1387
1373
1359
1345
1331
1317
1303
1289
1276
1263
1250
1237
1224
1211
1198
1186
1174
1162
1150
1138
1126
1114
1102
1090
1079
1068
1057
1046
1035
1024
1013
1002
991
981
971
961
951
941
931
921
911
901
891
882
873
864
855
846
837
828
819
810
801
792
784
776
768
760
752
744
736
728
720
712
704
696
689
682
675
668
661
654
647
640
633
626
619
612
605
598
592
586
580
574
568
562
556
550
544
538
532
526
520
514
508
502
496
491
486
481
476
471
466
461
456
451
446
441
436
431
426
421
416
411
406
401
396
392
388
384
380
376
372
368
364
360
356
352
348
344
340
336
332
328
324
320
316
312
308
304
300
296
293
290
287
284
281
278
275
272
269
266
263
260
257
254
251
248
245
242
239
236
233
230
227
224
221
218
215
212
209
206
203
200
197
195
193
191
189
187
185
183
181
179
177
175
173
171
169
167
165
163
161
159
157
155
153
151
149
147
145
143
141
139
137
135
133
131
129
127
125
123
121
119
117
115
113
111
109
107
105
103
101
99
98
97
96
95
94
93
92
91
90
89
88
87
86
85
84
83
82
81
80
79
78
77
76
75
74
73
72
71
70
69
68
67
66
65
64
63
62
61
60
59
58
57
56
55
54
53
52
51
50
49
48
47
46
45
44
43
42
41
40
39
38
37
36
35
34
33
32
31
30
29
28
27
26
25
24
23
22
21
20
19
18
17
16
15
14
13
12
11
10
9
8
7
6
5
4
3
2
1
0
0
0
0
0
0
0
0
0
0
0
0
0
0
0
0
0
0
0
0
0
0
0
0
0
0
0
0
-221
30
-710
-702
-1189
-1177
-1301
-1732
-1833
-1954
-1829
-1708
-1690
-1704
-1550
-1534
-1768
-2173
-1977
-1339
-1196
-193
-204
86
681
180
-267
-572
-1163
-1447
-1151
-1291
-1127
-1146
-1608
-1993
-2109
-2384
-2265
-2078
-2540
-2892
-3355
-3585
-3549
-3371
-3288
-3297
-3315
-3512
-3616
-3852
-4549
-4293
-4175
-4188
-4272
-4268
-5024
-5679
-5839
-5938
-6392
-6533
-6741
-6866
-6919
-7086
-6498
-5914
-5768
-5820
-6016
-5835
-5813
-5515
-5699
-5841
-5609
-5574
-5497
-5927
-5804
-5665
-5641
-5712
-6068
-6219
-6222
-6529
-7235
-7928
-8351
-8161
-8044
-8253
-8912
-9328
-9182
-8824
-8326
-8000
-7975
-8313
-8910
-9063
-9008
-9218
-9259
-8870
-8576
-8562
-8596
-8478
-8085
-8635
-8948
-8638
-8549
-9399
-9451
-9627
-9532
-9711
-10277
-10515
-10548
-10841
-10634
-10336
-10374
-10553
-10852
-10563
-10379
-9774
-9528
-9489
-9669
-9776
-10154
-10480
-10523
-10822
-10993
-10820
-10928
-10440
-10326
-10222
-10306
-10334
-10123
-10326
-10656
-10924
-10778
-10997
-11350
-11578
-11173
-11037
-10981
-11270
-11311
-11423
-12226
-12483
-12519
-11917
-11790
-12156
-12304
-12392
-12264
-12111
-12093
-12161
-11770
-11719
-11901
-11675
-11962
-12350
-12226
-12203
-12144
-12260
-12487
-12898
-13317
-12876
-12955
-12801
-12640
-12322
-11961
-11841
-11710
-11707
-11990
-12387
-12663
-13495
-14032
-14201
-14499
-14542
-14607
-14302
-13980
-14148
-13541
-13127
-13140
-13558
-13811
-14398
-13844
-13760
-13726
-13707
-13851
-13741
-13906
-13505
-13674
-13462
-13515
-13447
-13837
-13646
-13621
-13452
-13658
-13602
-13628
-13832
-14098
-14351
-14410
-14313
-14572
-14587
-14666
-14452
-13871
-14083
-13936
-14294
-14494
-14776
-14744
-14613
-14412
-14667
-14445
-14407
-14194
-13999
-13941
-13980
-14100
-13595
-13053
-12801
-12672
-12434
-12516
-11981
-11484
-11867
-11470
-11660
-11899
-12259
-13096
-13709
-13782
-13613
-13874
-14335
-14476
-14681
-14753
-14517
-14890
-15029
-15334
-15412
-15736
-15687
-16013
-16042
-16170
-16085
-15862
-15649
-15016
-14940
-14792
-14304
-14323
-14083
-13879
-14012
-13903
-14029
-13974
-14136
-14282
-14590
-14682
-14836
-15082
-15487
-15267
-14789
-14416
-14466
-14743
-15094
-15227
-15469
-15582
-15682
-15464
-15801
-16057
-16420
-16296
-16290
-15944
-15810
-15854
-15665
-15711
-15566
-15559
-15611
-16205
-16123
-16285
-16381
-16267
-15885
-15706
-15354
-15192
-15016
-14620
-14291
-14142
-13870
-13891
-13760
-13699
-13448
-12873
-12659
-12781
-12582
-12612
-12326
-12352
-11785
-11347
-10934
-11114
-10816
-10656
-10890
-10706
-10569
-10142
-9984
-10173
-9935
-10159
-10096
-9520
-9800
-9708
-9963
-10296
-10234
-9433
-9119
-9011
-9179
-9491
-9431
-9393
-9945
-9863
-10152
-10098
-9735
-9535
-9291
-9026
-9231
-9841
-9908
-10072
-9709
-9514
-9121
-8920
-8509
-8630
-8243
-8579
-8367
-7993
-7934
-7808
-8121
-8306
-8239
-8097
-8222
-8544
-8641
-8470
-9067
-9189
-9258
-9487
-9221
-9128
-9164
-9135
-8736
-8262
-8088
-8611
-8403
-8152
-7601
-7774
-7807
-8077
-7970
-7923
-8157
-8274
-8394
-8369
-8239
-8054
-8072
-8456
-8922
-8909
-8732
-8999
-9076
-9387
-8999
-9338
-9306
-9356
-8907
-8932
-9655
-9533
-9567
-9380
-9815
-9973
-10263
-10538
-10792
-10471
-10355
-10156
-10257
-10330
-10375
-10319
-10532
-10777
-10504
-10046
-9855
-10076
-10107
-9968
-9915
-9408
-9190
-9152
-9123
-9479
-9036
-9218
-9018
-8893
-9030
-9106
-9096
-8677
-8635
-8633
-8594
-8362
-8391
-8280
-8332
-8350
-8302
-7825
-7695
-7895
-7691
-7324
-6929
-6822
-7039
-7278
-7275
-7502
-8121
-8370
-8661
-8807
-9339
-9333
-9582
-9349
-8928
-9039
-8850
-8399
-7482
-7663
-7861
-8097
-8192
-8030
-7933
-7930
-7381
-7140
-7058
-7100
-7131
-7079
-7282
-7024
-7246
-7361
-7178
-7300
-7693
-8062
-7772
-7581
-7532
-7721
-8065
-8084
-8314
-7976
-8271
-8454
-8519
-8611
-8276
-8041
-7841
-7864
-7569
-7812
-8049
-8583
-8230
-8403
-9316
-8825
-8633
-8770
-8813
-8679
-8483
-8173
-8234
-8390
-8655
-9170
-9807
-9638
-10032
-9958
-10499
-10871
-10659
-10801
-10455
-10336
-10438
-10548
-10603
-11236
-11261
-11461
-11230
-11400
-11301
-11502
-11567
-11580
-11614
-11639
-11636
-12121
-12248
-12697
-12749
-12737
-12925
-12689
-12854
-12975
-13443
-13400
-13693
-13315
-13240
-13544
-13830
-14048
-13742
-13549
-13899
-13810
-14198
-14586
-14267
-14488
-14550
-14418
-14651
-14944
-14497
-14270
-14411
-14530
-14692
-14666
-14705
-15045
-15216
-15494
-15294
-15008
-14791
-14952
-15317
-15461
-15495
-15133
-15132
-14835
-14869
-14873
-15402
-15228
-15346
-15054
-14688
-14366
-14515
-14915
-15086
-15098
-14907
-14444
-14485
-14463
-14698
-14968
-14497
-14608
-14541
-14728
-14693
-14352
-14338
-14379
-14490
-14846
-15060
-15030
-15551
-15480
-15828
-16076
-16118
-16142
-15711
-15367
-15538
-15341
-15657
-16260
-16486
-16303
-16367
-16386
-16775
-16405
-16296
-16269
-15925
-16103
-16412
-16274
-15717
-15731
-15883
-15962
-15456
-15655
-15190
-15505
-15651
-15362
-15301
-15062
-14854
-14941
-15227
-15435
-15608
-15792
-15989
-15418
-15295
-15630
-15837
-16787
-16613
-17012
-16995
-16817
-17341
-18016
-17853
-17623
-17096
-16573
-16740
-16579
-16535
-16073
-16097
-16091
-16239
-16099
-16553
-17043
-17488
-17917
-17881
-18280
-18664
-18849
-18908
-18933
-19157
-19202
-19658
-19475
-20011
-19704
-19656
-19740
-20302
-20466
-20490
-20340
-20430
-20385
-20408
-20217
-20290
-20473
-20884
-20526
-20828
-20368
-20421
-20412
-20536
-20795
-20384
-20194
-19974
-20375
-20002
-19378
-19970
-20189
-20165
-19813
-20088
-20161
-20509
-20303
-20289
-20184
-20035
-19875
-20189
-20627
-20691
-20269
-20119
-20193
-19722
-19353
-19163
-19193
-18524
-18782
-18678
-18769
-18743
-18893
-19305
-19429
-19093
-19442
-18984
-18733
-18471
-18286
-18201
-17979
-17704
-17386
-16848
-16550
-16476
-16213
-16363
-16550
-16514
-15956
-15709
-15944
-15864
-15466
-15611
-15760
-15284
-14819
-14349
-14239
-13671
-13745
-13634
-13559
-13480
-13276
-13710
-13804
-14042
-14569
-14457
-14665
-14581
-14892
-14806
-15213
-15324
-15188
-15704
-16236
-15969
-15915
-15859
-16042
-16452
-16853
-16660
-16785
-16288
-16124
-15966
-15999
-15827
-15668
-15511
-15355
-15201
-15048
-14897
-14747
-14599
-14452
-14307
-14163
-14021
-13880
-13741
-13603
-13466
-13331
-13197
-13064
-12933
-12803
-12674
-12547
-12739
-12240
-12117
-11995
-11874
-11755
-11637
-11520
-11404
-11028
-10917
-10807
-10491
-10385
-10041
-10060
-9959
-9859
-9760
-9662
-9565
-9469
-9374
-9280
-9187
-9095
-9003
-8912
-8822
-8733
-8645
-8558
-8472
-8387
-8303
-8219
-8136
-8283
-8018
-7937
-7857
-7778
-7700
-7622
-7545
-7469
-7394
-7319
-7245
-7172
-7100
-7028
-6957
-6887
-6818
-6749
-6681
-6614
-6615
-6548
-6175
-6113
-6051
-5990
-5930
-5870
-5811
-5752
-5694
-5637
-5580
-5524
-5468
-5413
-5358
-5304
-5250
-4540
-4462
-4360
-4290
-4247
-4204
-4161
-4119
-3651
-3440
-3405
-3370
-3336
-3302
-3268
-3235
-3202
-3169
-3137
-3105
-3073
-3042
-3011
-2980
-2871
-2842
-2813
-2340
-2316
-2292
-2269
-2246
-2223
-2200
-2177
-2155
-2133
-2111
-2107
-2085
-1690
-1673
-1290
-1277
-840
-831
-822
-959
-679
-672
-665
-658
-651
-644
-637
-630
-623
-616
-609
-602
-595
-589
-583
-81
37
36
35
34
33
32
31
30
29
28
27
26
25
24
23
22
21
20
19
325
338
334
330
326
322
318
314
310
306
302
298
295
292
289
286
283
280
277
274
271
268
76
248
245
242
239
236
233
230
227
224
221
218
215
407
523
517
511
505
499
494
489
484
479
474
469
786
798
790
782
774
669
992
982
972
962
952
942
932
736
728
991
981
971
961
951
941
931
921
911
901
1047
985
975
965
955
945
935
925
915
905
1148
1136
992
982
972
962
952
942
932
922
912
902
892
883
874
865
856
509
635
628
621
614
607
600
593
587
581
575
569
563
557
551
545
539
533
527
521
515
509
503
497
492
487
482
477
472
467
462
457
452
447
557
350
346
342
338
334
330
326
322
318
314
310
306
302
298
295
292
289
286
283
280
277
274
271
268
265
262
259
256
253
250
247
244
241
238
-22
-21
714
706
1126
1029
1018
1007
996
986
976
966
956
946
936
926
916
906
896
887
878
869
860
851
842
833
937
927
917
907
502
496
491
486
481
476
471
466
461
456
451
446
441
436
431
426
455
86
85
88
87
86
85
84
83
82
81
80
79
78
77
76
75
74
73
72
71
70
69
68
67
66
65
64
63
62
61
60
59
58
57
56
55
54
53
52
51
50
49
48
47
46
45
44
43
42
28
27
-354
-350
-346
-342
-338
-334
-330
-86
-228
746
738
730
722
714
706
698
691
684
677
670
663
656
649
642
635
628
621
585
1284
1271
1258
1245
1232
1219
1206
1193
1181
1169
1157
1145
1133
1121
1109
1097
1086
1075
1064
1053
1042
956
1233
1220
1207
1194
1182
1170
1158
1146
1134
1122
1110
1098
1087
1076
1065
1054
1043
1032
1021
1010
925
915
1555
1539
1523
1507
1491
1476
1461
1446
1431
1416
1401
1386
1372
1358
1344
1330
1316
1302
1288
1275
1262
1249
1236
1223
1210
1197
1185
1173
1161
1149
1137
1125
1113
1101
1682
1514
1498
1483
1468
1453
1438
1423
1408
1393
1379
1365
1351
1337
1323
1130
1217
1204
1191
1179
1167
1155
1143
1131
1119
1107
1095
1084
1073
1062
1051
1119
1205
1192
1945
1925
1905
1885
1866
1847
1828
1809
1790
1772
1754
1736
1718
1700
1682
1665
1648
1631
1614
1597
1581
1565
1549
1533
1517
1501
1485
1470
1455
1440
1425
1410
1395
1381
1367
1353
1339
1325
1311
1297
1284
1271
1258
1245
1232
1115
1533
1894
1875
1813
1794
1776
1758
1740
1722
1704
1686
1669
2120
2337
2313
2289
2266
2243
2220
2197
2175
2153
2131
2109
2087
2066
2045
2024
2003
1982
1962
1942
1922
1902
1882
2434
2551
2525
2499
2473
2703
2675
3712
3674
3637
3600
3563
3527
3491
3456
3421
3386
3352
3318
3284
3251
3218
3378
4207
4164
4122
4080
4039
3998
3957
3917
3877
3838
3799
3760
3722
3684
3647
3610
3573
3537
3501
3465
3430
3395
3361
3327
3293
3260
3296
3263
3790
3752
3714
3676
3639
3602
3565
3529
3493
3458
3423
3388
3354
3320
3286
3745
3705
3667
3630
3593
3557
3521
3485
3450
3415
3380
3346
3312
3278
3245
3212
3179
3147
3115
3083
2970
2940
3366
3332
3298
3264
3231
3198
3165
3133
3101
3069
3038
3007
2976
2946
2916
2886
3326
3320
3286
3253
3220
3187
3155
3123
3091
3060
3029
2998
2967
2937
2907
2877
2848
2819
2790
2762
2734
2706
2678
2651
3089
2938
2908
2878
2849
2820
2791
2763
2735
2707
2679
2652
2625
2598
2571
2545
2519
2493
2468
2443
2418
2409
2979
3236
3203
3172
3140
3108
3076
3045
3014
2983
2953
2923
2893
2864
2835
2759
2731
3454
3419
3384
3350
3316
3282
3249
3216
3379
4022
4856
4807
4758
4710
4662
4615
4568
4522
4476
4431
4386
4342
4298
4254
4211
4168
4126
4204
4161
4808
4945
4895
4846
4797
4748
4700
4652
4605
4558
4512
4466
4421
4376
4332
4288
4245
4202
4159
4117
4075
4034
3824
3785
4262
4219
4176
4134
4738
4997
4946
4896
4846
4797
5519
5471
5416
5361
5307
5253
5200
5147
5297
5336
5282
5229
5176
5124
5072
5021
4970
4920
4870
4821
4772
4724
4676
5297
5226
5173
5121
5069
5018
4967
4917
4867
4818
4769
4721
4673
5094
5043
4669
4622
4575
4529
4483
4438
4178
4136
4691
4644
4597
4550
4504
4458
4413
4368
4324
4280
4237
4194
4152
4110
4068
4224
4103
3699
4297
4253
4309
4265
4770
4722
4674
4627
4580
4534
4488
4443
4398
4353
4309
4265
4222
4179
4681
4285
4242
4199
4156
4114
4793
5113
5061
5010
4959
4909
4859
4810
4863
5137
5085
5527
5686
6053
6112
5957
5897
5837
5685
5752
5694
6503
6437
6649
6721
6256
6150
6088
6483
6418
6995
6309
5958
5898
6206
6219
6156
6170
5766
5708
5650
5593
5537
5498
5442
5295
5241
5402
5347
5311
5593
5650
5438
5553
5858
5799
5975
5809
5553
5398
5343
5289
5150
4688
4641
4594
4548
4719
4929
5097
4864
5172
5120
5094
5888
6333
6269
6599
6400
6335
6238
5876
5592
5612
5536
5690
5634
5505
5120
4911
5077
4711
4663
4641
4907
5061
6024
6134
6270
6207
6030
6231
6064
6003
6118
6248
6185
6269
6206
5751
5693
5636
5579
5835
5876
6167
6351
6165
5952
5617
5560
4940
5180
4868
5232
5496
5824
5831
6147
5821
5608
5567
5511
5285
4902
4591
5183
5367
5321
5591
5554
6047
6124
5748
5229
5176
4392
4348
4381
4200
3971
3869
3875
3941
3799
3604
3340
3351
3261
3739
3618
3730
4165
4037
4123
3713
3372
3327
3375
3660
3623
3513
3816
3695
4275
4508
4123
4057
3822
3948
3604
3473
3666
2840
2404
2305
2528
2574
2548
2522
2659
2632
2659
2712
2753
2982
2888
2863
3231
3370
3057
3061
2810
2781
3150
3460
3425
3390
3697
3647
4028
3834
3886
3855
3582
3456
3448
2887
2601
2891
2849
2880
2806
3118
2866
3365
2813
2875
2715
2535
2802
2845
2816
2562
2401
2549
2695
2985
3487
3870
3995
3730
4128
3962
4202
4487
4615
4466
4647
4626
4243
4410
4038
4117
3815
3950
3966
4118
4279
3873
3675
3589
3870
3336
2854
2440
2222
2165
1688
1948
2102
1969
1626
1113
1031
296
76
-216
-765
-755
-925
-1199
-1532
-1281
-1263
-1306
-1065
-1357
-1160
-1045
-1328
-1040
-1011
-894
-962
-1137
-1157
-752
-740
-375
-808
-849
-1002
-1515
-1923
-2288
-2647
-2819
-2802
-2420
-2484
-2673
-2518
-2273
-2536
-2218
-2732
-2703
-2350
-2257
-2215
-3082
-2733
-2281
-2850
-3196
-3622
-4070
-4215
-4637
-4590
-4847
-4798
-5029
-4833
-4547
-4393
-4223
-4053
-4486
-4063
-4202
-3998
-4457
-4575
-4547
-3992
-3965
-4193
-3995
-4050
-4017
-3576
-3887
-4177
-3850
-3726
-3716
-3755
-4297
-4076
-4257
-4747
-5285
-5969
-5909
-6310
-6439
-6489
-6112
-6295
-6324
-6550
-6767
-7066
-6916
-7208
-6971
-6849
-6617
-6475
-6460
-6278
-6250
-6187
-6409
-6654
-6524
-6249
-6298
-6488
-6435
-6702
-6209
-6312
-6021
-6256
-5821
-6036
-6364
-6220
-6461
-6196
-6125
-6406
-6402
-6282
-6084
-6308
-6381
-5992
-6630
-6466
-6255
-5884
-5846
-5605
-5428
-5585
-6273
-6160
-6224
-6205
-6585
-6337
-6795
-6131
-5599
-5286
-5109
-5255
-5692
-6162
-5921
-5984
-5909
-6079
-6150
-5561
-4958
-4723
-4696
-4393
-4094
-4624
-4854
-5191
-4977
-5184
-5798
-6197
-6294
-6479
-6076
-5569
-5291
-5286
-5682
-5780
-5683
-4845
-4461
-3781
-2985
-2336
-1515
-1093
-764
-754
-1127
-417
-299
-22
-101
114
308
305
-53
-125
-221
-322
-354
-4
428
264
284
247
559
712
1015
160
24
223
-51
404
604
597
483
442
1136
1449
1322
1172
952
721
779
1214
1777
2111
2053
1878
2408
2994
2929
3325
3333
3275
3078
2777
3385
3820
4005
3781
3087
2550
3203
3530
3765
3568
3250
3247
3004
3140
3199
2935
2183
2586
2387
2347
2392
2538
2703
2725
2393
2076
2549
2962
2848
2754
3257
3224
3361
3288
2677
3577
3737
3601
3341
3283
3234
2735
2722
1999
1828
1772
1754
1685
1926
1906
2214
2506
2207
2681
3044
3187
3427
3450
3623
3808
3917
4547
4525
4292
4731
4396
4194
4301
4333
4022
3950
3847
4193
3839
3258
3333
3007
3883
3844
4233
4321
3885
3751
4184
4090
3932
4047
4407
4179
3888
3711
3707
3454
3426
3563
3370
3567
3125
2932
2527
2288
2419
2089
2048
2157
1887
1541
1884
2381
2758
2895
3112
2436
2377
2356
2536
2510
2444
2335
2009
2013
2150
1804
1982
2109
2328
2154
1679
1593
1760
2521
2495
3440
3588
4061
4500
4401
4356
4312
4176
4107
4322
4474
3921
4082
3874
3835
3796
4363
4155
4440
4805
4727
4679
5186
5400
5077
5026
4975
4737
4816
4222
4179
4521
4334
4510
4658
4932
4781
4733
4685
5384
6083
5809
5555
5138
5125
5358
5541
5485
5245
5469
5487
5866
5430
5249
5116
5437
5042
5358
5030
4422
4900
4974
4924
4874
4894
5064
4803
4976
4926
4876
4827
5520
5261
5268
5181
5241
5188
5334
5859
6219
6153
6347
6101
6039
5686
5417
5225
5200
5098
4952
4902
5266
5508
5209
5067
5016
4965
5317
5824
5685
6102
6509
6621
6756
6688
6621
6973
6903
7414
7339
7476
7291
7282
7098
6530
6875
6569
6286
6223
6192
6484
6628
6463
6398
6333
6269
6206
6143
6081
6020
6496
6155
6093
6476
6411
6345
5805
5746
5688
5631
5574
5518
5462
5407
5352
5298
5244
5191
5139
5087
5256
5232
5179
5127
5075
5351
5297
5572
5874
6074
6013
5952
6276
6213
6050
6105
6282
6386
6218
6097
5630
5447
5525
5451
5396
5341
5062
5496
4937
4508
4607
5250
5291
5238
5177
5543
4834
4669
5155
4719
4715
4481
4081
3864
4090
4220
3531
3383
2765
2925
2408
1947
2080
2023
1969
1737
1243
1268
1255
1242
1379
1365
1001
990
980
1006
737
946
936
893
1066
1060
1171
941
1079
643
741
733
1026
1003
773
408
566
560
554
548
312
796
788
780
772
987
1016
1111
1603
1435
2098
2076
2055
2034
1815
2031
2306
2054
2033
2012
1991
1971
1951
1931
1911
1891
1872
1853
1834
1815
1796
2100
2478
2386
2442
2351
2327
2167
2145
2040
2019
1998
1978
1958
1938
1918
1898
1879
1860
1891
2127
2548
2854
2825
2796
2768
2901
2716
2688
2408
3063
3032
2514
2899
2869
2840
2811
2782
2754
2726
2698
2670
2643
2616
2589
2563
2537
2511
2485
2460
2435
2465
2926
2896
2867
2838
2752
2724
2696
2669
3051
3672
3633
3596
3560
3524
3488
3453
3215
3726
3674
3637
3692
3350
3629
3468
3433
4048
3844
3805
3766
3728
3690
3653
3546
4048
4084
4043
4431
4386
4342
4850
4924
4874
4825
4776
4728
4680
4633
4762
5036
5242
5514
6087
5843
5784
6040
5979
5771
6323
6082
6021
6675
6608
7465
8158
8331
8247
8164
8082
8001
8094
8012
7931
7630
7553
7477
7402
7288
6969
6899
6829
6760
6692
6625
6558
6276
6136
6074
6013
5952
5892
5907
5847
5710
5807
6371
6307
6243
6092
6625
6558
7687
8038
7957
7877
7798
8670
8754
8666
8579
8153
8784
8696
8608
8521
8435
8350
8266
8183
8101
8019
8613
9556
9679
9582
9486
9391
9296
9002
9195
9318
9224
9144
9052
9068
9660
9684
9587
9491
9104
9012
9155
9063
8877
8743
8655
8695
8425
8952
8862
8773
8685
8598
8511
8425
8340
8256
8173
8538
8770
8473
8570
8484
8399
8821
8540
8454
8369
8360
8634
8731
8643
8556
8470
8763
8781
9392
9297
9592
9610
9513
9123
9056
8965
8875
8786
8698
8897
8750
8863
8774
9196
9103
9011
8920
8913
9455
9360
9266
9173
9014
9503
10107
10480
10620
10710
10333
10235
10132
10279
10176
10074
10483
10378
10274
10171
10273
10965
11293
11179
10817
11014
10903
10793
10418
10616
11132
11020
11495
11511
11395
11280
11311
11197
10977
11079
10884
10852
10743
10666
10559
10453
10348
10244
10141
10039
10276
10533
10514
10263
10451
10346
10242
10053
9744
10116
10698
11604
11808
11598
11481
11985
11865
11746
11578
11895
11775
11745
11847
11728
11261
11616
11434
11319
11205
11783
11732
12470
12345
12178
12056
12696
12454
12329
12900
12770
12642
12515
12389
12264
12141
12799
12594
12572
12446
12780
12652
12704
13367
13233
13100
12968
12836
12707
13360
13226
13093
12961
12831
12702
12574
12448
12323
12199
12076
13037
13206
13073
12942
13199
13178
13046
12915
12785
12657
12530
12404
12092
12641
13236
13290
13156
12638
13064
12933
12664
13582
13446
13311
13177
13045
12914
12784
12656
12529
12306
13293
13628
13345
13804
14237
14094
13952
13749
13699
14188
14045
14642
14495
14315
14709
14561
15117
15049
15276
15004
14853
15024
14717
14569
14905
14876
14727
15014
14618
15212
15107
14955
14805
14656
14509
14361
15008
15017
15213
15293
15589
15029
14878
15349
15195
15042
15336
16212
16049
15888
16275
16390
17132
17125
16953
17313
17571
17591
18155
18992
18841
18962
18563
18377
18193
17908
17728
17704
17526
17350
17176
17004
17446
18026
18059
17878
17699
17521
17345
17171
17580
17645
17468
17673
18128
17946
17774
17877
17503
17327
17985
18464
18790
18601
18644
18713
18525
19183
19731
19533
19823
19901
20373
20169
19967
20427
20740
20613
20406
20201
20630
20423
20218
20015
20762
20554
20348
20144
19942
19742
19544
19348
19154
18962
18772
18924
19060
18869
19210
19017
19602
19405
19675
19585
19604
19408
19213
19020
18829
18640
18430
18144
17814
18054
18283
18099
17853
17969
17789
17610
17642
17465
17232
17059
16888
16718
16550
16384
16220
15957
16228
16065
15904
15744
15586
15349
15085
15251
15098
14946
15085
14934
14784
14470
14465
15044
14998
14950
14800
14651
14363
13843
13704
13566
13430
13295
13161
13029
12742
12614
12841
12712
12584
13056
12893
12763
12635
12508
12382
12529
12600
12628
12069
11811
11743
11625
11464
11523
11407
11292
11178
11066
10955
10845
10840
10837
10607
10658
10551
10685
10578
10449
10344
10240
10137
10035
9934
9834
9735
9637
9540
9444
9349
9255
9162
9070
8979
8889
8836
8764
8676
8589
8503
8417
8332
8248
8165
8083
8002
7921
7751
7673
7596
7519
7083
7012
6941
6871
6802
6733
6665
6598
6531
6465
6775
6707
6639
6572
7207
7134
7185
7113
7044
6973
7174
7102
7732
7912
7832
7753
7675
7598
7290
7217
7323
7249
7176
7104
7674
7597
7520
7444
7369
7295
7221
7148
7063
7099
6945
7379
7534
7877
8111
7923
8329
8504
8418
8333
8249
8166
8084
8003
7784
7706
7508
7432
7357
7283
8202
8316
8232
8149
8067
7986
7906
7933
7484
7853
7812
7887
8553
8467
8577
8491
8406
8321
8237
8419
8334
8250
8167
8085
8004
7923
7843
7764
7686
7609
7532
7456
7381
7307
7233
7160
7390
7316
7242
7169
7693
7615
7538
7462
7387
7313
7239
7166
7094
7022
6951
6881
6812
6743
6675
6608
6541
6475
7050
7252
7179
7456
7381
7307
8004
7923
7843
7764
7686
7609
7532
7977
8562
8476
8391
8307
8223
8140
8058
7977
7897
7817
7738
7660
7583
7507
7798
8382
8298
8214
8131
8049
7968
7888
7809
7730
7652
7575
7499
7423
8119
8222
8139
8767
8679
8442
8290
8067
7986
7741
7663
7586
7510
7434
7359
7285
7212
7139
7067
6996
6925
6855
6786
6718
7235
7510
7434
7359
7829
7750
7672
8130
8048
7967
8746
8658
8571
8943
9003
8912
8822
8733
8645
8558
8472
8387
8303
8219
8136
8697
9555
9459
9364
9986
10203
10100
9998
9897
9797
9698
9600
9503
9407
9312
9218
9125
9033
8942
9400
9960
9860
9761
10090
10424
10319
10215
10112
10892
11279
11166
11054
10943
10833
10724
10616
10509
10403
10701
11085
11041
10930
11221
11108
11217
11720
11602
11485
11370
11256
11143
11639
12568
12442
12317
12193
12540
12652
12756
12588
12978
13367
13493
13357
13223
13480
13668
14139
14813
15504
16184
16386
16363
17119
17593
17905
17725
18079
17898
18292
18108
17926
17746
17568
18082
17901
19041
19763
19565
19369
20006
20726
21113
21614
21397
21740
21522
21472
21469
21868
21649
21777
22039
21818
22321
22399
22588
22361
22467
22620
23075
23208
22975
22745
22517
22291
22067
21846
21954
22534
22948
22903
22673
22331
22798
22569
22343
22119
22093
21871
21652
22051
21965
22344
22120
21788
21190
20977
20537
20410
20648
20892
21100
21391
21708
21490
21274
21540
21667
21832
21613
21396
21072
20971
20761
20553
20788
20611
20537
20501
20314
20054
19853
19548
19712
20022
19801
19834
19635
19492
19296
19102
18910
18697
18620
18433
18502
18117
17619
17442
17267
16775
16604
16752
17237
17289
17514
17338
17164
16992
16924
16754
16179
16500
15968
16435
16855
16558
16578
16629
16208
15994
15833
15674
15781
15823
15664
15864
15581
15425
15270
15117
14614
14299
14155
14013
14550
14404
14259
15027
14653
14583
14347
13433
13610
13298
13595
14264
14100
14591
14444
14299
13750
13965
13459
14016
13742
14453
14308
15067
15091
14939
14789
14640
14525
14512
14942
14477
14230
14467
15402
15247
15094
14942
14792
15084
14754
14931
14781
14961
14811
14662
14645
14498
14352
14208
14108
14318
14174
14660
14639
14334
14433
14090
14393
14822
14673
14392
14913
14555
14409
14264
14121
13979
13839
13700
13562
13426
13102
12790
13194
13134
13002
12871
12490
12721
13276
13798
14650
14983
15018
15012
14861
14712
14554
14408
14263
13921
13529
14004
13855
14105
13932
14177
14173
13978
13669
13532
13396
13349
13117
13172
13278
13262
13129
12997
12866
12737
12532
12073
11738
11620
11252
10991
11176
11064
11062
11477
11109
11581
11641
11705
11250
11473
11450
10925
11107
11297
11959
11603
12051
12146
12033
11592
11146
11462
11721
12245
12122
12291
12163
12203
11998
12557
13097
13159
12949
13292
13160
13028
13146
13146
12876
12627
12954
12746
12925
13124
13190
12755
12782
12953
13508
13385
13003
12187
12403
12270
11560
11708
11888
12280
12390
12277
12188
12104
11761
11757
11580
11260
11634
11525
11206
11306
11549
11490
11508
11030
10044
9371
9419
9191
9099
9007
8957
8751
8386
8403
8638
8135
8087
8152
8347
9007
9156
9150
9058
8967
9612
9812
10024
9923
10472
10462
10337
10724
10929
11021
11198
11987
12223
12767
13430
13324
13519
13146
13117
12751
12537
12411
11952
12027
12141
12019
12027
12293
12254
11932
11778
11845
11679
11808
12112
12164
12017
11896
11464
10870
10868
10316
9873
9390
9296
9202
9109
9017
8273
8019
7707
8291
8510
8553
8520
8600
8513
8692
8505
8029
7848
7902
7387
7220
6792
7070
6841
6559
6493
6376
6433
6115
6776
6722
6746
6688
7196
7029
6327
5900
5736
5613
5925
5922
5878
5517
5101
4984
4934
4684
4410
4288
4049
3551
3479
3486
3196
2958
2740
2328
1796
1600
1288
1354
633
497
-80
-331
-327
-1113
-1004
-1443
-1784
-1626
-1036
-223
-82
-134
-258
-358
-749
-627
-502
-420
-662
-906
-896
-1012
-1137
-1116
-1335
-1546
-1831
-1790
-1772
-2019
-1727
-1886
-1767
-1522
-1387
-1230
-760
-1135
-779
-1204
-1784
-1766
-2153
-2402
-2146
-1274
-879
-870
-1016
-1624
-1723
-1204
-1412
-1909
-1536
-1170
-1117
-981
-1076
-1064
-1029
-1173
-949
-939
-929
-755
-739
-139
232
-79
223
299
123
196
312
538
501
1042
1628
1502
1539
1480
1471
1297
1160
1124
1001
1673
1604
1926
2015
2532
2844
3485
3309
2687
2504
2441
2416
2391
2463
2921
2975
2957
3329
3295
3262
2790
3135
2935
2807
2455
2808
2854
2640
2251
2067
1779
2138
2464
2439
2068
2413
2388
2241
1939
1721
1999
2026
2005
1545
1439
1240
1400
1884
1865
2111
2409
2602
2522
2623
2596
2566
2459
2534
2398
2107
1628
1611
1594
1578
1709
1836
1236
1223
1210
867
858
915
965
1316
1085
684
677
670
663
367
-97
14
13
55
182
538
612
605
713
705
427
587
581
173
171
169
580
574
835
1356
1342
1328
971
1163
1794
2140
2118
2096
2075
2054
2033
2208
2365
2341
2213
2539
3208
3813
3857
3535
3150
3263
3230
3624
3589
3456
3465
3341
3221
2988
2733
2705
2677
2282
2259
2236
2657
2909
2682
3334
3229
3543
4179
4812
4948
5112
5246
5638
6134
5960
6406
6709
6900
6793
6565
6499
6361
6666
6951
6815
6389
6154
5968
6264
6201
6138
6026
5965
5640
5583
5720
5774
5716
5658
5903
5808
5890
6135
6270
6426
5923
5669
5738
5770
5573
5517
5843
5949
5623
5551
5178
5126
4618
4445
4218
4345
4887
5392
5338
5610
5470
5688
5906
5686
5899
5839
5985
5977
6085
6124
5535
5733
6322
6258
6195
6017
6141
6079
5786
5931
6073
5844
6064
6003
6263
6224
6161
6099
6037
6381
6317
6129
6067
6526
6582
6516
6450
6286
6335
6271
6287
6224
6091
5989
5929
5869
5433
4946
4896
4846
4797
4748
4532
4188
4146
4027
4235
4327
4263
4477
4432
4807
4935
4748
5085
4994
4944
4894
5256
5203
5150
5098
5046
5273
5469
5963
6379
6486
6421
6356
6292
6229
6166
6104
6042
5981
5921
5861
5429
4889
4840
4781
5370
5238
5185
6288
6603
7065
7751
8295
8624
8949
8851
8686
8599
8788
8720
8632
8545
8459
8374
8290
8207
8610
8523
8810
8788
9562
9466
9371
9779
10114
10012
9911
9811
9712
9614
9756
9898
9798
9699
9601
9504
9408
9313
9219
9126
9034
8943
8853
8764
8676
8589
8503
8417
8332
8248
8165
8083
8002
8673
9500
10279
10176
10995
10884
10775
11026
10915
11289
11175
11063
10952
11025
11121
11009
10988
11031
11015
10904
11447
12143
12021
12877
13610
13443
13308
13174
13042
13051
13010
13344
13307
13173
13041
12910
12780
12652
12525
13025
13608
13471
13336
13202
13069
12938
12808
12679
12552
12426
12301
12177
12055
11934
11814
11991
11870
11751
11633
12025
11904
11784
11666
11549
11433
11727
11609
11977
11857
12293
12169
12047
11926
11806
11687
11570
11859
11740
11622
11505
11389
11274
11161
11049
10938
10828
10879
10932
11296
11182
11070
10959
10849
10740
10632
10525
10419
10314
10210
10107
10005
9904
9804
9705
9607
9510
9414
9281
9188
9176
9454
9675
9578
9482
9387
9293
9199
9106
9014
8923
8833
8744
8656
8569
8483
8398
8313
8229
8146
8064
7983
7903
7823
7744
7666
7313
7606
7714
7636
7559
7483
7408
7333
7259
7186
7114
7042
6971
6901
6831
6762
6694
6575
6509
6443
6779
6711
6643
6576
6510
6444
6379
6315
6251
6242
6179
6117
6700
6632
6565
6499
6433
6368
6304
6250
6187
6593
6527
7078
7007
7206
7133
7061
6990
6920
6850
6781
6713
6645
6578
6512
6446
6381
6317
6253
6190
6128
6066
6005
5944
5884
5825
5766
5708
5650
5593
5537
5481
5426
5371
5317
5263
5210
5157
5105
5053
5002
4951
4901
5594
5598
5541
5485
5430
5375
5321
5267
5214
5161
5109
5057
5006
4955
4905
4855
4806
4757
4709
4661
4614
4567
4521
4475
4430
4385
4341
4297
4253
4210
4167
4125
4083
4042
4001
3960
3920
3880
3841
3802
3763
4456
4347
4303
4259
4216
4877
4828
4777
4729
4681
4634
4587
4541
4495
4450
4405
4360
4316
4272
4229
4186
4144
4102
4060
3971
4440
4395
4351
4307
4263
4220
4177
4135
4093
4052
4011
3970
3930
3890
3851
3812
3773
3735
3697
3659
3622
3585
3549
3513
3477
3442
3407
3372
3338
3304
3270
3237
3204
3171
3139
3107
3075
3044
3013
2982
2952
2922
2892
2863
2834
2805
2776
2748
2720
2692
2665
2638
2611
2584
2558
2532
2506
2480
2455
2430
3115
3215
3182
3150
3118
3086
3055
3024
2993
2963
2933
2903
2873
2844
2815
2786
2758
2730
2702
2674
2647
2620
2593
2567
2780
3417
3382
3348
3314
3280
3247
3214
3181
3149
3117
3085
3054
3023
2992
2962
2932
2902
2872
2843
2814
2785
2757
2729
2701
2673
2646
2619
2592
2566
2540
2514
2488
2690
2663
2636
3060
3029
2998
2967
2937
2907
2877
2848
2819
2927
3293
3260
3227
3194
3162
3130
3098
3488
3901
3861
3822
3783
3745
3707
3669
3632
3595
3559
3523
3487
3452
3417
3382
3348
3314
3280
3247
3355
3321
3755
3717
3679
3642
3605
3568
3532
3496
3461
3426
3391
3357
3323
3289
3256
3223
3190
3158
3126
3094
3063
2957
3285
3620
3583
3547
3511
3475
3440
3405
3370
3336
3302
3268
3235
3202
3169
3137
3105
3073
3042
3011
2980
2797
2769
3219
3186
3154
3122
3090
3059
3028
2997
2967
2937
2907
2877
2848
3089
3058
3027
3046
3015
2984
2954
2924
2894
2865
2836
2807
2778
2750
2722
2694
2667
2640
2613
2586
2560
2534
2508
2482
2809
2755
2727
2699
2671
2644
2617
2590
2564
2538
2512
2486
2461
2436
2411
2386
2362
2338
2841
2947
2917
2887
2858
2829
2800
2771
2743
2715
2687
2660
2633
2606
2579
2553
2527
2501
2475
2450
2946
2984
2954
2924
2894
2865
2836
2807
2778
2750
2722
2694
2667
2640
2613
2586
2560
2534
2508
2482
2457
2432
2407
2668
2641
2614
3233
3200
3167
3135
3103
3071
3633
3820
3781
3743
3705
3667
3630
3593
3557
3521
3485
3450
3415
3380
3346
3312
3278
3609
4006
3965
3925
3885
3846
3807
3768
3755
3717
3679
3642
3605
3568
3532
3937
3897
3857
3818
3779
3741
3703
3665
3628
3893
3854
3815
3452
3417
3382
3348
3314
3280
3247
3214
3181
3149
3117
3085
3054
3023
2992
2962
2932
2902
2872
2843
2814
2785
2757
3198
3172
3140
3108
3076
3045
3014
2983
2953
2923
2893
2864
2835
2806
2777
2749
2721
2693
2666
2639
2612
2585
2559
2533
2507
2481
2456
2469
2444
2419
2394
2941
2911
2881
2852
2823
2794
2766
2738
2710
2682
2655
2628
2601
2574
2548
2522
2496
2889
2919
2889
2860
2831
2802
2773
2745
2717
2689
2662
2635
2608
2581
2555
2529
2503
2477
2452
2427
2402
2377
2353
2329
2305
2711
2564
2538
2512
2486
2461
2436
2411
2386
2362
2338
2314
2509
2483
2839
2810
2781
2753
2725
2697
2799
2770
3168
3136
3104
3072
3041
3010
2979
2949
2919
2889
2860
2831
2802
2989
2959
2929
2899
3236
3088
3057
3026
2995
2965
2935
2905
2875
2846
2817
2788
2760
2732
2704
2676
2649
2622
2595
2569
2543
2517
2491
2466
2441
2416
2391
2367
2343
2319
2295
2272
2249
2226
2203
2180
2158
2136
2114
2582
2534
2508
2482
2457
2432
2407
2382
2358
2334
2310
2286
2263
2240
2217
2194
2172
2150
2128
2106
2084
2063
2042
2021
2000
1979
1959
1939
1919
1899
1879
1860
1841
1822
1803
1784
1766
1748
1730
1712
1904
1884
2365
2341
2487
2462
2437
2353
2886
2857
2828
2799
2953
3396
3362
4190
4521
4916
4753
4705
5047
5206
5450
5501
5738
6097
7056
6985
6915
7206
7103
7063
7183
6997
7123
7051
7412
7661
8032
8504
8418
7932
8217
8234
8962
9310
9216
9123
9031
9005
9026
9311
9217
9793
9839
9907
10021
9920
9824
9430
9829
8997
8434
8289
7979
7899
7819
8003
7966
8089
7989
7909
8046
7808
7757
7933
7603
7570
7422
7760
7767
7248
6996
7371
6451
5910
5850
5791
5733
5675
5539
5173
5121
4945
4607
4356
4248
4277
4350
4376
4332
4288
3846
3354
3084
2804
2845
2829
2830
2796
2842
2481
2518
2492
2703
2681
2333
2309
2735
2727
2591
2684
3160
3413
3650
3314
3280
3346
3544
3508
4111
3950
3910
3870
3831
4045
3833
4102
3979
3879
4117
3899
4134
4092
3994
3954
3914
3874
3835
4090
4121
3871
3734
3130
3034
2348
2207
2436
1837
1649
1632
1641
1454
1839
1553
1250
1088
617
1143
966
827
919
677
641
678
583
335
157
-15
-653
-646
-643
-934
-924
-551
-572
-818
-726
-666
-659
-589
-792
-1139
-857
-897
-830
-1035
-1281
-1493
-1557
-1541
-1536
-1497
-1641
-1462
-1201
-1188
-1176
-920
-1025
-800
-791
-375
-427
-457
61
48
55
339
335
42
-97
2
-58
-47
-401
-1168
-1371
-1931
-1307
-1293
-381
-234
-78
248
252
482
527
479
327
-135
-642
-904
-254
-389
-697
-690
-1048
-1037
-1176
-1359
-1786
-1912
-2246
-2223
-2200
-2142
-2120
-2462
-2247
-2243
-2447
-2430
-2440
-2416
-2018
-1997
-2444
-2691
-3127
-2933
-2903
-2959
-2706
-2661
-2369
-2321
-2297
-1832
-1813
-1317
-1401
-1386
-1372
-1428
-1568
-1228
-974
-964
-534
-48
-413
-415
-451
-521
-143
104
102
-204
-248
-245
300
-62
581
442
314
471
247
244
193
-47
-46
-203
-274
-177
-250
-75
-584
-390
-399
39
112
484
479
474
1120
1377
1214
936
1095
1086
1086
1195
1245
1352
1080
1239
1466
1477
1587
2472
2641
2611
2584
3031
2874
2769
2640
2938
3020
2560
2729
2878
3484
3114
3062
2506
2353
2313
2263
2310
2095
2619
2546
2510
2767
2739
2711
3293
3562
3679
4062
4413
4652
4605
4614
4891
4762
4464
5212
5438
5855
6046
6157
5880
6132
6070
5981
5842
6043
6418
6353
6289
6535
6600
7296
7532
7249
7490
7612
7837
7713
7586
7619
7606
7817
7651
7939
8434
8341
8062
7817
7958
7878
8478
8630
8800
8819
9019
8904
9013
8907
9072
8981
9101
9206
8707
9097
9345
9277
9521
9172
8649
8574
8231
8226
8143
7740
7812
7525
7247
6894
6873
6180
5995
6140
5772
6009
5865
5513
5402
5743
5493
5376
5596
5538
5593
5396
5498
5666
5929
5869
5692
5584
5538
5408
5743
5753
5421
5339
5370
5272
5298
5208
4756
4949
5092
4960
4872
4715
4302
4285
4663
4777
4633
4509
4265
4766
4718
4919
5381
5078
4932
4853
4866
5334
5350
5475
5485
6036
6280
6176
5853
5889
6024
5567
5761
5763
5448
5920
6173
5663
5677
5920
5303
5597
5658
5773
5814
5530
5425
5483
6004
6166
5815
5846
5718
5672
5164
4850
4426
3878
3562
3369
3300
3289
3298
3094
3132
3007
2765
3064
3083
3199
3025
2530
2614
2643
2616
2252
2448
2626
2768
2876
3225
3187
3110
3423
3908
3769
4331
4810
5247
5394
5575
5519
5770
6098
6227
6224
6135
6137
6463
6690
7080
7509
7495
7535
7290
7578
7674
7576
7324
7307
7865
7546
7156
7424
7885
7969
7889
8173
8094
8012
7931
7851
7772
7694
7501
7095
7651
8134
8774
9532
9436
9585
9501
9705
10174
10681
10391
10281
10756
11004
10893
10783
10675
10416
10536
10405
11286
11173
11061
10950
10840
10731
10623
10516
10410
10305
10732
11232
11653
11877
12234
12619
12492
12947
13589
14254
14332
14188
14045
13904
14310
14243
14354
14210
14228
14367
14396
15199
15205
15052
14901
15265
15363
15600
15443
15576
15870
16064
16135
15973
16105
16815
17598
18490
19006
18815
18940
19057
18866
19066
19386
19654
19968
19768
20694
20993
21637
22053
22467
23031
23803
24532
24751
25149
25199
25314
25602
26328
26521
26387
26122
26299
26639
26361
26590
26666
26399
26185
26546
26671
26864
26610
26687
26073
25628
25213
24960
24625
24610
24363
24262
24019
23992
23751
23513
23516
23259
23660
23132
22856
22627
22471
22898
23505
23449
23214
22981
22750
22660
22641
22414
22189
21966
21746
21528
21312
21108
20671
20714
21199
20986
20775
20567
20361
20157
19955
19755
19557
19361
19167
18975
18785
18596
18409
18224
18041
18598
19075
18884
18694
18506
18320
18136
17954
17774
17596
17419
17244
17071
16900
17422
17302
17128
16956
16786
16617
16450
16285
16121
15959
15799
15640
15483
15328
15174
15022
14871
14938
14948
14798
14825
14676
14529
14383
14239
14096
13954
13814
13675
13538
13402
13267
13134
13002
12875
12964
12834
12705
12577
12451
12326
12202
12079
11958
11838
11719
11601
11484
11369
11255
11142
11030
11317
11336
11222
11109
10997
10886
10777
10669
10562
10536
10706
10598
10491
10385
10281
10178
10076
9975
9875
9776
10036
10065
9964
9864
9765
9667
9570
9474
9379
9285
9192
9099
9007
8916
8826
8737
8649
8562
8476
8812
8767
8679
8592
8505
8419
8334
8250
8167
8085
8004
7923
7843
7764
7686
7609
7532
7456
7381
7307
7233
7252
7179
7107
7035
7355
7281
7208
7135
7063
6992
6922
6852
6783
6715
6647
6580
6514
6448
7031
7119
7047
6976
6906
6836
6767
6699
6631
6564
6498
6432
6367
6303
6239
6176
6114
6052
5991
6684
6723
6655
6588
6522
6456
6391
6327
6263
6200
6137
6075
6014
5953
5893
5834
5775
5717
6214
6659
7442
8466
9485
10110
10008
10456
10911
11478
11835
11716
11598
11481
11553
12015
11894
11774
11656
11539
11423
11308
11194
11045
10934
11152
11040
10929
10819
10710
10602
10495
10389
10285
10182
10080
9979
9879
9780
9682
9585
9489
9427
9816
9717
9619
9522
9426
9331
9237
9144
9052
8961
8871
8782
8694
8606
9170
9360
9380
9286
9193
9100
9008
8917
8827
8738
8650
8563
8477
8392
8307
8223
8140
8058
7977
7897
7817
7738
7660
7583
7507
7431
7356
7282
7209
7136
7064
6993
6923
6853
6784
6716
6648
6581
6515
6449
6384
6320
6854
6714
6646
6579
6513
6447
6382
6318
6254
6191
6129
6067
6006
5945
5885
5826
5767
5709
5651
5594
5538
5482
5427
5903
5843
5784
5726
5681
5624
5567
5511
5455
5400
5837
5778
6403
6338
6274
6211
6148
6086
6025
5964
6270
6261
6198
6135
6073
6012
5951
5891
5832
5773
5715
5657
5600
5543
5487
5432
5377
5323
5269
5216
5163
5111
5059
5624
5353
5299
5245
5192
5140
5088
5037
4986
4936
4886
4837
4788
4740
4692
4645
4598
4551
4505
4459
4414
4509
4534
4488
4443
4749
4701
4653
4606
4559
4513
4467
4422
4377
4333
4289
4246
4203
4160
4118
4076
4035
3994
3954
3914
4140
4098
4056
3736
3698
3660
3623
3586
3550
3514
3478
3443
3408
3373
3339
3740
3627
3590
3554
3518
3482
3447
3412
3377
3343
3309
3710
3672
4140
4098
4098
4056
4406
4361
4317
4273
4230
4187
4145
4103
4061
4020
3979
3939
3899
3859
3820
4230
4242
4199
4156
4114
4072
4031
3990
3950
3910
3870
3831
3792
3754
3716
3678
3641
3604
4044
3766
4198
4334
4290
4247
4204
4161
4119
4077
4036
3995
3955
3915
3875
3836
3797
3758
3720
3580
3544
3887
3848
3809
3770
3732
3694
3657
3620
3583
3547
3511
3475
3440
3405
3370
3336
3401
3713
4199
4355
4743
4695
4648
4601
4554
4508
4462
4417
4372
4328
4284
4241
4198
4110
4068
4027
3986
3946
3906
3866
3827
3788
3750
3712
3674
3637
3600
3563
3527
3491
3456
3421
3386
3352
3318
3284
3787
3749
3568
3532
3496
3461
3426
3391
3357
3323
3289
3256
3223
3190
3158
3126
3094
3063
3032
3001
2970
3418
3264
3231
3198
3165
3133
3101
3069
3038
3007
2976
3263
3230
3197
3553
3790
3714
3676
3639
3602
3565
3529
3493
3458
3423
3388
3354
3320
3286
3253
3812
4167
4125
4083
3867
3828
3789
3751
3929
3889
3850
3811
3772
3734
3696
3659
3622
3585
3549
3513
3477
3442
3407
3658
4082
4041
4000
3959
3919
3879
3840
3801
3762
3724
3686
3649
3612
3575
3682
3645
4003
3962
3922
3882
3843
3804
3765
3727
3689
3652
3615
3578
3542
3506
3945
4031
3990
3950
3910
3870
3831
3792
3754
3716
3678
3641
3981
3941
4396
4351
4307
4263
4220
4177
4341
4612
4565
4519
4473
4428
4383
4339
4662
4615
4568
4522
4476
4431
4502
4456
4411
4366
4322
4278
4235
4192
4150
4025
3984
4533
4487
4442
4397
4352
4308
4264
4221
4178
4136
4094
4053
4012
3971
3931
3891
3884
3845
4331
4287
4244
4201
4158
4116
4074
4033
3992
3952
3912
3872
3833
3794
3756
3718
3680
3643
3606
3569
3533
3497
3461
3426
3391
3357
3323
3571
3535
3499
3463
3802
3763
3725
3687
3650
3613
3711
4131
4089
4048
4007
3966
3926
3886
3847
3808
3769
3731
3693
3656
3619
3582
3546
3510
3474
3439
3404
3369
3335
3301
3267
3234
3201
3168
3136
3104
3072
3041
3010
2979
2949
2919
2889
2860
2831
2802
2773
2745
2717
2689
2662
2635
2608
2581
2555
2529
2503
2477
2452
2427
2402
2377
2353
2329
2305
2281
2366
2342
2975
2945
3385
3351
3317
3371
3337
3303
3269
3236
3203
3170
3138
3106
3074
3043
3012
3517
3469
3434
3399
3364
3330
3296
3263
3230
3197
3164
3132
3100
3068
3037
3006
2975
2945
2915
2885
2856
2827
2798
2935
3517
3481
3446
3411
3376
3342
3308
3274
3241
3208
3175
3143
3111
3079
3048
3017
2986
3499
3589
3553
3517
3481
3726
3688
3948
3908
3868
3829
3790
3752
3714
3676
3639
3602
3565
3529
3493
3458
3423
3864
3781
3743
3705
3667
3630
3593
3557
3521
3485
3450
3415
3380
3346
3312
3278
3245
3212
3179
3568
3459
3424
3389
3355
3321
3287
3254
3221
3188
3156
3434
3399
3873
4221
4500
4454
4409
4364
4320
4276
4233
4417
4372
4607
4560
4514
4468
4423
4378
4334
4290
4428
4832
4783
4735
4687
4640
4593
4547
4501
4455
4683
4524
4478
4433
4388
4344
4300
4256
4213
4170
4128
4086
4045
4004
3963
3923
3883
3844
3805
3766
3728
4104
4314
4270
4227
4706
4658
4611
4564
4518
4472
4427
4382
4338
4294
4251
4208
4165
4123
4081
4040
3999
4138
4096
4472
4427
5121
5464
5409
5354
5300
5246
5193
5141
5089
5038
4987
4937
4887
4838
4789
4741
4723
4675
4628
4581
4895
4846
4797
4748
4700
4652
4605
4558
4512
4466
4421
4376
4809
4990
4940
4890
4841
4792
4744
4696
4648
4601
4554
4508
4462
4417
4372
4328
4708
4507
4461
4416
4371
4327
4283
4240
4197
4154
4112
4070
4029
3988
3948
3908
3868
3829
3790
3752
3714
3676
3639
3602
3565
3529
3493
3458
3423
3388
3354
3320
3286
3250
3819
3780
3742
3704
3666
3629
3592
4143
4517
4471
4426
4381
4337
4293
4250
4551
4553
4315
4271
4228
4185
4143
4101
4059
4396
4456
4411
4366
4322
4278
4235
4192
4311
5057
5256
5203
5150
5098
5046
4995
4945
4722
4618
4571
4525
4479
4560
4816
4553
4802
4753
4429
4671
5256
5203
5150
5098
5046
4995
4945
4895
4846
5535
5479
5594
5746
5873
5968
6627
6806
6737
6669
6602
7390
7665
7588
7512
7436
7361
7287
7214
7141
7069
6998
6927
7714
7858
7779
7701
7984
7570
7392
7597
8254
8425
8680
8457
8372
8451
8366
7974
8558
8522
9311
9217
9124
9032
8941
8851
8762
9567
9081
9129
9037
8946
8856
8767
8679
8592
8505
8419
8877
8331
7834
7755
8058
8178
8096
8413
8328
8244
8975
8811
8852
8763
8913
8914
8824
8735
8647
8560
8506
8010
8252
8225
8778
8690
8603
8777
8400
8315
8209
8145
7986
7906
7484
7657
7580
7519
8114
8523
8749
8898
8597
9027
8936
8846
9992
9891
10162
10406
10055
10393
10149
10768
10660
11731
11613
12448
12589
12462
12337
12553
12427
12302
12480
12057
11943
12156
11694
12171
12488
12581
12957
13261
14035
14690
14339
14195
14052
13911
14702
14981
14826
15091
14939
14789
14321
14177
14035
13894
13754
13284
13917
14600
15386
15376
15486
15328
15329
15383
15850
16049
16581
16654
17279
17356
17306
17501
17105
17359
17185
16641
16714
16951
17135
17160
16988
16631
17060
17306
17132
16960
17153
17202
17332
17104
16932
16762
17004
17471
17087
17459
17275
17989
18270
18255
18412
19414
19219
19254
19899
19432
19505
19028
18726
19242
19049
18858
18659
19713
20547
20644
20213
20959
20747
21147
21371
21528
21522
21532
21549
21333
20980
20966
21127
21124
20852
20910
21153
21132
20920
20710
21163
21052
20998
20493
20762
20660
20265
20062
19876
19448
19225
19232
19402
19165
19136
18583
18642
18212
18204
17797
17485
17418
17424
17249
16775
17310
16935
16770
17190
17017
17423
17334
17663
17693
17515
18233
17959
17974
18203
18364
17658
17624
17447
17272
17646
17068
17531
17435
17164
17518
17582
18023
17696
17550
17682
18052
18430
18532
18481
18547
18480
18295
18048
18279
18182
18406
18251
18484
18516
18260
18528
18342
18096
17539
17838
18549
18274
18480
18461
18466
17915
18232
18049
17868
17689
17490
17954
17957
17984
18725
18727
18895
18686
18693
19065
19172
18980
18625
18718
19496
19111
19488
19175
19219
18619
19093
18901
19319
19125
18933
18835
18646
18811
18622
18155
17973
17663
17486
17738
17560
17493
17215
17421
17684
17506
17903
17655
17751
17838
18465
18514
18328
18158
17659
17650
17384
16959
16721
16477
16665
16828
16542
16092
16114
15776
15903
15743
15336
15080
14770
14622
14475
14407
14503
14713
14844
15162
14784
15110
14822
14501
14609
14427
14070
14161
14019
13682
13545
13091
13579
13443
13308
13174
13048
13516
14031
14220
14102
13526
13652
14062
14251
13991
13850
13711
13573
13437
13254
13761
13715
13577
13441
12966
13132
12835
13139
13007
12876
12747
12619
12437
12312
11563
11584
11468
11776
11849
12398
12575
12520
13249
13116
12984
13110
12890
13333
13364
13363
13370
12809
13145
13013
13518
13459
13324
13190
13057
12926
12646
13111
13844
13744
14282
14627
14789
14480
14439
14294
14399
14492
13981
14216
13587
13206
13327
13193
13060
12929
13319
13105
13229
12767
12873
12744
12379
12574
12448
12204
12081
11960
11840
11721
11976
11856
12263
12411
12503
12377
12525
12399
12294
12244
12345
11911
11966
11651
11504
11388
11013
10902
11001
11324
11573
11457
11342
11545
11429
11883
11764
11646
11529
11549
11911
11906
11786
12305
12741
13056
13282
13149
13017
13165
13668
13531
13395
13260
13127
12995
12864
12735
12607
12480
13011
13087
12956
12826
12697
12569
12443
12318
12194
12071
11950
11830
11711
11593
11476
11836
11935
11815
11696
11578
11839
12082
11961
12120
11998
11877
11758
12026
11905
11785
11667
11550
11799
12046
11925
11805
11686
11569
11840
11721
11759
11641
11524
11408
11293
11179
11379
11265
11666
11549
11433
11639
12115
12225
12572
12920
12918
12788
12659
12532
12406
12960
13126
12994
13359
13721
14500
14354
14640
15337
15183
15390
15235
15082
14931
14781
14633
14486
14340
15159
15723
15565
15409
15424
15956
16399
16996
17047
16876
17242
17454
17279
17106
17275
17256
17083
17763
18120
18760
19210
19154
19348
19976
19776
20544
21177
21186
20973
21057
21188
21312
21853
21901
22490
22264
22665
23282
23303
23485
23430
23195
23091
23082
23050
22843
23186
23339
23296
23216
23079
23700
24088
24717
25186
24806
24695
24872
25010
24643
24528
24299
24349
24272
24323
24079
24022
23662
23697
23496
23341
23512
24196
24783
24534
24288
24788
24539
24293
24049
24042
23801
23562
23326
23416
23575
23392
23577
23651
23740
23502
23266
23297
23063
23088
22856
22627
22400
22175
21953
21733
21515
21299
21085
20873
21454
21861
21642
22443
22218
22338
22394
22328
22324
21984
21763
21545
21732
21514
21298
21084
20872
20663
21478
21616
21399
21184
20971
20761
20553
20347
21075
21582
21648
21968
21748
21530
21314
21100
20888
20678
20706
20498
21054
21599
21382
21167
20955
20745
20537
20331
20415
20210
20007
19806
19607
19410
19215
19022
18831
18642
18455
18270
18087
17905
17725
17547
17371
17197
17024
16853
16684
16516
16350
16186
16023
15862
15703
15545
15389
15183
15352
15198
15045
14894
14744
14596
14449
14304
14160
14398
14253
14110
14365
14221
14419
14854
15287
15653
15496
15674
16115
16607
16834
16665
16923
17141
16910
16740
16437
16272
16809
16640
17199
17026
16855
16686
16658
16491
16717
16764
16539
16789
16832
16752
16584
16417
16252
16289
16125
15963
16224
16061
15938
15667
15510
15541
15823
15664
15507
15639
15929
15815
15547
14984
14976
14944
15075
15576
15420
15265
15112
15540
15384
15230
15774
16270
16107
15945
16219
16590
16619
16847
17468
17541
17469
17795
17616
18004
18261
18211
18028
17847
17418
17243
17050
16940
16908
16738
16706
16823
17682
17505
17329
17707
18078
18273
18090
17908
18296
18728
18540
18354
18170
18087
18903
19594
19397
19202
19009
19100
19178
19476
19481
19161
18969
18779
18591
18493
18238
17948
18077
17896
17716
17538
17362
17188
16899
16874
16937
16767
16599
16575
16579
16413
16248
16085
15923
15715
15585
15428
15230
15266
16110
16870
17048
16877
16708
16920
16750
16867
16812
16627
16701
16533
16367
16203
16179
17033
17392
17217
17044
16873
16704
16536
16370
17133
17079
16908
16738
16570
16404
16239
16076
16135
15973
15813
16571
16405
16926
17869
17690
17512
18095
17941
17761
17583
17406
17231
17058
16887
16717
16549
16420
16454
16822
17591
18140
17958
18547
18361
18590
18403
18218
18035
17854
17675
17498
17322
17148
16976
16806
17623
18047
17866
17687
17114
17038
17276
17103
16931
16761
16593
16426
16261
16098
15936
15776
15618
15461
15172
15096
15133
15003
14852
14703
14555
14409
14264
14121
13979
13839
13700
13562
13426
13291
13157
12923
12793
13146
13014
12883
12754
12626
12499
12373
12249
12126
12004
11883
11764
11646
11529
11413
11298
11184
11072
10961
10851
10742
10738
10957
10847
10738
10630
10523
10417
10312
10208
10105
10003
9902
9839
10026
9925
9825
9726
9628
9531
9435
9340
9246
9153
9061
8970
9621
9619
9522
9426
9331
9237
9144
9052
8961
8709
8827
8738
8807
8994
8903
8813
8724
8636
8549
8463
8378
8294
8210
8127
8045
7964
7884
7805
7530
8075
7994
7913
7833
7754
7676
7599
7522
7446
7371
7297
7223
7150
7078
7007
7685
7710
7632
7555
7479
7404
7329
7255
7182
7110
7038
6967
6897
7331
7713
7635
7558
7482
7407
7332
7258
7185
7113
7041
6970
6900
6830
6761
6693
6626
6559
6493
6428
6363
6299
6235
6172
6110
6048
5987
5927
5867
5808
5749
5691
5634
5577
5521
5465
5410
5355
5301
5247
5194
5142
5446
5305
5251
5198
5145
5093
5042
4991
4941
4891
4842
4793
4745
4697
4649
4602
4555
4509
4463
4577
4531
5262
5209
5915
5855
6060
5999
5938
5878
5819
5760
5702
5644
5587
5531
6159
6233
6170
6108
6046
5985
5925
5865
5806
5747
5689
5632
5575
5519
5463
5408
5353
5299
5245
5192
5341
5287
5234
5181
5691
5634
5577
5521
5465
5410
5355
5301
5247
5194
5142
5090
5039
4988
4938
4888
4839
4790
4742
4694
4647
4600
4553
4507
4461
4416
4371
4327
4283
4240
4197
4154
4709
4827
4778
4730
4682
4635
4588
4542
4496
4450
4405
4360
4316
4272
4229
4186
4144
4102
4060
4169
4127
4606
4559
5108
5314
5260
5207
5154
5102
5050
4999
4948
4898
4848
4799
5388
5486
5431
5376
5322
5268
5215
5162
5110
5058
5007
4956
4906
4856
4807
4758
4710
4662
4845
4796
5340
5286
5233
5180
5128
5076
5167
5536
5480
5425
5370
5316
5262
5209
5520
5339
5285
5232
5179
5127
5075
5024
4973
4923
4873
4824
4775
4727
4679
4632
4585
4512
4466
4421
4376
4921
4871
4822
4773
4725
4677
4630
4583
4537
4491
4446
4401
4739
4691
4644
4597
4550
4504
4458
4413
4450
4405
4360
4316
4272
4229
4186
4144
4102
4060
4471
4445
4400
4355
4311
4267
4224
4181
4139
4097
4055
4014
3973
3933
3893
3854
3815
3776
3904
4264
4221
4324
4824
4775
4727
4411
4366
4322
4278
4235
4192
4150
4108
4066
4025
3984
3797
3758
4309
4265
4222
4179
4137
4698
4874
4825
4776
4728
4680
4633
4586
4540
4494
4174
4132
4366
4322
4278
4235
4192
4150
4108
4066
4025
3984
3944
3904
3864
3825
3786
3748
3710
3637
4198
4155
4113
4549
4503
4522
4476
4431
4386
4342
4641
4964
4914
4864
4815
4766
4718
4670
4348
4510
4464
4419
4374
4330
4286
4243
4200
4157
4115
4073
4032
3991
3951
3911
3871
3797
3758
4188
4146
4104
4062
4021
3980
3940
3900
3860
3821
3782
3744
3706
3668
3631
3594
3558
3515
4033
4243
4200
4157
4115
4073
4032
3991
3951
3911
3871
3832
3793
3755
3717
3679
3642
4084
4054
4013
3972
3932
3892
3853
3814
3775
3737
3699
3661
3624
3587
3551
3515
3479
3444
3409
3374
3340
3306
3605
3554
3518
3482
3447
3412
3377
3343
3309
3275
3242
3209
3176
3144
3112
3080
3049
3018
2987
2957
2927
2897
3259
3104
3072
3041
3010
2979
2949
3271
3238
3765
3727
3689
3652
3615
3578
3542
3850
3673
3636
3599
3562
3526
3490
3455
3420
3385
3351
3317
3283
3250
3217
3184
3152
3120
3333
3405
3370
3336
3302
3268
3235
3202
3169
3137
3105
3073
3042
3011
2980
2950
3118
3086
3055
3024
3487
3452
3417
3382
3348
3314
3280
3247
3214
3181
3149
3117
3085
3266
3233
3200
3853
3814
3775
3737
3699
3829
3790
4138
4096
4055
4014
3973
3933
3893
3854
3815
3776
3965
3925
3885
3846
4549
5131
5079
5028
4977
5787
6215
6585
7116
7320
7426
7637
7387
7106
7415
7645
7998
7917
7878
7799
8072
7991
7911
8343
8281
8198
8555
8319
8526
8649
9086
9261
9168
9187
9471
9376
9282
9189
9097
9472
9368
9554
10215
10326
10697
11166
11262
11452
11337
11223
11110
10998
11134
11580
11464
11577
11764
11698
11605
11465
11918
11434
11428
11110
11238
11537
11421
11803
11901
11646
11529
11413
10756
10487
10411
10188
9263
9028
8407
7626
7488
7483
7408
7307
7531
7780
7864
8423
8841
8324
7618
7440
7205
7132
7432
7093
7022
6951
7016
7068
6763
6695
6488
6660
6406
6341
6471
5610
6067
6103
6437
6854
6785
7336
7596
8130
8143
8061
7980
7900
8305
7858
7518
7434
7139
7221
7148
7297
7086
7468
7584
7508
7718
7633
7556
7480
7405
7075
7293
7386
7506
7593
7685
7479
7404
7220
7365
8006
7952
7300
7327
7253
6944
7110
7055
6698
6630
6563
6243
6099
6414
6349
6207
6144
6263
5937
5452
5397
5296
5242
5189
5137
4973
4958
5179
4999
5015
4964
4772
4724
4758
4784
5242
5189
5504
5598
5789
5786
6060
6439
6026
5947
6080
6019
6156
6094
5981
5840
5695
6247
6539
6297
6273
6158
6179
6236
6529
6361
6519
6453
6439
6259
6343
6409
6340
6800
6936
6932
6785
6590
6399
5951
5828
5494
5589
5161
4754
5051
4957
5379
5309
5196
5146
5057
5010
4959
4788
4533
4480
4567
4198
3558
3473
3708
3857
4553
4624
4682
4320
4276
4770
4934
4817
4540
4364
4320
4262
4555
4514
4474
4835
5591
5561
5262
4665
4352
4790
4284
4241
4297
3918
3825
3015
3601
3801
3546
3121
3666
4103
4452
4699
4414
3938
4185
4669
4949
4902
4852
5394
5340
5159
5288
5197
5040
5051
5333
5101
5466
5022
5328
5538
5623
5745
6139
6077
6322
6552
7320
7762
7865
7959
7879
7885
8129
8047
7846
7767
7571
7450
8053
7899
7906
7549
8148
8371
8151
8376
9084
9594
10487
10503
10397
10621
10026
10222
10733
10656
10618
10871
10614
10368
10503
10486
9904
9804
9873
9587
9804
9380
9816
10476
10306
10510
10719
10611
11041
11336
11939
12489
12420
12392
12229
12518
12881
13055
13069
13217
13731
13794
13655
14388
14548
14775
14716
14568
14422
14277
14148
14006
14161
14165
14023
13804
13917
13947
14126
14245
14060
13877
14139
14133
13842
13703
13498
13724
13694
14108
13934
14044
13737
13609
13490
14130
14167
13970
13816
13681
13900
13857
13853
13950
13928
13829
14329
14185
14043
14261
14565
14427
14162
14214
13857
13739
14028
14166
13700
13736
13580
13373
13606
12987
13142
13275
13377
13677
13792
14129
14483
14338
14545
14399
14254
14531
14424
14439
14202
14059
14115
13597
13304
13114
13190
13329
13534
13711
14303
14159
14569
14500
14492
14920
14977
15351
15021
14870
14517
14948
15068
14734
14641
15225
15651
15285
15263
14857
14854
14919
15065
14929
14779
14210
13957
13951
13154
13251
13810
13426
13202
13362
13264
13173
13220
13532
13396
13460
13654
13499
13363
12572
12067
11946
11826
11707
10892
11396
11465
11568
11632
11979
11693
11601
12040
12060
11939
11529
11410
11117
10690
10733
10625
10518
10514
10369
10235
10132
10419
10912
10802
10730
10814
10128
10541
10465
10963
10665
10558
10452
10347
9915
10008
10620
11031
11058
10947
10837
11627
11242
11945
12189
12702
12840
13001
13067
13507
13579
13932
13792
13731
14406
14261
14500
14354
14729
15049
14844
14511
13948
13585
13604
13358
13826
13953
14216
14073
14018
13838
13827
14188
14222
14323
14663
14364
14176
13975
13835
13686
13885
13746
13733
13720
13802
14137
14357
14068
14391
13952
13844
14025
13900
14084
13943
13803
13466
13797
13978
13838
13719
13885
14175
14594
14563
14672
14775
14627
14923
14848
14753
14323
14181
13950
13412
13430
13525
13389
14041
13900
14030
14369
14398
14263
14832
15255
15102
15309
15902
15934
15920
15956
15597
16105
16008
16011
16014
15815
15656
15768
15763
15386
15392
15440
15872
15855
16170
16318
16076
16537
17047
17178
17273
17143
17409
18124
18727
18982
18872
18995
19538
19774
19537
19444
19264
18891
18975
19057
18866
18696
18495
18861
19063
19228
19461
19723
19872
19654
20023
19865
19981
20050
19828
19937
20145
20479
21228
21267
21081
20753
20503
20717
20461
20395
20254
20051
19957
19960
20298
20473
20686
20863
21014
21285
21466
21670
21508
21499
21229
20960
20558
20352
20149
19999
19972
19236
19043
19163
18971
19016
18999
19476
19799
19934
19951
19962
19762
19985
20547
21035
21337
21628
21950
21877
22176
22225
22640
22358
22044
21823
21233
21113
21674
22167
22540
23007
23310
23076
23854
24492
24246
24003
23762
24140
24490
24375
24655
24677
24667
25024
25660
25898
25638
25874
24864
24891
25353
25934
25932
26054
25740
25806
26140
26415
26406
26093
25831
25832
25646
25389
25350
25264
25410
25141
25240
25069
25355
25226
25136
24884
24627
24938
24688
24440
24195
23837
24092
23448
22645
22267
22044
21823
21292
20763
21243
21450
21690
21472
21257
21044
21337
21021
20810
20601
20495
20161
20107
19959
20808
20750
20542
20968
21434
21616
21848
21629
21412
21718
21676
21459
21323
21100
20888
20656
20814
20548
20396
20318
20488
20592
20954
21161
21553
21823
21635
21202
21177
21033
21136
21397
21040
20374
19847
19720
19650
19478
19283
19634
19575
19379
19185
18992
19095
18903
18830
18762
18466
18798
19055
19398
19641
19444
19249
19203
18682
18494
18239
18056
18179
18178
18219
18401
18433
18582
18529
18620
18596
18837
18620
18645
18337
17941
17374
17359
17185
17780
18037
17725
17244
17170
17204
17077
17314
17417
17515
17339
17165
16993
17126
17797
18498
18312
18695
19036
18845
18988
18829
19284
19574
19036
18991
18980
18790
18544
18237
18445
18433
18248
18065
18243
17971
17791
17259
17416
17413
17238
17310
17510
17334
18023
17842
17663
17936
18120
17938
18055
17874
18314
18694
18506
18285
18101
18201
18334
18420
18790
18513
18327
18251
18321
17987
17727
17549
17373
17627
17402
16932
16762
16757
16589
16490
16324
16160
15998
15874
15715
15348
15088
14772
14506
14107
14109
14203
14721
14963
15638
16212
17122
16950
17440
17265
17878
18415
18230
18047
17658
17436
17062
16805
16636
16344
16180
15970
15939
16337
16184
16155
15969
15809
15647
15322
15168
14965
15128
15083
14928
14778
14630
14483
14222
14079
14149
14007
14358
14214
14071
14214
14476
14331
13894
14378
14517
14716
14547
14345
14462
14437
13851
14142
14000
13859
13720
13591
13184
13269
12967
12837
12900
13133
13001
12870
12741
12526
12188
12066
11945
11825
11706
11744
11790
11671
11583
11467
11060
11063
11670
11553
11437
12274
13005
13682
13799
13866
13865
13898
14575
14524
14378
14397
14530
14384
14240
14139
13945
13092
12960
12252
12129
11717
11599
11650
11642
12197
12676
12680
12751
12887
13130
12998
12867
13073
13354
13070
12840
13318
13801
14206
14448
14605
14458
14313
14356
14464
14241
14098
13894
13588
13451
13621
13484
13349
13931
13791
13652
13515
13379
13245
13829
14062
13921
14262
14113
14182
13982
14201
14580
14434
14608
14768
14620
15290
15136
15783
15625
15510
15536
15367
15213
15242
15089
15079
14928
15451
15902
16015
15854
15695
16278
16337
16173
16087
15925
15765
15607
15450
15295
15355
15803
16180
16173
16011
15620
15039
14732
14584
14438
14293
14130
14063
13922
13782
13644
13826
13426
13291
13157
13025
12894
12764
12636
12577
12451
12594
12922
12553
12205
12526
12466
12414
12176
12168
12150
12082
12073
11952
11832
11713
11789
11905
11740
11686
11569
12331
12823
13008
13187
14068
14968
15134
14982
15242
15356
15513
15231
15078
14993
14835
14686
14538
14392
14323
14251
14108
14862
14713
15367
15390
15235
15459
15369
15168
14730
14911
15355
15201
15549
16084
16315
16151
16122
16101
16213
16360
15870
15797
16816
17347
17082
16911
16741
16573
16407
16379
16700
16532
16543
15685
15629
15519
16021
15860
15701
15543
16280
16772
16759
16591
16896
17058
16887
16902
16480
16363
16199
16036
15875
15716
15558
15402
15017
14866
14725
14577
14357
13877
13368
13234
12804
12654
12527
12967
13704
13584
13448
13280
13640
13503
13367
13233
13186
13684
13554
13418
13283
13723
14229
14388
14315
14426
14425
14280
14190
14062
13921
14412
15100
15785
15626
16079
15985
15824
15665
16145
16006
15845
15621
15336
14834
14511
14131
13719
13581
13518
13382
13656
13373
13239
13302
13507
13707
13597
13668
13531
14189
14591
14444
14299
14155
14013
14641
14258
13954
13712
13317
13107
12970
13244
13347
13213
13241
13108
12976
12846
12717
12902
12617
12490
12555
12826
13010
12879
12750
12622
12495
12369
12245
12122
11662
11545
11775
11657
11967
11847
11728
11610
11493
11377
11263
11150
11038
10934
11120
11001
10890
10780
10813
10704
11235
11678
11561
11912
11792
11673
11898
12597
12713
12964
12863
12734
12606
12479
12354
12790
13185
13706
13654
13517
13381
13422
14106
14530
14384
14240
14097
13955
14614
14566
14420
14275
14132
13990
13849
14245
14327
14183
14307
14811
14662
14515
14369
14225
14082
13941
13801
13676
13539
13629
13492
13356
13222
12819
13075
12944
12814
12685
12558
12432
12425
12600
12652
12525
12399
12274
12664
12802
13428
13293
13159
13027
12896
12766
12638
12938
12992
12861
12741
12613
12672
13037
12906
12776
12648
13087
12956
13100
12968
12838
12709
13037
12971
12841
12712
12541
12415
12290
12166
11766
11648
11531
11894
11774
11656
11818
12513
12681
12872
12743
12615
13085
13488
13913
13773
13635
13498
13362
13228
13095
12963
13064
12933
12803
12674
13188
13055
12924
12794
12665
12538
12542
13226
13093
12961
12831
12702
12574
12448
12323
12199
12435
12943
13099
12967
12837
12708
13027
13415
13280
13147
13015
12884
12755
12627
12500
12655
12470
12345
12221
12098
11976
11856
11737
11619
11502
11386
11272
11159
11047
10936
11261
11071
10960
10850
10741
10633
10526
10420
10315
10211
10108
10006
9905
9805
9706
9608
9511
9824
9959
10591
10484
10379
10275
10172
10070
9969
9869
9770
9672
9575
9479
9384
9290
9197
9104
9012
8921
8831
8520
8738
8650
8563
8978
8888
8799
8710
8622
8535
8449
8364
8280
8197
8114
8032
7951
8564
9232
9139
9047
8956
8866
8777
8689
8602
8515
8429
8755
8667
8580
8949
8859
8770
8682
8301
8217
8134
8052
7971
7891
7812
7733
7655
7578
7926
8298
8040
8094
8012
7931
7851
7772
7972
7892
7813
7734
8043
7962
7882
7803
7724
7646
7569
7493
7417
7342
7268
7195
7122
7050
6979
6909
6839
6770
6852
6586
6520
6454
6389
6325
6261
6198
6135
6073
6012
5951
6043
6458
6393
6329
6276
6213
6150
6488
6423
6358
6294
6230
6167
6105
6043
5982
5922
6292
6229
6166
6196
6133
6071
6010
5949
5889
5830
5771
5713
5655
5598
5972
5912
5763
5705
5647
5590
5534
5478
5423
5705
6031
5970
5910
5850
6243
6674
6713
6914
6844
7184
7973
8726
9108
9837
10438
10333
11122
11010
10899
11500
12125
12478
13002
13373
13812
14146
14380
14488
14693
14545
14477
14316
14300
14156
14834
14821
14672
14427
14146
14462
14661
14578
14467
14559
14413
14087
14225
14281
14085
13575
13672
13286
13308
13416
13375
13629
13510
13392
13278
12849
12998
12896
13138
13178
13628
13683
13546
13580
13444
13585
13754
13810
13671
13534
14047
13955
14253
14116
14022
14008
14368
13526
13306
13295
13516
13380
13320
13186
13504
13239
13677
13362
13072
12803
13077
12935
12724
13149
13192
13694
14033
13691
13236
12669
13047
13093
12695
12473
12322
12322
12688
12952
12822
12554
12179
11910
12026
12030
12355
12359
11842
11847
11624
11529
11370
11184
10868
11459
11985
11863
12013
11995
11874
12008
11471
11493
11377
11167
11500
11420
11499
11175
11419
11398
11413
11686
11745
11885
11935
11477
11381
11939
11835
11518
11086
10672
10175
9957
9975
10109
9959
10027
10064
10066
10425
10368
10264
10295
10062
9999
10137
10072
9898
9736
9511
8918
8388
7991
7292
7130
7149
6661
6538
6615
6142
5802
5696
5979
5919
5750
6360
5880
5645
5054
5506
5134
4607
4236
4199
3861
3595
3099
3093
3019
3308
3744
3706
3649
4192
4515
4250
3648
4082
4199
3910
3907
3867
4051
3834
3480
3222
3399
3230
3815
4536
4520
3780
4027
3814
3187
2831
2887
2240
2171
2149
1722
1573
1980
2372
2436
1885
1161
580
507
487
573
922
782
846
837
784
754
347
-76
-249
-586
-599
-1059
-1526
-1428
-1962
-2257
-2322
-2375
-2662
-2648
-2621
-3210
-3505
-3482
-3978
-4212
-3854
-3816
-3705
-3778
-3407
-3120
-2866
-3143
-3367
-3559
-3698
-3665
-3837
-3732
-3805
-3789
-3991
-4290
-3860
-4007
-3946
-3953
-3859
-3821
-4148
-4256
-4294
-4321
-4224
-4252
-3991
-3905
-3805
-3822
-4216
-4171
-4367
-4442
-4468
-4333
-4668
-4437
-4336
-4542
-4322
-4700
-4631
-4496
-4117
-3358
-3410
-3487
-3507
-2832
-2344
-2238
-1737
-1488
-2228
-2525
-2800
-2786
-2341
-2294
-2031
-2170
-1581
-1244
-1366
-1190
-898
-815
-507
-173
-171
-234
-272
-522
-230
8
-110
33
-80
-725
-786
-713
-348
-46
-442
-996
-1131
-1309
-772
-944
-1178
-1166
-1596
-1412
-973
-963
-1183
-1596
-1884
-2106
-1909
-2250
-1739
-1243
-1043
-868
-573
-522
-1072
-820
-819
-503
-487
-260
-237
-147
-200
369
414
427
1439
1537
1630
1352
1044
536
358
13
188
141
331
575
396
466
1033
1218
1561
1988
2106
1735
1234
1467
2004
2095
2310
2290
2579
2944
3331
2956
2804
2552
2707
2877
3195
3194
3400
3295
3325
3411
3590
3094
3323
3311
3822
3402
3578
3461
3603
3919
3956
4360
4505
4791
4887
5097
4866
5030
5316
4867
4553
4265
3905
4166
4422
4118
3676
3746
3394
3135
3110
3016
3287
2974
2862
3223
3367
3203
3215
3250
3648
3966
4160
4401
4233
4411
4083
4596
4270
4206
3988
3959
3934
4119
4050
3866
3903
4315
4705
5184
5365
5406
5096
5272
5428
5276
4684
5036
5262
5767
5671
5949
5715
5485
5603
5875
6453
6721
7438
7097
7069
6669
5964
6179
6429
6546
5988
5783
5485
5498
6086
6032
6048
5996
6235
5685
5271
5345
5510
5379
5550
6170
6562
6298
6107
6312
6477
6412
6548
6443
6213
6280
5833
6208
6738
6785
6817
7136
7259
7102
6948
7024
6985
7060
6601
6382
6188
5880
5735
5530
5726
6109
6047
5756
5904
6276
6477
6426
6644
6577
6528
6355
6545
6859
6876
7079
7017
6914
6851
7198
7435
7155
6779
6541
6441
6666
6969
6899
6969
7030
6988
7110
6928
6804
7146
6671
6750
6552
6227
6300
6236
6165
5456
4881
4763
4545
4499
4295
4174
4000
4301
4244
4637
4705
5027
5509
5709
5796
5889
5847
5846
5924
6231
6172
6110
6005
5479
5733
5556
5177
4936
4770
4628
4738
4271
4228
3624
3227
3212
3147
3115
3083
3482
3337
3303
3158
2894
2865
2974
3031
2744
2954
2947
3297
3811
4204
4355
4874
5285
5867
6354
7047
7468
7326
7405
7561
7591
7515
7698
8556
9117
9553
9457
9529
9605
9508
9413
9318
9505
9409
9465
9370
9517
9423
9407
9483
9906
10392
10287
10184
10840
10731
10728
10620
10513
10214
9967
9867
10371
10509
10689
11109
11204
11091
11024
11346
11525
11960
11481
11558
11442
11327
11139
11227
11246
11667
11674
11562
11446
11238
11770
12540
12455
12431
13066
12935
12901
12771
12836
12707
12440
13068
13431
13365
13231
13038
12907
12782
12654
12527
12843
12714
13155
13023
12892
12762
12634
13128
13305
13171
13039
13124
12992
12861
12970
12997
13647
14020
13879
13740
13602
13465
13562
13795
13656
13519
13383
13249
13116
12984
12854
12725
12597
12470
12345
12221
12098
11976
11856
11737
11619
11502
11394
11264
11151
11039
11463
11348
11234
11121
11322
11352
11630
11513
11446
11327
11213
11100
11114
10980
10870
10761
10653
10516
10265
10162
10060
10573
11211
11609
11492
11376
11262
11149
11037
10926
10816
10707
10599
10492
10386
10758
10840
11175
11063
10952
10948
11056
10945
11181
11442
11327
11213
11100
10988
10878
10864
10755
10647
10776
10756
10648
10745
10705
11010
10899
11218
11105
10928
10818
10709
10601
10494
10388
10284
10181
10079
9978
9878
9779
9681
9584
9737
9720
9622
9525
9429
9334
9240
9147
9055
8964
8874
8785
8697
8609
8522
8436
8351
8267
8184
8245
8664
8577
8491
8406
8321
8237
8154
8072
7991
7911
7831
7752
7674
7597
7520
7887
7972
7892
7813
7734
7656
7579
7503
7427
7608
7531
7922
7842
7763
7685
7608
7531
7455
7380
7306
7232
7159
7268
7195
7122
7398
7323
7249
7176
7104
7032
6961
6891
7413
7669
7592
7516
7440
7365
7758
7697
7619
7542
7466
7391
7317
7243
7898
8386
8302
8218
8135
8053
7972
7892
7813
7734
7656
7579
7503
7427
7352
7278
7205
7132
7060
6989
6919
6849
6780
6712
6644
6577
6511
6402
6945
6875
6806
7307
8099
8025
7944
7864
7785
8149
8067
7986
7906
7826
7747
7669
7592
7511
7435
7360
7286
7213
7140
7068
6997
6926
6856
6787
6719
6651
6439
6791
7270
7718
7640
7563
7487
7412
7337
7263
7190
7118
7046
6975
6905
6835
6766
6698
6630
6563
6497
6431
6366
6302
6238
6175
6113
6051
5990
5930
5989
5968
5908
6449
6708
6640
6573
6507
6441
6376
6312
6248
6185
6123
6061
6000
5939
5879
5820
5761
5703
5645
5588
5532
5476
5421
5366
5312
5258
5205
5152
5100
5048
4997
4946
4896
4846
4797
4748
4700
4652
4605
4558
4512
4466
4421
4376
4959
4860
4811
4762
4714
4666
4619
4572
4526
4480
4435
4390
4346
4302
4258
4215
4172
4277
4030
3989
3949
3909
3869
3830
3791
3753
3715
3677
3640
3603
3566
3530
3494
3822
3885
3809
3770
3732
3694
3657
3620
3583
3547
3511
3475
3440
3405
3370
3336
3302
3673
3636
3599
3550
3514
3478
3443
3408
3373
3339
3305
3271
3238
3205
3172
3140
3108
3076
3045
3014
2983
2953
2923
2893
2864
2835
2806
2777
3216
3183
3151
3119
3087
3056
3025
2987
3095
3064
3033
3002
3000
2969
2939
3276
3243
3210
3332
3298
3264
3231
3198
3165
3133
3101
3110
3078
3565
3529
3493
3458
3423
3388
3354
3320
3286
3253
3220
3187
3155
3123
3091
3060
3029
2998
2967
2937
2907
2877
2848
2819
2790
2762
2734
2706
2678
2651
2624
2417
2996
3210
3177
3145
3113
3081
3050
3019
2988
2958
2928
2898
2868
2839
2810
2781
3280
3247
3779
3741
3703
3665
3628
3591
3555
3519
3483
3448
3413
3378
3344
3611
3471
3436
3401
3366
3332
3298
3264
3231
3198
3420
3385
3351
3317
3762
3724
3686
3649
3612
3838
3780
3742
3704
3666
3629
3592
3556
3520
3484
3449
3414
3615
4058
4017
3976
3936
3896
3857
3818
3779
3741
3703
3665
3628
3591
3823
3784
3746
3708
4115
4427
4382
4338
4294
4251
4208
4165
4123
3936
3896
3857
3818
3779
3741
3703
3665
3628
3591
4045
3996
3956
3916
3876
3837
4026
3985
3945
4313
4269
4226
4183
4141
4099
4057
4016
3975
3935
3895
3856
3817
3778
3740
3702
3664
3627
3590
3554
3518
3482
3447
3412
3377
3343
3309
3794
3718
3680
3643
3606
3569
3533
3497
3461
3426
3391
3357
3323
3289
3256
3536
3500
3464
3429
3990
3950
3910
3870
3831
3792
3754
3716
3678
3641
3604
3567
3531
3495
3460
3425
3390
3356
3322
3288
3774
3698
3660
3623
3586
3550
3514
3478
3443
3408
3373
3339
3305
3271
3238
3205
3617
3580
3642
3605
3568
3532
3496
3461
3426
3391
3357
3323
3289
3256
3223
3190
3158
3126
3190
3158
3646
3609
3572
3536
3500
3464
3429
3394
3360
3326
3292
3259
3226
3193
3161
3607
3629
3592
3556
3840
4104
4062
4021
3980
3940
3900
3860
3821
3782
4132
4090
4325
4635
4588
4542
4496
4450
4405
4360
4316
4272
4229
4186
4144
4102
4060
4019
3978
3938
3898
4027
4379
4335
4291
4248
4205
4162
4120
4078
4037
3996
3956
3916
3876
3837
3798
3737
4127
4085
4044
4003
3962
3922
3882
3843
3804
3765
3727
3689
3652
3615
3578
3542
3500
3947
4398
4353
4309
4265
4222
4179
4137
4095
4054
4013
3972
3932
3892
3853
3814
3775
3737
3451
3656
3619
3582
3546
3510
3474
3439
3404
3369
3335
3301
3267
3234
3201
3168
3136
3104
3152
3120
3524
3488
3453
3418
3383
3349
3315
3281
3248
3215
3182
3150
3118
3086
3055
3024
2993
2963
3359
3859
3820
3698
3660
3623
3586
3550
3514
3478
3443
3408
3373
3339
3305
3271
3238
3205
3440
3279
3246
3213
3180
3148
3116
3084
3053
3022
2991
2961
2931
2901
2871
2842
2813
3292
3186
3154
3122
3090
3059
3028
2997
2967
3430
3897
3857
3818
3779
3741
3703
3665
3628
3591
3555
3480
3651
3614
3577
3541
3505
3469
3434
3789
3751
3713
4062
4021
3980
3940
3900
3860
3821
3782
3744
3916
4261
4218
4175
4133
4091
4050
4009
3968
3928
3888
3849
3810
3771
3733
3695
3636
3599
4052
4011
4582
4536
4555
4509
4463
4418
4373
4329
4285
4242
4199
4156
4114
4072
4031
3990
4436
4771
4723
4675
4628
4581
4535
4489
4444
4399
4354
4310
4266
4223
4180
4138
4096
4055
4485
4396
4351
4307
4263
4220
4177
4135
4093
4052
4011
3970
3930
3890
3851
4233
4112
4070
4029
3988
3948
3908
3868
3829
3790
3752
3714
3676
3639
3602
3565
4007
3893
3854
3815
3776
3738
4134
4601
4554
4508
5042
4991
5296
5242
5189
5145
5093
5212
5159
5107
5055
5004
4953
4903
4853
4804
4755
4707
4659
4612
4565
4519
4473
4609
5023
4972
4922
4872
4823
4774
4726
4678
4631
4584
4538
4760
4712
4390
4988
4938
5022
5478
5423
5613
5556
5500
5444
5389
5335
5281
5228
5175
5123
5071
5157
5600
5543
5487
5432
5377
5323
5269
5216
5163
5111
5059
5008
4957
4907
4857
5177
5092
5041
4990
4940
4890
4841
4792
4744
4696
4648
4601
4554
4508
4806
4714
4666
4619
4572
4526
4480
4435
4390
4577
5040
4989
4939
4889
4840
4791
4743
4695
4849
4800
4887
5126
5636
5579
5523
5919
6285
6222
6159
6097
6035
5974
6281
6076
6015
5954
5894
6029
6606
6539
6473
6408
6343
6279
6216
6153
6383
6159
6097
6035
5974
5914
5854
5795
5736
5678
5952
6211
6148
6086
6025
6264
6201
5879
5820
5761
5684
5627
5570
5514
5458
5403
5348
5294
5241
5188
5136
5084
5033
4982
4932
4882
4833
4784
4736
4688
4545
4801
4752
4704
4656
4609
4562
4516
4470
4425
4380
4336
4292
4715
4667
4620
4573
4651
4604
4557
4885
5329
5275
5456
5401
5346
5292
5498
5943
6156
6050
5989
6557
6647
6580
6514
6448
6383
6319
6255
6085
5850
5791
5733
5675
5499
5976
5947
6135
6235
6430
6365
6687
6577
6511
6885
7436
7362
6977
6705
6777
6915
6724
6656
6938
6868
6799
7105
7426
7568
7792
7714
7758
7680
7603
7361
7287
7519
7577
7790
8040
8306
8817
8828
9305
9906
9966
9872
9538
9115
8651
8564
8478
8393
8308
8470
8823
8734
8646
9093
9115
9387
9790
10333
10229
10126
10528
10476
10371
10703
11037
11285
11148
11103
10989
10879
11169
11386
11272
11234
11270
11370
11370
11672
11555
12140
12249
12187
12488
12362
12691
12508
12419
12266
12143
11958
12088
12092
11843
11830
12066
12204
12900
12873
12419
12519
12520
12544
12833
12608
12392
12267
12609
12616
12651
12537
12295
12119
12238
12200
11478
11286
10758
10506
10985
11038
10927
11391
11769
11483
11390
10978
11045
10797
11269
11677
12000
12259
11935
11815
12019
11719
11736
12104
11558
11794
11675
11290
10993
11430
11302
10817
10708
10566
10812
10841
10977
11567
11602
11323
11530
11373
11326
11501
11126
11509
11424
11935
11815
11866
11903
11720
11602
11552
11436
11480
11211
11319
11291
11423
11306
11337
11799
11857
11814
11773
11757
11822
11533
11175
11116
11160
11257
10844
11017
11104
10783
10532
9944
10078
10095
9904
9735
9623
9615
9518
9264
9385
9515
9586
9804
9540
9444
10039
10201
9838
9391
9263
9830
9574
9819
9720
10280
10279
10734
10626
10519
10475
10622
10734
10626
10471
10040
9939
9717
9241
9148
9268
9632
10604
10895
10785
10535
10517
10437
10081
10069
9818
9400
9555
9836
9995
9991
10186
10081
10647
11137
11807
11563
11223
11082
11256
10971
11144
10970
11202
11465
12044
11879
12299
12011
12199
11999
11645
11980
11860
11980
11648
12166
12043
11647
12050
11664
11547
11336
10914
10621
10977
10867
10913
10939
11693
11812
11437
11980
12002
12352
12417
12134
11637
11520
11265
11115
11195
11119
11368
11187
11839
11659
11921
12237
12387
12263
12485
11911
11791
11672
11555
11990
12418
13054
12824
13191
13103
12971
13429
13647
13540
13812
13531
13421
13087
13042
12787
13078
13282
13998
14092
14602
14932
15059
15331
15293
15072
14377
14399
14042
14475
14682
14727
14835
14686
14538
14950
14951
15209
15481
15326
15687
16100
15824
15500
15296
15142
15106
14824
14675
14812
14824
14675
14528
14935
14744
15652
15495
15747
16307
16332
16601
16330
16722
17153
17346
16936
16857
16962
17186
17013
16803
16675
16171
16467
17120
17193
17020
16978
16452
16624
16704
16878
17102
17264
17052
16757
16867
16991
16855
16732
16545
16381
16217
16178
16352
15738
15580
15424
15269
15116
14853
14975
14825
14676
14844
14611
14464
14319
13897
13959
14237
13851
13712
14400
14255
14767
14619
14853
14704
14556
14410
14273
14130
13988
13847
14302
14202
14059
13918
13778
13640
13503
13367
13233
13100
13403
13751
13613
13476
13341
13207
13074
12943
12813
12684
12715
12610
12483
12358
12234
12111
12298
12046
11925
11516
11553
11577
11461
11443
11508
11679
11276
10907
10795
10686
10514
10212
10220
10422
10375
10301
10457
10158
10082
10081
10291
10300
10296
10363
10802
10743
11108
10838
10729
11094
11321
11708
12047
11855
12054
11783
11855
11977
11919
12025
11812
11388
11486
12210
12400
12286
12082
11663
11464
11488
11373
11403
11288
11441
11369
11798
11631
11387
11273
11261
11148
11918
12181
12129
12007
12150
12683
12654
12715
13097
13944
13803
14044
14527
15104
15300
15427
15272
15119
14684
14446
14301
14383
14772
14801
14842
15248
15708
16295
16473
16703
16827
16780
16612
16994
16975
17376
17202
17029
17142
17172
17000
17074
17219
17046
16874
16628
16475
15733
15801
15852
15818
15659
15502
15346
15395
15240
15794
15635
16358
16469
16267
16093
16183
16021
16288
16378
16796
17390
17832
18181
18615
19079
19093
18901
18711
18523
18622
18435
18347
18194
18011
18587
19115
19037
18882
19012
19409
19214
19021
18830
19157
18965
18775
19211
19522
19726
19841
19623
19719
19951
19880
20010
19809
19610
19413
19247
19168
18976
18786
18718
18675
18488
18302
18118
18199
17596
17600
17423
17802
17448
17802
17964
17784
17575
17775
17658
17859
17781
17603
17779
18124
18810
18621
18825
18611
18373
18189
18006
17646
17469
17073
17070
17209
17281
17445
17270
17912
18395
18797
19252
19059
19155
18834
18591
18404
18201
18075
18098
17916
17736
17281
17108
16534
16089
16526
16360
16196
16557
16391
16815
16838
17264
17514
17338
17164
16992
16821
16652
16485
16319
16155
15993
15832
15673
15516
15360
15206
15053
14902
14980
14987
14959
15133
15324
15239
15115
14963
14813
14902
15799
16071
15910
15750
16188
16700
16532
16878
16709
16541
16375
16211
16048
16134
15972
15822
15663
15506
15915
16142
15980
15995
15834
16055
15894
16337
16173
16011
15850
15691
15533
15377
15223
15070
14919
14769
14712
14564
14418
14445
15079
14928
15317
15163
15011
15470
15315
15161
15009
15688
16031
15870
15711
15848
15598
15190
15037
14659
14512
14253
13948
14010
13869
13959
13819
14036
14400
14603
14456
14661
14904
14754
14570
14328
14184
14577
14431
14495
14349
14646
14499
14353
14861
15419
15604
15763
15671
16130
16464
16299
16135
16410
16245
15965
15805
15409
15184
15206
15008
14988
14837
14688
14540
14330
14378
14824
14675
14528
14773
14625
14478
14783
15090
14799
14650
14503
14357
14088
13716
13676
13416
13321
13187
13786
13648
14237
14367
14508
14507
14361
14217
14074
14005
14282
14180
14218
14673
14526
14890
14740
14901
15199
15046
14895
14745
14597
14450
14305
14161
14019
14006
13865
14389
14244
14483
14338
14194
14051
13910
13770
13632
13495
13359
13225
13092
13166
13179
13047
12916
12786
12658
12531
12405
12280