-4550
-5156
5700
4088
-12547
-20204
-124
24694
14066
-25541
-40656
33357
-24456
-38697
-4131
-12613
-15738
-49244
5422
-33712
-54054
-9445
7937
-77259
-24967
-29346
-63630
-58122
-85160
-26528
-65895
-55547
-3542
-20312
-62800
-94083
-59912
-33784
-11334
-63860
-33064
-43758
-56595
-52639
-40383
-59808
-49434
-5845
-38555
-54136
-31121
-25650
-50809
12647
8127
-87626
-66631
-11218
-38480
-56176
-52856
-27025
-4953
-71447
-22822
-20310
-75741
-48673
-16539
-22719
-44284
-20061
-40786
-30759
-26403
-52660
-879
-32835
-56833
-62814
-53365
-56298
16788
1964
-24495
-39947
-56222
-35803
-40632
-19962
-26105
-51027
-46270
-47304
-36842
-15907
7032
2897
-63545
-72369
-67616
-90072
-52466
-32512
-18902
-76156
-42038
-39173
-14157
-15878
6925
-68888
-35839
-80986
-56812
-77708
-35396
-55593
-22683
-31947
-35358
-83368
-63014
-45221
-9729
10243
-53700
-65498
-57879
-25300
-14964
-68424
-58518
-14244
-29414
-58577
-26004
-51394
9475
17211
-42123
-86711
-56723
-56287
2343
-61790
-86142
-38859
-27707
-48526
-1452
-34976
-38783
10243
-42723
-50164
-24139
-19755
-1045
-66506
-36783
-35536
-6980
-64107
-27908
-23986
-60169
-73414
-18732
1054
920
-29972
-79527
-92282
-67691
-59062
-18245
-56089
-70922
-23103
-1341
-53991
-18750
-23211
-44695
-16135
-43105
-90358
-56422
-18179
-12592
-37845
-14919
-36421
-19138
-44809
-56257
-60956
-57287
-49576
-52250
-20714
-57196
-53115
-42628
-113742
-50824
-66570
-51183
-38960
-63202
-9416
-5781
-40971
-76558
-30278
-34982
-22489
-14081
-39589
-55713
-25703
-35137
-24684
5491
-46559
-42872
-36237
-100659
-97458
-56646
-8125
-40652
-5236
-25635
-11281
-25341
-22347
-65135
-70605
-35966
-22531
-43056
-28058
-22677
-20186
-17219
-7396
-8149
-3742
-6079
-6632
-53813
-53536
-25492
-15328
-18185
-4649
-19164
-32314
-25987
-21972
15426
-32454
-24644
-16148
-9452
3932
-31570
-12671
19583
-20594
2617
13614
1947
-10871
12432
46780
2698
-67080
50125
29460
11088
-36614
2163
31661
-28508
7833
30399
21383
-12717
-7845
8987
19642
14527
2333
-17494
-5814
-5668
5589
-1339
-38181
32838
-18423
-12649
19092
36269
8692
-42797
-8870
-38142
-23045
-2475
9116
-12447
12365
-14203
20233
-34927
-39569
6389
12388
-19059
28146
907
-13945
3910
40873
-20553
-14609
-10998
-8240
14675
-11192
-10894
30095
-27661
1362
56450
-12307
14586
13175
26928
10114
22718
-3626
-3759
-3295
7497
-19279
44180
-20586
-3399
-18523
-47459
5045
49799
10026
25822
-1355
17947
11807
35081
17739
11513
-3858
-19996
-46563
-16969
33997
21792
-28870
1767
16816
-29691
-22373
-12424
31304
9621
11872
19146
12507
-33146
27848
-18238
51433
-28256
-23755
-10522
1148
3838
-5061
7191
-54361
-643
-54114
-4487
-17891
64334
-8147
11480
-26500
7324
32559
4905
-13795
12139
-5895
28389
18910
-55483
14398
10766
16478
7898
-44733
-22090
34020
1357
-37135
20705
12158
-37136
6041
33849
-1132
24399
26703
-42760
-5168
154
22445
28438
-18182
13549
9241
-633
-20211
40216
19037
6285
-14069
17595
18749
59924
-20360
26606
-39140
-36613
26450
24486
-41974
-5963
-811
-18784
32451
12502
-2802
7750
53567
-33669
-9627
39623
14110
-9098
13677
4002
8088
40618
-15795
9401
8787
-25986
-26164
10717
-37223
-19776
-6752
-1595
-27663
-30544
-20001
3576
-28584
-9058
9380
22387
8171
-45820
-4520
-6290
9212
9707
-27161
2658
-368
25342
63724
-15735
20175
8584
-12691
-19490
24546
18994
-3385
-13380
12978
-5037
23802
49775
7217
-5335
-2401
-3387
-21239
-2371
-24652
12862
-10600
3616
-3909
-9741
17773
-20032
-3209
-4402
21955
19493
-5797
-52012
-27800
-8194
889
-47256
-28860
-55245
13602
-48508
-82913
-6693
-27505
-20531
-17283
23085
-20497
-72835
-16796
-45223
-32745
-31612
22016
-69515
-17197
-1491
8830
-9704
-42137
14298
-5811
5999
-31519
31212
9919
-39056
-37767
-16087
-21672
-38155
25529
-16086
-13317
-41621
913
-57882
-35529
25705
-37837
-19248
-58007
-1889
-64020
7979
-3301
-29616
-45708
-22120
-16986
-51075
-22374
-37063
-3281
-13492
-8571
39486
-12532
-31064
-27138
4200
-71933
-18563
-42649
-49472
-7180
-57709
-9546
6895
5039
38110
-34251
-86275
-30166
-32869
-22230
-53837
-15649
-17716
529
-21538
-3131
-13434
-17039
-57135
-27155
-23880
-33697
-1323
8740
-27893
37695
-14434
-13492
-18638
-17930
-18410
-47090
-8872
-29922
-40086
-52
32493
15407
7919
-23280
-52475
-22042
-25069
-16782
-49014
-10855
-38527
-28842
-74819
-8285
-3155
-7814
11781
-30579
-24840
-15295
-10347
-17784
-46362
-16151
-25513
-5517
-57789
-29517
23562
25503
-35254
-17775
13594
-19992
-16647
-50233
-21393
-26363
-53671
-7819
5551
-37020
4460
-39244
-49110
-65153
-47894
13314
18232
-27600
-31500
39210
-52634
-23478
22560
-827
-40018
-40478
-41167
-4844
-3586
11351
-2496
-6081
-20913
5547
-15212
-67920
-50716
-8334
-21022
-27165
-13422
-20862
-8088
19123
-55382
-37299
-37488
-1797
1340
-11959
9891
-15750
10296
8462
-35137
-41851
-9116
-11593
23733
-39675
3813
2157
-24410
8498
6257
-21647
-36126
-58863
-73391
-42993
-21259
-25130
-23192
-55457
-10644
19199
-23573
-18741
-40595
-18706
42791
20660
-758
9865
61888
19247
10077
5211
29837
-7959
18278
-10055
15538
-29458
49882
1254
-41701
-48656
-34308
-33804
-22291
-67755
-30564
-24439
-10457
-95624
-53478
-37956
-67431
-36626
-57751
-9633
21067
-22974
-36371
-12533
-9952
-11279
-11667
-31760
9938
-2591
-22071
-1610
-45853
-3076
-42134
-18827
35925
-14716
-23067
-31109
-45430
-9367
-39219
22241
-39508
-11656
-94565
-13959
-46128
-54175
-18180
-3790
8183
-69088
-8298
-2532
-45734
-9984
-8752
-30465
-49417
32458
-40452
26461
-29146
22521
-30901
-14546
48709
-15539
-9204
-24924
2693
-32231
13229
-38371
-29617
28555
4140
-6053
-30972
22262
-74579
-16433
-9526
-49268
13025
-33682
-15099
-32342
55021
-51289
-28487
-29448
-4833
-6302
-44193
-20823
16847
-22286
35728
-11149
-9079
-22205
-22951
-64765
-12799
8789
-17802
-45510
-53089
-21272
-32317
22735
6155
-15032
-10048
-71381
-56343
-727
-63185
-4872
-67352
-9718
-18433
6326
-3166
-8197
2880
-7524
-49752
-38160
12318
-12068
-28591
-6731
-27098
2036
4054
15079
-3373
-27169
1338
-15098
-12604
-27679
-7482
-22973
41203
-21087
-17214
-18686
-30454
-30073
-34061
-17534
-22276
-11605
-43164
-35853
-36351
5037
-8094
-22316
5451
-51218
11761
974
-11749
5167
-21096
-41498
-29509
-9129
3912
12397
-4752
-22843
-62451
-22777
53223
-47838
-64559
-17411
-27670
-44000
10173
-3936
-8301
5398
14139
-95406
-31736
-16258
-17820
-17371
-1021
-23401
-6079
6921
-21594
-8058
-4527
-49637
-33164
-4492
15210
11535
-44718
-2684
-47612
-28542
2319
-18602
-68609
-42669
-4349
-40398
-11661
-21410
-7067
21354
12316
-37196
-29801
-12760
-28115
-13841
20299
-11237
-9398
24136
-21632
-36597
-26289
-39787
-42519
-729
37165
-19434
24960
-529
-68075
-36090
-7689
-10017
-69709
-7337
-25802
-33777
-44441
-29130
-20909
-25239
-22464
-2290
-33508
8616
-16937
-32030
14180
32398
41008
51223
56236
21055
15677
24502
76924
43868
23793
53475
23919
60751
30784
32024
20401
39902
35737
35545
86263
35528
15562
33985
69141
25761
33960
67597
63441
74295
21948
52662
42108
40169
40161
60863
34025
12384
35062
57060
40959
38754
41258
61983
27329
11553
14327
32014
31037
15828
10854
26247
-5188
20601
30020
75153
10555
43175
-8760
23438
12798
30827
28326
33152
34864
30463
25435
39077
37940
44471
51040
60930
-17660
41202
23588
48565
14626
45115
60414
35711
11141
-1467
44654
29705
71232
29817
63659
32487
24870
64497
59944
68603
29226
29745
14527
28666
37429
23665
39812
77390
88223
27835
34837
31046
95685
61809
50659
28613
-12606
22569
30814
49786
44502
47006
38133
54888
31097
-6108
29638
279
7293
2044
6179
20657
19793
54264
60343
61656
29279
26870
14665
31933
10388
42901
25761
57351
13464
1951
23590
42685
60849
72571
59339
7460
23879
10139
28411
45058
-5204
36335
30024
34465
48903
58459
35649
56631
43926
37742
17543
30075
40662
20960
2861
45864
65123
32441
45999
59704
9858
24473
50808
41827
51611
65906
24097
33590
26088
26193
28106
29327
21109
17638
62668
44364
18519
32441
73666
43069
40870
52493
22953
21711
37097
34039
29088
59515
57155
59198
55284
22550
-766
16962
8228
11785
16458
51747
48772
14362
4456
40688
19204
56719
37882
45360
30119
-1757
3434
26057
16857
-21514
4950
50705
-3756
36838
23332
51208
24779
49273
49143
51644
66324
45164
36372
26208
32547
57998
21762
69423
25728
23241
15784
13475
-17696
4577
-9439
-16343
-12335
-7052
6168
6314
-861
-5958
-14872
7007
-5405
-11617
4875
35640
50785
60736
30601
46666
29603
60881
27446
20167
59145
45310
39055
36280
64431
6196
-9802
66774
80324
47144
53155
50031
35125
58745
87429
31932
73427
95074
95796
70069
70846
58395
-3811
52194
72424
67425
99652
77110
79746
25261
113336
43165
103069
57165
94412
72136
83405
48309
-6970
81333
36731
38856
77061
81953
56283
41085
142296
44560
93276
56020
100612
57650
64227
49578
-7940
63052
24974
106658
53473
89329
49274
59759
67345
74496
87981
46186
92530
28603
80924
37547
8071
98181
40783
49311
33038
69278
27029
100121
48442
63710
75612
48079
106806
37052
80778
47731
-17933
42742
67785
99227
64497
73279
75853
97408
62136
60351
68671
35110
62413
37910
70271
52645
-1431
74805
76082
78003
107475
42110
85730
59516
68517
63959
93475
68081
67070
39889
41841
48218
-2319
85045
65403
38565
113353
56905
80197
39807
69926
39043
101323
37962
66293
81757
75756
59650
-6374
72566
88523
67704
52956
63143
77938
22813
73619
57140
60536
87992
69613
44398
62488
28061
-10115
64217
30252
70461
87691
49730
69324
60819
83288
75573
25943
46322
82859
101983
95847
47001
4876
52639
78850
55993
68638
62909
57783
34760
77574
67062
32829
55428
81381
44334
49736
18420
-4222
45185
60306
71325
91277
78072
77599
72147
52577
59367
14563
76984
82929
71270
96750
40827
31247
66325
103071
65211
46989
41209
51043
70122
56491
50675
20603
47146
93765
30924
86499
31064
-12708
53442
103549
76613
83652
111537
80107
76393
44041
70824
45407
60795
49437
48714
41841
62079
13823
31266
52605
30792
23810
41412
43606
42617
11610
26554
10489
36704
33391
39649
32768
18617
-22837
-58338
-79981
-57473
-25582
-37411
-72639
-57461
-24414
-4164
-19798
-56330
2036
-16583
-25716
-14761
-43643
-95658
-138968
-70035
-36428
-69701
-110933
-61588
-54026
-64970
-75008
-108202
-41805
-82766
-45658
-56269
-30908
-76031
-88992
-66146
-86451
-93637
-90755
-67909
-65441
-56989
-52399
-78376
-72058
-101359
-78553
-77692
-8961
-51049
-48108
-99356
-129638
-118150
-85302
-88616
-90111
-97002
-104346
-126675
-126803
-119469
-114280
-52567
-2297
-34510
-53978
-132805
-142141
-107376
-80946
-124103
-121214
-131699
-125778
-103983
-116029
-72645
-79389
-51946
-14597
-36914
-79301
-67804
-77746
-57138
-64008
-118890
-115497
-115670
-90867
-87941
-95326
-83055
-105702
-83910
-23042
-64012
-52405
-41657
-43236
-40527
-92927
-82000
-64610
-51004
-66411
-81137
-96518
-122885
-134184
-52535
2736
-43848
-47452
-42134
-58955
-69152
-106151
-66703
-73239
-76907
-105093
-113133
-110673
-82538
-65444
-32835
1526
-64581
-77645
-86860
-97358
-108808
-103869
-81467
-112309
-97402
-121035
-90319
-65557
-38237
-83328
-83667
-38667
-64239
-68624
-109307
-88839
-78682
-94818
-56761
-83671
-121961
-110093
-91005
-71115
-60303
-83389
-44036
-8942
-48639
-77315
-70460
-99465
-82843
-69828
-72849
-110784
-111194
-100463
-89085
-87795
-94972
-76210
-43988
-4791
-51121
-70768
-75021
-103456
-51665
-50938
-84351
-107969
-58345
-33935
-27743
-56588
-56777
-47898
-47219
13598
-31272
-79787
-120632
-106032
-52686
-67158
-85913
-56931
-23096
-3138
-56943
-81881
-45830
-68693
-41104
-13932
-89840
-67629
-93590
-55219
-25294
-58485
-101345
-69028
-37173
-24709
-64540
-57465
-71086
-62354
-41979
-25024
-92351
-97611
-105744
-63917
-73362
-80933
-94682
-68427
-86539
-50877
-72465
-48582
-64814
-46690
-39630
-11883
-88750
-57511
-46135
-34271
-59209
-64088
-77215
-72636
-75033
-31374
-59487
-13023
-32956
-47095
-54251
-48760
-79142
-96533
-91337
-84095
-76119
-57649
-74042
-92027
-78849
-91677
-84882
-77648
-100316
-48434
-67612
-57609
-67367
-57756
-99080
-91029
-44818
-7403
-129566
-55821
-63571
-50713
-88782
-109502
-56228
-80989
-50293
-36144
-55382
-77707
-113564
-72638
-44103
-70783
-127410
-68238
-50283
-115060
-136628
-92195
-84367
-77108
-49338
-37862
-44866
-85298
-80419
-64427
-40135
-116129
-113848
-113392
-71315
-82731
-74204
-70584
-54078
-34542
-78125
-32777
-11616
-66689
-39721
-84009
-78011
-131257
-61280
-94032
-72109
-80538
-60997
-47853
-62224
-111075
-51441
-42837
-80108
-39247
-60085
-69925
-96881
-80425
-20239
-63597
-97937
-99122
-98066
-68899
-95346
-75767
-36852
-32338
-43115
-38321
-107881
-57723
-99042
-46406
-81272
-62841
-110616
-83562
-55715
-79353
-53886
-39051
-89133
-44858
-87337
-111578
-138381
-63964
-68942
-69822
-84872
-97548
-47183
-67911
-8195
-50741
-43313
-110023
-78781
-78474
-36380
-82398
-89961
-59528
-26171
-85936
-78458
-38066
-57730
-48979
-75068
-63616
-146710
-79387
-36197
-20431
-57291
-89300
-38692
-63481
-78869
-57500
-84346
-75435
-65511
-112961
-117005
-112640
-95269
-23718
-43402
-46049
-35459
-56662
-64032
-66974
-50841
-93887
-76441
-73178
-57592
-97236
-59876
-106960
-62704
-64318
-61659
-27933
-50200
-57029
-113932
-57788
-79331
-103703
-54637
-30463
-63757
-39199
-89879
-79725
-88414
-42795
-32633
-22360
-63010
-50090
-78084
-93784
-87149
-91645
-29091
-40533
-81663
-48699
-27497
-44913
-86109
-41829
-40714
-66412
-54835
-99685
-96199
-73509
-107810
-63075
-11176
-47807
-77492
-23450
-12717
-106433
-65528
-48483
-40926
-46299
-80144
-64675
-86163
-61543
-93796
-56534
-58496
-95188
-78691
-47023
-74344
-41439
-62448
-37123
-62565
-64198
-25671
-65588
-75273
-69902
-43227
-45492
-42681
-61409
-48832
-50511
-37205
-65436
-25096
-23521
490
4
-28
207
136
33
53
135
482
-69
-157
92
370
43
76
210
488
-818
-447
91
-60
-43
-550
-400
-174
-130
198
-369
165
119
0
-141
-130
-628
-252
208
-129
-233
430
499
-114
170
213
177
-194
-120
-13
-89
540
-414
3
-234
-362
-188
300
-423
-430
565
262
-458
-6
401
-164
-195
400
-872
483
-272
238
243
-43
-4
-148
-619
80
869
441
115
59
68
-116
-479
-253
-10
190
-350
-565
-221
602
186
136
-127
-266
200
105
129
611
-473
-280
-139
173
-138
-536
-457
619
238
-121
-386
-119
-120
-284
112
298
-229
168
-314
47
21
-14
454
-127
-421
-226
464
343
537
246
-210
417
-542
-128
-17
-592
196
61
-4
-88
318
116
291
-67
-360
-62
-270
474
-925
-332
-51
524
-21
-179
584
37
649
12
-354
-8
344
-333
-211
413
-252
-220
-359
56
318
203
148
-410
180
-34
-271
-549
-185
-11
699
-75
-852
491
249
189
254
179
-248
-514
-260
164
183
465
-46
222
-978
87
-164
-488
-465
-239
583
-180
-424
-26
367
-540
-130
-67
408
-289
322
17
-809
-66
424
108
144
-294
-441
288
301
127
-126
51
-22
-98
-239
523
-867
-604
-636
-424
-217
-4
387
-35
-505
-401
-22
-113
-109
-66
-425
-59
-673
47
-112
-378
-368
-90
-526
-545
-158
106
-472
-527
-768
-583
-278
-110
25
-12
-590
-408
-318
-118
-436
-222
-390
-385
-230
-439
77
-49
-353
-47
-372
-595
-1170
-540
-516
-1123
-863
-835
-429
-805
-1046
-735
-701
-1218
-1292
-133
-429
-563
-963
-1110
-1087
-919
-706
-649
-945
-619
-811
-937
-1257
-1222
-709
-676
-130
-556
-866
-450
-969
-1140
-1006
-631
-1125
-857
-906
-397
-354
-829
-650
-333
47
-789
-192
-605
-918
-393
-270
-619
-1128
-393
-826
-497
-487
-625
-1155
-235
-270
-438
-586
-912
-745
-541
-625
-435
-555
-715
-732
-891
-952
-366
-741
-542
-514
-1200
-596
-656
-1213
-1395
-746
-1418
-567
-751
-804
-961
-392
-670
-1030
-156
228
-623
-1142
-1290
-575
-604
-849
-663
-1277
-728
-576
-297
-828
-581
-884
-383
-91
-699
-832
-710
-1143
-837
-181
-328
8
-688
-1114
-1095
-1035
-967
-760
-642
-310
-590
-101
-267
-828
-376
-562
-342
-718
-887
-656
-374
-583
-653
-363
-427
-222
-636
-982
-1110
-1143
-718
-789
-848
-1260
-586
-498
-573
-968
-512
-1067
-194
-327
-887
-352
-850
-610
-678
-929
-633
-528
-877
-176
-571
-639
-1332
-427
-438
-266
-645
-1080
-631
-866
-1275
-737
-836
-1085
-486
-649
-971
-1285
-496
-1283
-194
-228
-703
-378
-693
-672
-478
-90
-956
-313
-538
-709
-807
-337
-683
-796
-406
-895
-1213
-954
-1149
-854
-615
-1163
-1330
-635
-961
-652
-899
-259
-518
-1192
-341
30
-499
-789
41
-288
-585
-960
-557
-177
-570
-845
-577
-668
-186
-141
-336
195
39
-175
-254
56
-163
53
-328
-107
-309
-104
-343
-80
25
-263
-24
-660
-333
-399
-336
-350
-673
-1018
-495
-686
-277
-993
-231
-569
-541
-500
-778
-837
-713
-436
-607
-616
-1170
-835
-626
-788
-860
-532
-656
-677
-168
-853
-290
-480
-460
-1028
-430
-280
-1159
-655
-196
-727
-545
-769
-763
-429
-902
-140
-30
-567
-756
-1151
-825
-586
-802
-462
-389
-267
-852
-563
-502
-859
-519
-461
-351
-214
-741
-854
-356
-641
-793
-1139
-749
-692
-442
-372
-297
-533
-601
-488
-319
-614
-212
-308
-785
-381
-942
-904
-753
-912
-342
-727
-791
-636
-976
-419
-368
-377
-214
-549
-435
-701
-708
-571
-792
-426
-798
-653
-1006
-1021
-668
-146
-454
-552
-17
-533
-756
-830
-1298
-594
-526
-158
-310
-1035
-599
-949
-522
-313
-236
-766
-284
-736
-378
-605
-995
-336
-651
-736
-836
-159
-413
-562
-894
-133
-226
-36
-585
-957
-838
-617
-1064
-390
-812
-199
-940
-839
-578
-584
-898
-502
-692
-837
-141
-962
-728
-531
-560
-1048
-548
-560
-983
-919
-587
-884
-574
-393
-64
-225
-843
-701
-812
-306
-281
-359
-603
-501
-1242
-799
-705
-534
-766
-586
-898
-640
-188
-818
-670
-853
-243
-471
-613
-814
-776
-741
-749
-771
25
-280
-230
-492
-142
-676
-594
-486
-1126
-868
-1164
-673
-349
-822
-320
-667
-41
-646
-727
-367
-496
-795
-889
-762
-271
-716
-608
-692
-405
-542
-567
-653
-676
-673
-133
23
50
38
-168
-311
-238
-215
45
-35
-454
-110
-200
-96
-310
-194
-112
687
713
553
410
369
467
627
368
486
664
452
430
518
503
386
-62
882
1142
501
378
225
328
592
670
607
736
437
240
315
9
-152
-260
807
957
306
317
481
607
434
410
278
285
373
184
364
149
573
197
723
962
653
-174
760
788
194
606
397
-120
625
698
422
780
639
-442
750
315
398
638
696
524
454
806
339
422
557
515
-137
429
-216
-183
593
756
776
586
940
519
371
572
769
483
17
332
185
48
540
156
1106
1181
521
382
229
96
146
182
386
547
521
323
683
739
647
-47
568
221
429
446
-398
255
759
531
633
527
957
835
613
272
217
-3
768
730
473
510
312
534
545
814
235
919
284
306
345
735
397
-225
795
747
250
413
355
712
494
319
382
456
385
693
725
232
249
45
625
808
567
846
804
589
461
619
445
307
740
948
425
512
307
-181
676
652
223
737
614
260
241
378
386
459
128
754
473
372
179
-27
403
510
548
639
564
403
295
311
438
481
655
456
242
425
-84
-102
686
900
8
390
312
174
148
210
310
93
-265
401
-138
525
-307
-194
482
656
751
565
427
465
710
760
603
692
629
821
527
502
272
-59
-45
131
206
-214
-262
-43
560
464
-386
141
460
287
-83
-17
171
-74
37
1163
300
90
13
637
312
136
693
533
701
-303
195
438
-125
68
206
448
-182
252
541
725
313
468
408
-76
585
599
633
156
436
626
-24
670
1018
499
577
507
67
5
742
802
688
541
232
954
90
-216
377
290
55
443
354
418
382
677
559
-90
484
233
401
341
-350
469
273
511
725
501
137
800
491
694
568
248
-286
253
411
672
1050
400
650
755
31
132
136
691
315
727
482
467
604
811
173
785
-160
-542
-133
39
657
401
764
409
1198
614
509
1097
591
612
774
440
-166
362
35
967
157
288
386
404
142
552
398
510
485
479
102
148
364
739
61
65
262
892
832
304
562
108
394
637
134
395
987
762
97
-30
-243
522
645
130
588
1007
-86
802
933
496
814
641
114
-93
272
559
224
110
706
1026
530
165
554
257
-27
716
20
336
1020
844
-253
452
143
69
475
-464
200
674
-45
168
1269
481
490
601
418
-219
41
232
74
843
495
1264
504
194
735
963
471
1103
463
319
15
726
309
363
-17
-213
-11
-195
-69
242
123
152
-18
302
181
183
883
-293
359
-711
-168
463
826
636
754
290
621
573
622
806
379
300
8
626
560
784
-636
-543
-43
-524
-390
-355
-669
-156
-621
-394
-478
-488
-679
-280
-498
-130
-666
-14
80
189
-149
75
144
210
235
361
49
436
75
-75
-152
693
-534
112
43
544
307
565
194
463
174
692
349
172
243
75
-22
573
-544
163
185
359
509
-8
-167
786
-73
285
400
292
514
330
476
155
-185
-36
507
199
538
-179
328
421
-46
241
480
300
330
606
141
223
389
-49
499
-150
177
-105
608
648
-298
-309
167
368
-27
456
274
642
-521
-261
399
608
301
39
358
686
292
156
-74
183
434
265
669
332
-605
-27
211
128
108
619
390
524
374
989
564
596
547
147
354
593
-634
-153
-52
923
-32
37
226
509
-16
806
717
-48
277
422
107
620
-697
-179
333
89
78
119
392
765
352
15
321
-1
65
236
260
667
-506
60
272
619
25
241
391
74
389
129
493
271
90
822
289
381
-520
3
-174
756
354
482
473
460
610
159
746
739
73
279
73
575
-887
293
-440
391
209
-43
461
627
674
174
620
566
-6
863
23
309
-411
173
-92
722
-360
133
496
241
208
289
442
523
-129
704
-130
639
-824
108
87
33
597
742
111
-764
-562
110
350
158
-215
432
33
9
-124
516
343
585
568
578
441
382
404
227
620
586
972
555
600
580
216
310
302
7
35
252
557
92
18
-70
220
87
-250
337
85
-343
-57
-106
-347
-197
-315
-149
-744
-239
-94
74
-586
-364
540
-464
-402
-389
-165
170
-43
358
-106
-93
60
-53
-91
-21
452
-100
-332
-375
-55
-646
100
259
-413
-591
-102
9
-397
132
68
-424
-500
-432
-300
-493
-662
-239
69
-361
-142
-60
-23
-373
-392
-272
-342
-365
514
-132
10
-319
-126
-480
29
608
12
-362
-128
50
-317
-131
11
-442
-25
415
-264
-317
-423
-681
62
-10
116
310
154
-253
-257
204
-100
-1
-606
-471
-639
105
-195
-591
115
605
-253
-99
-180
-83
-240
-130
305
-486
119
200
71
-339
-461
-378
326
-55
-42
-20
-129
-244
-380
-345
-163
159
-138
-233
-15
79
10
-400
-251
236
-101
-144
-234
-165
146
268
169
-65
-139
-34
-20
-366
-690
-639
-89
152
-204
-63
110
-280
-364
102
-39
-385
-211
-379
-16
344
186
-655
-73
203
10
-320
10
147
-244
-468
-169
211
-444
208
-534
-469
-672
-528
-382
97
-473
-74
295
19
-70
300
-177
-360
-308
-206
-351
-261
7
-635
362
103
22
-223
-476
-253
-112
-477
85
-58
-238
-594
-504
-8
-805
54
-516
24
-212
-94
37
-412
-217
-157
-603
486
-527
506
-1204
-262
-437
-1040
-393
37
-482
-677
-689
-483
-322
-381
-394
-589
-269
-566
88
-923
-576
-827
64
22
265
12
-123
-168
403
139
-15
254
193
640
112
-128
157
393
473
291
765
500
184
211
6
602
732
234
461
-113
408
223
-13
416
514
-87
-124
229
181
131
300
228
-212
-79
97
43
327
-240
341
300
234
391
498
74
-8
-135
47
-50
-6
398
602
-213
310
269
491
406
687
43
204
423
-229
496
669
830
129
113
-79
-131
318
-93
75
420
287
-169
115
542
213
202
421
106
102
253
114
-236
159
405
196
153
121
-178
244
254
295
295
178
-76
-239
147
764
255
383
308
142
132
111
172
360
332
-112
-299
162
393
569
440
265
233
156
69
266
425
450
85
302
-94
-154
299
532
377
-79
33
-162
-162
-100
262
707
764
347
463
191
695
-46
270
533
-221
-3
240
355
403
1123
405
248
99
346
651
-245
70
316
202
272
354
204
608
1060
522
-67
-466
-36
318
335
-253
188
675
-15
137
399
101
561
177
409
249
386
132
348
50
161
-56
111
388
-459
289
284
418
-79
378
997
579
-26
22
183
88
482
194
33
572
503
521
268
-445
-61
131
263
-164
-17
367
-285
-46
135
220
384
-110
442
371
27
-61
-24
45
-245
742
633
821
101
694
458
545
580
558
708
394
263
209
364
591
538
306
534
526
427
590
-728
-656
-709
-710
-359
-954
-1044
-663
-145
-890
-466
-901
-287
-830
-309
-374
-1147
-548
-1044
-678
-1161
-681
-922
-1545
-1181
-553
-658
-882
-1327
-298
-522
-177
-1170
-1195
-672
-683
-268
-902
-743
-1256
-291
-973
-1427
-782
-236
-1076
-255
189
-1116
-959
-597
-543
-1048
-508
-1272
-1359
-990
-1007
-1069
-978
-941
-988
10
-410
-1213
-300
-1183
-923
-1410
-1153
-1019
-567
-717
-1461
-1412
-545
-829
-777
-299
-230
-1195
-1044
-1381
-636
-1056
-1319
-1053
-930
-1057
-809
-837
-1238
-1015
-958
-1214
-347
-1047
-578
-1030
-1429
-383
-670
-976
-1468
-859
-1158
-768
-713
-1190
-944
-1052
-587
-833
-1358
-1029
-266
-451
-149
-820
-1226
-1383
-1415
-734
-1003
-1241
-806
-473
-283
-1034
-493
-927
-970
-932
-987
-1109
-1149
-1506
-1567
-1370
-849
-903
-1235
-978
2
-1035
-668
-836
-854
-716
-908
-942
-1112
-1432
-948
-1766
-1613
-778
-963
-194
-180
-800
-700
-278
-1016
-993
-595
-616
-1206
-976
-1374
-1150
-608
-1013
-1353
-1094
-82
-936
-483
-1059
-1298
-794
-1250
-1500
-908
-1046
-1049
-915
-1399
-544
-317
-541
-267
-1119
-792
-758
-1113
-1096
-843
-884
-1362
-432
-696
-990
-726
-309
-782
-892
42
-1101
-929
-586
-839
-186
-1092
-628
-837
-908
-1106
-461
-580
-1021
-345
-808
373
-577
-769
-673
-1247
-904
-777
-1298
-1562
-1034
-1188
-1284
-1035
-497
-931
-687
-205
-296
-8
-366
-24
275
-364
-349
-239
-258
-461
118
-146
-821
-259
-236
446
-760
-877
-582
-199
-402
-659
-702
-65
-134
-667
-569
81
-341
-462
-145
286
-734
-205
-384
-253
-818
-1161
-646
-421
-1028
-586
-721
-606
-484
-507
87
-367
-488
-727
-557
-905
-1111
-560
97
-278
-468
-764
-1133
-628
-835
2
-481
-39
-505
-616
-404
-599
-850
-491
-319
-1317
-767
-738
-1012
-859
-601
-306
-94
-123
-688
-102
-588
-440
-312
-742
-461
-758
-843
-379
-666
-268
-929
-881
178
-255
-1075
-698
-811
-78
206
-877
-558
-243
-929
-204
-767
-1048
-1033
-479
-501
-437
-826
-532
-199
-468
-469
-566
-699
-1028
-944
-913
-493
-756
-558
-773
-348
-588
-288
-549
-793
-91
-454
-629
-250
-379
-1080
-1390
-665
-204
-229
32
11
-68
12
-489
-339
-991
-876
-101
-177
-739
-911
-1256
-505
-419
-783
-481
-501
-224
-397
-304
-636
-435
-585
-737
-607
-638
-1516
-597
-260
-870
-449
-519
-131
-371
-154
-548
-460
-545
-774
-811
-53
-675
-705
-261
-120
-419
-422
-710
-201
-148
-245
-369
164
-321
-479
-399
-324
-633
-598
-674
-36
-380
-141
-215
241
-563
-492
-497
-1382
-622
-806
-801
-480
-749
-1190
-303
-251
-859
-733
-130
70
-94
-434
-155
-327
-229
331
-87
-453
-801
-124
-127
-291
-278
-1069
-507
-730
-40
-674
-98
-652
-507
-760
-698
-841
-611
-918
-893
-556
-868
-522
-788
-324
-132
-387
-3
-59
477
319
86
-426
-75
79
-83
619
28
228
-113
288
273
212
544
51
-220
-15
113
94
-178
-47
136
387
-81
-277
75
4
-301
473
699
1026
793
429
603
1117
289
-14
871
328
1054
215
347
588
254
640
518
714
76
625
785
485
422
960
795
596
203
480
595
697
755
677
912
896
567
799
689
91
449
784
271
873
1115
763
301
238
385
555
1247
808
928
889
43
290
480
1011
1224
734
478
1032
944
543
229
263
382
1246
824
903
488
628
830
587
459
421
923
1172
228
81
554
982
1145
975
-92
625
377
701
1014
598
499
394
924
700
462
1178
38
899
576
898
759
677
812
714
576
845
1032
1051
1065
966
496
456
98
253
872
469
300
982
1008
749
1066
1019
1156
258
906
860
661
607
464
625
284
664
556
623
953
356
739
802
1284
897
677
1092
593
285
518
509
13
877
800
714
482
732
789
1402
343
969
303
841
829
805
28
376
1127
975
433
875
885
270
814
861
679
980
789
174
603
792
733
279
-53
757
738
356
696
1014
553
758
396
537
243
795
927
684
126
452
966
829
905
658
941
630
1182
796
616
959
1200
491
720
447
807
413
1114
408
565
205
349
498
392
1016
813
563
407
184
812
316
-110
181
758
716
500
1015
596
446
629
817
634
790
878
795
439
388
558
21
-242
102
-8
-42
-200
80
-536
-589
-62
-150
152
-188
101
-82
-111
263
-303
215
319
119
-160
141
42
294
134
13
399
137
-275
-354
-94
116
68
-557
-145
350
592
320
-124
126
208
89
-101
-95
173
-285
-185
-108
-206
275
-81
205
-262
-597
-401
-380
-349
-266
320
289
-21
30
240
87
-203
359
94
831
-654
-501
-62
-417
-120
817
-149
-304
239
-158
-39
241
49
214
-449
155
-120
5
60
-59
-592
-659
169
-360
-192
-246
-149
260
-558
212
143
419
-228
53
91
-486
-574
-224
-176
10
159
11
110
372
-217
-73
-409
195
-46
-149
-345
-166
185
249
618
168
102
-774
343
308
-576
-223
192
42
17
-288
513
-52
59
-336
-398
13
444
-375
-94
354
213
165
155
-260
-143
620
83
76
-160
-336
-239
-194
29
-4
451
230
-243
438
-275
269
-105
-154
162
292
-321
206
3
219
567
-224
-150
14
77
-108
23
-152
272
213
111
489
479
128
182
9
74
-497
142
-57
-85
-529
-161
143
-270
-358
85
-25
-585
27
295
-152
366
-413
228
-77
305
-125
-365
116
-316
739
454
135
-317
311
190
-245
-120
-572
373
-521
240
155
162
348
616
262
77
-314
-273
217
454
-37
80
-771
-224
112
192
310
283
299
440
467
232
212
-18
241
695
400
816
-36
30
539
494
659
700
223
68
797
624
396
-264
814
349
458
230
264
270
361
457
436
190
632
1168
382
99
842
945
211
476
101
962
-171
58
-103
-182
-274
-616
740
-77
171
-183
-200
-254
1
312
207
-133
-288
-229
-174
105
327
528
263
-24
-949
-395
-292
-265
-72
-145
-355
433
-354
236
-256
-454
-108
45
421
-203
-250
675
761
-713
-380
-227
75
-485
-39
-132
-598
83
-508
-545
216
-295
-224
281
87
-436
-251
183
-425
-507
-550
-343
604
-153
-615
-649
180
241
-373
-172
-232
109
30
133
-56
-217
-437
477
244
155
66
63
327
-296
-367
-47
131
-159
-239
-3
201
-243
-607
-340
146
-426
-302
38
209
-317
-1075
325
-11
37
-124
-418
-682
190
-149
105
-214
-296
196
695
116
-535
124
-5
115
162
-86
366
162
-442
-324
111
24
213
150
-362
-121
-430
-333
220
73
-197
107
14
120
-285
-143
-166
-136
431
-364
-460
-406
-485
81
111
-565
-180
-674
42
-48
49
-426
59
-451
233
187
-683
19
119
-396
298
629
-482
-140
349
249
-601
-244
-151
-226
-267
77
-511
187
-515
184
92
-521
-463
-186
-126
144
247
-689
-264
-46
-731
-221
-755
-793
-72
-279
-276
-39
-593
-455
377
37
-366
-212
-431
-473
-491
-337
-344
-556
-499
-241
-480
-687
-602
-607
-337
-536
-207
-552
41
-193
-452
-629
-188
-148
-432
-652
-128
-64
-175
18
-438
-117
-468
-602
-38
538
796
-157
159
648
-126
67
442
598
451
255
-300
190
181
-39
-34
972
771
1002
939
1223
567
904
957
885
598
792
1038
947
1002
732
979
930
649
1210
870
699
744
537
915
1204
325
1453
1019
1105
737
436
137
532
943
853
641
708
1150
780
759
657
278
712
1072
209
290
280
309
736
1081
332
715
990
1391
989
1316
599
186
102
730
395
1009
852
700
522
897
910
902
838
804
778
509
1268
667
1218
965
1075
-336
125
182
626
409
274
1133
1326
637
769
1584
1285
969
1435
776
608
744
337
394
927
741
1320
905
776
315
554
1188
1269
993
985
867
362
527
862
602
604
1167
608
1468
591
655
566
1060
81
728
751
1317
1317
1562
758
169
980
663
497
771
1265
775
733
1039
1028
1668
1076
1404
748
609
483
380
547
382
709
812
763
553
948
996
547
613
814
829
921
560
857
317
579
1297
305
163
449
741
1308
862
549
609
1344
1024
780
387
617
179
729
892
1443
332
1138
1335
993
800
1498
931
822
1062
796
1363
468
416
251
563
1246
328
709
420
1065
309
214
206
458
672
1102
395
769
708
708
897
1277
912
1000
942
967
1082
1298
812
1012
759
1106
1129
954
494
-110
130
-66
292
151
191
268
232
325
240
279
160
185
47
-198
444
-164
562
402
379
544
1214
738
836
1253
725
864
673
514
418
15
977
83
693
500
209
961
422
991
809
364
456
878
361
448
717
476
571
225
324
-77
834
802
575
563
547
509
810
818
386
656
499
-37
469
89
441
354
1184
866
782
624
765
767
534
429
392
654
141
201
941
-62
1192
-25
978
1015
795
654
1018
504
558
438
692
876
963
1126
837
227
-29
104
838
518
295
983
1021
1292
998
868
543
951
1158
454
719
-21
425
82
389
659
601
652
1356
1429
812
1138
882
639
439
-39
765
-9
4
273
255
901
162
802
1161
994
722
790
845
529
628
1103
863
-545
224
801
885
326
748
1080
668
618
811
948
1428
794
131
650
561
-367
233
242
760
1439
414
392
842
903
1191
968
476
397
441
338
656
-191
199
37
820
1171
405
874
848
813
942
585
348
807
-82
542
648
-331
1089
464
747
646
858
784
1023
436
523
1003
1387
496
21
401
545
-4
442
808
-36
696
426
604
513
818
577
159
435
552
897
381
321
-665
270
1157
542
671
902
103
900
1003
517
613
572
952
-232
521
470
-133
457
297
523
-14
202
775
881
536
184
117
117
596
603
236
413
-67
258
460
625
536
132
844
851
660
237
448
907
400
564
423
470
-92
792
794
788
472
1034
849
859
712
613
1392
475
49
693
548
747
-78
532
619
452
940
1128
1206
907
959
202
714
982
687
268
69
293
-128
555
968
473
1059
525
570
405
197
61
972
511
326
931
1089
670
575
683
630
226
248
697
825
987
661
489
373
648
703
619
-219
517
398
481
628
492
922
560
781
667
1151
937
408
-311
441
1173
928
502
88
343
741
512
789
1422
765
262
349
1068
1023
593
694
571
700
267
-398
374
790
317
125
423
935
785
646
591
385
571
918
724
601
482
-17
748
1300
226
57
548
725
723
587
564
352
258
571
487
135
646
-189
684
1200
616
673
929
524
928
482
896
30
-86
225
929
983
771
-502
583
616
128
501
907
524
261
826
756
732
934
992
334
291
677
328
576
720
650
622
916
811
861
1046
268
478
168
735
646
517
337
302
1263
745
994
-233
469
216
1013
714
742
440
890
963
659
291
661
99
545
354
833
323
390
645
856
515
514
768
-53
178
387
884
257
350
775
708
189
725
615
896
565
83
51
167
365
1225
760
989
526
58
538
919
626
593
605
773
761
1053
824
699
322
545
317
231
741
516
1385
976
847
890
992
495
355
557
670
1292
497
1077
1359
675
491
-75
844
520
375
499
231
184
390
1011
324
545
1172
793
216
673
323
29
586
823
307
808
1079
637
694
1313
246
1003
618
428
245
479
307
214
554
402
388
589
658
600
911
826
-86
233
588
762
624
514
614
-13
268
954
838
234
385
382
444
657
471
480
931
1196
106
723
6
-172
600
825
848
711
748
247
770
867
272
322
716
360
931
592
517
-143
535
721
1103
915
700
703
50
40
347
-56
253
298
634
1459
659
247
1407
812
551
681
354
174
-140
490
270
848
794
845
1165
747
241
530
776
539
819
1158
727
273
198
860
731
237
527
658
1142
957
231
441
717
647
316
84
665
886
1025
645
-503
98
857
288
146
847
353
840
700
582
416
360
130
379
387
280
275
779
505
686
987
1453
-6
529
1180
800
201
357
978
344
769
801
678
858
1134
813
364
905
294
-80
942
550
796
784
98
650
943
392
231
1030
668
722
459
992
-148
539
903
530
271
79
280
907
719
183
461
419
544
601
474
219
536
255
715
226
114
533
608
861
5
152
156
804
563
224
148
614
-215
77
148
381
21
237
379
109
-207
-29
274
212
58
566
554
223
302
133
287
250
335
256
212
470
325
150
301
291
391
530
166
282
378
523
465
1011
722
794
261
851
480
336
440
489
538
1141
1055
683
604
764
439
469
526
545
577
904
949
730
615
723
121
903
670
716
328
609
917
781
490
716
610
634
1151
899
464
1484
686
607
272
265
77
400
845
933
956
973
1111
157
196
1116
1135
982
644
646
984
353
576
770
436
603
221
1061
1527
804
459
775
509
1166
1044
1084
661
875
550
418
394
317
721
738
381
963
705
1131
748
677
311
779
535
126
697
229
620
916
876
1375
1087
973
1277
1234
904
883
794
1005
585
774
455
385
881
900
968
908
286
1088
729
1200
1213
665
1061
659
538
753
514
546
298
505
942
641
789
331
607
139
921
904
961
929
935
730
295
277
939
664
713
648
736
297
1234
1076
857
359
419
515
382
689
534
282
568
1055
1113
1081
982
886
415
689
591
820
428
752
495
1388
908
617
611
762
609
693
784
802
612
1197
556
552
753
1023
300
780
767
599
978
1196
983
921
1092
828
1591
1480
1149
628
1085
604
804
1223
744
205
230
814
291
486
28
385
296
421
1028
203
266
200
487
-46
369
194
419
538
483
397
567
642
727
599
706
199
537
708
380
409
353
-340
-104
284
642
274
342
250
678
732
233
540
687
483
335
314
729
358
411
1175
1055
942
970
1442
1178
1032
782
785
883
702
675
855
356
148
264
721
727
932
460
1276
935
168
751
236
657
786
886
413
395
540
209
1182
898
276
980
720
585
401
1095
1094
1114
1305
462
732
382
464
476
1266
370
655
1123
1212
662
1385
715
523
594
814
1292
1066
72
419
701
556
347
1019
895
1193
302
522
914
904
452
280
1374
1034
437
529
397
1143
586
206
397
844
430
993
977
847
856
1144
712
192
634
188
600
831
1068
987
660
340
960
1006
1204
977
645
631
425
593
480
364
-273
1113
639
65
847
1104
1104
367
649
761
318
223
896
622
235
304
599
1050
666
760
1398
822
731
99
1052
1210
945
860
877
236
296
604
437
967
972
984
1027
1010
360
1184
1586
1012
182
530
777
40
212
11
496
638
1232
481
735
614
405
665
1105
620
878
701
1024
598
430
122
781
489
1218
584
757
938
257
854
1109
690
601
459
1074
155
520
573
455
997
406
1424
1410
717
588
1136
816
521
43
573
612
159
222
206
404
928
780
845
941
405
679
1015
645
534
397
520
905
-123
752
507
530
739
744
445
186
748
1086
623
870
766
475
531
488
235
131
622
91
461
206
212
360
402
325
282
185
187
119
379
415
124
260
676
296
1183
450
452
781
497
230
206
89
843
345
206
532
588
156
666
592
265
-238
-281
-21
-360
-358
-20
-61
-397
-383
553
253
-300
162
168
-557
-254
622
22
382
-15
-467
-601
-401
-586
-160
-14
-419
97
72
485
-5
-386
-400
-310
-497
-417
-109
-44
-425
-212
-353
549
-379
-90
-208
287
114
219
192
-73
-74
-404
-11
351
-275
-12
-145
-362
-444
-240
-312
320
-498
-134
105
-351
-188
-412
-579
-385
31
-472
430
224
493
-352
227
634
197
-83
-242
-90
-28
-651
-818
-134
-203
-407
99
-380
93
-129
148
154
256
244
-223
-608
-99
-198
32
18
94
-301
-245
45
23
-222
-165
478
295
218
-298
149
64
351
-409
-149
-42
17
-451
-290
-181
395
324
415
603
584
-459
-502
-185
272
-595
239
112
-209
-52
465
140
-359
-330
367
-141
-570
-347
71
37
-247
238
133
120
-569
-388
-552
-101
-27
63
439
50
381
-628
-143
367
-247
-218
-154
-147
-332
171
-181
-9
-604
-183
540
-644
-33
-326
-2
-125
75
-461
-465
-444
-307
-175
86
-326
-306
-335
612
-67
-87
211
63
291
184
236
316
198
-237
-126
101
487
-475
164
394
-171
-475
-306
-105
-387
-466
-193
-717
-358
-145
429
-155
-108
-553
-343
-388
-421
212
-380
0
-277
-112
-120
-755
61
-57
101
-113
33
146
-17
-780
-587
-979
-1165
-1328
-1055
-604
-1543
-1020
-1225
-594
-845
-980
127
-879
-378
-828
-659
-1693
-1232
-693
-139
-1394
-1223
-716
-880
-1088
-1690
-761
-749
-1140
-377
-1004
-1194
-1258
-1212
-788
-983
-1514
-1287
-568
-1652
-852
-1186
-1359
-1729
-884
-586
-792
-837
-1446
-691
-895
-1952
-1401
-604
-704
-791
-683
-1440
-1286
-270
-1479
-396
-65
-1045
-1565
-1279
-1162
-1027
-1142
-794
-1140
-1105
-846
-1268
-652
-849
-1373
-496
-874
-1116
-1420
-1110
-892
-964
-738
-1058
-1555
-1391
-1075
-957
-906
-1129
-949
-625
26
-1366
-946
-1237
-471
-1130
-1620
-588
-1298
-659
-646
-661
-1598
-1359
-1457
-282
-931
-1292
-712
-682
-898
-1099
-1216
-872
-951
-929
-1326
-903
-957
-1198
-1154
-513
-666
-857
-1096
-727
-464
-1078
-233
-1149
-1107
-349
-1374
-1055
-1383
-1579
-963
-340
-989
-876
-476
-1553
-1179
-1166
-1242
-1440
-1003
-1200
-1813
-743
-624
-612
-1536
-509
-813
-1009
-678
-1143
-958
-766
-1443
-1346
-818
-905
-1136
-1244
-1019
-1150
-972
-484
-898
-1451
-1182
-567
-990
-1138
-1141
-1018
-1185
-976
-1202
-828
-941
-819
-1161
-461
-1073
-968
-974
-1410
-1110
-1215
-1109
-885
-1229
-1354
-1257
-1252
-1434
-893
-899
-387
-1086
-996
-716
-1056
-1402
-1206
-1184
-714
-1180
-716
-1068
-1694
-1097
-852
-1302
-207
-459
-457
-966
-379
-887
-831
-630
-918
-1035
-810
-861
-208
-860
-868
-781
-514
286
205
994
498
341
475
1398
946
346
1030
885
740
500
272
815
493
647
461
218
54
629
846
491
530
308
899
21
-130
418
502
-122
-79
512
-70
618
737
1603
548
537
783
401
720
933
1161
978
399
734
613
698
493
1064
581
960
93
559
346
1181
1154
1296
928
899
1461
642
159
707
190
1314
666
750
804
870
538
928
448
200
614
895
258
981
312
0
394
870
142
814
819
656
834
649
676
104
821
1238
1082
1020
443
158
205
522
740
823
1724
541
589
1120
1271
1248
1051
1203
532
602
357
260
218
1279
60
516
1114
1050
418
1128
1173
1006
427
963
285
398
419
568
384
900
139
925
703
303
1028
632
771
558
240
754
840
784
504
11
182
1110
1202
847
653
569
144
682
1274
529
431
1061
967
778
218
345
531
346
218
793
1621
356
1379
921
969
394
654
-20
106
677
68
621
188
1093
552
548
584
718
608
408
744
725
864
1086
986
764
428
763
336
944
337
440
1528
492
1027
1735
949
1019
477
1120
119
756
143
642
221
528
884
258
964
553
561
679
829
460
412
678
680
42
-80
677
226
938
814
841
688
942
432
532
968
632
842
1534
383
913
661
352
551
393
132
579
476
260
473
561
432
652
318
760
-194
411
-429
-79
118
17
4
-34
-30
55
111
105
89
-347
273
124
-142
214
267
-2
251
736
701
366
910
689
430
923
937
1149
1043
1441
861
1027
450
-65
681
1194
688
891
1124
921
908
657
838
166
857
307
558
845
-161
333
553
622
702
1203
879
918
845
611
1256
925
648
688
569
994
461
287
566
832
941
716
779
293
1026
1364
845
64
1157
943
1152
713
435
73
969
741
671
334
261
589
546
929
1243
759
750
789
416
869
-7
408
692
317
693
717
808
1465
1015
539
372
976
584
551
1275
825
215
-28
794
533
989
1223
1072
853
788
822
1107
974
1008
1234
776
633
92
-12
5
171
347
794
619
444
-125
1113
584
1021
565
414
206
877
341
105
169
424
1116
597
510
494
866
935
546
631
840
932
362
914
401
-38
966
1022
1206
840
913
760
842
564
367
484
277
364
448
736
916
65
868
847
683
658
628
260
396
1348
927
768
561
1033
782
1033
26
45
598
911
1384
953
599
695
1182
1102
1049
257
1057
611
970
583
650
403
699
886
485
1190
125
604
875
1107
999
779
716
534
371
1045
391
-68
197
336
591
227
729
185
497
597
641
4
394
345
38
468
462
396
531
570
848
425
480
641
666
768
571
569
364
88
559
481
147
-147
-176
70
322
385
164
501
66
-240
-133
82
144
149
96
239
-255
580
-584
-396
-613
-409
-157
147
-209
-168
-20
-622
-1066
-376
-63
-676
-45
355
-598
37
-118
-372
-113
-364
-57
-188
-174
379
-203
112
-959
-389
-42
505
-383
-439
189
277
379
-128
112
504
151
38
-603
207
440
-8
-170
668
152
-414
279
145
255
-19
-218
-408
232
644
180
60
-504
-641
399
366
-601
177
493
-119
-184
387
318
248
41
-120
-61
986
75
438
24
638
139
-668
-62
224
-424
-68
213
24
-68
146
-337
-211
-31
33
-208
478
-385
-24
-340
-868
-82
312
440
-158
-478
-261
111
273
314
-179
-397
326
649
-153
450
-140
316
397
576
-54
463
278
71
-111
-117
-44
161
198
-693
141
-10
-97
-418
25
190
258
279
10
221
163
-106
-852
15
267
-967
-827
-15
-30
-96
-193
-62
399
151
248
-294
-164
-294
-169
137
436
-31
11
306
330
-128
727
-44
-81
-193
57
-50
80
-625
-298
-103
246
-586
262
-579
-22
43
-180
-496
88
-150
-202
-101
-403
-136
-305
-86
323
-15
164
517
-123
77
140
300
430
565
165
-52
143
233
-566
-269
419
-438
90
78
147
-101
462
192
-51
229
589
203
-33
256
-276
-199
184
-229
-353
-412
-72
-255
-145
-109
12
-61
-267
-149
-245
-369
-503
-503
34
393
-157
-189
-593
-192
-414
-95
-76
117
-151
-435
-226
-444
-9
-531
-523
-476
-101
151
447
262
-158
-125
-394
91
-299
-117
-255
247
-93
-302
-209
-33
-102
142
23
-34
146
65
-147
-33
104
116
349
222
-111
-459
-105
-175
-95
-60
-310
-595
340
-4
-421
-189
-268
-574
-357
-173
-231
-750
-674
-249
31
-215
-377
-432
-104
252
146
-198
-343
-533
-349
128
-95
-785
65
-38
-322
-133
-160
-294
-413
-944
-448
331
81
-32
-217
-127
21
-774
-412
-82
73
-265
-510
122
59
-551
-244
46
-154
505
236
113
-102
-543
303
186
-152
-332
28
-512
-194
-414
-224
-196
-288
-323
-625
-608
-83
-888
237
-347
9
-225
-170
-603
-129
-277
-42
-203
-319
-148
285
-6
-559
-412
-489
-370
-57
-62
659
98
-130
-196
106
95
-81
-429
-585
-227
6
-690
116
300
-48
-86
-190
-121
68
-147
-395
-605
214
90
153
204
-100
-494
-449
24
-274
-143
-112
43
-121
-257
244
-109
-338
42
-14
-110
385
-751
216
-97
201
106
190
-76
-218
-66
198
275
29
-269
-553
-267
-228
-574
-14
-598
-804
-599
-742
557
-676
-474
-591
-648
-316
-648
365
-1125
41
-604
-138
23
143
61
-392
89
-145
-259
-162
-72
-501
-97
-119
202
-259
-410
-240
-67
70
91
-55
-76
-360
-86
20
-214
226
-168
-152
-779
-524
-612
-20
229
506
518
589
422
444
350
311
536
353
746
150
394
367
316
10
-664
-292
-256
-313
-47
44
-386
-280
-288
-769
-117
-565
-492
-315
-56
-377
-392
119
34
-333
87
194
-45
-48
-323
-501
167
-124
0
-130
141
-878
-262
156
-181
-403
-378
85
-54
79
-111
-293
-345
-406
215
-203
-972
-319
276
-32
-321
146
-161
-713
-526
-97
222
239
308
-221
-210
-993
451
-296
274
-209
-276
-75
-416
-252
-99
-484
-126
-504
-439
58
307
274
221
-420
-579
-32
-181
-190
-175
11
-425
-489
-431
-379
-221
252
-462
-215
-301
-88
-513
-400
-309
-432
-481
-204
424
84
-314
-575
3
350
-14
132
-92
-203
69
-46
79
-65
415
629
-295
-203
189
111
-565
-714
-831
-50
-32
-754
-221
-532
-147
-51
-476
323
300
-46
-135
-213
-147
24
-145
-335
-90
-676
-667
-339
-211
-619
88
-251
-55
108
102
18
20
-31
-41
179
17
-341
-412
157
-112
-52
394
-71
246
-271
-19
-256
-660
-279
-163
-262
-37
-302
-427
-437
81
-592
-94
-435
-340
-440
-65
-276
-457
-523
-409
-707
-341
-319
-277
259
-221
55
217
-84
-62
273
221
67
224
-255
-76
-1008
-337
-929
128
-359
-316
421
-35
-385
6
-271
-472
-76
-304
126
-530
145
-250
-720
-383
-220
-39
-479
-616
-644
-537
-48
-178
-468
-644
-434
-574
-209
-314
179
-311
-18
-592
-183
-252
-612
-602
-359
-165
-126
202
-301
-210
241
-103
588
200
79
-84
208
224
437
-19
167
677
63
-323
523
491
204
-17
428
-840
351
213
-21
171
0
-103
28
-22
134
406
148
154
182
-257
310
528
684
-215
552
172
148
39
120
204
10
18
471
467
511
-86
481
22
229
279
334
486
404
465
488
491
-52
218
-186
39
-1
234
277
-50
215
395
482
312
140
346
235
116
448
469
102
-11
16
-82
938
225
622
435
138
-242
485
285
-292
250
134
409
1098
316
591
298
-34
146
977
132
451
788
-17
235
-167
-218
91
449
115
301
322
-166
614
400
442
338
196
415
-366
270
199
165
-34
0
140
550
531
-3
190
746
552
190
512
428
163
403
135
439
589
486
469
643
382
-16
529
321
34
-40
247
326
179
143
624
116
403
467
51
9
162
-85
888
187
441
276
-127
276
123
193
271
480
-111
37
557
665
288
-52
555
451
91
32
337
724
789
227
146
283
69
319
503
122
471
16
662
-221
498
64
101
264
267
166
472
328
-264
619
432
636
-718
-70
392
193
404
551
368
343
335
302
306
372
552
850
306
588
295
92
421
270
235
297
371
283
486
281
48
327
566
588
89
282
257
-368
-543
-139
151
334
-198
2
-195
-27
278
149
11
378
-300
55
274
66
46
176
148
-797
378
55
-245
-466
-248
-181
-338
-177
-308
292
-601
-721
-359
-540
-286
-384
95
-101
-471
-228
-230
-710
-684
-396
-124
-308
-771
-466
-207
-120
-731
-298
-203
-1254
-880
-375
-466
-348
132
-436
-92
-873
-139
-776
-42
-60
-588
-224
-696
-682
-349
-228
-489
-682
-650
-545
-429
-539
-621
-1146
-230
-548
-274
-214
-928
-488
-298
-393
-729
-416
-371
-1171
-94
-519
-314
-518
26
-367
-831
-352
-720
-195
-420
-617
-680
-194
20
-547
-360
-540
-369
-871
-727
-342
-565
-564
-864
194
-1
-313
-352
427
-349
-66
-647
-348
-596
-876
-92
-502
-910
-799
-556
-409
-116
-462
-154
-778
-714
-343
-997
-499
-567
-626
-364
-496
-480
-577
-166
-427
-435
-531
-147
-527
-714
-159
-514
-199
-520
-699
-210
-327
-981
-195
-465
-270
-528
-211
-155
-229
-106
-426
-681
-433
-745
-701
-518
-581
-611
-293
-469
-961
-423
-585
-42
-702
-423
-606
-308
-491
-551
-355
-907
-49
-531
-886
-434
-168
-581
-789
-148
-566
-717
-468
-239
-574
-624
-646
-307
34
-701
-88
-501
-512
-428
-255
-320
-203
-276
-573
-218
-570
-52
-1069
-464
-635
-407
-243
-468
-505
-647
-303
-587
-1019
-426
-658
72
-624
-633
-724
-90
-138
39
102
-198
-32
181
-329
141
285
344
-187
-322
224
-73
326
-509
95
5
131
57
-50
-361
212
-253
-329
256
251
85
-356
-120
400
-48
541
32
-421
-128
4
106
-290
-406
-303
-444
-31
-398
-17
159
-79
503
-202
-432
-119
26
188
311
-512
-522
-129
26
206
-339
-26
289
-16
53
-140
699
-383
-22
158
13
-288
-299
-64
43
-130
453
-244
321
-513
-23
419
-10
-147
450
600
-326
-322
307
347
143
-262
-247
-25
-722
303
170
247
-151
152
352
12
-144
-2
237
132
-403
239
-288
-340
-42
181
-88
-281
25
190
-58
-231
-159
215
605
-110
-212
-94
64
-233
-97
149
-308
-239
154
-345
-131
-248
167
368
505
-63
234
43
-135
-893
-325
65
-113
-48
180
-228
-198
153
306
306
413
-514
0
-228
-342
-124
510
68
-97
-91
196
-255
5
374
-170
-119
-370
152
127
380
-131
-7
488
-335
-161
277
-85
-520
-243
-193
-667
-345
347
426
380
469
-19
-452
2
72
243
124
-253
6
132
-308
-429
269
-183
15
-59
-349
-461
-228
166
-126
311
105
-65
-53
-363
-111
-63
46
-554
112
76
-514
-142
-285
121
358
129
-183
-138
-413
-204
293
-258
-256
303
-429
-631
-107
196
-46
615
-306
98
-201
469
84
527
156
-268
584
494
372
216
35
289
652
66
401
-11
-105
-176
-270
-276
-135
162
79
64
-192
414
86
212
-181
232
75
254
693
276
767
598
619
868
194
452
113
620
154
286
778
945
348
642
344
577
932
373
6
621
685
618
265
570
646
1101
412
344
75
221
804
709
910
724
370
943
606
501
127
733
478
171
566
961
-226
440
267
152
706
162
552
764
521
459
525
254
215
518
590
511
-106
76
367
488
215
382
787
637
558
79
295
808
337
465
572
565
-426
538
532
337
762
749
745
441
222
211
372
491
649
777
884
671
-345
462
494
665
638
658
288
-259
556
551
592
267
258
-14
532
346
-316
612
778
475
458
736
333
-5
441
464
228
97
724
474
951
393
-200
671
396
198
930
795
104
249
687
213
522
994
398
581
682
335
57
440
567
1176
485
494
186
493
330
550
219
342
630
602
706
237
-29
797
190
647
770
1031
378
763
368
748
380
748
109
811
877
138
-58
79
657
543
634
677
327
652
95
642
619
569
922
487
410
11
-260
256
526
349
342
564
106
362
451
553
307
407
442
386
677
745
-31
548
775
447
689
140
793
166
543
772
631
548
24
300
559
452
210
444
152
45
-20
604
552
-197
-129
-125
49
83
23
169
327
213
-118
1052
475
346
307
426
309
-62
461
363
237
254
625
520
364
279
-94
759
754
1169
894
830
592
858
890
692
737
1052
674
739
909
941
720
1483
834
644
337
955
998
850
722
389
665
557
555
1031
716
1280
-142
1273
762
563
991
1124
980
1508
999
864
914
738
872
826
1225
748
171
1250
758
861
909
823
981
455
761
906
1084
1392
1439
1064
1228
644
153
1192
702
1016
736
1251
646
1089
306
965
1184
1157
705
1099
932
1329
-69
835
1148
902
877
1230
1249
963
1112
787
493
1064
1097
1044
1261
709
830
1291
616
1151
980
880
656
1076
561
1222
1322
750
1149
1157
670
937
333
630
1109
1348
654
574
959
531
832
805
780
1107
1145
1139
1015
1402
83
1350
959
1172
14
1042
1005
926
1043
401
939
688
940
967
952
1299
-23
1138
929
1071
899
1012
984
241
884
1040
992
1045
1444
1061
1035
784
109
1225
528
484
326
1094
1028
844
1149
789
1584
1393
626
956
824
1239
-151
1690
938
1077
878
998
1051
839
1075
857
1114
1148
1083
880
954
630
467
1724
416
606
801
1064
624
1171
605
1177
1012
809
537
876
954
836
-195
1300
950
918
657
824
969
944
1060
392
1138
562
1316
689
34
567
194
988
650
651
705
814
1260
716
879
1331
511
813
604
1232
839
589
-315
545
216
586
593
776
610
497
584
340
837
712
580
365
668
127
247
-408
-1
-255
225
-62
-191
-877
-229
129
-377
41
-550
-255
-162
-675
-179
-911
-208
-865
-229
-698
-454
-791
-422
-208
-1121
-521
-261
-191
-762
-607
267
-752
-42
-822
-398
-599
-863
-390
-357
-807
-331
-346
-704
-572
-776
23
179
-1063
-480
-590
-423
-969
-943
-372
-51
-787
-950
-554
-586
-433
-946
-42
73
-740
-788
-1076
-275
-862
-554
-1030
-523
-996
-189
64
-1161
-498
-494
-252
-87
-382
-396
-822
-435
-887
296
-626
-944
-889
-573
-261
-247
-310
-822
-430
408
-867
-697
-937
243
-679
-530
-666
-234
-454
-190
-454
-1063
-921
-493
-100
294
-529
-464
-998
-231
-306
-580
-412
-337
-515
-512
-461
-381
-238
-392
-923
204
-900
-610
-439
-203
-562
-410
-121
-1036
-429
-679
-424
-742
-450
6
-291
87
-698
-396
-772
-30
-464
-531
-22
-459
-859
-1170
-404
-294
-929
-785
-684
420
-547
-707
-566
-496
-546
-637
-300
-291
-150
-1008
-842
-123
-49
-222
49
432
-701
-241
-732
-510
-652
-579
-129
-762
-200
-660
74
-387
-295
-350
-319
163
-840
-212
-1462
-283
-304
-914
-671
-27
-799
-623
-575
-315
-507
-465
12
136
-840
-159
-185
-783
-676
-675
-794
-483
-614
-987
-363
-756
115
-396
-275
150
-394
-693
-91
-254
-411
-317
-280
-599
-381
-366
-468
-653
-439
-401
-267
432
-129
-797
-59
20
7
-226
-30
-157
-97
-154
-150
-87
16
426
319
44
470
587
466
426
227
495
266
398
501
427
444
586
407
525
382
175
863
1086
968
757
560
637
608
602
565
625
869
374
471
1109
434
-41
1138
1210
350
775
741
561
628
358
521
628
660
1054
1116
822
421
-144
706
782
1046
487
566
861
798
585
324
581
690
359
707
515
841
-242
670
1016
575
275
839
1059
847
787
513
912
691
535
607
717
320
-69
966
1062
615
693
957
856
695
680
790
651
602
842
881
430
516
212
1046
622
562
881
850
341
460
435
456
349
698
979
919
672
582
432
996
958
898
736
1009
511
573
137
381
469
589
688
1071
602
987
347
875
940
946
711
1000
1084
751
582
644
514
429
592
1139
792
955
346
623
1004
863
794
986
1159
680
355
179
429
872
630
694
764
891
116
724
1466
819
665
547
833
409
372
953
795
1076
1142
900
554
535
-273
1157
719
867
674
877
752
762
965
658
954
415
792
644
856
279
-99
723
1270
636
674
351
614
495
633
491
712
725
273
1281
592
877
100
867
1181
732
630
670
798
546
357
512
537
525
530
1294
772
765
91
873
844
852
906
851
576
245
582
769
867
1101
726
894
937
521
-214
324
630
204
585
434
140
444
397
416
478
759
498
779
320
726
97
-40
258
-32
282
356
-32
-83
-371
126
323
5
340
108
-164
404
32
-68
875
237
563
338
493
425
280
335
143
658
188
442
879
337
266
-542
462
-61
542
671
14
44
166
185
419
-34
34
423
-3
556
35
-469
-107
150
3
-224
228
209
222
-34
-155
90
290
337
-169
15
-125
-30
203
152
100
-303
-110
12
-204
-24
89
-154
-204
-66
251
36
381
-5
209
236
-381
-299
372
81
-217
154
-99
305
423
229
-133
465
89
213
215
-541
230
-45
-97
1
90
234
6
-265
-85
252
467
338
86
-130
262
-303
137
-226
-32
530
-99
-15
290
161
-159
-16
-409
243
244
-164
-284
-285
71
248
-232
118
35
186
-297
48
341
195
13
-19
157
-154
-100
-50
307
-146
-133
-203
-115
-252
-69
-136
-53
-282
-146
175
429
-199
30
45
170
-318
270
448
170
234
-176
-398
3
-104
241
301
244
-135
41
-72
224
-119
-155
181
-7
-179
157
-209
-68
-251
258
429
152
-547
472
78
-60
-19
23
10
238
-128
-22
361
-126
562
20
554
-229
-98
-105
129
10
67
219
155
29
-253
-177
-36
55
-387
283
6
203
137
89
-99
163
134
95
-278
-6
117
128
-4
97
223
93
246
368
110
-44
-119
8
-68
-85
30
-191
-223
-189
237
-90
-116
79
206
186
-204
345
191
-354
151
-367
-90
255
176
-256
-70
371
110
-143
160
127
-505
419
156
-512
-100
-322
-80
-97
-226
-500
-194
-7
-59
174
245
210
-293
262
55
195
-15
-28
488
45
-350
123
-317
-214
-36
-193
-189
705
-291
-5
107
336
-151
-52
420
4
128
-11
27
77
174
-119
-15
485
-315
251
-118
-75
33
-160
284
219
326
196
205
-128
466
-159
-475
73
-522
65
196
-219
265
97
-193
-247
-122
138
29
-163
6
-178
-296
51
-529
190
-234
153
41
-72
-85
-43
-40
14
-212
106
559
34
-646
414
-216
-207
-69
803
399
-242
382
-169
309
319
-275
-237
-90
20
-89
389
-23
-245
347
474
198
-127
174
5
315
12
-73
201
-106
143
246
241
-425
-265
303
24
64
-284
461
-88
-134
231
122
566
314
-139
52
575
-296
281
131
29
-67
163
138
138
-338
-17
220
210
69
-109
-127
435
-466
-141
152
-65
-420
-109
-222
-164
362
-214
136
-45
-51
168
282
307
-196
186
144
-17
-77
145
95
-64
-245
333
-7
-159
-307
108
-334
688
-551
456
-156
116
-242
-50
-51
-377
-197
284
-245
362
-268
331
349
231
-479
-231
-392
-175
-450
-155
-97
-300
40
-33
-540
299
-166
278
-147
284
-34
-551
-335
-352
-398
-392
-288
-449
-189
-348
-173
-140
-9
-146
-157
191
98
-491
-88
76
-131
-426
-3
285
15
-179
-232
390
7
-194
18
376
169
465
32
-5
169
-316
135
74
76
92
-63
-120
80
166
609
-110
338
642
-46
440
308
481
361
160
195
475
63
279
188
514
920
117
-84
-12
517
156
430
602
-12
75
282
472
57
279
218
-45
742
-104
76
311
360
81
437
423
-70
354
372
304
271
378
162
220
159
427
-171
65
298
-63
211
-140
53
303
81
5
129
258
-268
146
583
483
-11
-339
-17
277
-103
266
-43
451
463
-8
-160
168
-274
118
56
197
37
437
47
409
-164
266
380
26
323
248
52
34
254
-141
535
239
-59
89
533
-2
166
225
507
-116
231
44
251
270
176
147
684
398
97
-118
434
-27
-219
470
-416
197
-213
336
397
584
35
28
454
126
-50
481
95
69
76
625
-33
40
130
-172
-190
160
-77
317
65
57
478
379
18
78
76
462
74
-143
-27
-118
-296
179
-189
286
388
264
-41
289
231
-65
91
-96
60
113
-37
514
191
-29
424
228
159
-125
34
339
190
162
349
323
488
190
533
588
399
31
361
73
673
291
245
-146
276
-319
228
348
-49
70
-180
166
-95
283
-167
907
162
276
172
-23
-198
-42
-417
-188
-68
-557
-477
-756
-103
-207
134
-109
121
-107
24
1036
351
131
339
555
526
67
146
375
535
457
242
538
835
445
-87
558
322
-114
184
834
190
-342
277
153
-510
104
6
353
204
288
-326
166
620
-177
220
660
173
51
35
-125
316
292
134
142
214
319
32
550
-100
45
329
-362
104
537
474
346
199
243
-158
-225
-9
328
212
-320
-22
255
6
32
299
208
79
-75
79
100
249
-378
-266
107
14
348
113
439
330
-368
-144
275
-370
-190
-140
-77
268
340
160
311
-357
17
472
92
-218
357
405
-9
-297
225
50
-63
256
305
301
142
131
424
229
-27
69
508
179
-268
42
318
177
-34
116
428
-164
161
71
-126
19
181
278
-51
-163
89
88
-63
118
188
769
670
19
12
-122
309
67
-7
147
233
-41
-506
-231
215
311
429
190
-136
-34
-261
197
117
-27
141
61
-171
183
89
-91
-45
108
-109
-4
28
274
397
-121
285
59
-64
74
231
245
172
-196
-50
35
-134
417
256
296
594
-90
384
76
-78
-100
97
-136
-188
237
370
131
161
151
195
654
234
-136
-16
36
108
241
240
41
190
500
334
326
653
300
569
-103
41
-329
114
237
373
89
27
313
453
262
79
672
523
517
-421
-49
-97
-268
-789
-401
-197
-214
-282
-237
-486
-270
-209
-296
-11
-369
-283
-419
137
-20
-148
153
-151
104
62
-289
133
239
465
278
-20
-182
271
68
80
356
-438
307
153
93
-198
-242
-323
130
255
18
303
460
158
-198
-303
107
-279
216
75
-33
197
220
93
20
60
488
-78
263
228
38
191
390
-235
-37
9
16
33
118
505
56
-3
263
563
27
-58
-192
-117
280
-524
297
56
-307
-35
447
108
-102
-449
-489
132
560
391
4
-568
455
275
-84
128
187
368
192
177
301
518
279
-378
-133
122
113
-41
419
-222
345
238
23
143
-177
-14
113
28
346
34
214
-178
-523
232
407
-64
155
84
363
-338
-310
104
164
117
-74
-42
-26
95
-180
413
34
-197
216
52
158
-34
262
584
98
-78
52
327
29
86
-155
-378
343
228
-24
338
349
320
203
88
-100
118
-194
-209
-363
173
35
-331
218
47
222
405
173
322
130
380
-74
167
506
63
90
258
184
-141
404
-224
403
116
-132
311
330
488
464
475
153
457
216
140
-683
47
300
-452
27
213
110
15
-209
167
16
306
175
157
-18
52
158
-108
268
-14
-136
-67
386
18
121
-22
67
-330
-58
201
235
-344
8
106
448
-124
-70
-177
-13
-724
-201
-651
-155
-373
-394
-424
-186
-141
-632
9
380
50
537
542
494
276
229
182
696
875
401
397
121
812
361
531
-156
-299
-506
-414
-210
-452
9
99
69
-104
-160
254
-317
-37
7
16
-736
-267
-593
-784
-205
-528
-643
-708
-516
-842
-706
-351
-747
-647
-644
-613
-850
157
-559
-397
-111
-430
-242
-278
-307
-266
-560
-44
-3
-299
162
-363
-728
-409
-447
-275
-581
-114
-265
-52
31
-47
-60
-526
-644
-831
54
148
-694
-291
-225
-375
-371
-411
-289
-460
-610
-667
-296
-80
-344
-508
186
-295
-634
-89
19
-367
-227
-389
-281
-197
-403
-309
-717
-545
-354
-207
-106
72
-985
-149
-483
-413
-600
127
-298
-232
-716
-217
-120
22
-346
-730
-363
-152
-531
-78
-450
53
-360
-253
-263
-714
-135
-566
-434
-340
-14
-42
48
-406
-614
-330
-55
-641
-386
-337
-240
-793
-378
-219
-80
-44
-221
-536
-91
-104
-122
-416
-522
-169
-735
-522
-733
-498
-346
-304
-635
-423
-380
-342
-352
-31
-521
-224
-320
-152
-46
-285
-484
-360
-729
-434
-403
-456
-263
109
69
-312
-962
-10
-421
-339
-98
248
-129
-305
-19
-852
-409
-31
-497
-343
-329
98
-397
-473
-219
-361
-389
-595
-732
-270
-129
61
-52
-278
-39
-40
117
-488
-836
97
-158
-22
273
58
6
64
-39
-109
227
-364
225
-478
-40
27
-779
-225
-259
-635
-650
-11
-442
-752
-628
-594
-480
-582
-897
-485
-804
-658
-679
-716
-207
-424
-1012
-613
-668
-508
-406
-893
-326
-979
-720
-415
-449
-134
40
-160
-131
207
41
-144
144
-97
-268
44
-222
-732
-189
164
-196
52
164
-503
-441
-258
-545
-146
-409
-31
-335
-543
-280
-25
-269
-342
-711
-174
-189
-513
-205
-406
-155
-471
-450
-149
-57
-456
-134
-617
-967
-191
214
22
-152
-518
-385
-489
-310
-607
-142
-407
-576
-106
-160
-136
-477
-380
-216
-274
-270
-686
-73
-297
-663
-239
-763
-133
-380
-416
-320
-433
72
-350
127
-1
-286
-467
-595
-481
-694
-148
-426
-327
-37
-125
-92
-174
-443
-212
-350
-107
-52
-711
-414
-646
-211
20
-364
-304
67
-239
-631
-96
-236
-137
-176
-173
-284
-471
-756
-312
-342
-60
-447
93
-206
-141
-644
-379
-390
-285
-834
230
-469
-462
-530
-485
-313
-466
-188
190
-275
-495
-197
-618
-577
-387
-834
-85
-124
-260
-575
-317
-842
-546
-128
52
203
-363
-235
-700
-596
-260
-255
-412
-187
-1066
-37
-348
-342
-19
-207
-296
-255
-509
-489
-483
-388
-240
-330
1
-424
-562
47
-351
-245
-427
108
-487
-409
-111
-536
-175
-12
-650
-508
-200
-200
-445
-302
-220
-109
-192
-191
-332
-244
-72
-190
-296
-705
-454
-414
-386
-108
-628
-185
-343
-354
-108
0
-92
-581
-429
-321
-590
-847
-334
-347
-107
-202
-461
-489
-159
-519
-241
-275
-335
-542
-560
-323
-949
-285
-608
-268
-263
-255
-284
304
-105
73
381
126
-49
210
234
-86
-17
-52
-13
-419
355
-37
305
168
-131
94
315
189
-308
365
157
-14
92
-340
-26
165
-341
-25
-716
-510
-376
-338
-199
-108
-517
-662
-465
-316
-150
-731
-292
-380
-342
-32
-471
-878
-590
-339
-329
-571
-460
-406
-656
-339
-234
-347
-15
-593
-748
-77
-286
-646
-532
-32
-684
-744
-389
-184
-260
-582
-436
-522
-868
-523
-318
519
-516
-456
-284
-755
-598
-832
-602
-556
-562
-544
-298
-911
-228
-81
-309
-48
-199
-499
-608
-669
-460
-172
-275
-374
-610
-221
-531
-580
-366
-378
-227
182
-454
-229
-873
-346
-560
35
-459
-256
-269
-322
-288
-618
-674
-558
-729
105
-80
-845
-307
-921
-352
-661
73
-371
-324
-988
-516
-238
63
-360
-696
-280
-472
-678
-596
-576
-325
-17
-78
-385
-320
-418
-396
-388
-406
-510
-668
12
-235
-550
-533
-347
-288
-841
-397
-506
-546
-522
-519
-833
-751
-305
-452
54
-440
-302
-524
-484
-85
-168
-51
-413
-347
-598
-473
-482
-270
-28
-492
-115
-377
-757
-378
-649
-233
-299
-641
-291
-530
-418
-614
-834
-618
-844
-472
249
-489
-602
-901
-435
-539
-582
-449
-268
-525
-731
-269
-754
-380
-84
-684
95
-534
-262
-735
-190
-472
-165
-348
-554
-445
-664
-428
-345
-379
-531
-218
146
-200
-472
-367
-306
-614
-169
-612
-322
-268
-727
84
-422
-282
-316
-906
30
-561
-424
-388
-439
-442
-554
-371
-289
-425
-843
-642
-201
-63
-420
164
-1
-169
-320
-236
-159
-36
85
-348
-200
-339
-304
-49
-312
-198
-180
3
-73
-245
-468
-104
-43
-82
2
-280
-206
-79
26
16
-79
510
-61
413
-278
-56
-494
-143
127
-326
-45
-81
-162
58
3
85
-17
-289
-958
48
33
-265
14
326
-250
-433
-369
40
-280
-333
-67
-29
-569
-411
-337
117
200
111
-86
-9
-375
-278
-95
40
-166
-169
-135
-439
-82
230
-101
-273
-241
-176
14
-339
-312
-159
344
156
-258
-433
-303
-81
-89
-509
-129
-355
-16
346
-139
-115
-129
97
42
137
-164
10
-170
-468
-869
-244
-251
-356
-119
114
-326
-11
-290
128
-293
-126
-75
92
-341
-398
32
385
-484
-92
-345
-211
-764
181
104
-123
189
-4
-279
-312
-129
-318
-66
-81
-357
166
161
-192
-243
-30
-11
-553
-82
-115
-372
-185
92
-89
-227
-316
-235
162
91
-218
-296
47
-242
-232
79
291
218
-224
-400
-424
-153
113
-278
185
-322
-187
-312
38
-419
-437
-94
-38
-201
-129
-262
-380
-309
-67
-371
-213
-625
-88
-244
-213
-225
-134
24
-30
-312
-458
-155
-187
-147
240
50
61
-413
62
-133
30
123
-430
-30
211
12
-307
-188
67
-332
69
239
-149
-5
187
-108
-231
-148
-25
-478
110
-169
54
-258
239
6
125
-10
-285
-114
34
-96
12
178
87
-25
-78
32
19
-222
-96
-30
32
-263
460
43
482
291
837
695
716
649
386
752
445
583
781
332
442
184
-21
-259
-14
434
-47
293
162
-258
256
126
32
-72
324
61
144
-107
378
115
195
221
350
247
135
324
699
717
247
445
432
756
174
149
152
358
506
168
661
274
-142
513
579
490
241
406
283
421
274
8
311
368
378
663
599
105
615
378
364
238
260
485
410
568
775
368
239
277
896
297
329
465
1056
920
292
567
391
440
711
634
551
174
0
-42
370
277
568
991
492
717
40
332
579
737
423
318
524
307
-327
263
196
303
285
268
772
197
320
491
596
493
815
640
692
130
145
121
582
298
953
667
327
327
689
760
374
202
589
360
371
516
318
244
314
288
588
206
569
725
456
376
44
-69
429
238
389
678
698
181
203
697
757
295
491
779
495
370
507
421
687
1001
694
576
157
358
422
578
524
754
665
491
591
355
430
505
534
565
398
340
-46
194
787
596
204
251
299
195
477
787
602
211
771
232
140
-338
178
450
697
542
809
699
687
577
463
276
210
479
507
492
656
103
345
148
174
-15
488
141
-11
343
-228
255
304
285
-288
219
28
134
222
306
644
127
183
589
313
349
177
207
358
398
515
388
905
319
220
176
46
223
589
126
387
-40
401
549
58
213
421
332
-42
161
155
1071
1177
722
754
1263
495
847
938
1097
1000
582
790
1269
378
385
332
1411
1096
680
809
356
630
979
969
890
749
828
966
731
852
798
328
1054
784
893
852
727
921
1009
846
730
693
1090
774
843
820
641
-140
828
1230
1096
1141
1274
575
648
330
596
914
692
881
1133
752
209
231
1197
1061
988
973
995
1126
761
947
1174
1528
1396
720
490
851
488
-121
1018
895
765
1008
888
869
886
1037
1229
983
1300
1196
1104
1102
454
-121
764
818
796
970
1250
727
498
1193
1241
1083
858
733
1052
658
798
-45
1005
719
639
1237
525
516
929
602
947
908
877
910
1020
1086
97
163
772
994
866
1039
940
443
804
909
645
1019
782
517
632
1014
675
181
921
1161
739
709
895
854
712
518
1192
861
1262
1314
929
715
444
375
1284
671
782
540
826
801
662
748
918
1164
898
1024
842
714
288
-27
846
1195
500
897
779
725
691
520
842
601
1089
737
1083
620
229
-331
1037
1045
725
684
740
1092
1052
859
959
817
720
1106
532
776
80
-96
662
735
806
303
447
759
489
937
639
731
762
268
673
963
314
319
572
719
653
1167
544
861
809
538
995
1047
933
838
904
985
965
6
-82
14
39
-77
-217
-182
348
183
13
-56
188
-181
-554
-150
49
60
60
-446
-196
-248
-16
-519
216
-448
-342
-213
-901
-198
-448
-288
20
-496
173
-753
-535
-250
-641
-201
-609
-473
-222
-18
-311
-271
-27
-126
-505
-368
-224
-419
-61
-479
-417
90
-494
-451
-261
-128
26
-484
-377
-810
-640
-634
61
119
-698
-666
15
-418
-460
-516
-434
-282
-185
-128
120
-415
-88
-441
84
-743
-623
-172
-456
-690
-612
-26
36
-268
-713
-240
-580
226
-754
-213
-101
-636
-157
-309
-768
-398
-576
-174
-301
-466
-133
-118
-394
25
-699
-250
204
-223
-94
-345
-704
-864
-305
-312
1
-491
-509
-447
-294
-162
205
-449
41
-518
-267
-275
-739
297
-476
-259
-337
-389
-316
-25
38
-512
-78
-602
-439
-182
276
-606
-160
-73
-765
-430
-565
-89
-516
-200
-450
-356
-817
-406
212
69
-622
-318
-254
-267
-484
-210
-44
-134
-44
-267
-495
-412
-495
-280
6
-373
-249
-330
-88
-149
-228
125
-339
-374
-455
-449
-571
-352
-412
-417
341
-116
-464
-403
-697
-229
-118
-654
28
53
-297
-675
-53
-144
-703
-1
-100
-709
-404
-523
26
285
-458
-340
-111
-291
-281
-98
-18
-340
-262
-561
-321
-374
-362
-843
-348
-821
-592
-61
-422
-787
-796
-494
-251
-736
-982
-353
-121
-506
-171
-348
-363
-394
35
-325
-250
-126
-9
-541
-271
-565
-210
-649
-254
-84
-58
137
307
553
3
-18
301
-154
-130
20
378
-172
-337
-141
-547
437
-16
213
429
-135
-42
229
193
292
278
418
443
-278
41
268
-96
675
-74
150
-239
417
413
71
252
138
41
206
329
-100
-284
344
-105
-84
186
-28
-251
418
415
-142
-302
-220
-372
-239
-83
-106
224
-181
-152
170
85
-179
-77
-142
222
-332
-152
196
127
250
199
0
-42
-70
-132
399
129
-239
258
184
-135
-89
-64
134
134
412
177
10
-563
374
242
432
-229
255
183
-279
-20
40
-94
554
122
-184
-24
256
-226
-188
-59
16
-62
179
-77
-282
16
-211
216
105
223
651
449
-306
-121
-330
141
-404
-18
387
123
-491
75
-11
549
-44
189
-305
73
-20
-322
177
141
-220
98
261
-640
93
363
259
-160
-73
-140
-242
356
-12
-106
53
-349
654
120
-206
-124
-162
189
-131
-60
52
4
507
173
-221
-78
-78
-70
224
-163
-28
317
291
-150
60
154
61
351
129
-157
73
-63
101
-264
374
91
-151
-40
75
-96
61
235
-97
240
80
561
-419
-277
-471
263
378
-173
-96
-35
-30
66
-260
-204
177
-385
-4
-44
61
-233
-76
61
169
-99
-88
-403
108
-311
-132
241
12
-19
-312
-396
173
-619
177
-188
173
291
-154
80
95
159
194
-30
-202
207
87
107
287
-175
-95
196
277
-428
76
44
101
312
84
-292
-367
185
-226
-136
124
33
-298
37
219
-283
346
-40
-353
165
515
255
-8
150
120
510
-52
95
-301
-129
63
-246
234
-219
-278
-403
-546
-389
-214
-281
-477
-599
-57
18
-447
-123
163
-243
-370
-9
131
-118
-296
158
234
-184
49
49
-85
37
-354
-647
-86
-362
-524
5
103
11
-264
-159
-143
-239
-102
-263
-443
-224
-511
-357
-131
-251
-126
80
-698
-255
-60
-145
-329
-91
276
-204
389
241
-191
39
-170
84
-246
-377
14
-155
-62
30
-138
-68
211
-60
-3
360
-307
-195
-299
-424
442
-398
-425
-429
-165
156
-273
-629
-617
-222
-352
29
79
-106
-100
116
-48
-704
-473
347
-105
-286
-394
-5
252
69
-533
-41
-169
-144
184
218
-355
-131
170
262
-329
130
74
-132
326
-50
-355
-202
-390
53
-385
-306
-257
-88
123
-340
-115
-275
14
-247
-538
-513
162
135
-141
-191
364
-162
-282
-337
-219
-77
-218
65
-86
66
-57
47
-25
-467
-359
149
36
-102
2
189
241
101
-175
-163
-2
-507
-336
-279
242
-439
-128
-204
-177
-153
-168
-133
-307
-388
143
110
208
121
-275
318
-26
-54
-283
-210
-40
-314
-280
243
363
19
433
-117
-64
-204
45
30
-636
-140
-231
-147
193
-122
149
41
52
-402
-2
96
27
-155
-289
273
-455
23
-468
-492
-704
-174
-613
-610
-717
-88
-528
-685
-321
-314
-348
-329
-590
-356
-68
-631
-755
-733
-789
-1000
-458
-943
-702
-410
-991
-580
-180
-872
-727
-333
-209
-431
-477
-454
-291
-730
-339
-542
-434
-727
-751
-166
-715
-226
-690
-185
-329
-172
-545
-462
-225
-873
-221
-388
-535
-885
-713
-1136
-444
-375
-357
-535
-39
-648
-697
-715
-722
-708
175
-458
-280
-364
-450
-237
-610
-705
-668
-565
-269
56
-872
-373
-219
-301
-440
-457
-953
-440
-513
-596
-339
-892
-414
-1187
-199
-472
-471
-358
-587
-692
-417
-1064
-624
-635
-662
-735
-708
-418
-171
-545
4
-358
-454
-873
-103
-694
-837
-166
-529
-610
-823
-123
-599
-180
-535
-916
-88
-211
-333
-393
-231
-174
-359
-284
-442
-666
-572
-589
-745
-484
-817
-748
-233
-368
-960
-580
-454
-558
-226
-684
-701
-382
-529
-499
-277
-285
-257
-437
-23
-322
-858
-227
-573
-810
-578
-191
-444
-619
-342
-601
-316
-354
-713
-1075
-89
-807
-90
-709
-309
-307
-531
-546
-704
-563
-626
-759
-330
-700
-435
-127
-252
-183
-498
-466
-634
-612
-608
-639
-401
-469
-621
57
-741
-287
-154
-280
390
-181
-874
-284
-562
-701
-349
-715
-590
-582
-472
-79
-669
-614
-315
-980
-544
-233
-203
-400
5
134
-447
-97
-81
-355
-225
-442
222
-822
-528
119
266
-559
-539
-388
-735
-480
-448
-754
-589
-462
-609
-483
-297
-387
-410
-800
87
28
-71
55
-10
-139
-230
-172
-42
-104
-46
-159
-9
-252
-208
-44
-90
-62
-88
-159
52
-163
-90
-194
-88
-66
-40
-179
-253
38
-211
-94
-315
55
-156
-63
-184
-85
-157
-275
-307
-252
-62
-159
-163
-135
54
41
-138
-141
-307
-67
-307
77
-179
-275
-181
-181
6
-64
-68
-164
-63
-30
-96
-135
-289
-186
-140
32
-367
-127
-181
-85
-179
-211
-252
-275
-145
-271
158
-127
-275
-149
-181
-401
-230
-307
-64
-64
-267
-253
-184
-275
-149
123
-152
-111
-257
-85
-252
-252
-186
-181
27
-167
-257
-6
44
-164
-253
-216
50
73
-90
0
-52
-90
-158
-85
-113
-257
-181
-361
-262
-275
-244
-71
41
-162
-181
-117
-275
-181
-141
-90
-19
-91
-158
-138
27
-181
-140
-217
-311
-162
-181
-94
-158
32
-159
-288
-379
-159
-85
-62
-26
-179
-158
-181
-82
-22
-62
-181
-181
-42
-164
-275
-285
-190
-163
-42
-230
-275
-181
-181
73
-41
-310
-159
-181
-275
-275
-181
-64
-258
-159
-212
-258
-181
-181
-181
14
-5
-252
-181
-211
-63
-68
-85
-141
-253
-181
-343
-140
-156
-79
-188
-60
-229
-280
-181
-181
-181
-281
-181
-307
-63
-179
-181
-64
22
-181
-126
-176
-39
-305
96
-158
10
29
-158
146
-156
-158
-188
-184
-62
-39
-248
-216
-41
-289
-269
32
-159
-312
-284
-165
-27
-164
-384
-64
-95
-379
-190
-248
5906
-33024
-1310
41608
-1949
-10390
7799
5659
-14173
23009
3204
-13649
-21093
-9883
-44801
-19486
-10878
-36474
-5381
-3750
-45096
-51069
-44322
-31200
-46282
-65406
-59647
-25712
-62509
-47381
-50356
-60205
-59368
-49398
-52811
-54177
-74193
-27151
-42245
-28649
-15391
-16922
-20969
-64929
-34023
-54351
-25191
-43356
-8645
-58265
-35232
-35618
-28732
-18169
-445
-32115
-70099
-43588
15736
-4493
-55513
-46844
-56268
-84654
-40035
-29099
-43051
-33858
-9882
7157
-59790
-49887
-8694
-17601
-63268
-85114
-24995
-44699
-21732
-47364
-6443
-34618
-33287
-8529
4304
-39180
-19759
-18278
-42419
-46746
-32383
16598
-38613
-46181
-14014
-56806
-8307
-23840
-25040
-53864
-31323
-11953
-33030
-32356
-70576
-38721
-38891
-31957
-18186
-17741
-51550
-40108
-30217
-73500
-36213
15363
-21753
-47408
-69565
-65912
-21793
-10643
-31009
1940
-44324
-60684
-35329
-31259
-14849
-68547
-38791
-25902
-51595
-41549
-55697
-18920
-39297
-55667
-57959
-94384
-50033
4696
-33008
-30306
-20263
-39384
-45012
-49158
-47676
-56469
-21309
-67617
-48184
-56473
-54397
-41132
6224
-33346
-59221
-69200
12205
-63409
-52347
-46250
-49690
-69124
-53116
-60225
-46574
-16663
-44526
-50147
-38800
-71722
-13650
-43804
-39649
-56817
-76344
-64969
-31374
26626
-41561
-14092
-32113
-45006
-51993
-45952
-40863
-26499
-36055
-80344
-37475
-10953
-67475
13352
-27806
-52501
-54466
-70867
-89929
-73509
-39226
-50644
-845
-59902
-74264
-29207
-56582
-4728
-41921
639
-22341
-36734
-14509
-42816
-46541
-57596
-11147
-56465
-62475
-68329
-16448
-30034
-24816
-44321
-8703
-34059
-26872
-29325
-67219
-33906
-45029
-5628
-40957
-23010
-10165
-13877
-21516
-17564
-9641
750
-28933
-48230
-24766
-19373
-26684
-39365
-47445
-46913
-24613
-41512
-35663
-29109
-39534
-37357
6196
-44441
620
-14136
-45751
-16656
-17046
-17950
-19401
10580
-26552
-12630
-22841
13795
-37654
3036
-1792
5774
27555
338
19679
36235
-17818
5985
-1089
26890
24381
14997
7859
39074
-2445
-28647
-5793
41205
18557
10616
19095
23731
31659
-24117
-26050
3489
-12387
-48796
-29662
2907
27219
-4889
-8540
-43553
-6096
27640
-16289
-18741
14182
-34439
-1859
26408
37723
4673
-26628
20424
-41120
14054
-4867
5242
-24103
-3714
-16347
-3151
-41527
37731
18790
-47186
-29072
10679
61830
-27240
28407
-19288
1641
-63530
12722
688
10955
11539
17708
-8811
-52643
3190
35953
-9880
-53214
5075
6071
-5612
-20332
36564
-3729
-41961
14082
24095
11548
27271
5721
12483
-1602
-32998
39192
-57773
22814
2867
-312
32614
37353
29756
-10532
-38462
19794
2256
25394
11986
-23053
36759
-20593
7950
604
-42151
-3913
-11724
-25401
-8677
19177
32208
-11336
24376
-39556
20011
-18918
39902
41466
45917
-54161
-9174
8472
19713
-27956
8340
-15527
17845
8471
-20985
31592
-5927
-13133
-16527
3011
-27794
17049
14442
35768
-33559
42930
-23727
11539
-19972
391
-2118
4777
3385
-15729
-18601
-19449
16385
32307
-33287
-10860
19979
22636
-1316
26487
-4694
-32717
-4821
-20158
-6385
12143
-20981
12790
39950
-51972
-3216
-33100
-1611
9252
14124
-39351
-15200
68675
19355
3695
53073
12722
-17307
6499
-40511
8644
16677
-11309
1349
-4962
5770
-19030
14506
-34664
-17170
4010
-22332
3411
-28355
2827
-5574
-281
-53869
-32911
-12675
4006
-8297
35455
5620
-37727
-18417
-10091
20693
-20727
23418
231
13690
-34680
-15209
1359
39737
-25397
10534
37908
41786
33577
-2069
19478
2490
30580
-12615
39245
37492
26197
18890
6252
-11793
-20297
20292
-15361
-6286
-45309
13715
13119
-14808
-147
-4998
19886
-19895
886
7436
11724
24419
-43069
-35167
227
-29614
-28792
-36718
-3350
-56285
18763
-40360
-34027
-20381
-4595
-44079
370
-60350
-15539
-43633
-10442
-24575
-4548
-37482
-28305
19696
-33393
-40021
-26472
430
-2581
2001
27515
-26704
-27122
27473
-13232
-53136
7808
-16009
-55946
-8487
2557
5664
-22216
-24257
-26581
-25652
-3546
-37477
-12728
-14329
-13376
-39873
-30592
-32645
280
-37281
-80088
3508
20670
-21289
-13471
1449
1150
-29413
-34456
11909
-37035
-21848
4031
-44491
-46669
-24253
45500
578
-58531
-7803
-16616
5674
-5365
6097
-15592
-76593
-32241
17081
-38098
-46980
-5818
-41777
-33058
-43164
-17463
-11840
-22476
5173
8265
-39677
-7324
-14705
-41824
-33433
-43488
978
-17998
-18701
-17942
-18187
-27316
-13123
-33051
-7952
5107
-19923
-67307
-35965
-4245
-27177
-5111
-9433
-20178
-61823
-32530
-34993
27063
-41875
3221
-19247
3286
-15965
-50026
-32821
-5283
-24144
-2855
-60220
-13371
-5361
-12388
19742
-50435
-27871
-13000
-23347
22079
-7501
-29706
6584
-34237
-14910
-60257
-10468
-31815
-25780
-24243
-37762
-44788
24264
-10882
-717
-33352
30787
-46637
-17325
-1545
5854
5491
-29367
-5713
-33492
-17103
-52687
7901
22928
-58290
-18206
28761
-48547
11387
-37289
-51730
-66245
-3925
-20942
-35876
-12480
1050
-12741
-12463
-43895
-11068
-105
38861
-54566
10888
-16491
-4859
-12718
-30242
-27217
-19431
-21765
-43419
-15070
-66169
185
-31106
-16165
-15633
-49539
-20478
-32861
2692
-26828
-40410
-7472
1316
-24422
-27740
3151
3013
-33369
-16113
-15424
41657
21632
-10186
2207
-6476
31702
31050
-17289
10013
-19357
35654
-21229
-7979
3320
-12618
-23802
-24227
-53871
-23099
-35350
-50452
-40993
-51278
6595
-60080
-42964
-53734
-48821
-48867
-85384
-56579
-13704
12966
-51650
-27599
14708
2967
-29745
-72020
562
-6517
-23233
5872
-28243
23351
-18286
-24351
2628
33694
13827
-17018
-26816
4576
-30262
-3942
4209
10650
-27918
5675
-16749
-22817
-45891
-43030
-23816
-4212
-49223
-50728
-4774
-7969
-18636
7433
-42776
-19318
-23039
-16482
-153
-5834
-3191
-36273
-26330
11166
-9870
11785
-23197
-30113
-9156
-31650
-18695
35842
-6830
-39283
-14501
7925
-41050
-14525
-11613
23005
-44596
-30503
10566
-11822
-9236
2035
-28679
-45100
-38287
-12481
9839
-6130
14844
7149
-60503
-9469
24768
-27706
-46384
-1000
18020
-11394
-45878
-5455
-15577
1547
-20790
-5863
-19212
171
-8533
-27139
-16288
-7757
-8845
4669
-19153
-15196
-23161
-37664
-54
-46524
1583
-46429
-22468
-20544
767
33346
-39910
-22317
-2932
-51206
-24906
-39929
23921
-11608
-32203
-35371
-14390
-46803
5229
-31120
-15814
11223
-47717
-59329
14275
-7667
-23940
-36089
-61543
4384
-22992
-9393
-15495
-16118
-32323
-30936
-28898
33757
-51640
-55230
-31088
-39201
-16920
-21231
-40077
-17135
-31041
29276
-7977
-52898
-26046
-6275
-30374
45388
38427
-44373
4885
4971
-2894
4473
-36950
-12201
-76497
-65322
-44099
-183
23656
-19735
-24044
960
12383
-31016
17140
1933
-12170
12671
2432
-21932
-5782
-17881
-40397
250
-67331
-10754
8056
-3302
-20629
-36416
-23897
-48515
-10286
-22218
-29611
12252
-9956
-9484
9535
-20463
-42782
-6172
6633
9978
14487
-24457
13677
19908
-33062
-22969
-38007
-71409
-62196
-26885
-7558
-7633
-24110
-20162
-19658
-40734
-732
-43064
-34899
-616
-9060
3603
24728
16850
-36627
-14530
-22562
2086
-32342
-10689
-6297
28840
30993
55353
46561
39123
47222
18417
68710
72356
46390
23907
68841
72158
23917
3380
40760
40570
54106
4662
18483
58098
58770
4901
35845
20173
16657
26653
14921
31630
51512
43267
41895
15036
71328
45608
46537
30268
27360
-8549
30135
62650
28074
19438
-7713
64508
18407
44936
44782
23310
24744
20282
-8484
15375
8372
51219
53414
41979
8803
41479
25296
44725
35902
19702
35699
9566
9740
33725
42980
16721
21810
41224
28701
34527
45990
21743
38318
44636
8450
9760
17125
-375
35255
25240
31167
51778
25623
61057
31665
44962
50536
19818
14866
-20775
17833
60135
28790
31547
74315
52921
14274
13780
43071
57579
28646
47447
58799
12085
39279
33825
37721
23662
28318
20327
31010
35289
47783
32617
61009
39477
36622
33760
28805
72958
74972
30463
32489
-3943
22643
31033
46565
34055
55509
55456
43054
33926
41748
38687
35518
30780
62819
32407
17652
25241
69823
37050
64905
60446
59262
56777
50357
51863
40825
53545
22751
25439
1449
-2651
27835
80480
49672
26092
20036
35012
35198
19595
-9974
29388
24606
69029
35212
45813
71743
35731
20887
39335
28831
1556
67081
-3186
-4159
3756
24113
19166
39662
36155
57186
35611
31302
41356
46863
31025
46248
5834
75682
-18529
49276
8218
67772
65197
39773
49054
-12386
9056
10037
43061
16122
25721
42557
-1000
33637
-5127
41958
28007
-1720
42154
24085
59077
51887
35157
24373
51488
12693
13239
19451
7776
51196
65894
38119
78605
20783
12768
61101
41157
23432
25531
82588
50274
34669
39914
64860
21758
654
-3958
2472
-8732
-3385
-2973
-12044
-13417
-5776
-2475
-9788
3066
774
5068
9545
1265
47237
82724
26492
31079
36457
71496
25570
46473
29329
12328
53202
27781
49529
29734
53895
5371
41169
52416
46361
30822
54188
70797
59212
62561
81698
59583
87353
42401
83242
44058
59859
12155
96826
65669
39760
53315
69584
50694
75124
57111
48854
24030
93120
60412
75440
76335
24796
-8048
68751
63300
44183
43620
84783
53298
58595
53897
84051
49966
12435
38512
84519
64843
64882
19436
74868
50106
69581
60256
52434
51831
102739
58963
54486
78046
70916
72878
50849
46770
28976
15106
61889
75835
72553
55541
46516
40403
75432
70279
65155
53621
38103
52754
72398
43920
30798
-1139
48170
57555
62690
84810
49805
57276
69817
44978
79509
83825
63493
60132
24635
67227
34539
5249
67700
99785
37920
32670
60174
79242
78233
73234
61223
60115
37432
29992
41872
67296
51904
-3934
67505
107277
77212
52438
54535
64037
84871
61366
84853
64679
74538
65436
37149
43854
48018
2517
88288
85404
77840
76584
87185
59811
71483
65387
67964
68092
49391
72191
43410
52731
73884
15933
45624
102872
38114
81387
73009
109709
87771
79156
91792
47336
85238
66844
39676
86922
35658
45020
41953
89143
47406
80203
42260
20426
84767
44904
73578
48432
79492
64650
66046
80521
34653
9209
45914
66696
45291
56742
81601
54411
84004
58036
81624
57867
76363
52155
69239
77068
39591
12043
68764
36610
78007
19441
57777
76494
75771
62182
72838
90648
47240
93674
74079
78720
57894
4168
81784
72303
58838
42797
39992
71472
87694
60933
69498
57389
77738
43233
54940
61535
32540
1761
18592
42285
33866
36837
32928
15837
42866
44360
61741
28009
46381
46395
41378
29536
28134
-45531
-54193
-78967
-68080
-46733
-62142
-61398
-43905
-3473
-31302
-30213
-9303
1121
-28953
-6595
-31367
-47185
-80862
-86944
-77991
-66487
-91414
-85027
-81493
-72440
-73042
-74723
-78385
-61085
-58823
-62455
-81138
-30613
-101713
-50167
-25785
-34935
-95879
-107720
-114693
-94552
-25417
-78474
-74544
-59601
-32608
-57087
-47022
-31965
-34693
-25933
-36957
-78656
-116009
-97575
-69281
-72114
-68727
-81345
-28323
-46277
-75038
-62180
-52491
-64507
-98617
-77204
-70210
-102867
-115780
-88307
-123785
-110748
-81263
-49757
-45371
-78447
-44353
-74998
-46422
-68478
-106989
-104327
-99940
-103655
-74549
-123101
-123773
-73242
-78219
-54302
-87153
-85057
-51206
-60190
-13528
-42646
-92988
-112479
-115380
-98948
-71100
-92572
-93076
-72669
-125957
-99205
-117242
-73769
-36366
-17569
-38004
-39864
-100835
-104319
-117438
-65256
-51939
-64069
-72735
-101444
-114653
-47573
-52779
-9413
-67487
-77449
-49772
-58279
-102995
-107403
-69844
-29499
-72135
-63557
-84393
-96068
-76999
-50801
-19581
-25923
-104324
-65203
-52870
-45180
-105381
-102566
-51233
-53610
-60521
-80035
-60433
-68197
-55031
-65687
-34681
-71027
-42066
-60418
-64694
-52752
-84650
-89538
-64061
-72467
-70783
-126924
-93498
-95611
-81867
-67228
-60455
-37844
-19649
-105266
-55015
-37584
-78144
-71378
-108440
-109616
-96595
-64665
-85332
-71841
-52029
-46914
-56005
-53920
-74488
-77565
-29998
19049
-76538
-36271
-117072
-81022
-69092
-60743
-53856
-52908
-70597
-102870
-81567
-98107
-59734
-44732
-51432
-15150
-116816
-48768
-79499
-67536
-67152
-82782
-42786
-51214
-62821
-97515
-84448
-121179
-109531
-119730
-73589
-63575
-106997
-87713
-60662
-57636
-91620
-83906
-78711
-42460
-77898
-79703
-69950
-91993
-113520
-103880
-58360
-28318
-68192
-55259
-31489
-32676
-53829
-64143
-79240
-82209
-89803
-71169
-67384
-81918
-74798
-65368
-62252
-50181
-110506
-85114
-68862
-103262
-100211
-61772
-88698
-91078
-49602
-77466
-93943
-111433
-59108
-86244
-82929
-36511
-89045
-36415
-56061
-86533
-47252
-87181
-69260
-104688
-36417
-72206
-60667
-52455
-44735
-70911
-46691
-70739
-28274
-51430
-57329
-57759
-38061
-65629
-71624
-60177
-65835
-41327
-82547
-57089
-82524
-65063
-67795
-54291
-76832
-62900
-71617
-45657
-43934
-56474
-126762
-70449
-57955
-34528
-72537
-98360
-30993
-81124
-39787
-43159
-54252
-71704
-46203
-66762
-54062
-118469
-107812
-54598
-55779
-53899
-102889
-58145
-46659
-49639
-34804
-34328
-107380
-69608
-93458
-54001
-77749
-90958
-59746
-96492
-107598
-89693
-43963
-39386
-52448
-22821
-43124
-58039
-107637
-70964
-65397
-79218
-75733
-50681
-63494
-119585
-73154
-43929
-85603
-32404
-86330
-56448
-25436
-78162
-68409
-81736
-51187
-46427
-109185
-61961
-88490
-58050
-65323
-84707
-60862
-58314
-94381
-32364
-52091
-52625
-72732
-69812
-75637
-89595
-80204
-92621
-68594
-81658
-32306
-101796
-58889
-80213
11547
-90984
-68477
-64235
-91077
-125580
-104684
-98526
-44032
-74609
-78569
-92755
-83307
-66264
-52798
3144
-49647
-109684
-76604
-21088
-89764
-80638
-111677
-76303
-85780
-67544
-100874
-83877
-84437
-81196
-50758
-50546
-98912
-54072
-61521
-25767
-79033
-25107
-56084
-33417
-46279
-81452
-58167
-75052
-88284
-88168
-87932
-112237
-47594
-54536
-47269
-87735
-49215
-58094
-14904
-49194
-84627
-63722
-80656
-58324
-43337
-44951
-77603
-61595
-73524
-110916
-17202
-84635
-41648
-42450
-78363
-93888
-90556
-65918
-96735
-75189
-52706
-43633
-91531
-69391
-96425
-62134
-59554
-47697
-76382
-45756
-82837
-61887
-40023
-90241
-102845
-88078
-72932
-105093
-100901
-90944
-37093
-88964
-71144
-55174
-56348
-62652
-60884
-20278
-35780
-47104
-47529
-26634
-13542
-56824
-55007
-32730
-24493
-50801
-31135
-286
-346
429
365
-83
-8
-139
345
214
146
244
412
86
-296
110
444
-193
15
-484
-313
17
-200
-103
-131
-208
357
-328
-335
-675
473
-226
127
-734
-111
291
-334
27
753
-153
-17
604
2
-671
663
240
146
-111
568
-711
344
-69
-411
303
488
167
-47
-394
199
363
-14
-618
-64
-55
-106
-700
69
580
574
-12
-163
-521
113
207
-18
-178
-37
112
197
-586
603
-139
282
-266
118
126
-79
226
640
51
243
-19
-565
-155
5
542
226
-193
-344
-122
-328
390
-59
47
-79
-474
-309
-105
625
308
-350
-528
512
-374
-328
692
134
-205
-147
263
289
-37
634
462
-95
-244
-524
495
418
-673
18
110
257
-278
12
33
-40
-15
-93
-236
319
-188
46
193
31
-758
175
33
-238
240
137
122
47
238
589
195
-118
-453
-19
-427
187
-567
228
-130
-254
-375
-16
142
88
6
60
-376
191
747
-194
37
496
-171
-184
-319
-514
924
728
-226
-231
242
-32
-642
-15
-397
-482
426
58
-730
-494
597
-333
108
-28
-222
436
-322
-350
497
48
-225
95
223
581
-727
480
294
225
122
-298
335
94
-62
667
139
-570
69
29
-66
432
-662
375
-408
-14
-183
-136
164
70
-156
-722
-75
-107
-263
-407
-27
111
-596
-496
-536
-654
-517
160
-617
-583
-475
182
-400
-559
-261
106
-324
-198
-513
-80
-427
-510
81
-558
-307
-481
-392
-162
-284
-91
-225
-56
-414
-189
-387
-559
-548
-591
-486
-524
-1336
-913
-587
-1024
-492
-993
-572
-1187
-723
-628
-801
-259
-511
-629
-569
-996
-740
-660
-904
-867
-596
-927
-1107
-737
-264
-211
-236
-1194
-999
-848
-635
-917
-930
-562
-995
-542
-903
-830
-265
-1087
-1107
-165
-230
-276
-1090
-836
-564
-1372
-764
-352
-711
-1596
-693
-424
-927
-607
-312
-741
-588
-793
-560
-581
-444
18
-425
-788
-922
-392
-980
-1115
-576
-173
-1095
-566
-545
-655
-792
-1040
-637
-1025
-685
-552
-578
-1131
-531
-317
-816
-775
-856
-561
-562
-329
-437
-762
-973
-879
-590
-994
-703
-625
-909
-994
-715
-576
-1325
-29
-488
-1146
-1292
-508
-506
-803
-861
-935
-893
-965
-1091
-644
-532
-554
-831
130
-123
-503
-720
-858
-796
-932
-1036
-801
-756
-688
-692
-1064
-873
-607
-723
-602
-766
-659
-738
-1300
-438
-1551
-791
-1146
-857
-535
-416
-757
-1425
-408
-721
-497
-370
-947
-791
222
-658
-746
-392
-690
-686
-823
-1208
-1113
-703
-555
-888
92
-631
-361
-785
-392
-1074
-645
-366
-797
-283
-483
-282
-794
-1108
-692
-365
-377
301
-576
-750
-411
-372
-541
-1107
-685
-483
-1103
-744
-1070
-606
-1105
-1092
-675
-415
-1204
-756
-371
-746
-911
-562
-866
-971
-824
-1090
-545
-856
-50
-969
-314
-333
-651
-716
-459
-336
-563
-229
-441
-91
-811
-529
-652
-373
-1166
-195
-32
-38
88
-200
-194
3
118
-191
107
30
-364
66
-390
-63
-161
-384
141
-598
-493
-422
-896
-397
-257
-714
-788
-678
-382
-980
-427
-1033
-400
-700
-143
-660
-575
-458
-790
-1074
-674
-678
-684
-369
-696
-916
-78
-570
-797
-555
2
-296
-452
-581
-714
-552
-778
-500
-272
-149
-568
-1090
-964
-67
-540
-666
-666
-425
-163
-567
-820
81
-363
-493
-668
-533
-740
-835
-452
-988
-599
-624
-128
-437
-227
-872
-459
-790
-358
-721
-609
-422
-194
-903
-997
-207
-1270
-404
-829
-577
-367
-245
-782
-595
-1130
-757
-648
-395
-689
-839
-38
-709
-579
-880
-236
-36
-629
-759
-680
-757
-575
-732
-491
-1111
-342
-925
-830
-180
-610
-45
-847
-407
-152
-1195
-194
-595
-576
-655
-994
-447
-494
-506
-259
-960
-675
-619
-168
-233
-210
-576
-674
-267
-614
-795
-821
-933
-409
-540
-571
-835
-430
-676
-620
-635
-248
-416
-859
-761
-567
-325
-351
-767
-1018
-131
-384
-415
-974
-312
-581
-401
-958
-258
-889
-361
-984
-230
-166
-261
-722
-426
-424
-666
-695
-408
-482
-467
-215
-717
-1153
-641
-561
-652
-606
-434
-569
-234
-855
-927
-381
-862
-298
-265
-278
-997
-930
-451
-336
-581
-758
-833
-671
-900
-581
-167
-358
-128
-486
-289
-66
-607
-551
-860
-869
-548
-401
-918
-870
-151
-624
-891
-445
197
40
-450
-310
-673
-774
-875
-578
-650
-397
-537
-279
-977
-625
-703
-483
-966
-324
139
-350
-256
-32
-358
74
-202
-424
-56
-179
-187
-194
-19
-331
-174
-163
336
664
283
322
561
198
-262
439
790
-193
679
254
404
168
87
-504
512
1021
1082
459
362
442
593
58
522
228
357
287
470
677
155
175
516
495
813
-41
710
639
156
464
550
142
512
438
604
304
484
77
412
41
-142
294
340
385
460
217
305
619
663
215
42
664
-169
-332
805
693
400
638
710
181
157
881
804
749
225
472
514
218
541
23
442
801
333
499
662
482
948
1104
345
306
89
451
595
675
370
-157
721
560
754
679
476
779
501
572
340
416
434
726
819
255
-281
219
535
672
209
892
484
568
361
384
473
470
785
444
271
219
159
-11
337
470
448
285
546
479
606
340
448
584
363
388
607
524
1042
-205
660
653
189
256
641
-82
89
460
472
330
227
478
427
660
334
202
356
1142
-115
293
31
627
424
406
381
558
488
474
176
694
525
2
-196
495
-319
425
760
500
852
529
645
294
361
831
599
646
-132
-299
295
-262
604
790
767
301
610
674
-146
497
717
911
48
132
349
-249
62
67
589
156
396
-2
199
194
-30
481
-167
114
256
274
57
-139
585
1001
783
541
781
715
457
692
516
602
591
618
903
642
1037
296
-98
-143
380
225
-24
-81
47
-29
456
219
270
280
11
242
413
-175
-174
644
842
-110
396
436
807
237
201
191
24
754
231
241
164
171
150
70
394
676
611
655
246
254
634
304
221
-19
363
291
543
306
-182
691
440
685
556
613
473
418
164
824
406
545
-10
637
-174
374
378
153
494
111
93
426
-341
620
751
276
153
332
754
641
501
622
114
391
820
614
314
385
677
807
200
427
843
574
-138
481
520
100
49
-144
357
338
466
869
378
235
187
488
-148
32
805
330
145
638
277
425
544
627
381
350
100
560
762
674
711
384
-91
504
415
-544
-267
474
256
188
431
169
333
632
375
376
377
584
304
1085
-217
287
82
374
171
559
143
705
723
6
262
510
415
826
366
-250
32
322
-102
388
608
777
728
533
-144
806
337
23
-112
356
329
398
1033
405
87
-48
523
-177
1126
822
375
409
449
267
689
834
64
673
70
12
87
82
624
645
-139
-98
246
480
182
953
149
780
560
-51
377
781
33
1043
303
241
466
641
592
353
273
401
491
329
49
534
832
-221
-146
82
334
-121
356
684
266
625
419
321
212
502
566
121
230
94
203
553
141
606
598
32
416
418
127
604
284
323
73
666
505
523
-903
-445
-534
-317
-516
42
-690
-425
-238
-678
-135
-681
-507
-29
-267
81
-660
167
101
327
238
481
114
193
589
-94
318
-72
573
-54
173
790
-422
597
531
262
570
419
287
298
577
-317
558
-94
490
156
133
652
-670
125
595
245
902
234
500
276
280
-3
-263
-260
225
-368
279
742
-223
-266
-13
336
215
-62
262
155
386
176
586
162
418
67
460
711
-335
404
-41
441
65
-166
316
544
278
100
271
251
500
495
333
441
-926
-126
127
866
230
314
613
354
-80
112
95
372
74
446
360
810
-835
101
482
220
-123
696
433
616
224
293
226
-48
442
-162
285
584
-769
-84
259
393
303
60
301
182
514
214
467
462
400
-203
-47
211
-459
57
-87
123
461
350
35
225
255
346
451
594
185
-42
470
350
-608
601
133
379
815
135
76
6
346
293
260
-10
-401
-15
151
1042
-167
947
338
546
231
109
171
180
556
480
198
211
-246
502
99
911
-685
615
28
260
91
197
772
189
547
380
300
464
-51
1089
-22
693
-341
-56
439
62
670
-25
442
625
377
354
66
208
-272
452
224
835
-238
107
-244
-88
431
318
362
216
259
506
-168
-80
109
-21
-202
594
43
660
358
667
528
630
974
686
682
506
611
661
641
487
545
565
-124
-109
219
205
-119
423
146
163
232
-198
-14
134
62
-15
-85
-268
-552
18
-365
-364
-84
-138
-106
-866
139
-299
-191
-639
-521
-275
-314
-602
-41
-258
523
-299
-154
-177
-331
-328
-84
-33
49
445
266
72
-413
-267
52
-362
-521
298
-225
162
367
-418
-446
-344
-213
-844
-613
61
-467
-423
-221
228
-80
-498
374
-217
-523
227
-394
-43
-328
254
-83
-556
-460
-500
168
-284
-442
116
-33
-619
47
46
-307
-235
319
-526
-143
-12
-713
-594
54
-285
-352
-82
56
247
-651
114
-251
-378
-738
313
141
-322
-443
-585
297
40
182
-180
-351
117
448
325
295
19
-63
-549
-367
52
-178
-310
-264
-11
-79
213
165
-231
-178
-274
-19
-105
-42
-433
178
-856
-212
-557
-197
111
6
-149
209
43
-247
-257
-101
-168
-306
117
-356
146
-49
-679
-668
-348
-129
-328
-394
47
-195
297
-395
-325
-206
271
88
42
-274
-248
-476
373
-1033
46
-166
-233
-514
-320
4
273
-393
-382
-245
-296
-373
-471
-364
-891
319
-183
-96
-134
0
-325
-551
-194
1
309
-92
-20
64
-729
-287
-136
64
-335
256
112
87
100
-62
508
17
-298
-326
242
-420
-405
-238
11
-356
-123
89
-747
-697
167
-463
32
-244
-31
-197
-717
148
-589
-328
-579
-564
-146
-769
-142
-696
-650
-326
-446
-21
-471
-212
-252
-658
-677
290
41
-91
562
276
79
-100
75
163
251
391
438
207
188
76
616
474
592
483
416
522
93
178
515
701
-94
525
848
330
-293
-241
106
672
-118
326
424
200
289
206
365
-25
-146
-215
-286
-48
-319
433
548
-68
16
344
-356
75
174
296
-224
190
185
185
464
297
246
380
287
314
79
-126
74
57
-227
278
143
58
270
-218
535
434
234
429
53
-84
-65
460
94
447
587
664
303
291
-213
180
404
-466
-46
185
529
527
164
109
-75
81
654
445
137
257
120
-15
-197
481
380
347
49
360
176
122
104
460
110
-369
-149
63
-115
501
5
-199
342
-12
-143
366
-49
-62
23
514
-74
339
-47
97
129
402
-315
891
-35
206
193
609
-7
309
52
336
126
82
252
-176
-37
357
-45
111
-324
312
331
688
47
626
550
417
-210
-272
372
103
115
-3
-127
3
580
835
448
566
951
537
185
-193
212
427
304
185
296
257
40
312
656
-19
146
303
263
124
97
273
554
389
188
687
340
-295
362
306
-225
69
567
194
190
-81
256
346
228
242
4
-559
-48
319
-233
91
128
148
191
115
238
674
608
407
368
211
747
619
366
273
419
255
68
208
425
759
528
460
602
756
646
788
704
162
365
169
522
136
613
417
802
-495
-966
-932
-974
-507
-1223
-999
-902
-542
-1202
-1085
-601
-873
-732
-152
-608
-1046
-1095
-1076
-1138
-1371
-996
-1000
-1590
-1378
-1027
-721
-1095
-1654
-1100
-1140
-159
-765
-820
-1306
-1446
-1431
-1363
-1446
-1425
-668
-754
-1533
-1134
-1362
-1401
-794
-107
-1204
-922
-1075
-1552
-802
-1084
-855
-963
-1376
-1347
-868
-263
-1254
-714
-804
-502
-914
-1623
-1111
-996
-1223
-1175
-892
-1646
-1039
-571
-725
-1390
-879
-668
-1182
-621
-1221
-1307
-704
-1553
-1032
-1590
-1429
-783
-988
-1077
-924
-1044
-1293
-1368
-676
-279
-1038
-790
-1570
-1561
-1699
-1162
-910
-1213
-1202
-1128
-648
-1840
-1628
-387
-465
-180
-1324
-1468
-802
-1005
-1212
-1139
-1030
-1333
-880
-1474
-1227
-921
-320
-575
-1122
-627
-611
-862
-895
-1457
-1570
-411
-1166
-1115
-1065
-1490
-1512
-820
-1323
-1159
-890
-638
-1080
-959
-489
-1279
-915
-1464
-804
-1135
-1569
-938
-1567
-1510
-1131
-1133
-1080
-479
-1173
-598
-1211
-832
-975
-781
-1055
-1027
-1340
-891
-1329
-985
-1369
-1044
-465
-667
-1356
-728
-878
-1170
-1510
-1580
-1071
-987
-883
-1105
-912
-991
-1435
-993
-990
-239
-833
-921
-1036
-1258
-1517
-1213
-1611
-1127
-1059
-692
-1602
-790
-955
-755
-951
9
-913
-1240
-845
-1258
-894
-647
-1093
-721
-892
-1203
-586
-1163
-1171
-705
-741
-456
-959
-740
-794
-1293
-1054
-638
-578
-1367
-555
-436
-1385
-1023
-733
-589
-1235
-362
-439
-185
130
-267
-196
-157
-130
-107
161
-7
-125
-102
-420
-248
-41
-23
-682
-195
-868
-568
-152
-533
-643
-586
-179
-341
-847
-469
-344
-72
190
256
-870
-110
-226
-342
-319
-851
-402
-76
-469
-473
-118
-227
-110
-259
223
-96
-687
-341
-613
-323
-1146
-302
-201
292
-814
-323
-563
-710
-808
-580
-535
203
-759
-242
-141
-554
-417
66
-239
-65
-357
-399
-222
-241
-332
-912
-50
-239
-621
-569
-1007
-347
-106
-108
-222
-788
193
-127
-454
-543
-441
53
-19
-176
-1091
-549
-456
-676
-638
-73
-431
-355
277
-65
-690
-796
-127
413
-222
242
-838
-418
-610
-852
-478
-202
-54
-467
-522
-423
-95
-525
-872
166
13
-177
-1268
223
-79
-540
-472
-221
-144
-542
-576
-702
-395
-349
-456
-326
-55
-148
-345
394
-306
-445
-687
-444
-255
-520
-220
-806
-418
-974
-670
-378
84
-282
-720
-740
-414
-447
-517
-567
-762
-342
-583
-389
-454
-387
-477
-504
-645
-5
-694
182
-669
-639
152
-365
-463
-551
-616
-192
-76
-605
-482
-304
-15
-30
-8
87
-601
-738
-450
-598
-138
-703
-895
-179
-809
-296
-170
-349
560
34
-313
-209
-211
-425
-805
-655
-55
-594
-160
-403
-424
-654
-261
-200
-189
145
-308
-223
-168
152
-629
-538
-252
-338
-115
-657
95
-762
-504
-678
596
-371
-446
38
158
80
-574
-11
226
-375
64
151
-372
-460
-540
-83
156
-39
-151
193
318
233
425
193
192
57
305
496
165
181
-243
35
212
214
381
137
544
211
401
259
314
514
435
218
327
503
433
72
734
-310
397
923
1053
1114
628
625
730
694
898
755
944
1254
1270
750
442
89
203
1069
638
566
923
1698
1317
967
1067
1099
655
987
1138
836
503
257
498
979
1446
713
1327
1682
1284
672
609
806
1218
950
1077
1326
977
480
766
1061
1338
1169
1307
1253
1079
763
1096
1019
757
1232
849
832
1146
522
182
1186
1044
731
1472
1100
894
1509
1215
1099
827
1344
652
691
881
466
716
1325
1068
910
965
1006
1011
805
764
952
840
623
1188
1311
1089
442
796
1240
1203
865
1296
1494
573
771
1350
1201
1210
1107
1198
972
1055
459
897
1360
1127
1370
1286
804
650
1101
1197
1442
886
640
669
1458
457
150
163
610
997
669
1410
872
1157
1000
1200
1423
847
1112
1184
1104
928
807
399
933
1316
1579
1153
1038
765
1201
1208
1110
1155
707
1224
948
762
452
663
1133
921
1106
1442
1010
913
620
1403
664
824
1071
795
1544
760
184
384
651
586
680
1068
654
964
1177
753
1060
1086
785
1027
1205
942
319
596
820
1260
1286
951
1077
1541
1261
1299
1246
929
1164
1166
1143
1224
542
271
1233
774
659
558
796
888
706
713
985
542
670
455
974
615
-90
313
309
836
900
901
776
647
773
750
858
851
892
630
826
646
514
-289
-887
-664
-284
-696
-512
-574
-468
-455
-599
-370
-805
-473
-624
-248
-164
189
363
-335
387
154
-49
82
232
-55
717
453
232
25
44
-314
51
-225
570
367
50
142
-20
-124
-123
-19
188
575
-76
494
-143
15
-94
255
-67
-144
210
183
198
455
-14
189
187
295
363
-75
291
-363
-253
51
180
303
248
301
168
137
201
-93
141
44
-139
568
214
76
392
90
-140
473
391
96
-356
497
17
88
-219
214
293
310
102
368
-59
21
-133
44
-8
111
320
490
400
201
195
629
525
-197
-360
-162
18
-50
-319
253
139
81
175
684
52
-75
-336
-113
28
142
403
-59
316
418
137
631
394
112
13
129
377
106
108
-102
326
379
181
-190
50
-226
31
-275
215
92
22
214
307
318
364
235
-106
40
-187
-316
39
102
-220
125
131
462
241
-94
300
390
-23
469
515
-117
157
10
222
324
329
262
408
127
310
233
-222
45
255
148
492
49
511
-323
268
-128
89
88
106
239
444
570
176
450
103
612
230
593
-261
55
-94
21
86
190
284
118
-34
399
-67
361
632
299
164
-312
204
-328
27
131
279
532
686
375
398
450
469
25
549
445
423
302
100
-2
38
205
686
422
722
702
823
910
849
715
622
780
614
856
679
308
90
294
267
734
685
324
627
796
629
284
95
519
560
940
483
154
214
-220
454
772
355
104
419
368
452
419
550
645
821
314
684
-206
364
-488
25
-339
-392
-115
105
357
-292
-408
503
613
-45
-42
136
-363
7
-561
-250
-556
-365
-362
302
-256
-495
93
428
-367
-137
-502
130
-233
449
-439
-708
-68
-100
246
-77
-220
66
388
-131
411
-209
105
73
-498
-123
-562
430
164
311
-64
-482
197
-91
126
-144
-131
-343
-188
-372
-621
42
-324
-237
-65
-297
-438
208
-233
-153
19
-542
-534
-165
446
302
262
372
-27
-342
-315
-195
8
-639
-109
-603
206
-6
655
247
255
339
-496
216
-408
-1063
-292
402
455
162
-179
192
202
71
418
227
237
169
-533
-13
-582
-571
-55
-44
-8
238
461
-102
24
96
-110
318
-9
-298
123
602
-295
-79
-116
-385
-187
-28
-572
-60
-139
161
0
-138
292
31
-82
-77
-588
-365
-574
381
227
-150
433
109
-148
260
698
-279
-163
76
-728
-36
-1079
-690
153
-187
-407
180
-198
210
309
-71
-370
-99
-146
-628
179
354
-749
-604
528
43
-36
11
360
-235
-140
219
742
-5
-91
91
-414
205
-736
-483
-61
-8
44
202
-225
-106
59
-246
-370
-599
-494
-278
-290
-109
-657
-476
-590
-676
-789
-793
-601
-728
-580
-531
-597
-600
-332
-440
-755
-86
213
557
374
53
448
135
298
321
428
430
870
319
365
147
-48
349
684
713
964
789
801
622
664
445
886
335
754
796
675
584
297
60
656
1051
734
1339
1091
844
726
983
572
1195
789
1560
869
1164
370
796
560
615
1814
1428
1433
1056
787
715
717
1124
1242
909
1375
1205
966
804
511
1070
371
1044
1102
535
1117
980
1077
884
841
1387
323
1495
1434
911
408
845
1435
1289
1035
1291
1117
892
871
1134
1224
1193
1176
484
236
552
450
746
1044
1061
1354
816
1033
961
1207
745
781
776
815
1150
721
870
932
1166
1873
1459
912
776
1059
1160
1180
561
1128
443
1605
850
809
987
617
841
701
780
968
1015
858
976
1526
677
1277
816
1147
1033
1169
422
684
744
1171
907
1283
787
694
1371
1221
1021
943
1384
1368
890
500
943
295
1208
1095
1445
979
844
1140
1580
1051
808
706
1105
1123
983
877
1116
318
974
302
991
249
1134
1042
1172
547
1043
819
1247
1346
787
737
377
473
1028
1216
449
989
1044
1177
1205
1179
1398
1159
1480
800
1043
556
488
656
723
985
1130
1261
1051
1241
1185
641
500
807
592
1367
738
680
802
363
581
1042
1024
1100
1210
1364
1097
1002
1149
992
1435
1256
915
384
758
383
557
966
999
1143
1128
1085
915
755
611
930
893
1013
941
718
489
-235
884
701
205
448
295
571
595
229
129
933
575
517
-35
216
224
288
1080
810
1043
1010
1244
853
519
839
1257
715
1030
1084
1466
448
760
269
549
624
493
975
903
655
835
37
484
567
850
954
705
598
994
-47
326
972
907
695
844
870
502
645
931
306
418
645
682
589
1102
326
1052
405
485
772
489
976
1058
1241
116
383
965
301
413
1245
563
44
901
966
876
601
772
650
786
173
538
735
590
740
299
-226
848
-18
970
829
694
531
613
297
500
965
536
404
735
520
479
319
849
142
582
1010
1076
538
25
289
580
1034
784
625
272
229
595
249
501
-64
417
693
829
463
500
824
749
748
262
315
680
558
836
381
790
338
236
661
397
992
683
878
634
622
875
1127
689
875
459
159
721
-88
738
494
641
533
666
579
586
613
759
722
526
901
464
536
743
-35
471
401
1116
859
359
753
289
108
526
947
913
883
847
4
799
-14
134
1391
509
213
731
519
383
997
1179
640
528
608
663
829
586
-258
877
537
889
643
986
762
287
285
285
858
129
877
959
84
506
187
137
487
603
333
313
224
165
346
252
692
566
-60
334
-3
501
-131
198
251
101
217
306
307
213
118
-14
63
89
203
381
269
234
-45
441
-88
639
652
484
517
332
474
570
212
52
575
361
512
554
169
214
974
444
30
820
991
662
252
847
626
513
707
58
641
150
586
613
726
833
538
664
861
552
309
821
468
829
942
849
1113
685
227
629
651
406
209
541
1111
729
625
726
849
427
809
72
695
407
180
229
589
591
259
681
575
395
245
977
281
654
675
788
260
276
375
389
581
516
496
554
588
914
580
160
260
632
621
63
778
705
469
811
675
584
516
505
964
580
276
913
912
479
527
206
639
162
152
448
974
1106
386
469
522
573
85
492
584
615
679
346
749
210
73
161
456
168
642
1047
1052
437
488
562
1062
871
638
289
856
909
569
452
510
840
450
799
983
851
220
973
851
442
530
707
718
214
218
194
640
451
481
895
492
-49
659
790
761
601
406
531
621
691
351
304
773
410
583
948
211
963
970
995
1013
734
696
584
454
512
431
246
589
1161
1159
841
681
438
799
774
750
585
731
244
402
327
-74
335
861
567
185
309
-289
248
262
368
1145
358
93
-163
854
331
195
700
862
496
789
961
657
283
478
606
698
799
850
1099
422
733
484
659
457
209
108
-10
76
164
283
372
143
-67
32
206
281
155
368
-30
459
259
275
335
512
396
398
393
211
377
443
668
631
274
230
398
378
639
762
110
278
491
1052
640
738
641
810
381
774
616
-89
368
552
415
245
782
797
413
235
712
644
705
705
555
610
422
9
31
792
-79
385
486
500
577
253
842
796
172
361
360
1087
424
-8
-97
588
663
749
285
979
390
-14
749
553
612
434
711
846
354
321
-34
155
474
651
1045
907
571
376
638
-3
381
1378
947
999
641
-128
51
344
55
720
747
386
368
197
600
360
860
799
370
922
619
394
779
481
390
569
786
369
514
352
543
1132
256
469
568
510
1068
7
176
410
713
522
524
625
522
795
498
285
329
591
623
547
570
487
320
978
218
56
809
478
575
1034
307
117
504
258
268
1139
797
-130
144
351
315
661
194
188
974
810
660
1019
112
361
489
704
436
387
98
346
703
774
953
587
690
427
623
117
312
172
721
350
924
56
570
209
288
939
599
322
988
430
286
867
486
551
318
1153
1108
403
55
482
414
705
819
778
807
773
746
701
406
1004
304
837
585
292
742
885
725
658
772
343
715
432
614
692
901
759
992
884
790
273
-219
491
319
382
172
269
149
64
472
420
190
715
423
664
592
10
341
305
379
240
162
520
330
196
614
525
540
344
341
196
290
520
-210
542
558
537
934
645
82
468
141
376
192
860
730
567
405
688
390
669
595
727
361
793
1041
579
367
445
538
325
1023
787
244
611
378
1383
1260
904
722
1268
883
393
436
814
272
833
447
463
740
743
428
358
209
545
562
999
1241
1164
692
678
939
537
325
931
556
559
568
911
490
587
817
739
871
188
1055
866
787
741
713
242
265
769
369
407
558
584
273
597
704
736
551
144
332
472
481
565
590
555
133
825
881
485
490
763
731
466
685
366
532
879
304
495
163
811
603
389
704
622
579
709
709
525
361
688
439
455
501
972
542
746
68
261
690
867
407
436
791
661
436
935
567
1009
514
131
504
811
303
893
832
431
1088
563
708
612
870
585
955
563
892
287
600
708
907
359
420
753
1241
295
551
466
72
1235
811
843
863
406
268
852
544
662
678
185
807
739
493
587
1022
553
867
452
1122
284
265
930
745
684
728
630
849
1125
1172
839
354
316
742
943
713
490
689
473
7
371
646
621
149
619
629
257
721
987
407
113
270
44
241
158
187
431
528
663
612
358
595
256
331
334
658
234
267
323
432
-282
384
19
140
-52
217
-134
261
191
271
103
223
287
414
179
530
42
128
113
925
158
-65
183
284
141
-185
164
-108
362
157
506
88
-17
613
349
452
104
-103
501
533
-130
591
127
485
186
324
56
259
384
635
420
659
63
-169
181
-38
420
196
589
382
279
436
466
236
557
327
176
471
217
203
125
564
397
-103
465
-73
-91
655
95
148
305
517
714
308
358
144
-64
145
637
477
347
-201
471
-224
-322
267
-21
519
346
763
527
309
547
617
489
-100
431
56
142
599
406
62
291
593
48
364
743
317
537
396
446
36
448
153
414
388
-48
33
637
431
28
42
31
380
286
338
481
-305
606
-24
406
114
163
75
207
699
427
258
334
-77
277
624
257
435
762
254
578
279
626
351
456
539
284
496
144
278
509
426
-251
518
192
749
666
635
283
364
248
463
-528
604
92
530
531
285
245
406
747
870
632
423
483
-140
344
387
-23
222
184
769
290
168
601
672
241
538
507
94
122
-149
606
-126
286
758
484
666
427
44
-179
-190
461
610
500
-177
-490
22
344
84
915
535
360
425
861
379
479
705
536
439
456
483
628
229
441
604
710
619
508
579
536
385
486
451
397
555
468
285
571
-76
220
-186
43
188
135
115
111
102
240
194
30
419
-114
-17
-154
460
688
484
472
439
237
291
352
231
205
355
815
143
74
661
-77
139
426
56
86
-108
164
164
430
-98
220
362
322
286
303
330
48
-57
767
468
121
11
404
7
158
-200
309
146
434
586
-40
181
110
-119
607
222
-44
190
22
285
290
402
378
410
153
-578
97
476
-193
53
966
304
331
104
585
219
116
456
531
-202
39
541
513
431
280
-208
913
165
115
66
525
348
319
523
-6
237
223
241
782
500
-48
148
658
71
-180
443
390
-89
370
541
733
627
175
207
211
348
23
79
667
-141
461
179
82
5
141
335
-28
55
-45
389
280
289
282
490
881
12
-282
357
325
260
393
263
-56
516
975
193
778
643
203
-179
746
220
-5
-121
573
422
283
217
204
827
-98
-44
562
-130
107
111
775
-221
156
273
108
351
432
99
174
458
265
380
200
467
222
308
443
229
606
390
242
589
179
58
382
720
382
4
152
452
-424
-126
666
-26
598
336
856
705
-95
150
435
51
274
597
-61
347
-158
94
648
-150
305
107
-20
140
218
167
137
616
232
52
772
410
177
366
303
305
111
-18
169
227
-164
88
214
-8
82
-212
-39
131
17
-281
-600
-670
21
-492
-145
-273
-93
-358
-199
-708
51
-121
-132
50
90
-153
-662
-1047
-1140
-748
-1171
-942
-301
-701
-769
-638
-1164
-969
-766
-644
-169
67
-1132
-449
-729
-1604
-1236
-1154
-699
-1267
-986
-1173
-825
-1148
-990
-1812
-996
-618
-586
-1379
-1466
-1255
-863
-927
-1276
-1065
-573
-599
-1480
-1120
-1487
-895
-1446
-790
-971
-1118
-1343
-1341
-741
-978
-1637
-812
-829
-1038
-1152
-1233
-433
-1138
-1179
-217
-896
-1233
-910
-1717
-1098
-1471
-1338
-976
-1121
-962
-1164
-1138
-690
-1045
-910
-671
-902
-888
-1445
-1113
-1335
-1408
-1077
-842
-1144
-1124
-847
-1240
-1428
-1480
-931
-948
-114
-977
-1518
-1439
-1179
-1330
-1079
-1183
-1148
-1034
-1483
-974
-1346
-1094
-819
-901
-518
-1183
-994
-1134
-1460
-1519
-1529
-918
-1761
-812
-911
-1100
-1145
-970
-1270
-746
-935
-1163
-1303
-932
-949
-1349
-1009
-910
-1502
-628
-1490
-1234
-939
-1430
-1217
-503
-917
-1574
-1323
-1075
-957
-1240
-1120
-1484
-1366
-1038
-1338
-769
-1217
-1160
-450
-702
-476
-1271
-929
-1085
-1351
-1230
-974
-1267
-1151
-953
-1526
-871
-1648
-920
-918
-738
-679
-748
-587
-990
-1102
-847
-1115
-1134
-818
-1229
-1096
-1293
-854
-968
-1301
-568
-918
-1201
-886
-1089
-1371
-1287
-1036
-740
-1056
-1101
-1023
-1523
-1318
-876
-896
-487
-1140
-1131
-646
-1438
-1421
-1254
-1095
-1365
-683
-584
-1249
-1393
-1551
-973
-954
-711
-618
-524
-1047
-617
-621
-587
-957
-923
-627
-889
-755
-603
-723
-638
-925
-705
267
21
424
603
369
506
524
242
297
460
277
573
753
230
-154
149
253
583
810
-147
220
591
843
425
76
283
518
785
206
352
588
-157
832
502
668
1030
619
1195
534
502
105
1111
824
366
494
539
1207
147
422
394
152
676
828
522
523
1209
592
1202
429
1000
738
222
916
85
337
502
1117
1059
599
576
1090
635
798
430
423
887
1087
89
831
-33
644
674
669
965
64
882
932
447
471
631
790
414
28
620
956
147
743
202
1240
489
825
1064
640
712
503
1231
499
762
1043
870
744
389
231
80
84
841
412
692
1097
439
743
463
907
12
918
774
999
-126
392
629
902
1282
1048
900
1128
569
916
829
828
792
1615
377
997
201
668
150
1188
740
514
1225
206
575
920
747
894
851
348
567
637
283
677
452
409
567
955
817
609
1018
416
680
651
690
1280
603
780
111
229
126
660
942
532
888
667
787
828
1374
1183
891
608
867
535
114
556
88
1030
612
105
1062
918
897
541
473
314
771
100
464
541
354
338
294
759
192
234
637
764
-69
338
588
816
372
379
950
816
-107
932
305
655
1031
1079
1268
906
954
1388
657
985
659
1224
456
1090
419
753
49
808
406
579
344
637
351
422
447
537
586
606
629
505
78
-348
355
72
170
75
271
87
135
305
-3
-114
-6
471
244
-176
93
-337
-27
244
-18
473
623
368
135
-267
107
151
-31
-249
366
449
107
500
409
834
645
457
501
507
839
611
233
452
252
468
345
191
543
122
342
248
556
456
579
474
602
380
164
479
611
701
479
782
935
314
551
179
268
332
510
468
616
896
533
484
526
701
300
421
-195
360
446
480
707
550
688
129
494
425
815
512
-46
331
234
12
260
313
431
455
760
50
357
642
296
338
69
415
203
22
935
276
413
220
542
762
491
751
696
311
470
450
658
515
758
417
496
913
-88
-236
-109
25
331
41
160
518
406
503
127
-28
493
493
-8
243
69
354
1036
1087
871
658
914
628
530
526
99
592
445
497
838
636
180
386
712
207
220
49
621
307
94
298
525
564
581
316
829
452
62
101
604
297
92
664
437
361
617
586
218
641
739
556
-12
494
101
466
555
754
480
204
-20
338
293
380
663
600
649
866
802
1021
365
-7
616
-64
446
425
966
826
812
487
171
191
291
294
163
608
41
99
298
268
409
449
92
102
118
245
80
534
428
49
-28
240
70
206
865
648
489
526
537
505
593
587
718
436
560
550
498
1011
252
510
-601
-359
25
104
-470
-21
-157
-114
-154
-166
-304
-104
-99
31
-183
493
173
112
-322
-252
-285
-117
-137
-302
-173
-100
227
-99
-229
-839
68
257
-281
45
269
367
228
238
317
395
-254
243
-169
245
275
288
-92
804
562
-20
-129
19
67
-104
757
276
-2
-233
382
-514
-666
-178
-54
399
224
339
276
312
-471
-3
-235
-19
88
-106
-35
301
433
-289
-241
568
272
105
250
-87
-306
327
213
206
-436
138
461
-371
416
282
-41
720
56
-65
-31
128
112
-246
-204
-56
-242
221
-137
41
-162
-698
-258
637
368
780
337
-317
-554
-124
-167
71
-339
190
-262
-529
-505
-90
-240
536
363
-247
175
407
-76
-125
542
345
742
155
61
-124
-88
-250
-238
373
-49
8
-106
-68
-336
352
-79
161
275
407
120
156
-8
-431
15
767
428
-116
-136
-215
11
-31
-144
-297
-401
227
285
331
-20
217
-108
554
400
353
407
-150
-211
530
-4
-212
248
-122
-109
94
58
-91
-58
452
-316
276
439
521
172
489
391
-80
-181
86
259
-136
-239
20
-64
752
45
206
8
-720
-471
103
-332
-376
734
27
190
-250
374
-112
-66
834
558
118
482
584
522
424
57
199
-100
94
351
646
53
-164
47
564
-94
-280
-372
-453
-164
-443
-554
-244
-460
-169
-275
-366
-218
-293
-83
-651
-97
263
-19
-91
-11
37
117
-55
-222
-39
505
-209
-249
71
-180
-363
-269
660
-514
366
-37
453
135
-341
-59
149
282
-361
219
-27
-764
-245
296
-352
-497
-9
996
-203
-265
-643
-167
-655
-130
492
-33
166
-233
-133
-387
36
-15
540
-5
-224
290
-30
-87
-174
242
-248
-272
492
-641
-701
-80
-140
-249
25
-353
34
98
207
194
218
-260
139
-424
368
-496
-215
588
-241
199
-457
38
-194
-430
-268
-96
14
512
-16
-53
316
-536
-123
701
-14
198
39
-4
229
-561
98
301
123
267
57
183
142
-270
-43
-744
-254
183
204
271
85
58
-29
495
-755
-685
97
24
-512
-358
-273
562
-138
-288
-120
-169
-279
-151
-353
201
-432
171
127
-59
542
-557
-844
-349
433
-206
130
-379
84
-57
-23
32
-205
184
-465
166
183
-543
-535
-271
-266
236
450
316
-272
402
-352
263
-549
399
-312
14
30
-873
-719
215
123
-511
1
-191
-202
267
317
-202
555
-7
-88
93
190
-13
-308
30
445
184
-175
32
-160
-397
-516
-40
-631
-83
-711
-383
706
-84
-117
386
154
-373
-55
650
-61
-66
39
340
275
169
-40
392
235
-360
-422
-62
-414
-364
-339
-234
-224
-316
213
-37
-178
-173
618
165
356
-182
-315
-246
-152
-60
-429
-334
-394
-53
-227
-28
0
-169
-335
-261
-631
-669
-113
533
86
186
245
262
613
274
180
349
373
411
580
329
128
57
-471
-375
405
570
-124
5
96
-76
-584
116
79
237
303
-603
-192
137
-163
-211
140
-5
333
131
680
78
-86
-58
-305
233
-170
334
297
155
159
-255
92
1
-353
227
-159
355
66
-354
-363
60
-553
-665
-297
90
-91
-421
251
12
41
494
-232
-454
-717
-113
183
161
-458
-365
-404
-254
-288
-36
593
-807
-116
106
392
83
182
407
403
164
177
108
738
-466
-351
126
-340
89
-478
101
-179
-146
14
-26
106
-18
-95
265
-526
27
-322
-610
87
103
-229
-320
-139
-56
30
-494
-84
-584
-260
-31
-183
-71
-119
-162
249
216
-34
73
158
215
421
491
40
90
16
60
11
52
-626
-214
40
-65
-480
-391
-360
425
-228
315
-142
-108
-171
-19
-398
330
-445
-91
-358
487
-87
150
101
-508
292
120
95
-106
-566
104
-202
-93
-273
40
-108
394
-253
238
-165
-170
-89
-121
51
-224
-123
19
-53
-144
-348
-505
80
-342
-150
334
93
-394
-234
-184
457
-173
123
-195
-19
401
-259
335
-224
-378
-231
-179
-749
-291
-183
178
-79
-220
142
386
371
139
-678
163
343
209
-90
-38
382
152
-76
269
10
-29
153
346
-53
261
-968
-343
-742
-604
-826
-551
-942
-906
-579
-508
-311
-458
-693
-661
-279
-269
218
-143
-36
235
55
173
-363
164
-99
-608
53
-173
-424
67
5
-514
562
-46
55
-359
379
80
529
579
85
202
515
251
249
128
145
-133
361
519
185
73
-13
899
695
83
387
95
162
761
538
453
219
329
498
348
-18
418
-39
461
397
-21
688
416
667
-109
56
467
612
468
431
-515
112
344
230
883
291
304
445
524
348
443
371
495
94
-389
262
158
340
252
666
273
465
553
312
148
373
-73
353
478
-81
-112
109
-116
137
529
515
98
213
173
545
236
440
597
508
249
840
269
961
217
220
286
-23
225
433
606
266
114
338
212
495
416
618
-49
712
189
232
345
761
659
875
344
-49
630
505
-134
147
585
447
-308
171
81
657
257
978
383
284
545
408
418
162
884
511
282
-93
493
512
446
266
275
-209
-218
565
75
298
205
-129
-157
241
608
507
-212
780
24
205
896
140
502
-237
-284
800
308
523
461
427
483
386
-38
385
-70
522
374
695
-1
329
682
1068
435
146
55
457
403
-100
384
246
-91
17
148
463
367
533
1175
216
-35
301
154
564
408
318
-238
583
354
738
398
539
472
419
362
629
633
348
756
92
457
332
525
576
744
909
618
394
572
514
263
411
719
156
240
677
632
525
25
-364
-296
334
96
-122
263
130
33
291
311
-560
58
314
-210
154
-101
-624
-138
452
-429
-349
-264
-411
126
-1092
-482
98
539
-515
-400
-506
-561
-80
-71
-447
-490
-509
-171
-573
-357
-763
-798
153
-803
-355
-129
-838
-522
71
-64
-539
-551
-69
-117
-563
-825
-497
-638
-366
-514
-81
-507
-438
-353
-453
-482
-206
-258
-130
-700
-470
-160
60
-302
-456
-576
-582
-813
-596
-692
-513
-177
94
-162
-661
-798
-72
-134
-498
-350
-241
-572
-310
-415
-1100
-735
-186
148
-668
-794
-629
-649
-248
-205
-711
-1118
-246
-691
-288
-256
-638
-214
-276
5
-836
-527
-309
-399
-629
-115
-385
-39
-306
-371
-421
-555
-819
-895
-290
-884
-941
-627
-755
-754
-393
-379
-596
-328
-1096
-452
-310
-926
-516
-586
-609
-718
168
-106
94
-693
-786
-885
-482
-271
-821
121
-520
-645
-183
-559
-569
221
-530
-271
-714
-190
214
-378
-218
-609
2
-320
-340
-980
-776
-621
-612
-389
-860
-1107
-40
-387
-829
-202
-336
-226
-180
-92
-95
-1062
-757
-781
-458
-623
-244
-487
-80
-983
-498
-379
-404
100
-336
129
-847
-521
-925
-412
-892
-141
-447
32
-872
-201
-78
-931
-906
-804
-406
-536
-525
-567
-338
-784
-214
204
-1144
-687
-403
-666
-1063
-570
-304
-891
-560
-332
-538
-618
-444
-793
-322
-252
-604
-201
-49
-339
-479
-61
-220
-213
-189
-160
-144
-132
-245
-681
-489
272
-90
291
634
-396
-221
-197
-410
-257
196
-273
-287
26
-281
-81
340
-210
-31
-77
-446
-488
-317
-65
-266
-222
-648
145
-408
-449
-305
208
-50
248
395
-575
-52
53
-208
-733
-392
-175
-498
-43
-251
-348
646
-206
255
364
-40
-200
39
114
-102
-210
-27
508
180
-423
-532
-22
-250
-167
377
16
-17
-29
163
391
-177
-452
-62
245
-276
-194
225
-521
-135
-46
248
236
382
-162
-86
-201
-83
418
39
95
-433
18
-283
-174
226
-260
40
212
-439
266
347
-247
-288
-15
37
269
-646
147
-221
144
-303
60
2
-521
1
-515
-279
-216
-365
-115
-213
-789
-499
50
-80
-308
-96
1
370
647
186
-447
68
-237
-179
32
-307
157
305
40
-496
-33
262
-191
196
-496
-371
-337
26
344
-610
327
-391
132
-68
95
-365
-152
-421
-317
153
308
488
161
-55
-536
36
58
-170
153
-517
294
-283
256
-448
160
297
114
-398
57
-326
-20
-287
-589
-88
-89
412
-327
162
156
-228
-123
692
-459
52
-162
-212
136
-319
-10
-63
-360
-338
156
156
-238
-360
-338
-34
94
167
-219
41
-213
-534
617
-363
-246
139
-611
-33
371
-392
-229
-197
-212
-66
-46
192
-298
272
81
153
-156
-290
-300
-77
-251
-163
-123
91
194
52
71
-212
57
54
-225
-97
98
-306
106
188
-487
-290
-103
122
865
631
829
508
425
875
1006
335
146
396
530
530
868
807
373
485
938
335
253
685
578
840
807
496
677
645
293
220
1165
805
12
217
660
448
632
321
735
836
766
726
640
753
396
1137
420
210
-340
-19
935
439
741
400
255
567
128
668
747
983
975
464
582
366
-103
249
899
559
196
524
514
155
743
871
238
427
117
596
883
675
84
429
721
48
366
685
746
327
571
874
729
415
-304
656
871
332
82
447
416
328
363
1321
391
221
608
706
335
690
213
585
497
609
-107
580
540
647
609
1026
611
812
594
726
974
282
978
723
787
-124
-111
468
743
132
126
275
142
639
549
174
152
46
939
402
977
423
315
324
1221
780
199
777
-45
704
215
102
701
819
495
1077
921
946
-373
533
570
699
306
865
530
598
535
215
1011
188
627
362
308
703
-170
114
916
340
936
657
118
1019
405
235
585
555
508
336
817
745
189
202
409
711
273
475
1179
737
317
647
709
403
1156
682
664
665
-147
569
369
853
377
681
743
213
387
655
1067
200
329
421
676
253
-209
700
59
785
691
249
403
105
-127
194
558
646
552
333
215
790
-243
-25
371
531
332
375
546
513
380
702
495
54
295
375
399
132
-343
905
481
1434
1106
700
599
728
1065
949
850
620
982
832
482
548
380
931
379
1077
381
548
1077
1171
689
311
378
791
875
43
762
799
178
1461
1559
659
393
694
1722
1034
717
956
1378
971
1122
585
798
1263
-180
1233
1188
393
397
1095
1549
971
1036
1279
1030
897
255
1307
930
846
99
1199
922
1092
1278
1336
912
467
969
1272
1466
508
1295
705
294
1107
75
868
1461
725
824
807
961
1401
983
1112
1024
547
1158
1153
1022
1358
-15
1431
1393
1144
1088
1259
850
1126
1472
986
1148
1029
944
965
1331
985
107
943
798
545
977
1441
1519
659
673
787
1078
1020
1184
1550
764
1375
123
1736
522
955
905
1094
1163
940
1264
1252
1392
977
641
886
972
530
422
1347
1138
1323
1165
1632
1079
786
757
915
1677
1112
1014
996
1356
957
-78
1032
659
805
938
1060
657
867
941
1062
1380
1332
1020
1604
1235
913
-77
1539
749
1161
683
881
980
1503
1390
1068
1097
913
1037
780
1407
779
255
745
830
1677
1470
941
1189
873
1113
987
735
1286
691
1032
1020
829
533
793
359
1792
1101
996
1013
1231
712
1268
999
662
1013
655
810
1239
381
1030
1194
1378
960
1185
1168
731
953
595
1520
795
577
1264
1215
882
316
687
597
517
468
545
513
723
85
430
676
423
602
1064
683
397
92
-180
200
-56
-66
-192
-38
-262
-391
35
-150
251
72
168
-374
-26
-141
-898
56
-1058
-357
-20
-475
-966
-747
119
-522
-462
-460
-233
-387
-330
161
-792
-746
-71
-504
-638
-565
-486
-962
-168
-580
-584
-477
-697
-424
-375
708
-1144
-915
-438
-623
-563
-336
-362
-179
-420
-452
-165
-635
-222
-467
-165
617
-852
-126
-507
-798
-201
-832
-689
-392
-1028
-433
129
-449
-134
-564
-359
723
-662
-434
-494
-941
-500
-303
-52
-448
-589
-393
-572
-590
420
-694
-382
454
-1148
-1127
-502
-155
-234
-644
-205
-361
-589
-604
-478
-228
-607
-215
-633
134
-460
-181
-840
-703
18
-458
-456
-674
-738
-354
-456
-218
-420
-248
-502
687
-844
-216
-197
-675
-739
-933
-203
-655
-502
-599
-596
-571
-896
-372
524
172
-1219
143
-240
-541
-398
-572
-254
-313
-411
-427
-1045
-443
-731
-975
251
137
-955
-966
-539
-269
-67
-88
-627
-586
-537
-32
-323
-653
-310
-713
-47
369
-799
-506
-838
-657
-278
-551
-463
-325
-829
-67
-831
-571
-694
-731
401
590
-723
-180
-774
-759
-425
-842
-593
-900
-497
-427
-317
-122
-626
-526
-14
426
-704
-817
-199
-898
-503
-444
-767
-103
211
-289
-783
-244
103
-271
-400
363
-913
-640
-374
-563
-537
-479
-811
160
-293
-740
-89
-279
-1020
-219
-77
160
-315
-216
-500
22
110
-24
-49
-185
-118
-51
-345
129
-146
-192
-151
284
586
365
1484
778
708
851
615
861
679
703
730
1146
237
665
605
399
955
1211
1484
698
1072
824
1604
744
1036
1016
655
1727
683
1403
607
-492
968
1227
1177
626
1274
1385
1409
706
206
798
430
920
1199
857
1099
427
797
1095
795
515
1491
1196
972
1076
1036
748
1248
1122
1242
1107
985
54
803
910
195
330
967
1103
1316
1191
1404
1215
633
734
1385
1049
764
-206
1184
687
1030
1165
1182
832
641
929
1298
1499
846
1100
947
1358
514
-270
837
806
647
1144
1028
1178
1083
1170
1205
1770
988
1073
1338
1342
866
-135
824
896
1040
1152
1079
838
1197
1207
1601
1283
681
1038
996
582
599
416
1277
936
1054
1010
1123
1153
1045
1216
1067
764
823
1017
926
1253
1128
-43
792
626
680
847
1196
1565
1296
836
909
925
1088
1222
983
1515
466
-165
605
1068
1085
823
1280
847
642
1126
1108
623
860
1018
813
1448
932
136
661
985
711
1157
677
713
882
1057
1336
1244
1124
986
1017
725
1207
99
503
851
1074
1143
1448
970
644
755
842
1240
906
987
561
658
957
154
626
668
490
745
912
768
130
819
1213
714
643
742
1109
912
676
38
856
925
602
1444
854
562
863
884
760
1074
1007
983
1174
1007
776
97
348
834
422
630
195
309
652
445
349
695
736
383
844
-11
291
338
427
-26
663
433
97
-46
656
316
249
408
-82
63
811
274
-177
355
-343
631
305
222
969
461
235
294
1063
126
369
783
365
571
-2
387
230
938
580
154
213
344
291
290
796
365
809
126
255
260
84
59
-111
343
450
239
400
843
394
69
501
189
-21
-58
714
29
204
358
29
500
325
255
189
-221
-85
134
562
230
172
733
117
283
258
766
65
216
344
414
168
53
-191
-100
21
-33
-14
-179
309
725
212
-77
192
523
168
32
8
648
80
347
201
87
336
72
296
282
244
-370
30
699
252
257
491
457
-298
25
386
217
572
413
240
157
92
473
212
242
-41
-166
500
53
255
57
-79
-194
393
234
533
356
-37
201
208
218
355
748
93
-29
-140
98
682
525
505
481
104
346
-107
-74
-342
432
-174
345
145
-22
446
448
280
229
230
235
-3
379
-116
245
378
159
-324
521
231
438
687
244
166
55
182
-76
115
-83
289
275
-116
476
-39
200
367
-92
-374
93
66
392
259
224
-200
314
130
-239
-50
346
-46
329
363
323
47
146
112
90
513
314
285
80
628
187
617
395
506
515
-35
-182
195
388
404
721
249
-191
125
381
-84
-121
120
55
-16
-194
56
-195
5
-20
-94
-508
312
195
-253
-34
357
-35
349
809
662
597
188
1140
402
188
439
343
567
616
557
-418
636
308
405
571
819
837
457
553
448
755
714
564
207
486
726
77
874
302
25
481
599
150
695
-162
291
274
231
91
-190
641
325
63
9
251
-58
647
292
201
702
13
403
-63
-168
67
145
48
316
223
-286
70
-193
823
281
-1
310
571
391
472
-200
178
949
411
417
221
533
228
-138
351
180
102
427
573
42
299
172
-70
425
683
235
108
478
412
-275
318
195
-327
517
167
39
103
442
166
563
-93
176
-112
128
301
-110
629
100
-5
377
122
120
749
398
111
379
-246
143
-194
257
251
242
700
359
176
373
578
303
166
423
238
718
-188
236
-158
199
512
64
160
795
602
297
701
378
-4
462
-41
540
266
136
-51
208
407
275
-14
110
48
237
335
64
-125
-163
296
2
179
637
207
-127
412
205
230
-68
-89
499
542
400
-207
72
66
284
609
305
455
-123
414
-40
403
-52
219
-334
428
324
365
482
52
-36
13
195
634
396
-43
-113
77
-92
213
-29
15
-40
22
-43
212
358
82
202
424
91
-49
-155
72
184
154
-222
192
-45
273
535
381
234
199
118
426
-65
-169
-448
-49
242
-26
-70
379
364
-62
141
339
-119
-7
184
406
-354
282
14
-198
-210
-23
-183
-271
29
-618
-209
-59
-224
-198
48
-608
67
565
-93
-379
-2
377
15
520
395
475
893
-216
454
600
493
-87
52
649
-12
764
553
145
646
245
587
723
656
932
551
563
20
340
1093
636
-109
665
275
180
268
672
290
287
248
236
755
227
476
159
326
363
-207
426
646
385
-67
814
474
-5
253
277
223
128
460
295
689
828
-326
427
412
530
199
-167
158
357
367
296
214
234
376
53
858
573
-42
104
-79
32
175
507
-15
105
-259
352
385
14
393
918
609
540
-6
441
274
559
393
536
492
9
331
63
283
503
289
492
481
447
417
136
313
-11
877
368
398
100
259
499
909
-181
267
348
549
328
305
327
460
631
272
303
142
639
222
44
418
465
173
315
185
366
-170
635
727
553
266
76
223
214
251
-30
-112
104
353
410
772
530
-4
53
615
518
108
404
616
604
766
123
431
65
68
464
726
677
-22
-205
68
366
-25
776
489
735
471
321
461
312
648
503
270
224
-684
-179
650
597
476
251
553
531
476
290
470
670
-60
651
-164
713
49
-154
477
436
405
556
486
79
-150
140
218
61
569
301
-274
953
-124
404
284
-8
12
334
-34
-358
-56
186
-15
187
260
373
742
717
-286
654
510
1076
564
222
267
712
993
134
563
511
430
327
845
325
75
812
205
-322
39
326
805
318
106
-155
-62
251
-443
-196
214
-293
7
936
362
239
588
714
992
93
-205
670
926
529
365
539
53
193
324
23
8
534
176
619
-107
226
545
801
514
169
444
697
36
282
-193
79
773
202
313
472
11
469
419
323
53
-285
394
514
482
-73
-302
804
747
22
289
308
577
331
85
-223
470
68
303
17
204
720
99
801
282
-134
509
288
581
217
73
683
696
462
595
181
610
563
440
442
56
407
467
448
585
221
-284
605
858
152
564
438
583
-34
67
238
492
821
248
122
348
287
219
563
13
462
712
654
315
225
-223
403
735
242
-746
260
470
228
498
301
-136
610
-4
-250
401
467
305
959
533
-30
124
411
794
-232
116
278
23
498
116
4
690
256
97
89
-61
94
509
863
394
519
323
307
287
47
571
624
251
225
-295
601
601
329
251
471
1131
610
75
90
123
378
338
187
175
172
-15
529
866
425
-157
469
782
412
130
677
215
414
386
300
905
226
-248
825
438
488
392
755
429
-424
-126
100
259
179
-28
726
287
39
-264
-233
-461
-556
-15
-256
-765
-249
-89
-309
-471
-411
-61
62
-599
-422
280
-25
-63
299
-276
-222
180
313
332
477
-44
-141
224
79
-89
96
485
98
255
-379
320
-152
-39
-206
-165
371
-394
117
-360
323
-11
-324
237
465
631
-70
660
199
-97
266
57
575
612
-118
233
-355
84
-114
424
-307
593
263
309
90
-197
219
202
-167
168
69
751
221
-409
202
365
11
419
120
-221
159
234
-44
579
64
-250
280
262
-52
20
155
294
-26
197
156
-170
267
177
-54
208
50
-231
632
127
300
-404
174
434
592
592
148
316
269
-7
660
188
546
-11
-113
-407
358
197
-291
157
152
395
505
130
-151
181
-5
239
334
606
501
122
-18
-308
367
295
28
372
385
92
-135
135
343
148
-21
65
269
147
345
-43
-87
413
-18
487
191
212
141
-43
-137
324
155
661
83
-590
358
433
-145
540
27
-363
356
697
179
732
136
324
758
488
290
272
-283
-394
-36
143
508
244
263
-40
15
338
355
-34
351
306
45
376
-462
15
-43
594
231
119
322
-312
381
322
118
310
-159
213
439
68
161
196
-129
486
-63
498
306
92
-18
176
208
352
63
297
74
-55
386
64
479
-281
200
-46
242
28
-440
34
39
-130
21
397
205
-63
382
-319
120
319
165
637
396
584
689
457
412
844
795
461
668
773
337
-57
394
-171
-568
-97
-473
-508
454
-666
-50
-548
-357
-659
-105
-791
-714
-420
137
-896
-775
-1123
-550
-857
-819
-217
-759
-346
-538
-1113
-230
-639
-414
-508
-1052
-635
-655
-1114
-866
-940
-522
-973
-205
-469
-183
-904
-972
-1133
-815
-225
-104
-999
-717
-244
-967
-491
-731
-1083
-832
-515
-717
-609
-153
69
-836
-664
-339
-678
-369
-764
-486
-600
-526
17
-411
-365
-928
-712
-708
-691
-189
201
-403
-851
-207
-577
-509
-743
-868
-740
-773
-545
-155
-111
-796
-391
-615
-236
218
-929
-641
-701
-1045
-400
-358
-362
-171
-706
-820
81
-471
-821
-561
138
-319
-672
-65
-532
-221
-463
-672
-134
-618
-348
-119
-420
-563
-461
-566
-637
7
-425
-1046
-416
-845
-330
-538
-426
-391
-642
-447
-873
-359
-517
-201
-489
-315
-944
-135
-1095
-1198
-1012
-259
-140
-493
-877
-999
-649
-819
-755
-129
261
-501
-600
-600
-521
-527
-347
-302
-333
-54
-477
-365
-912
-464
-658
-620
105
-150
-983
-829
-517
-832
-195
-321
-1063
-280
-264
-394
-426
-179
-344
-730
-329
-307
-692
-817
-181
-611
-466
-288
-274
-539
-536
-506
-416
-474
-29
-487
-565
-265
-502
-100
-352
-267
-465
-589
-5
-880
-454
-642
-468
-662
-934
-980
40
-232
-307
-566
-541
-656
-206
-515
-853
-818
-747
-1006
-495
-674
-596
-158
-87
-332
-469
-390
-872
-538
-212
-346
-688
-286
-166
-465
-486
-223
-664
-882
-755
-323
-290
-203
-111
-166
164
-209
275
44
259
292
293
-118
4
133
161
-257
-650
-495
-295
30
558
92
-537
-754
-639
-788
-545
141
-240
-432
-716
279
-336
-578
-1167
-125
-446
-759
-485
-152
-238
-915
-548
-322
-271
-94
-516
-17
-488
-380
-1177
-68
-64
-790
-294
124
-405
-1040
-1036
-619
-453
-646
-416
-108
-112
-161
11
-377
-210
-697
-727
33
-335
-711
87
27
-990
-634
-168
121
-50
-502
-299
-605
-807
-533
-302
-293
-710
-423
102
53
-432
-218
-696
-280
-75
-642
-429
38
-172
-848
-612
-356
-609
-514
-808
-739
-153
-292
-588
-118
-316
-427
-430
-180
-528
-273
-325
-351
-435
-178
-158
-515
-1029
-270
-8
-273
-752
-529
-739
-1268
-486
-765
-182
62
-509
279
-445
-827
-485
-571
-636
125
46
-61
-341
-760
-227
-253
-761
-306
-214
-413
-509
-886
-563
-655
-29
-180
-518
-1098
-884
-659
-29
241
-137
-379
-510
-403
-143
-385
-93
-464
-456
-532
-93
-1274
-574
-38
-61
-442
-141
-898
-271
-106
-745
-650
-1018
-166
-519
160
64
-79
-733
-417
-444
-545
-552
-595
-506
-15
-435
-55
-425
-47
-403
-466
-70
-92
-114
-350
-518
33
-296
-645
-716
-197
-308
-633
-130
-388
-225
-104
-474
-169
-514
-830
-1146
-68
-462
-661
-897
-207
-594
-761
-535
-423
-258
-405
-469
-519
-32
-425
-60
-432
-370
-445
-434
-434
-118
-270
-68
-170
-141
-147
310
301
479
-106
345
-297
587
-143
-280
173
-29
145
304
240
294
235
-319
162
47
-245
319
-466
125
-224
-454
-835
57
30
-690
-216
-497
-7
504
-318
-108
634
-77
377
-104
89
637
-98
68
351
-749
574
-236
77
66
-433
-244
500
58
57
-488
-499
-234
-244
-195
-24
31
-233
-307
-386
147
212
36
338
65
-411
-19
-39
-429
-844
-404
74
3
-79
189
28
-161
299
42
-272
-169
-750
-219
-294
-271
-111
-477
-429
10
55
171
-87
344
-280
525
-432
-137
-437
-161
-71
-461
-421
355
277
177
-31
449
-681
453
228
-857
384
36
-281
-629
-294
-191
347
-80
-116
37
187
-228
-602
-117
-133
-236
404
161
-510
-524
-602
-76
57
-699
278
109
-419
-517
12
42
-190
-171
-545
176
-901
-268
-457
139
135
208
-316
-220
-112
-452
-499
261
-17
-768
-223
-440
97
-95
-124
-135
126
-207
-624
-335
-236
1
-556
83
147
-337
-521
-593
-43
200
-29
-183
-732
-643
-266
-290
197
-51
-329
16
-241
-310
-362
27
-689
-295
-59
-122
-288
-6
-221
-148
560
-857
-216
10
431
34
20
-365
64
-213
-548
-57
343
-319
244
-545
-174
-314
-404
-290
546
-200
-458
-291
-39
-246
-539
-564
-9
-428
-196
-127
207
-424
-20
78
-397
-205
-668
-609
-551
-309
-189
-123
-408
-253
-329
-442
-844
-311
-503
26
-252
-344
-447
-720
-134
13
-403
-389
-122
-526
-348
44
-265
-61
-106
-71
289
-655
-187
-200
-854
151
-94
-199
-506
-3
-633
-324
179
23
-439
291
-834
-265
301
-369
187
-709
32
-296
-399
188
29
-350
158
-944
-219
-88
-1013
-670
-62
-136
-87
-789
-436
38
211
-456
-378
-336
-196
-729
-56
148
-329
-101
488
32
-1148
-316
-509
-132
-824
-533
-409
-624
-150
-433
217
58
-342
56
-140
-240
-613
56
11
-94
-866
-418
-436
-463
-81
65
-438
-146
-37
-280
-548
-522
-194
-285
-168
-602
-628
288
-187
-223
-202
-135
-94
-35
-287
-997
133
-242
-346
-660
-443
-286
80
-731
30
425
-154
-1022
-274
89
-220
-842
-75
-528
-340
-336
-509
-594
-93
-14
-113
-194
22
-642
159
-64
300
-464
29
-392
-414
-185
-549
50
-112
-280
-238
-524
-85
-368
-543
284
215
-832
-547
-620
-480
-577
2
140
84
-816
-645
-282
-733
-120
-77
270
-395
-666
-461
-191
-353
34
-58
-487
-412
-217
-668
70
-422
-349
-320
-168
-941
-69
-195
-101
-499
-343
-196
-541
30
-288
11
59
147
-586
-100
173
-326
-62
126
-194
-157
186
84
201
-111
-46
10
-424
-551
120
-512
195
-484
-800
-302
26
-494
-463
-395
-338
-636
-372
-554
-356
-303
-804
-622
-10
234
-94
-230
-250
-3
128
-51
-10
143
-272
-553
-259
-275
-604
294
-266
496
313
503
374
162
248
404
167
145
134
204
457
609
229
-31
-133
4
488
246
330
586
125
-51
271
-355
430
708
114
-22
253
397
-153
-264
192
1176
101
1131
1154
668
797
266
226
184
773
648
355
667
149
307
469
455
652
619
454
421
160
368
412
936
643
34
-34
177
68
683
985
214
858
551
404
722
230
183
1000
781
756
1240
698
138
478
210
374
160
307
846
870
865
554
253
612
747
895
414
418
378
188
415
197
383
888
607
-180
729
586
643
413
691
757
589
166
-278
84
308
336
472
866
296
338
699
415
881
521
807
865
550
-36
320
155
542
704
839
334
293
692
805
978
189
-96
673
541
475
303
221
-160
93
571
480
689
935
1171
724
436
960
313
559
789
736
533
529
65
560
644
1032
777
715
503
626
751
241
837
381
622
528
-301
-123
137
688
279
861
567
341
847
505
576
389
249
487
646
864
457
-22
124
776
500
852
622
562
548
556
433
721
459
882
506
634
82
124
613
798
331
281
229
546
501
741
1183
606
270
-191
-72
801
816
124
307
199
603
626
486
443
263
-63
317
394
283
619
64
777
263
105
-59
-107
387
940
513
480
769
675
334
604
866
219
401
677
379
705
402
836
763
846
585
760
653
141
451
679
470
644
375
486
170
112
1179
970
521
1169
761
1275
575
860
666
1087
1375
750
1688
805
1039
608
1176
1358
1195
510
1109
987
692
584
830
1112
888
889
696
587
325
363
942
1072
679
1186
1210
1337
842
936
1110
666
1472
1187
1218
1330
509
216
1253
844
680
974
1082
1040
1030
1170
1094
1398
606
865
886
751
238
419
1021
1221
796
1142
1410
779
860
835
713
230
1117
1430
1013
627
905
286
799
660
672
1479
917
1012
1167
1258
735
867
553
848
922
925
693
177
781
780
1596
989
990
572
383
615
1151
753
1042
1489
1003
716
212
425
955
1244
927
949
781
1132
854
725
550
983
1267
721
1270
959
711
-215
938
1289
756
994
787
1045
768
982
683
1126
962
1771
903
597
699
336
1253
1194
997
790
1377
1046
1008
794
927
1031
1121
1079
1400
737
382
134
1002
1205
1347
713
431
1264
1044
905
799
720
666
887
1340
1065
508
175
1230
878
1377
636
1046
993
1011
315
614
813
726
974
769
854
488
390
862
965
668
1101
941
1036
1129
1184
1217
873
954
889
1250
1425
888
-228
541
618
940
954
1184
784
796
999
813
713
542
738
1131
606
637
40
-22
432
489
291
257
645
95
90
300
437
309
906
642
438
-38
98
17
174
176
75
128
55
39
389
369
9
121
536
-12
411
427
293
-12
-14
340
124
245
-209
696
513
-445
11
-392
18
94
-551
-625
375
166
24
-275
-133
-140
-160
72
-276
-96
-537
-314
258
29
-149
-289
78
311
-152
-198
-255
-239
-116
-100
-284
-624
-572
224
-404
-452
298
-328
248
-128
-621
-393
81
232
270
-145
298
22
-280
-344
-534
404
-305
40
379
130
-272
122
169
-507
-347
-182
325
-96
21
-153
-191
-296
-189
-142
-387
-265
-24
129
26
-220
-255
128
-3
-438
-30
-428
-200
251
-163
-619
335
124
26
150
-424
292
-224
9
-28
-221
-109
158
-305
-428
-279
441
-134
137
-533
-650
-89
-319
86
30
159
0
168
19
77
-63
254
-414
-369
-276
-304
-74
232
-5
-423
-286
-840
-128
294
-376
57
-489
-130
-351
3
-200
-38
-39
-26
231
-275
-110
90
-208
-213
19
71
-164
-505
185
19
23
-51
-349
-306
-454
272
223
-201
-355
-571
-473
-603
-529
38
-354
-169
41
-138
126
-304
-401
-224
-591
-618
75
36
-195
-24
-459
134
-36
-211
-9
-373
234
156
-172
-456
-116
97
420
213
180
40
-27
-101
-574
-251
-224
-45
-61
-59
-217
-215
-106
-445
-279
-539
-366
278
-336
117
-647
24
-244
-423
-687
-656
-679
-475
-655
-405
-590
-172
-233
-314
-513
-597
-912
-358
136
-307
1
243
491
318
169
163
382
93
368
144
191
-110
-454
-87
-342
415
423
486
573
745
203
537
473
362
255
1031
101
84
-33
-9
-256
33
271
406
-258
277
504
-111
-337
-139
-166
76
792
227
57
382
-426
282
544
38
-213
81
394
-101
188
-242
417
960
-39
-114
-252
262
-226
146
262
164
-16
216
93
-194
-64
155
-328
-240
363
607
-681
154
197
507
686
348
49
729
242
98
287
400
492
-7
33
313
-194
12
-35
302
75
409
517
235
175
-90
-131
-174
162
171
501
92
309
240
-319
-210
11
330
114
17
413
-279
323
-104
-100
168
-96
-115
-55
5
-106
-88
574
300
-102
71
-259
128
-86
-40
230
290
343
43
-517
-109
142
195
-277
117
92
321
586
-209
-213
-21
-229
122
-175
443
-57
-311
-484
253
318
-19
299
49
410
956
35
59
-44
189
368
57
-15
338
-219
243
392
192
-62
107
385
222
502
241
-71
386
19
-41
-417
-24
-133
631
326
128
492
106
-97
-320
-191
67
526
563
-283
93
-411
72
89
283
-13
3
-329
24
215
-213
302
-88
72
-809
601
98
78
70
114
-12
54
257
169
-254
-133
311
-109
100
-97
242
-266
187
45
-299
-89
282
165
93
126
79
-252
-190
264
-235
-129
139
355
-145
-15
-89
-63
590
179
-126
114
367
-57
487
-193
-159
224
-62
-487
119
-128
-161
529
-251
-444
749
-230
326
280
-62
142
-480
-164
-215
857
557
-17
47
142
-260
48
84
165
147
20
-361
338
-76
496
1123
-55
20
57
147
4
569
-101
-134
283
-292
626
65
398
80
267
82
-461
620
395
-361
395
474
87
310
231
-7
291
392
-188
-132
793
53
203
-162
-251
-538
172
16
-449
100
352
356
-580
1
-65
403
289
-128
646
12
186
-121
431
131
234
110
152
40
-197
126
383
64
-196
11
174
244
17
-427
49
126
-100
-46
145
397
57
404
-47
-291
-294
-100
83
152
106
-273
-57
171
-132
-34
180
305
143
-81
96
185
403
-427
28
-289
1
-364
277
264
248
-123
21
-113
-144
146
143
-181
-282
-427
416
480
-197
-116
83
-186
-359
311
87
276
85
-61
-133
269
187
38
-28
656
130
-486
0
-294
474
540
425
6
-193
-157
239
273
0
24
-209
211
-100
-304
259
204
139
80
-186
180
39
-282
469
95
15
-254
-311
318
-16
-270
243
-244
-249
129
389
361
-568
-352
-139
-51
15
425
283
-108
-222
-778
139
-292
173
-364
-535
-395
-437
219
235
-230
-134
113
115
-234
-194
-221
375
414
-213
251
-102
-538
-62
-208
-40
22
214
206
-123
18
357
-322
-514
-648
-780
-389
-766
-1196
-500
-823
-645
-1016
-475
-1201
-327
94
-421
-612
-715
-578
-27
-98
-668
-543
32
-495
-633
-409
-448
-693
-902
-1200
-1008
83
-870
-487
-402
-16
-919
-388
-761
-761
-665
-635
-667
-829
-517
-262
-875
270
-91
-724
186
-498
-988
-678
-648
-704
-578
-689
-172
-335
-1426
-480
-913
-39
-650
-1279
-532
-533
-84
-717
-341
-385
-757
-619
-80
-410
-50
-125
-693
-105
-42
-6
-882
-505
-679
-638
-312
-67
-455
-382
-287
-757
-1095
-606
-675
24
-393
-933
-396
-30
-551
-764
-352
-886
-751
-320
-628
-89
-112
-596
-1201
49
-284
-686
-437
-484
-745
-419
-221
-434
-520
-384
-671
-541
-1202
-453
-204
-131
-499
-498
-171
-394
-861
-321
-659
-55
-313
-220
-1334
-267
-573
-728
-830
296
-1205
-836
-1065
-537
-284
-654
-174
-171
-347
-752
-720
-585
-492
-652
-704
-426
-363
-618
-390
-614
-502
-108
-674
-795
-718
-1209
-480
-379
-516
-761
-559
-322
-409
-706
-390
-377
-867
-744
-577
-470
-786
-415
-424
-467
-397
-101
-939
328
-623
-466
-620
-611
-448
-698
-476
-236
-479
-156
-290
-687
-787
-689
-658
-81
-52
-431
-293
-1011
-336
-526
-608
-806
-203
-648
-779
-747
-474
-305
-802
-214
244
176
-756
-230
-405
366
-119
-347
-197
-233
-488
-627
51
-404
-238
166
-187
50
-138
-5
113
-407
-165
5
379
-27
-47
-73
-69
-179
-203
-19
78
73
-41
-253
-207
-88
-134
-289
-383
55
-170
-242
-230
-218
-109
-78
146
-148
-262
-43
-335
-262
-120
-260
-253
-40
-230
-136
168
29
77
-173
-117
54
-141
-239
54
-113
-141
-47
-136
-181
145
42
-136
-113
-64
-196
77
-22
-258
-19
-45
-47
-45
-159
6
-42
-235
-235
-42
145
-3
54
-31
-72
-253
-166
-51
-136
-73
-68
-164
-118
-68
-159
-335
-230
-41
-173
-113
-143
-136
-17
-68
-253
-136
-119
-118
-71
-45
-159
-68
-136
-64
-64
191
-267
67
-258
-253
-258
-157
-164
27
-164
-235
-145
-136
49
-179
-154
-122
-24
-69
-235
-164
27
-253
-45
-253
-141
-47
-253
-168
-24
-68
-6
72
-42
-136
-113
-47
-64
-159
-258
-159
-63
51
-257
-141
-42
-64
-280
6
-103
-68
-42
-42
-258
-253
-159
-68
-142
27
-173
50
-167
-159
-42
-48
-136
-113
-42
-258
-68
-253
-136
-42
28
-47
-141
-253
-68
-85
-67
77
-136
51
-162
-68
-42
-136
-141
-45
-184
-63
-230
-47
49
-190
-38
163
-280
-141
-159
-253
-253
-159
-159
-68
-159
-253
-253
-42
72
54
-198
-141
-118
-164
54
140
-68
-253
-69
-263
-64
49
123
24
-136
-307
148
-290
-196
-64
-158
-47
-218
50
-79
-195
-181
-69
-64
50
-379
-46
-158
183
-201
-258
-199
-384
-168
-91
-195
-272
-168
-47
-45
-379
-118
0
-217
2408
-29782
-5145
-26078
-12143
-11213
12738
-11159
-13293
-30219
-13642
-34909
-14375
-59273
-10841
-16628
-28229
-26906
4291
-37477
-20632
-28384
-44250
-59027
-72972
-4124
-42487
-16556
-59430
-42760
-19838
-85328
-22451
-22930
-60340
-49483
-68703
-36353
-33183
-30486
3599
-39203
-24280
-17132
-3135
-75446
-43611
-63181
-53192
-26451
-26158
3220
-39358
-43988
-2078
-55093
-62536
-33810
-40445
-57058
-57438
-59629
-5752
-60801
17840
-1094
-27934
-26205
-45386
-77032
-49499
-13663
-34174
-75697
-20010
-10514
-1729
-45196
-69726
-59577
-26826
-33211
-56953
-51191
-13333
-13782
-25026
-77561
-86912
-3556
-20625
-49436
-53618
-27665
-7952
-36608
-824
-60746
-29983
-40527
-69376
-109246
-90157
-2989
-62135
-10965
-50228
-48384
-57417
-40286
-33614
-49412
-40931
-41728
-59166
-64390
-41284
-36107
-34934
-45065
-65174
-54535
-32439
-11685
29723
7678
-57512
-63835
-39266
-11996
-43940
-50409
-34788
-43313
-50739
-60775
-62998
-55382
-8976
-43530
-51811
-82976
-31693
-33151
-24225
-39674
-55617
-58887
-10510
-42487
-55815
-79800
-34292
1771
-29918
-29547
-26501
12333
-39387
-66912
12364
-40785
-18276
-65319
-85332
-47630
-35337
-60481
-25996
-23148
-83544
-53678
-48322
-37741
-13168
-16895
-15167
-75571
-44317
-44873
-17874
-5410
-23336
-24010
-30993
-31352
-62168
-34770
-2935
-1114
-28213
-64198
-23122
-27139
-54037
-32633
-38277
-46332
-34675
4445
-40070
-44105
-71788
-31258
-47857
-13919
-28992
-28596
-21445
-6272
-9511
42637
2220
-24134
10364
-63391
-46243
-41400
-74693
-51980
-18305
2678
-8408
-60113
-6618
-38037
-18215
-71502
-73866
-25124
-65180
-4810
-61804
-52020
-2487
23588
1764
-13366
-59098
-49025
-16392
-50627
-41975
-33255
-5497
-48142
-23345
-16637
-21550
6097
-36053
-60910
-65469
-51756
-27715
-31327
-24934
-36982
-23708
4430
16384
-30341
-36101
-10060
-15311
15532
-13014
-13585
-11736
-20882
44811
-6438
-6374
40643
-40010
2158
-4580
26978
-8767
-40217
-18315
28724
-27700
40011
-69554
11545
-41386
-5679
21607
12616
10536
-12736
12006
33351
49801
1552
-5650
-62393
17008
1735
10899
-31245
2739
-8110
-10221
-22368
23348
-8835
-33406
-17723
14012
15300
-756
5262
27126
10503
-8976
12848
18958
-22743
-13986
-24706
-19380
-626
24061
-35025
-19424
4507
17050
-23548
46020
-18501
-6014
-38043
-3574
-16779
-15622
52495
-13692
28299
14094
16752
3277
-13678
-15547
4199
-15167
4432
7018
29825
23281
-33990
12083
-9624
22119
-4006
-10294
-10991
19515
76794
-26729
-881
2355
8557
-27581
-3330
-11099
19832
-9802
22275
-818
10244
10073
-11347
-23761
3666
-4109
16230
22279
15386
8284
-38905
-11989
-1829
-26336
-18186
-25799
-9178
28926
-15832
-9684
16571
-13447
33832
-10960
-26715
7887
13206
33252
-34389
11436
6538
-12726
5623
-4249
8227
15359
2123
24566
-141
-27539
3908
-3416
35424
-41073
-11549
-1739
-9125
44125
-36258
-15294
4041
-9385
4607
429
-11715
34345
24729
-6501
-14457
51415
-26401
-11153
595
32887
14989
25691
-41859
-35719
30420
-31066
-24164
335
6263
-7436
6471
-29195
-18803
-12379
-17655
-37822
-10283
-2370
-27415
12515
15413
-12551
18461
-2182
5981
-14968
45838
-2262
5919
-13587
4929
-25877
-10615
-46169
-30613
-32617
-45200
32793
-1886
635
-36476
10074
-37740
2756
-7171
14799
28395
3464
24940
42704
47736
-24337
59771
-59389
8737
523
5617
1207
3924
-24049
3493
32790
14893
7764
33727
28904
-32545
23680
-7032
16942
29120
-22122
25445
46384
54823
59826
223
-4608
-32209
-11640
19942
7201
-14929
-22730
2210
-21884
6761
-18176
-14159
-19661
-7282
21526
13930
23949
15211
-33745
-19875
-11698
-31321
-30229
-48476
-7648
-16746
5551
-29864
13767
-9534
-54951
-1359
25858
-40855
-22792
-31373
-55649
26787
13701
3789
-37666
-37602
14866
-18022
259
-38074
-44067
20184
-6579
-44840
27809
26063
-22759
-42283
-22912
-48887
-42158
3196
-29286
-37764
-17881
12284
-22275
18126
-3235
-21846
-28933
-81448
-16002
-32023
-58956
23428
-30532
-884
-37245
3908
-8622
-45948
-55042
4774
-12455
-26442
-13293
-21850
11074
27020
-41039
-33825
2543
-8967
-31849
8317
-25481
-7547
15615
4321
21967
-10490
-26817
-9729
-54480
-70074
2517
-8894
15478
-86498
-10600
-16250
-55544
-33895
19446
-9169
-13699
-1671
-33308
21506
8834
-8400
2742
-41839
4117
-45938
25462
6726
9552
-32636
-33676
-16239
44511
-55803
5331
-14976
-19736
-22455
-28208
-23971
-25355
-29532
-32114
-47957
-61174
5679
-20685
8739
8518
-21932
2509
-32710
-8148
-4029
-19077
-9999
-6128
6376
-11076
-16278
23427
6600
-19405
-24938
-5876
3480
9157
-46217
-55661
1665
5963
11083
-27938
-42905
13884
-42244
-20654
-50134
11182
8327
-36952
12341
-56912
37436
5069
-31641
10184
-25305
-28361
-32983
2899
-13543
-5109
1615
-45910
-21506
13307
-3125
-33763
-29220
-25517
-40997
-12302
-19771
3625
-20147
3189
-51342
-33714
-35290
42301
-28756
26117
-43361
20858
-24845
-37292
10497
-33883
-33329
10420
-1085
-45015
-30813
11027
-28379
-25274
-13579
25274
-49386
-50037
-78560
-1640
-54565
-15448
-16767
-31983
-783
-5301
721
-6248
-43127
-26004
-14922
20033
20927
6076
40862
26843
-14098
6301
-7649
56105
-8825
-21260
-37225
-15665
3521
32271
-19645
-34505
-39887
-44709
-37471
-73209
-32112
-54953
-5205
-50163
-23183
-62972
-42206
-72972
-37802
-43049
-31770
1821
202
-2509
35020
-55996
-27376
-6247
-24274
-44618
-14603
-28267
4667
-10435
-17793
-41130
-37050
26442
-48104
13612
-29925
-22890
-18392
-34595
-11047
9540
-18040
2115
-59267
33220
-20713
-35522
-25078
13547
-61038
20308
12258
-44776
15082
4214
-4774
-25328
-28271
-11434
-35407
19570
-39643
1257
-15251
6990
12978
-28179
2527
-8013
-28918
-40048
-56401
-29120
10511
-35271
-28043
41931
-22221
-17269
9244
-33515
11063
-51282
-43311
-41215
-34369
-15218
-3778
-58979
-3707
-36713
-26505
-26857
-39884
-36754
870
35892
-6172
-24101
11972
-21178
-19913
-57134
-30134
11470
-10981
-609
-6453
-2454
38773
-18791
-26777
-4715
-13812
-20444
-20302
-52747
-32847
30281
-50963
-43274
-47016
-11101
-30655
-18514
-22676
10037
-11565
24193
-61967
-14975
5306
14370
-14402
-1608
-33149
-27486
-25517
30142
7418
-10272
-32045
-56537
-22226
17552
-12191
-37770
-44132
-6921
-33427
4105
-61321
-7707
-41438
-59233
-44112
-12294
24306
-29826
-21963
1001
2007
16565
-56472
-18274
-805
6901
-41491
-13692
-6984
7122
-31816
8674
-34662
16971
-10655
10398
15338
-23170
-16038
-22961
-10447
28589
-33708
-13882
-3224
-19386
-41118
-5379
-11203
-27227
-11364
-9808
-5279
-43957
13504
-18201
-32003
40016
-39561
-33320
-18853
-28655
-59053
-8294
2529
-6120
-15741
16926
-18549
-1779
-18729
-21822
-6112
4
-46424
-5433
-15483
-40296
-46837
-10952
-26039
14024
-24218
3618
-43531
-13031
-38531
-38868
-33126
10193
-15319
-3341
12988
-43238
16962
-2175
-16666
-10893
-54433
21576
-43210
-20136
-38333
8238
-60996
13558
-32192
-33018
19497
-20494
-713
-28974
-21366
16170
-21732
1962
9066
44319
43290
30181
15126
36635
43341
49585
57725
30721
25819
36833
44077
72581
27466
41780
38333
10172
28217
62627
38124
24729
54537
20175
22611
859
17043
26623
54629
9630
34507
43989
27517
18360
51299
5100
72299
37569
10822
-2783
10630
68798
15166
33577
33579
48874
41326
8048
9955
13698
46144
-8459
991
31544
38982
79743
63109
32369
-28337
59937
26158
1263
26590
14539
36713
56333
41189
50621
69933
58893
40157
11239
47718
54208
1491
74769
41753
4646
56745
12269
40056
32928
47876
46457
59521
31632
38823
32279
35655
-10346
28366
41308
23592
-5760
44590
24623
55003
25100
14993
35389
53061
71249
45371
5245
69416
14759
40250
-1399
27146
38795
32709
16075
31724
31101
56669
20644
-10996
19978
39172
48883
17947
27245
8984
21961
20874
24041
53848
24663
36394
1244
61971
29980
26879
66941
10400
53922
-12682
32201
45810
53072
47174
28999
5555
18018
20660
52912
19804
43647
19746
51281
2754
39395
36276
46445
38814
13870
18803
-8989
31774
22254
407
51669
1185
11801
4237
33748
-9229
-1677
19220
42783
34059
455
11923
21317
53954
1989
45903
36388
21774
32374
-12611
40651
13524
-522
58969
58739
22376
37321
8992
10044
30177
-9686
26493
-28732
13786
4783
6787
49249
33287
44746
57384
54666
11526
16674
42381
48462
49445
11332
48491
30474
63077
22818
46448
66710
-8096
31857
14164
10380
6557
31982
5773
32064
36739
44759
37367
72924
65045
105249
47923
49870
42945
-4272
57312
32278
38428
59393
35628
57272
33910
28465
-33334
22032
-17848
-3764
-23239
7013
-14720
3479
-2881
-23668
21820
3870
-2781
10912
-12071
-14792
60494
51915
37585
43343
52363
53338
32633
59553
23192
34182
38983
54929
54359
63983
16744
-11187
53847
48781
34294
77508
26251
62825
67128
93545
67034
30803
66786
60725
89094
72974
43125
-10496
70716
46955
51916
102656
63159
45430
35836
45250
65386
32441
77327
18817
73601
86711
18512
18091
100323
40879
50418
39322
72584
73044
37285
82866
50760
29054
93813
55059
82703
62313
7121
4036
41693
52643
60203
59295
62293
114381
44768
64785
58327
84334
51305
37782
51565
78526
37126
16121
45895
55478
68598
62495
49221
44952
50743
112283
53502
62241
54050
66385
43019
33753
14649
-2350
27177
70362
35456
89640
104475
100649
57831
44608
94693
27215
57770
71665
78473
64547
26463
17971
60022
77112
64100
63779
64142
51839
111296
28432
81263
23752
56184
29367
3472
43495
65713
-14800
86203
46551
73351
82825
67194
36347
86584
31746
79751
56166
74063
78039
42524
63715
43986
700
90088
38681
98787
57569
55548
23244
70902
54678
55359
32625
48401
37254
29184
37974
62001
12206
31185
45173
48564
69942
93109
35030
53678
68272
64279
39621
84508
42932
65816
55616
25212
28218
25215
93737
29828
25304
60023
8344
53233
48751
56444
44150
93827
18118
24949
40375
65808
16681
28847
92520
61417
89852
83237
44748
83700
23342
59856
53477
98024
31350
77456
29230
44859
-16458
69404
41646
45395
22116
64157
42038
60618
69985
50477
75851
95234
56953
76998
46607
59342
-24917
83182
45161
91287
66131
101180
46928
67373
41046
87631
78644
27739
20994
44872
15079
67578
6162
54580
33261
45771
26411
64185
13065
53757
11241
22336
52286
35877
49120
43916
8957
35817
-34439
-41758
-14556
-21669
-39483
-69159
-52628
-25432
1528
16701
2890
-9993
-6999
5841
-7610
4003
-44077
-56360
-77453
-61803
-64410
-72577
-87740
-94029
-46270
-41410
-46265
-77307
-72964
-65919
-59915
-5259
-21296
-70963
-46001
-61955
-65142
-59611
-58311
-82914
-113527
-45004
-56039
-55898
-88888
-55915
-55139
-8582
-62124
-115459
-41616
-81232
-64320
-67150
-87200
-70315
-59653
-16507
-69219
-78428
-104131
-53722
-44428
-23291
-70131
-94371
-47842
-83957
-70069
-70396
-58330
-42864
-39707
-45900
-100555
-65366
-68210
-61735
-34252
-45287
-34360
-69344
-44883
-49414
-41439
-44645
-46870
-71921
-68451
-96145
-73798
-53720
-56402
-52220
-19783
-37617
-3714
-13068
-45045
-48236
-74080
-65535
-38355
-84398
-56231
-111334
-52573
-74624
-96606
-77480
-38962
-43308
3050
-32099
-37749
-25760
-65751
-48984
-66133
-62594
-44850
-40688
-41017
-82390
-63200
-28199
-28024
-39278
-1853
-72086
-34701
-55417
-87755
-51008
-58208
-3873
-50928
-70921
-102474
-84668
-44354
-37479
-73768
-41125
-41196
-71083
-71310
-73719
-51881
21737
-18923
-2143
-48077
-58772
-38160
-35981
-11668
-49507
-87250
-84833
-46356
-22304
-67108
-68542
-66259
-26046
-24072
-29279
-60492
-65781
-45022
-78101
-61837
-79250
-84403
-71944
-22253
-18311
-46099
-31616
-69784
-27086
-15405
-47316
-49862
-47001
-36143
-46310
-45592
-60668
-75566
-79087
-7981
-68952
-71394
-100868
-124890
-80161
-60464
-46994
-2538
-31995
-51105
-65123
-54073
-86725
-71062
-72955
-34096
-119217
-90699
-112869
-108821
-63189
-75164
-23473
-28125
-78556
-92690
-111776
-97706
-101378
-102565
-59227
-36475
-67010
-93551
-87393
-95492
-106036
-65969
-76487
-53465
-98912
-99518
-90926
-65421
-68002
-60030
-42159
-40706
-30055
-65208
-47021
-95659
-75397
-55326
-56100
-39129
-91226
-54724
-52164
-38061
-22326
-43849
-60459
-34733
-83161
-79685
-98032
-57732
-86939
-82506
-83953
-69481
-47944
-47902
-75476
-71839
-111753
-57884
-45019
-62904
-69072
-66704
-20656
-55992
-55192
-103453
-78945
-102570
-23956
-81537
-31597
-130989
-58395
-40845
-61850
-41522
-55699
-75538
-63581
-53865
-80983
-71850
-75233
-25451
-60197
-62038
-50975
-81278
-78968
-55865
-47796
-35824
-67879
-72878
-87211
-44757
-39575
-43265
-35174
-67632
-95159
-41407
-59665
-86272
-80289
-35882
-37414
-13591
-75934
-61717
-52448
-74488
-97453
-74751
-84793
-76200
-120778
-6209
-69629
-81486
-60390
-43884
-43869
-51640
-55555
-96964
-69014
-75926
-105810
-72921
-73238
-97151
-55695
-36039
-89703
-81464
-43398
-49046
-64265
-42851
-52031
-35089
-50763
-75914
-67185
-109339
-27041
-101462
-32636
-46016
-76004
-58672
-19436
-65749
-23846
-50694
-70489
-56572
-84840
-83826
-61562
-80497
-31300
-74462
-71769
-50825
-48253
-41326
-54863
-75705
-36370
-71536
-36021
-91646
-85059
-40227
-45979
-54830
-55823
-52293
-43466
-36749
-52253
-53686
-92461
-37152
-73223
-41975
-73034
-92384
-65538
-59171
-70497
-39964
-60103
-30545
-43272
-88959
-82280
-87405
-14713
-51804
-48870
-737
-65904
-45976
-44488
-67565
-64533
-40809
-37491
-17809
-54782
-84865
-37143
-38498
-36383
-39102
-70977
-23040
-73558
-8465
-68610
-29850
-39715
-62836
7959
-49398
-83950
-62377
-57077
-32688
-45077
-44796
-85902
-66760
-64555
-72930
-49443
-59271
-90946
-58637
-22465
-85796
-97966
-66882
-48480
-59391
-30678
-108997
-32463
-68754
-40278
-88263
-57315
-66285
-127614
-54549
-76400
-68235
-82678
-36405
-98596
-72512
-74602
-65378
-72769
-53859
-49722
-86423
-93498
-123120
-83031
-116490
-37787
-68694
-84334
-31705
-55850
-53322
-60215
-65776
-51535
-8166
-49831
-64183
-57482
-42541
-63456
-34464
-29932
-63079
-17780
-46363
-29057
-29451
-40564
-26009
-5324
-467
-250
245
272
36
33
216
150
479
331
85
126
196
143
207
707
25
-286
-229
-231
172
-164
-275
457
-325
156
58
-4
58
-236
-134
-229
-785
-91
154
-303
-4
515
-83
-220
-387
203
-505
23
-359
21
-325
508
-492
1017
166
344
-33
-313
-34
3
417
-292
-640
76
206
90
127
31
-311
-215
-172
213
153
-165
213
641
-452
-665
721
190
-514
-328
-8
-59
-394
-243
476
106
248
-257
-621
-282
442
-210
49
-303
128
617
-395
-394
-537
246
-213
-420
-448
420
494
-581
-501
68
-641
-318
5
402
164
54
-142
-120
634
164
446
-131
-319
423
125
12
-7
521
-67
-652
-633
1249
-505
-181
-402
-593
-44
51
-284
204
-480
-18
-205
-143
380
104
110
418
-1159
722
-247
-536
373
270
-247
-146
43
526
-254
-108
-340
-283
-331
-48
-314
155
-1078
181
-281
21
138
-165
-126
-490
-381
-130
-136
536
460
442
-400
-392
805
346
-113
252
-495
204
279
-192
-88
364
-66
7
-438
325
-757
-490
65
-322
637
323
-678
814
-210
-633
-144
-382
-306
125
179
67
-547
231
273
-174
48
193
-152
-118
-223
-9
-352
297
-186
36
-163
805
-1065
-316
-532
52
-220
-709
226
-321
-31
-111
674
-487
-736
-80
-27
127
-780
-95
-378
-260
-493
-79
-459
386
-143
-622
-577
-700
97
-341
-666
-207
-323
-59
-184
-92
-62
-474
-429
-338
-8
-150
-135
-267
-409
54
118
-246
-264
-250
-819
-919
-899
-926
-999
-972
-1106
-416
-620
-457
-605
-840
-1303
-191
-221
-130
-701
-1003
-882
-605
-295
-661
-920
-709
-635
-772
-748
-354
-748
-382
-23
-989
-268
-679
-904
-684
-801
-191
-855
-602
-333
-1139
-766
-779
-1071
-118
-508
-794
-696
-444
-177
-964
-1033
-1141
-974
-514
-1087
-927
-537
-596
-993
-472
-221
-272
-447
-878
-804
-907
-908
-826
-854
-902
-1235
-237
-193
-482
-806
-195
-547
-798
-932
-1293
-985
-701
-593
-513
-855
-705
-1012
-453
-895
-1005
-823
171
-85
-397
-1012
-275
-447
-926
-753
-484
-293
-633
-460
-424
-599
-819
-245
-757
-263
-793
-1161
-927
-718
-685
-899
-857
-410
-1291
-705
-1096
-694
-352
-1049
-424
50
-829
-498
-776
-639
-394
-655
-741
-797
-1033
-611
-823
-820
-752
-1152
-390
-859
-190
-16
-1209
-611
-638
-636
-585
-1094
-662
-808
-598
-900
-378
-474
-103
-540
-382
-711
-132
-534
-1189
-180
-491
-1133
-685
-675
-244
-613
-1377
-1167
-317
-527
-471
-1372
-1151
-825
-596
-560
-841
-959
-645
-1234
-1383
-1177
-283
-903
-292
115
-22
-863
-454
-532
-796
-922
-875
-743
-674
-299
-1139
-536
-1046
-751
-350
-103
-889
-723
-631
-1101
-716
-814
-1187
-640
-463
-976
-956
8
-688
-1158
-319
-269
-681
-416
-798
-546
-733
-415
-770
-377
-618
-1105
-231
-374
-864
241
-75
-337
232
-117
-253
-385
-122
-349
259
3
-563
-329
58
-169
75
-1
70
-107
-380
92
-624
-579
-634
-351
-37
-609
-699
-204
-691
-27
-785
-277
-621
-645
-1007
-296
-131
-704
-833
-869
-112
-412
-255
-745
-468
-1284
145
-350
-124
-585
-270
-1093
-486
-419
-1073
-1006
-472
-301
-762
-484
-732
-599
-781
-611
-767
-345
-377
-545
-689
-161
-114
-544
-847
-878
-811
-891
-778
-578
-637
-428
-690
-4
-572
-294
-496
-891
-832
-561
-650
-289
-577
-421
-774
-580
-669
-945
-313
-556
-401
-963
-476
-463
-918
-826
-818
-424
87
-891
-633
-262
-699
-670
-616
-138
-476
-171
-766
-355
-940
-713
-456
-462
-708
-1150
-487
-861
-530
-663
-25
-442
-131
-511
-369
-1015
-391
-369
-561
-477
-437
-1153
-630
-635
-294
-374
-682
-318
-482
-305
56
-504
-914
-584
-591
-268
-916
-476
-350
-905
-1126
-184
-613
-641
-508
-480
190
-981
-980
-602
-289
-434
-980
-343
-182
-1508
-314
-494
-63
-268
-795
-506
-783
-454
-828
-867
-414
-581
-529
-795
-410
-682
-832
-910
-378
-355
137
-307
-1010
-304
-273
-884
-594
-671
-694
-200
-616
-607
-612
-68
-518
-577
-126
-147
-99
-341
-306
-433
-553
-937
-155
-1091
-39
-893
-408
-586
-119
-425
-634
-666
-522
-641
-853
-344
-773
-331
-928
-296
-1302
-515
-739
-74
-486
-803
-774
-963
-788
-797
-538
-965
-495
-894
-514
-541
-764
-1178
-672
-665
-208
326
-210
-318
-233
-78
33
-212
-263
-218
-122
-414
-277
-511
-196
-172
-120
433
498
325
303
744
467
-10
24
138
303
232
414
133
22
414
75
962
883
667
476
67
390
573
157
713
-307
731
566
740
544
228
-156
272
371
266
872
480
715
895
132
498
402
857
405
280
421
121
-4
429
800
299
740
344
350
607
902
677
361
171
128
316
1075
96
-131
786
632
736
629
558
771
277
679
50
445
865
473
166
687
-408
-168
692
935
758
784
438
464
725
619
389
928
632
897
148
280
623
132
891
1030
401
438
579
330
647
168
802
214
283
357
690
499
617
-243
659
618
85
536
303
193
750
385
1102
136
133
993
754
57
108
194
594
185
622
103
487
699
355
36
289
358
166
382
133
528
578
-477
966
285
587
676
546
272
188
538
359
564
343
239
452
119
257
-6
333
572
262
562
222
183
224
474
333
501
169
522
431
590
251
72
116
976
224
205
738
323
504
791
460
25
413
688
333
406
221
-213
594
347
355
578
536
686
541
545
413
531
419
-119
-41
355
474
368
943
488
535
-30
409
-22
72
234
-159
-139
40
464
843
90
-147
-143
623
847
594
651
677
350
637
478
424
780
1003
798
889
454
559
31
-60
-56
371
624
176
183
0
-7
513
66
88
-2
-15
401
155
432
321
543
1045
455
-1
352
143
126
247
435
392
837
412
971
-3
-70
294
166
322
241
703
556
621
840
454
-200
-4
502
241
129
94
532
-129
778
678
749
605
490
139
-203
318
531
296
567
453
362
1020
19
352
276
474
-283
198
10
520
894
731
-283
999
288
501
38
323
-58
-217
648
208
1104
688
584
445
-287
558
1095
656
230
645
1141
486
-323
512
687
415
350
-254
463
465
687
663
-603
663
321
139
908
204
508
200
98
612
540
935
877
193
672
195
745
602
1021
762
181
-536
105
-213
628
399
126
-260
433
361
317
43
339
-23
-229
221
249
835
360
132
837
-235
1020
325
581
330
-391
954
551
255
590
916
453
-61
-48
267
173
572
705
127
1031
369
386
448
-116
-10
354
287
-79
358
452
-234
276
842
402
1319
548
138
949
-128
357
144
304
632
606
6
-242
41
21
497
43
2
543
328
328
79
579
138
327
401
122
522
794
-15
457
602
254
155
708
505
11
542
606
344
224
191
807
374
91
-101
157
-426
-187
122
81
263
483
-43
-155
1213
191
346
258
-27
-197
77
472
891
756
497
429
436
580
560
291
236
-155
393
608
431
659
-557
-607
-258
-217
-237
-350
-385
-576
-294
-645
-22
-415
-536
-549
-138
-190
-522
-17
392
206
293
-140
-60
466
29
-332
539
-62
653
83
157
488
-588
533
333
867
-16
132
251
365
388
-313
615
103
425
386
-293
707
98
321
302
931
317
569
236
9
73
105
652
-55
441
930
-400
830
-353
17
125
218
-289
-162
161
267
85
654
-10
-364
147
819
-501
490
-557
278
767
208
103
12
119
272
73
410
230
295
406
355
-289
355
-928
364
268
145
429
168
411
-28
554
-273
-321
468
408
-28
347
654
-237
342
28
160
415
120
454
-188
1059
-106
-25
331
-135
-379
340
477
-693
54
183
210
284
-348
436
89
448
-155
-1
599
139
120
230
283
-313
-99
320
-165
401
30
682
509
-143
-343
-61
-54
332
440
109
620
-511
142
394
248
592
-435
783
723
-360
-45
42
119
363
39
18
536
-387
834
299
132
490
-525
902
227
-131
-295
500
155
-120
-493
511
238
-566
512
584
19
222
-251
743
-54
-280
10
348
-367
119
-7
364
596
-518
-724
295
-52
26
235
628
399
170
371
409
-95
12
243
516
874
-196
-210
-14
233
-58
-37
114
-143
482
612
341
-181
549
120
264
643
80
768
509
834
628
461
825
305
789
500
503
723
569
556
988
651
145
-185
455
-76
-209
104
204
-86
104
107
-241
177
63
6
-182
-514
86
-196
-271
-448
92
-26
-84
-253
-29
-628
-45
-422
-251
-440
-607
-418
-299
-117
-260
-174
-517
-336
-568
-503
-203
-348
-39
-163
-386
-275
-410
-592
-25
454
-412
153
-144
-204
239
-287
119
-278
-384
-51
-382
314
-698
-905
-260
-253
-322
72
353
264
78
274
-363
-248
-36
-22
-215
-51
-301
-843
-25
-47
82
-8
-141
-362
-721
-449
25
27
-144
248
-351
-127
-262
-702
284
-193
-132
-70
33
179
15
-652
-746
44
17
-296
163
45
-60
-407
-15
506
-226
-104
-251
-360
-49
-269
239
-224
-251
-125
-65
-811
-355
-71
18
-134
-18
-257
-174
31
-84
-170
117
298
-425
525
-103
128
-341
-770
-191
-174
-42
-284
-17
-61
-904
-253
-252
112
-341
-374
101
-391
-611
-614
-456
-455
-61
-272
-72
-229
-371
196
-77
-558
-165
-294
-130
-341
188
-655
-119
214
-586
-212
-156
-360
-358
64
484
37
-379
92
69
124
-630
-310
-113
-138
313
132
254
340
100
-182
88
-374
-372
-253
-85
-133
-101
-724
71
-231
141
-520
-132
81
-105
277
-257
-162
-392
-51
164
-68
-615
-217
-116
-141
-256
-147
-318
-660
-326
129
-586
-1
-36
-496
-827
-147
-888
-369
-388
59
-515
-503
-452
-477
-297
-608
230
-1065
-76
-489
-48
-531
-518
-799
-189
61
416
273
506
-214
-74
399
227
56
-151
-46
566
-93
580
491
396
344
626
116
-5
-49
-52
249
502
395
560
509
340
175
596
274
525
411
-10
1008
148
452
551
751
-288
409
281
525
598
-268
236
244
42
-22
167
473
163
213
47
-109
44
608
56
105
221
369
180
584
213
82
285
-43
-332
248
-167
505
46
270
-417
170
438
-297
115
165
517
345
200
226
419
457
50
-51
105
701
-44
274
512
102
139
234
241
-6
531
-157
180
-72
127
878
230
170
178
552
1
-501
334
253
167
127
56
27
525
505
-93
-75
283
-36
102
582
437
501
431
-35
204
379
317
447
-11
-409
572
106
10
-257
-83
116
-58
421
833
521
420
-22
486
490
371
242
422
464
-21
98
338
423
571
320
-21
225
422
293
685
90
-88
284
655
21
330
376
446
150
-136
-252
644
293
346
458
320
-128
-65
66
267
45
-152
219
121
-153
-48
170
205
88
201
308
-144
-213
-190
210
642
-258
149
264
-107
217
-51
102
409
378
245
455
389
190
-239
195
192
-12
595
243
12
-343
-80
714
563
280
485
792
217
513
629
776
-75
832
-28
336
114
719
314
100
291
757
638
288
463
784
301
532
186
422
571
547
561
304
881
711
669
480
-578
-795
-925
-1160
-1044
-955
-752
-1027
-1450
-868
-1184
-1107
-684
-455
-498
-340
-1126
-939
-970
-1569
-1101
-1221
-963
-1151
-879
-835
-1510
-1339
-1280
-1002
-873
-486
-926
-876
-1152
-1505
-1350
-1063
-1430
-1156
-590
-1241
-985
-1106
-1407
-1277
-1272
-605
-1036
-1295
-1287
-743
-1092
-1395
-1501
-1424
-1411
-1191
-900
-940
-696
-990
-371
-518
-658
-1499
-958
-1152
-1284
-1189
-1290
-994
-1153
-1147
-1376
-1169
-264
-1135
-1160
-421
-1265
-1096
-1005
-1633
-780
-1153
-838
-804
-1636
-1971
-1324
-928
-1238
-1038
-718
-230
-1418
-734
-1357
-1259
-1233
-1249
-1084
-1028
-1014
-838
-1416
-834
-927
-1506
-1087
-248
-965
-1450
-1145
-858
-724
-1209
-1045
-1362
-1035
-1338
-981
-964
-1606
-929
-1039
-473
-491
-709
-418
-731
-1665
-1106
-1056
-730
-1560
-1978
-764
-1461
-1734
-1599
-827
-399
-748
-811
-572
-1131
-791
-1151
-1071
-968
-1287
-1439
-1293
-1293
-1093
-811
-1280
-503
-1103
-738
-538
-714
-1003
-953
-1228
-1396
-1312
-977
-1233
-856
-1011
-1711
-1354
-400
-1172
-548
-1009
-1056
-1195
-1267
-1492
-501
-744
-1455
-1278
-932
-1433
-837
-835
-672
-1281
-584
-1155
-840
-1067
-1200
-1986
-965
-994
-1010
-1160
-1033
-510
-1269
-1292
151
-373
-1379
-667
-781
-1546
-1021
-1141
-1436
-1031
-1124
-874
-701
-1125
-511
-776
-838
-1031
-647
-564
-1014
-717
-873
-880
-1122
-979
-1362
-1396
-1120
-570
-1120
-636
-190
-217
-94
375
-180
-271
-14
-152
-314
-403
-129
-496
-390
-325
-676
-187
258
-547
-362
-639
35
-349
-159
-81
-381
-474
-885
-566
-203
-363
133
-315
189
-687
-393
-277
-570
-737
-1250
-622
-618
-544
-22
-79
-973
-649
-567
98
251
-1187
-416
-176
-591
-907
-773
-510
-742
-273
-762
-702
-527
-650
-181
-512
-251
-749
-781
-347
-704
-765
-563
-703
-1213
-656
-433
-85
-644
-164
-753
119
135
-924
-688
-294
-854
-951
-526
-528
-1002
-600
-575
-599
-982
-355
-454
-124
307
-960
-717
-667
-739
-977
-520
-706
-1031
-1161
-586
-760
-307
-1010
-593
-365
181
-1139
-421
-37
-664
-831
-441
-844
-622
-534
-107
-634
-865
-1104
-810
-369
151
-705
-228
45
-664
-392
-723
-478
-697
-1609
-415
-251
-329
-1073
-658
-573
171
-656
311
-974
-121
-411
-267
-1081
-1060
-929
-1131
-148
-619
-1104
-355
54
194
-262
17
-549
-823
-321
-383
-266
-770
-1300
-121
-81
-779
-489
-227
-256
-74
-557
-27
-551
-941
-513
-443
-323
-785
-1280
-503
-317
-763
-753
-279
-747
-108
-627
-71
-510
-986
-223
-1127
-713
-159
-451
-485
-840
-482
-410
-1032
385
-62
-566
-342
-194
-741
-414
-1149
-1063
-1009
-514
-472
-140
-70
-847
-1277
-448
247
-617
36
-956
-588
-636
-1512
-602
-449
-1052
-627
-589
-229
-521
-699
-86
-116
-406
-142
-716
-359
148
-493
-297
-130
-345
-670
-485
104
-75
-379
139
264
-398
232
269
0
81
47
10
-44
172
243
-119
-87
-140
-227
-121
452
556
171
447
896
721
713
582
403
345
308
230
300
460
885
397
154
299
1640
1463
699
1070
846
971
1356
1451
990
1433
791
1268
1055
1336
592
224
993
1147
1217
1004
1485
1227
889
1212
727
1107
1174
1240
1274
230
498
865
284
578
1007
1512
1473
1168
871
823
1076
1081
1009
1183
1000
1021
909
615
1096
1277
500
1222
992
769
619
908
881
1299
708
1229
1280
692
331
324
1213
1245
1554
1084
916
1113
987
816
1089
1223
1210
937
1079
587
570
562
1051
940
1158
1014
1483
494
969
1449
1381
919
1295
1132
1030
669
677
717
1379
1275
640
1278
1260
974
1142
618
1000
1371
773
951
1382
1245
949
537
1293
709
1131
982
467
629
1221
747
961
1005
1222
1230
950
380
168
385
898
939
1328
1614
1094
927
882
1647
1564
1032
1302
1374
1174
929
691
646
509
1034
926
800
1561
497
1039
1068
939
1021
1181
1135
919
423
594
472
935
625
868
1206
1115
1307
1153
902
624
955
1183
1370
973
1032
394
200
1039
1179
785
1584
997
937
1051
1080
1042
1067
1060
1303
1300
1141
782
421
545
1319
607
982
997
1407
963
1470
1160
738
1193
626
991
1226
1177
335
1054
779
817
668
795
1053
1685
517
620
1193
914
714
962
507
413
90
331
402
464
512
451
501
854
646
520
657
614
650
451
434
306
71
-636
-691
-666
-142
-602
-441
-587
-183
-790
-189
-927
-654
-754
-302
-535
47
79
-34
311
71
-60
83
432
212
326
307
-282
-106
193
-679
126
341
207
434
421
450
24
295
7
579
-74
648
110
353
-144
-33
-420
601
144
1
240
350
814
545
242
-204
169
368
442
376
204
-449
761
563
94
-268
260
-45
-17
672
270
202
-39
213
211
11
-56
213
387
-105
-176
222
530
148
110
-232
463
-60
-182
-159
-44
-363
309
-302
-161
161
145
436
161
106
386
218
294
327
31
133
77
-99
-150
-193
117
589
333
264
69
558
-154
479
467
287
-488
317
258
-135
-439
25
312
-66
386
-170
195
274
-41
175
344
74
-184
-66
436
483
79
-526
146
69
377
377
249
314
-121
321
408
524
163
19
212
375
594
-222
-200
110
125
238
103
88
-175
134
629
286
296
302
64
527
-188
671
-289
47
355
459
154
409
-178
-90
-104
14
93
433
364
339
302
-237
419
324
-137
712
395
536
142
410
426
295
20
150
489
492
-197
-209
-53
-61
-10
-57
171
521
105
394
-64
70
-298
-27
-261
215
-202
-578
188
526
256
730
604
818
605
318
434
217
366
350
603
771
424
162
206
168
559
733
725
459
512
671
586
767
577
382
587
628
760
356
208
-453
-359
566
442
729
186
126
40
391
-129
364
-20
151
407
-43
562
-184
-96
352
339
322
-107
185
415
-3
435
-103
619
777
577
285
-79
-620
-558
365
-179
154
128
295
39
45
75
779
31
59
65
-447
380
-612
-62
-147
124
-361
518
-73
-10
269
141
-165
27
40
105
-119
177
-690
-263
-14
137
398
-26
-267
-148
-321
252
355
-141
163
-530
31
441
-403
-478
261
447
308
-7
411
-65
439
327
78
75
-386
112
-701
179
-692
293
219
152
31
587
-466
475
-405
-234
-38
132
239
-204
-27
613
-386
-409
-133
-401
397
-732
335
-649
531
-49
-413
90
-79
543
24
229
-259
-523
-226
212
268
318
77
629
-204
174
545
-204
658
350
-338
299
-571
-467
52
285
500
100
635
92
193
-538
-293
695
-94
203
-22
290
-672
-527
-20
-378
306
-259
-303
86
189
42
24
-93
379
-207
-36
143
-695
-310
-84
185
-42
-413
234
-37
-325
379
218
223
75
99
-99
246
-386
-432
-576
-231
274
-405
21
353
34
-545
157
412
322
-326
436
135
-534
-641
58
650
558
575
56
-73
480
-205
358
401
-148
-33
-679
369
-260
-384
123
420
124
-133
408
12
-349
-154
-109
-512
-194
7
-358
-100
-855
-481
-513
-490
-574
-734
-716
-880
-617
-408
-627
-482
-547
-661
-477
-129
58
638
217
676
182
107
418
650
-37
5
173
635
138
243
247
354
529
703
1144
742
853
639
733
575
639
1342
435
860
619
418
564
441
594
908
715
1016
1017
1036
1187
650
1214
830
836
1396
949
1201
826
627
914
926
940
1223
1062
889
410
916
978
988
1314
984
1414
720
1158
442
75
840
1023
1098
1012
868
1061
1410
862
820
1001
919
835
898
598
528
775
803
1521
1208
939
844
701
1241
1084
1373
910
1538
1518
839
453
814
491
1139
683
1234
1162
987
988
1380
1341
1417
845
973
1171
836
926
829
960
895
1173
958
880
1116
1129
622
1183
971
1321
1382
707
916
709
809
411
1234
1105
1552
1089
1071
754
693
1277
684
1142
802
1171
1091
985
785
667
909
1775
796
1290
847
1004
1265
1400
1412
1111
925
1479
765
707
1100
457
1125
964
1135
1139
1369
1222
1156
858
1054
886
1021
823
1362
637
1351
158
802
994
1587
1486
865
1014
1243
1140
1230
1227
979
1344
662
1086
793
389
1079
1082
758
1012
1401
850
954
1232
882
1588
739
875
959
775
967
461
960
870
844
964
1705
1199
1177
597
1470
1000
998
1396
1241
836
1173
580
615
552
761
1035
933
1368
962
1476
1047
1148
1092
1104
753
1118
1057
643
1075
782
756
897
911
911
709
699
569
554
767
912
847
1050
535
-416
636
595
879
768
81
583
793
274
401
500
151
261
587
472
827
110
766
1199
1151
749
487
572
702
839
1056
877
1332
613
1196
385
617
254
164
71
525
841
526
640
651
625
718
891
610
905
205
568
840
287
1030
349
741
577
586
364
393
619
235
380
469
1231
430
628
529
-270
639
542
661
493
-255
367
644
426
578
945
326
661
324
187
420
-187
757
1073
791
551
482
528
537
512
903
370
1031
154
440
2
867
-14
675
217
327
821
1022
-191
837
323
692
618
657
1276
499
181
332
209
455
418
485
941
-86
1010
254
537
865
482
1108
392
698
361
583
-97
473
-85
1184
567
579
612
573
522
399
1158
994
786
823
365
479
-101
-91
814
888
619
397
668
1096
552
655
513
592
735
927
644
811
158
512
303
-145
552
322
682
563
386
537
600
277
542
422
272
725
-346
282
131
851
697
376
993
221
181
533
956
872
403
482
446
710
217
477
631
892
656
637
708
926
414
503
406
845
225
629
881
859
-157
571
22
722
364
625
872
581
487
649
628
1120
610
630
379
634
-326
513
-72
591
263
314
742
526
661
654
549
464
676
494
622
602
0
-104
64
189
264
163
262
111
86
256
25
439
448
447
109
317
-182
-176
446
538
488
707
273
649
1047
866
1050
11
228
556
238
-45
119
134
533
1048
945
579
723
532
492
871
598
328
336
648
880
550
618
634
583
547
425
627
404
776
497
333
721
969
351
696
476
481
160
350
881
377
417
184
772
891
495
957
596
226
153
260
370
415
385
884
546
802
506
849
848
244
503
324
104
806
821
686
218
482
356
206
621
275
899
896
539
475
526
801
1100
882
657
736
631
277
-77
952
980
906
668
476
887
1126
583
393
785
90
423
97
222
933
28
301
502
274
681
725
283
617
555
486
536
636
1068
315
401
-198
82
715
712
1305
766
705
987
658
1110
744
771
683
605
426
1227
396
362
437
-42
421
483
267
421
797
819
1017
251
174
567
232
122
107
219
-72
501
668
278
456
762
219
434
612
744
728
614
946
1149
858
390
351
641
681
916
720
375
646
779
663
589
744
808
987
1132
56
502
372
286
483
702
689
764
365
935
378
482
701
662
380
293
196
86
310
501
1089
442
774
501
667
177
421
707
719
249
579
608
144
321
703
1031
1098
713
734
294
250
1035
324
872
1052
588
454
718
577
199
595
494
328
326
504
364
453
365
600
562
559
426
163
-111
211
148
-35
-236
214
104
688
626
594
377
78
-117
-52
-67
330
9
165
377
400
563
503
1037
520
718
643
565
1019
404
526
626
200
669
114
-328
350
821
534
243
363
420
347
592
590
1156
903
82
1540
768
395
211
120
752
714
380
877
651
877
658
795
420
426
1038
602
1145
512
470
319
83
275
610
448
1189
240
233
929
1046
-54
225
684
919
787
332
436
669
723
13
749
885
976
708
727
642
494
404
171
450
678
-137
513
561
-140
147
453
140
673
510
430
370
42
-158
602
1161
516
480
454
1470
392
34
88
410
107
768
762
523
439
519
334
454
874
283
724
553
956
388
1182
670
727
1139
646
293
313
1098
674
672
907
258
-202
1054
420
958
418
658
140
1010
589
892
785
302
495
1112
461
50
371
954
465
211
708
451
905
680
961
1244
118
539
1263
463
558
348
515
596
487
270
243
548
575
472
1135
685
645
719
528
817
745
-223
417
493
-183
626
795
-148
568
531
548
1327
495
293
878
291
438
381
521
490
700
1110
1103
853
554
421
568
661
386
770
776
819
793
423
273
845
618
687
550
620
578
335
192
1108
525
317
404
826
464
193
389
394
249
438
523
231
712
1000
377
370
765
446
455
762
639
249
433
460
628
706
700
470
823
460
1106
76
551
185
267
509
415
200
465
323
43
443
667
312
360
615
352
529
440
327
637
319
-206
393
-148
-208
589
244
532
553
515
293
324
70
544
367
96
131
225
571
533
589
219
600
173
159
-99
294
-218
1023
400
481
227
339
509
168
260
292
333
287
-70
277
690
54
351
381
576
333
759
-52
245
677
343
479
373
360
11
334
481
195
159
268
399
704
458
552
421
846
-232
186
382
536
324
291
172
78
493
264
741
496
2
188
19
685
221
61
879
45
283
223
189
821
213
366
523
595
244
181
-21
585
-62
163
-179
585
-72
-17
-99
717
456
322
357
429
240
242
5
605
378
361
380
387
614
62
545
606
340
75
446
614
351
516
484
789
413
291
89
570
670
601
344
326
15
-194
316
169
371
484
176
473
1
238
344
96
602
124
496
678
35
752
-34
209
420
305
344
774
773
277
253
111
387
430
-31
543
356
226
457
705
699
335
594
242
378
294
391
191
626
-10
99
331
216
395
1033
469
227
170
46
227
40
-624
-164
-115
334
389
420
510
416
-76
494
546
830
-372
6
289
185
400
367
330
163
153
301
274
176
15
101
418
227
464
119
-191
191
-144
75
-8
162
310
-301
432
286
300
145
12
84
25
87
338
265
241
149
304
215
550
362
501
402
643
530
393
209
-162
-103
396
227
549
662
378
724
451
203
11
62
240
238
413
-135
440
-3
705
188
271
431
308
221
255
363
667
703
613
411
143
478
168
-73
46
657
386
841
98
794
569
769
217
566
-85
220
228
161
153
-83
273
356
504
-50
555
691
452
693
424
214
-182
733
197
313
117
-3
151
393
272
691
277
567
240
308
707
599
255
480
382
509
136
-58
164
508
413
270
426
615
854
89
712
265
536
65
390
553
314
-128
238
306
481
57
492
119
423
106
610
189
975
128
274
506
70
250
101
979
217
-112
232
184
152
339
353
836
515
124
652
508
426
408
565
354
-269
138
719
187
195
-235
245
783
507
439
863
198
249
212
222
633
448
689
778
464
589
213
665
784
257
450
340
401
588
72
356
682
292
44
244
459
841
579
672
365
-85
-158
544
253
717
-341
580
235
185
418
306
459
203
133
354
184
545
375
110
260
117
25
562
349
666
884
742
653
875
591
702
677
428
689
1109
698
235
404
337
458
500
588
615
297
241
26
264
369
515
529
662
429
303
-157
265
83
169
-116
350
192
449
-50
239
167
134
200
471
407
134
285
682
170
81
271
-170
76
-39
186
569
-21
313
-324
25
573
-447
-270
425
15
637
120
365
625
-109
741
-302
-161
133
94
681
-55
333
-86
667
371
315
382
172
525
617
33
430
547
400
547
214
130
-154
522
736
200
-108
1021
33
504
240
600
504
463
-85
181
117
221
-12
33
736
731
147
-234
503
857
478
-98
147
14
307
385
-97
333
689
260
795
-225
769
340
617
-38
306
454
534
443
272
187
21
240
-151
60
909
647
72
771
162
364
349
39
482
-148
-15
224
636
353
-304
-54
937
-152
301
-64
494
328
384
612
663
111
176
201
394
363
69
100
704
102
520
671
84
429
208
491
281
664
878
6
557
1037
264
-297
459
231
89
24
444
-508
382
327
429
463
-179
226
822
-261
658
-106
1071
-169
289
514
354
530
215
-92
575
494
1152
473
279
749
590
188
783
171
390
647
-9
123
50
250
107
184
-247
453
328
382
-257
-3
913
-195
45
655
387
425
418
428
111
-238
757
179
219
578
34
-628
870
-3
968
524
237
670
39
113
514
154
34
15
411
891
-304
345
355
-224
230
504
100
-143
-217
-224
173
-210
274
70
0
-68
-90
-636
-230
-532
82
-152
-232
-414
-224
-404
335
-281
40
-345
-239
-342
-331
-299
-1294
-1134
-726
-972
-1542
-651
-1127
-339
-911
-1037
-1042
-1456
-768
-112
-1503
230
-1253
-824
-910
-1128
-1133
-1689
-1292
-1625
-1102
-1197
-836
-784
-1047
-1099
-761
-290
-1207
-652
-1430
-866
-1033
-734
-1629
-1098
-994
-1366
-1420
-1272
-1644
-1134
-1096
295
-921
-1360
-1091
-1420
-1173
-1305
-1162
-1285
-723
-1135
-1366
-1259
-1439
-1223
-763
-153
-1145
-834
-1535
-1242
-904
-1713
-1679
-1355
-757
-1463
-1154
-1340
-710
-977
-1075
-798
-840
-818
-825
-953
-1075
-979
-1682
-1499
-813
-1266
-1543
-1288
-554
-521
-1425
-455
-630
-790
-1440
-1189
-890
-1035
-1537
-1207
-1337
-976
-823
-1514
-1237
-890
-724
-486
-763
-1229
-1644
-1088
-274
-1201
-1426
-918
-1707
-754
-576
-1202
-776
-694
-1446
-695
-1015
-901
-1600
-865
-1592
-988
-654
-1051
-1472
-998
-1602
-1125
-977
-1421
-1798
-531
-529
-1365
-1488
-522
-1006
-1326
-1217
-975
-896
-1394
-1673
-1040
-825
-1699
-774
-1192
-787
-1513
-1097
-1537
-1362
-1181
-1890
-1292
-1026
-1064
-1082
-1488
-1028
-1089
-878
-535
-606
-1053
-1193
-685
-1320
-866
-983
-806
-1276
-959
-1088
-472
-1420
-672
-847
-404
-801
-1578
-1241
-863
-1204
-1115
-1070
-1329
-1373
-1593
-1295
-1287
-1404
-929
-798
-585
-1342
-968
-1166
-979
-1060
-1505
-1441
-1474
-1091
-1148
-1490
-1469
-1586
-1434
-985
-290
-402
-624
-518
-446
-967
-946
-805
-535
-861
-265
-478
-865
-657
-598
-1219
-342
274
395
859
665
599
717
62
699
642
893
795
659
475
893
605
640
536
-229
148
144
438
502
1029
540
510
280
-108
129
355
444
485
-407
796
674
847
669
974
999
1141
623
538
900
1178
803
891
480
407
520
519
500
597
324
517
873
641
277
1213
615
810
977
673
130
677
-266
508
551
1238
474
986
1117
636
955
386
497
422
1141
1251
953
590
162
597
-216
509
879
616
941
716
405
836
1306
475
985
702
516
886
553
360
526
992
763
1330
712
1251
1824
215
812
915
1227
698
270
892
-196
262
130
4
621
819
411
434
562
945
596
427
797
538
847
742
65
578
390
815
1242
496
272
580
604
979
609
533
644
797
682
1031
-194
700
147
632
411
734
1203
810
533
1116
86
895
365
869
449
1082
-241
368
444
731
711
1575
1000
626
545
587
252
859
1066
979
977
650
691
268
258
807
1043
1047
398
918
767
1182
1030
425
652
719
492
728
-145
769
313
692
1006
469
1056
528
1145
916
837
888
937
558
474
1202
367
258
330
94
420
439
282
417
887
574
1010
314
1383
559
445
521
-213
429
409
707
1118
1201
961
1146
785
990
800
634
549
1101
530
1030
184
494
639
788
357
425
337
571
93
629
268
120
390
307
265
206
87
-245
238
-199
-455
-77
192
-25
50
-206
-6
-250
-25
-182
54
186
263
-67
213
179
103
484
420
254
324
538
688
614
583
52
273
20
-11
52
477
84
194
-22
134
-42
276
134
207
264
264
428
65
454
170
-192
361
626
400
392
11
571
53
175
261
521
389
611
616
105
-131
-132
433
128
183
287
37
263
102
23
373
477
407
35
631
88
-374
254
336
589
-153
461
586
385
571
150
114
155
593
60
248
854
171
-6
-263
240
122
44
195
-7
-412
452
353
642
531
318
304
444
436
-126
68
333
157
569
-74
232
554
125
707
292
315
473
249
-14
-120
79
497
381
-28
191
384
466
27
399
293
85
80
-230
54
474
283
119
591
453
272
264
360
224
345
-138
21
1
251
-64
349
456
-143
-65
482
122
138
477
397
381
303
251
124
531
210
44
552
75
-35
340
587
236
168
266
289
53
340
592
341
295
668
-322
-43
388
754
56
243
360
-71
55
254
263
239
336
555
240
571
967
633
-73
21
34
954
-91
213
285
23
125
753
380
89
449
631
470
285
563
136
-225
-13
-30
-202
-66
4
147
238
348
166
-44
364
16
-146
41
-52
175
698
633
556
719
737
515
311
198
556
278
404
582
588
618
119
200
-74
276
164
-320
-280
93
426
-413
465
238
-221
234
-148
-111
-185
428
248
63
55
-186
-292
-194
-547
-105
42
114
-131
-318
-126
-251
-641
748
134
208
334
107
399
469
67
74
-434
274
470
350
112
-94
-58
1029
-141
52
113
-346
-91
-186
211
-237
597
72
-518
-48
-315
-577
-286
1129
158
717
233
417
-122
-324
301
-196
-55
-216
126
201
-190
49
-11
488
137
71
477
-230
175
-168
-58
708
471
338
-16
408
-438
-385
-417
840
551
245
516
26
403
673
255
104
181
-177
-7
127
-575
357
-298
844
203
-233
201
50
-2
-193
-186
135
-149
72
479
385
152
-159
-476
751
266
262
362
3
347
-229
328
62
451
298
-55
367
495
148
-124
680
-413
-172
-62
-215
26
124
-136
521
638
481
235
-363
-64
-97
-430
404
153
381
-264
-169
282
-5
18
80
307
504
291
223
8
477
522
284
647
184
319
-24
-142
105
-225
47
-41
31
225
366
-257
-567
-507
667
-376
-264
457
51
295
260
-153
-98
96
196
-15
307
-433
108
-215
1000
295
718
-116
152
614
578
103
424
258
-709
21
692
711
501
-42
625
110
150
206
383
430
246
300
396
629
484
65
505
359
305
-96
470
-151
16
-246
-238
-188
-147
-267
28
376
-108
-378
-232
-332
-237
-32
-56
-109
-134
103
-112
405
329
158
-72
-112
-372
-27
203
254
395
-60
-199
-55
289
-290
160
-310
37
-115
-240
-142
-399
-292
-423
-192
121
-244
-283
8
113
-135
-414
-63
-161
-582
-56
465
-4
-220
-343
289
13
-31
140
-233
-504
-948
550
343
-154
-9
-112
214
297
-171
-208
-29
36
-529
13
93
-249
-102
-241
-115
-150
57
264
-356
-709
154
184
-347
85
-412
-239
-498
262
-89
-179
-156
-83
147
-379
-770
220
-453
-250
-509
25
-142
-80
5
-311
366
2
-623
-153
-12
-457
516
-193
-326
141
-175
92
-225
-244
-628
-241
-557
128
-124
-386
171
0
-113
-277
383
369
205
-218
-736
6
-578
-321
329
-680
72
17
507
284
288
97
-228
-57
-211
-635
-470
-232
-263
-273
59
-80
-485
-246
61
-44
-313
-307
72
-69
-222
83
-432
-182
4
-60
-80
-119
-129
140
285
-256
-439
-175
125
-368
-64
58
-440
-553
-333
-129
-828
125
-48
-205
472
-108
220
-229
-126
153
-76
-268
-466
-172
192
10
-22
428
-620
-790
-164
200
-468
-228
-115
-26
-233
566
-382
5
-168
-266
220
217
503
42
-63
-135
182
-195
-80
-369
-195
130
-426
-192
381
241
-592
19
-445
-585
-363
-476
13
-672
135
202
-558
-20
-460
-424
-83
-723
-582
-252
-626
76
-82
135
-375
-370
-289
-221
-441
-532
-486
469
132
1010
464
705
434
383
551
667
500
844
803
549
607
420
53
-154
250
323
82
-162
-603
-143
-186
-349
-222
391
-558
97
143
746
378
-574
-429
-107
508
189
411
198
-153
380
44
-193
41
555
374
432
-42
-102
-187
-658
-324
-738
-187
-98
-68
321
-164
17
-553
187
-138
276
88
-45
16
611
-290
-51
85
247
281
-336
463
-478
231
-55
36
-198
27
-314
-199
309
120
88
-151
277
297
22
526
382
352
-46
-73
-80
-14
-474
-461
397
273
-20
898
186
-535
285
-240
314
-313
-207
162
292
322
-179
-342
-219
113
202
-205
-425
-240
185
-89
283
336
149
399
-677
108
-559
-1031
207
440
230
-245
534
719
260
26
522
-334
178
363
452
-133
-289
-364
-508
-173
-390
-13
163
320
-517
385
231
-327
-402
-587
-90
-92
-259
225
25
-250
-129
-428
659
-12
-187
-361
-356
249
-285
486
78
-358
-425
-337
25
307
364
-103
-550
172
-235
240
-501
-15
130
-119
-204
-575
-300
-315
-641
320
333
-160
142
-550
-255
327
-5
805
-857
-199
6
-158
-100
216
113
-70
65
-65
78
150
166
-380
131
-125
518
-113
403
112
-627
-157
-498
181
463
70
-22
-453
694
-83
114
701
92
-194
316
154
-430
-428
-547
-515
-699
-851
-669
-368
-552
-588
-687
-763
-542
-860
-573
-431
-5
-392
-149
-623
-189
-235
-102
-394
-657
-226
-524
25
-543
-232
217
299
515
-161
251
-234
-206
-397
33
374
230
153
446
-532
398
-526
-45
-456
393
446
66
375
399
-51
542
-101
42
210
226
538
670
-192
348
423
320
-47
363
366
173
453
-8
150
737
281
1093
779
334
366
734
36
359
191
645
8
105
348
268
741
82
293
-86
367
-200
496
107
-349
1344
-184
24
135
491
559
130
-15
119
699
270
24
-246
-223
371
458
210
508
60
256
-53
206
39
85
787
411
596
-225
699
507
792
-251
674
81
313
87
31
-28
302
618
710
305
286
117
330
434
50
165
490
530
753
749
703
169
234
723
532
324
265
96
119
205
819
335
415
377
459
491
476
622
571
453
78
531
662
99
424
545
682
-44
272
-218
-145
218
19
970
351
-183
499
-100
311
840
622
257
45
-309
673
-377
1123
345
291
-208
-181
484
356
551
442
53
668
-201
337
100
486
353
90
78
210
295
412
-24
247
916
492
200
307
546
-353
-204
484
90
97
83
223
76
648
76
147
221
9
506
783
417
202
44
632
138
627
610
381
288
990
757
723
337
642
384
741
485
799
79
587
416
594
524
581
850
466
614
626
624
1275
501
411
546
492
33
-71
-175
518
412
-307
289
16
-153
-266
-179
-144
68
398
19
114
-74
16
355
276
-127
400
-521
338
-823
-127
106
60
381
-380
45
323
-669
-720
-282
-411
-1207
-375
-71
32
-105
-241
-82
-629
-568
-654
-314
49
-230
-212
85
-159
-917
-83
-153
-698
-314
-818
-160
33
-278
-245
-450
-119
-635
-295
-453
-302
-575
-652
-247
-867
-381
340
-626
-233
-650
-760
-620
-1208
-544
-84
46
-530
204
-497
25
-17
402
-526
-512
-516
-549
-184
261
-442
-594
-701
-226
-823
-27
-398
-655
-500
-673
-729
-428
-200
-378
-620
-364
-5
-564
-284
-910
174
-695
28
439
-520
95
-629
-150
-517
-249
-347
280
-905
-767
-420
-382
-855
-467
-527
-557
-23
-272
75
-329
-988
-395
-311
-586
-843
22
-448
-776
-351
163
-229
-306
-140
-299
-120
-900
-884
-424
-278
-488
-490
-117
-338
-196
-166
-548
-524
-240
-468
-211
-642
-4
-393
-460
-749
-384
-994
-482
-523
-310
-241
-565
174
-389
-361
-671
-373
-173
-209
-470
-153
-736
-23
-936
-265
-270
-579
-203
-79
113
-712
-389
-424
-376
-647
-619
-190
-750
-642
-571
-647
-258
-34
-640
220
-306
-637
4
-552
-221
-586
-199
-532
-259
-13
-403
-485
-708
-503
-1153
-320
-646
-497
-564
-813
-475
-255
-831
-15
-603
-736
-442
-258
-239
185
-105
-193
-89
-91
-490
-303
-337
-411
-344
-198
-420
-719
-361
267
-48
-17
346
402
270
-426
-276
-100
46
-17
316
80
-160
-57
558
-92
-94
130
-405
-306
-159
-454
259
-249
-599
-340
-260
-98
514
-50
-309
6
-328
-513
-409
-6
-531
-17
8
-513
-412
-722
10
400
-254
-447
-78
-18
0
45
215
-250
142
-225
-932
-406
-706
-25
235
177
-920
295
26
-218
-212
-108
133
-337
-429
-735
-302
-147
25
-72
-158
-304
-494
182
-175
108
288
94
-160
155
-517
-689
-232
-442
-121
464
283
-649
-210
-241
-175
35
37
-185
-271
-218
-263
279
-746
-888
-381
100
87
25
-614
-101
-315
-236
-120
143
-508
-461
-36
-649
-446
48
-795
-573
-365
-670
-314
-323
155
100
-293
185
-6
-117
-321
-852
-519
-417
-673
447
-547
-316
-760
-27
6
0
390
-56
-117
-379
-381
262
-18
-387
-4
-394
-614
-68
-718
-136
71
236
-73
62
-227
-127
-407
145
-521
-307
-414
-813
247
-73
-117
38
-252
39
-554
-317
-262
384
247
-640
-68
-227
-606
-219
-244
-76
-23
-564
76
85
125
4
213
-187
-625
-74
225
-914
-457
251
198
-818
-163
297
318
-315
-90
-61
-488
-412
32
-165
-418
-492
-338
-108
-617
-80
143
-502
-50
-256
389
-80
-398
-3
-203
239
-11
20
-192
-330
114
212
276
258
159
263
-236
-27
-102
-27
-23
-97
86
-4
-461
-223
-183
-140
-570
-589
-522
252
249
-99
286
246
597
1026
756
715
414
380
-23
293
413
301
-270
473
542
526
676
395
638
371
144
662
652
658
508
504
820
-90
-245
607
48
1029
609
434
660
769
153
786
350
744
845
280
879
86
56
820
305
161
533
555
1060
-18
827
-122
798
490
200
131
1175
66
-436
432
862
163
476
436
920
481
477
549
314
410
388
875
254
1162
141
203
177
706
-102
238
704
327
438
534
575
431
493
751
341
458
-630
149
811
348
370
590
-188
-78
10
299
916
271
190
231
916
650
-188
544
617
587
533
1176
238
532
564
740
864
-99
363
306
534
638
-27
296
526
409
894
311
898
574
923
78
317
547
113
522
665
-100
-88
51
110
630
278
559
629
672
612
141
499
687
385
577
525
677
204
752
746
69
228
383
751
505
387
253
954
916
397
1015
-33
709
190
410
686
542
219
760
160
618
346
686
1018
287
1022
1203
326
555
-329
770
302
251
199
237
287
666
769
761
-158
178
401
383
459
951
-265
427
670
488
629
391
471
767
1059
680
429
334
354
311
674
278
-29
373
186
521
502
267
638
88
184
433
660
680
-67
79
377
25
-86
329
432
170
480
498
283
370
229
259
516
710
559
523
742
458
272
1148
648
706
957
978
853
1051
1150
1349
1072
684
727
688
1080
431
560
1045
262
594
1005
1001
736
1218
1629
677
471
745
721
1124
415
1449
174
1097
756
1337
725
460
671
996
324
620
1008
808
1085
873
739
492
88
1251
1071
822
724
827
993
1223
212
560
1060
917
981
853
973
771
349
1933
1338
731
721
1410
1731
430
837
869
373
1631
1593
1134
725
859
245
1113
729
980
1502
1196
673
928
1610
1680
995
894
1269
740
626
1174
-198
1399
907
830
1345
1124
914
958
826
718
1228
1171
1008
1145
229
266
383
1046
972
441
1095
1140
1138
1026
1047
1441
967
1020
779
1349
951
1089
-211
1293
973
617
1014
1113
945
538
1303
1481
827
805
1257
1491
1214
926
-300
1596
991
639
1365
686
1253
1043
1789
1378
782
663
835
1354
881
463
250
1230
671
1228
1185
936
644
853
1279
1218
809
998
1242
1595
977
942
-21
1056
1066
1186
729
381
1293
883
922
1269
697
804
1459
1416
874
873
114
764
1025
1245
1244
1560
922
930
1236
1401
1503
1521
1038
1384
938
-1
605
1170
467
847
1431
980
754
1092
792
614
815
1209
1235
1150
1046
891
-41
1391
915
1434
776
795
1182
1495
1238
1434
941
520
837
1545
1196
596
-577
754
1074
626
597
818
270
281
658
707
643
554
-38
415
706
299
-172
-529
-137
-271
-457
-117
-173
-249
-179
-122
-360
-250
-409
-23
-738
-68
15
-850
-407
-271
-273
-482
-226
-399
-384
-278
-330
-308
-395
-211
115
-895
845
-1019
-1028
-18
-979
-630
-685
-873
43
-619
-607
-280
-820
-773
248
-32
-7
-840
-673
-890
-872
-238
-136
-424
-144
-600
-846
-1107
-369
214
-258
-810
246
-964
-886
-426
-285
-900
-517
-401
-800
-715
-893
-471
-381
-568
-434
371
501
-1088
-346
-714
-251
-270
-1014
-546
-195
-975
-339
-476
-233
53
-412
-632
131
-501
-1330
-505
-696
-147
-304
-851
-710
-103
-631
-771
59
-669
-128
-303
33
-893
-535
-569
-600
-772
-612
-97
-258
-618
-567
-607
-344
-387
-435
-553
390
-946
-453
-1122
-84
-224
-785
-677
-736
-547
-728
-1182
14
-393
-694
-378
568
-1054
-376
-746
-557
-665
-298
-731
-359
-954
-1024
-355
-790
-871
-587
-265
410
-1055
-820
-281
-644
-333
-701
-415
-595
-361
-135
-747
-797
-42
-678
-370
-45
-714
-560
-698
-618
-250
-808
-668
-469
104
-1059
-1126
-333
112
-480
169
76
-713
-862
-212
-718
-840
-32
-1528
-410
-510
-551
-517
-919
-998
-403
-272
335
-665
-423
-365
-907
-682
-445
-1487
-607
-1156
-679
-311
-294
-497
-641
-775
414
-1139
-634
-491
-745
-850
-584
-792
-865
-910
-782
-878
-889
-257
-214
-272
556
-424
-617
184
-235
-709
-117
-203
-87
60
205
-197
-114
267
12
-62
343
888
667
1159
799
281
599
937
549
503
488
452
1273
795
889
690
380
1414
1790
1726
1057
823
1154
1495
1414
1368
1251
1122
1105
948
798
378
118
1100
1896
1498
826
1366
1578
1219
1340
1221
765
1462
1350
1372
782
995
-259
1557
1866
812
1463
1556
1310
1293
856
1215
1513
1211
1561
1123
697
1212
294
814
1668
1313
962
1357
957
1353
1388
1364
1409
1232
1041
1128
918
1011
-252
1067
1183
1425
724
1300
1399
937
1461
968
586
1095
1267
1142
483
1237
-170
1305
1546
1284
1160
1237
922
968
1587
1218
1724
1286
1066
1497
1145
1177
-10
1317
1073
1029
826
1280
1504
1398
1189
1040
1657
1369
823
1222
917
404
-586
1472
1365
1312
1680
1371
1529
1248
1444
1202
1335
1361
1321
1613
963
508
188
1115
740
1478
1075
1002
1073
1427
1194
1282
1288
1377
1154
934
1051
874
-370
1236
1615
1325
1140
1155
1207
1243
1297
1123
1343
1122
1098
718
677
1092
232
1098
947
1103
518
717
1411
1093
988
1218
1331
1004
1252
1003
1036
421
177
1171
1337
1335
1044
976
807
849
1318
1113
1071
1517
1357
1143
1153
971
265
1161
1175
1260
861
884
-76
993
1137
981
1249
982
1053
1076
1188
568
-80
582
1768
1392
1282
965
309
1075
1129
896
957
1558
893
1463
1171
958
214
230
973
604
400
521
597
521
630
734
588
756
690
623
203
474
77
233
-31
717
787
387
277
561
336
410
290
94
-211
636
363
-258
223
-178
429
492
638
644
586
714
683
768
307
1417
296
301
397
200
585
39
294
38
-101
527
360
-95
40
271
699
569
-90
62
254
-260
231
2
866
551
359
478
5
486
244
477
304
258
210
477
194
328
232
78
-663
261
534
345
946
466
236
251
-58
139
363
777
605
-22
-95
-27
579
683
586
-118
147
371
703
269
113
131
702
50
-453
797
271
224
147
368
150
254
671
568
120
268
416
348
762
225
487
101
-64
22
338
233
-367
383
941
84
408
264
284
-217
527
229
795
101
-183
-179
367
410
312
227
-29
10
116
649
403
930
523
273
7
-283
515
86
229
-11
-182
297
603
263
645
124
-31
60
-166
726
454
-287
139
-358
336
698
432
405
311
240
464
53
515
521
-22
-171
-27
246
-119
200
171
23
-62
231
54
299
162
260
351
298
368
308
383
219
213
292
923
369
519
383
567
677
363
120
171
320
-90
388
410
-193
321
315
71
192
243
504
149
275
522
578
149
207
545
-60
259
135
-253
238
831
-160
192
325
645
182
697
295
169
251
-8
821
149
-144
376
-101
-280
128
338
-216
-37
-160
70
-66
115
-184
-37
-159
-19
390
5
195
861
1081
384
687
441
393
32
102
448
351
1034
565
724
374
338
-115
448
992
627
335
626
234
527
255
-144
238
470
869
727
547
688
68
242
485
780
1005
383
889
986
175
291
510
349
656
352
268
352
310
529
428
556
879
69
886
845
874
620
275
132
683
301
739
91
262
387
540
689
579
690
312
126
392
272
375
418
959
134
143
329
-21
377
681
315
518
974
566
425
-186
365
213
438
532
200
86
429
-113
567
1071
572
240
806
350
711
-91
547
205
212
671
592
-83
503
-220
712
647
558
479
422
97
480
82
98
607
84
326
816
-252
218
-156
899
1095
363
865
139
199
267
353
57
837
299
64
-67
313
671
-322
876
540
490
807
502
200
387
167
104
998
-26
840
88
-40
586
-117
489
559
804
96
92
547
669
23
119
544
-11
459
888
-222
-61
139
635
544
721
149
-238
380
450
-63
171
503
263
170
886
291
113
257
790
807
242
766
281
116
884
-317
461
-4
121
465
668
464
150
-603
209
574
404
-141
253
-68
281
67
326
476
77
407
255
725
329
-99
-65
487
220
-31
-251
318
134
86
255
467
335
421
-318
829
174
-318
-302
-36
42
-226
-56
-84
92
111
-31
180
183
221
199
229
189
50
-339
71
-314
-422
-288
-96
-1
-52
51
-52
89
-161
130
-385
398
-197
63
271
-9
87
38
164
-193
-88
-217
-43
7
461
224
625
345
-29
335
236
540
555
-198
20
512
128
819
512
267
807
282
226
472
-223
106
366
278
465
-126
473
114
746
771
198
192
222
-168
649
610
-253
122
537
25
99
312
203
-241
-57
429
64
426
44
160
150
440
-431
337
492
-180
125
178
-104
220
-260
163
357
376
199
446
380
674
-356
251
189
-82
400
360
370
437
449
438
113
-63
110
-261
610
958
-310
271
114
231
411
47
-56
-210
326
143
157
-408
161
365
-163
990
115
348
755
156
381
26
319
585
375
212
800
-236
535
206
771
552
92
540
193
309
-154
432
446
477
-100
644
615
0
507
-183
147
293
-257
388
262
580
592
202
586
50
287
291
-142
393
492
408
771
582
104
-451
-44
361
198
725
178
112
132
576
591
329
171
-99
199
608
-147
219
306
873
174
177
378
-88
-72
340
307
431
251
386
-39
1334
-190
336
-72
62
55
536
706
183
618
106
166
149
206
876
730
308
69
109
-195
486
896
178
297
115
404
453
-19
612
268
340
950
26
-396
355
74
258
268
-171
-350
422
166
223
651
296
-62
58
118
37
-143
420
688
614
533
67
346
614
622
367
613
539
173
383
614
765
-231
-181
-65
-345
113
387
328
444
-179
236
295
214
221
-54
229
-15
-17
328
250
199
91
181
564
-37
455
34
318
340
77
289
681
676
224
552
751
209
74
504
-135
-68
755
402
-121
117
324
281
442
-235
98
512
-129
-311
480
507
282
398
348
138
-158
-162
258
361
544
261
359
400
-10
114
-31
236
-8
68
309
309
204
405
-112
667
641
491
-266
235
-36
-68
278
421
643
362
172
0
245
222
506
814
223
-149
150
333
197
21
324
516
640
718
654
158
-81
-274
205
275
-74
-240
63
613
-213
526
729
80
152
209
516
-43
199
33
176
682
590
6
251
344
-215
114
222
295
382
245
155
81
-99
-112
262
-122
379
418
7
28
539
510
-192
545
180
-71
423
350
237
428
349
660
19
347
-265
-128
-160
275
333
-47
284
483
162
477
138
152
465
939
794
165
-335
56
392
592
282
199
259
724
575
206
274
305
243
249
599
353
149
302
107
470
247
150
-283
-84
4
329
32
62
304
88
297
-277
-261
182
728
152
232
922
116
408
227
322
301
247
466
902
124
224
-324
-414
36
-359
-777
-662
-295
-109
-10
-258
-408
-655
-292
-508
-527
-66
261
-462
126
-338
225
-127
-311
-298
572
71
-29
-56
-465
209
-498
-152
62
173
-168
-283
768
306
-491
-340
66
192
-164
291
142
-245
-160
205
544
-34
-265
-87
-45
248
68
37
277
-255
-8
-502
424
-531
378
-295
262
-284
313
-93
-14
-6
-369
-162
246
65
-236
212
810
-207
-642
-127
142
26
-135
217
-82
127
514
1
188
133
382
158
-11
-56
-309
389
227
-329
271
632
203
-276
195
402
226
-24
482
-51
-540
150
6
-279
303
175
-30
-7
220
257
-562
253
-141
142
220
497
-507
-110
-222
-299
226
141
341
-85
533
190
249
-62
687
107
281
-48
-109
47
85
-190
105
-120
133
-296
171
61
-80
272
162
25
249
-80
-253
-57
-376
418
476
-148
421
184
352
223
65
92
11
102
276
193
-233
95
-19
-238
412
204
287
27
509
136
-33
98
315
-4
-27
145
-163
125
-250
-297
392
-8
-41
57
402
506
-344
381
-180
-30
284
304
-101
-215
330
-421
558
-551
233
-870
223
590
-285
346
-25
-95
151
244
666
-162
-464
413
646
98
276
220
370
-365
264
182
264
285
375
322
24
-18
-293
547
236
-411
-224
-322
-176
-366
-597
-367
-258
-12
-35
-229
-17
-244
-305
-224
527
525
712
635
361
534
437
340
311
168
446
538
365
255
363
545
-134
-328
-833
-719
-568
-523
-522
-235
-132
-811
-237
-762
-128
-349
-102
-518
-754
-636
-967
-910
-983
-1080
-921
-1072
-422
-1161
-478
-709
-1019
-1252
-568
-939
-1035
-848
-86
-887
-406
-550
-401
-117
-857
-562
-303
-774
-709
-450
142
-580
-742
-425
-532
-1116
-815
-1452
-597
-536
-1034
-915
-778
-243
-631
-908
-438
-181
-480
-537
-466
-260
-969
-752
-1131
-1025
-480
-646
-601
-492
-624
-572
76
-516
-946
-815
-925
-482
-523
-160
-217
-401
-793
-517
-896
-552
-267
184
-252
-431
-351
-720
-448
-817
-549
-488
-924
-156
-508
-78
-616
-445
-1017
-79
-537
-214
-772
-347
-747
-645
-487
-767
-128
-748
-866
-562
-267
-701
-38
-357
-570
-630
-356
-565
-430
-1365
-697
-895
-595
-223
-448
-445
-1244
-813
-370
8
-703
-242
-902
-428
-778
-638
-706
-1071
-450
-562
-391
-872
149
-427
-645
-367
-516
-388
-730
-507
-750
-427
-445
-661
-616
-212
-1009
-265
-832
-345
79
-1101
-139
43
-1115
-390
-302
-614
-604
-345
-195
-158
-141
-242
-133
-720
-443
-558
-49
-360
-537
-566
-784
-755
-483
-861
-1223
-677
-792
-775
-819
-391
-63
-715
-962
7
-657
-180
-272
-229
-444
-203
-275
-407
-342
-370
-861
-510
-808
-405
-743
-409
-1089
-1214
-706
-672
-639
-699
-656
-729
-414
-211
-665
-842
-1112
-890
-617
-506
-729
-190
-618
-944
-835
-532
-840
-724
-863
-455
-650
-809
-647
-1040
-353
-346
-95
-246
246
180
-91
-61
66
-106
-71
28
177
-58
68
-63
193
-62
-795
-20
195
300
146
-129
29
-134
-214
-92
-408
-117
454
196
638
-2
-458
-667
-536
-92
83
-301
-292
-243
-182
-173
-416
-386
-959
162
-738
206
-1025
-500
-473
-106
-188
-483
-357
82
-774
-809
-278
-307
-463
-183
-61
-235
-22
-243
-103
-134
-806
-253
-295
-198
-248
-586
-97
-464
31
-62
-199
-61
-1043
-125
-63
-266
-422
-348
-546
-278
-225
242
-92
-580
-331
185
543
-477
-381
-557
-179
-89
102
-323
164
-843
-693
-433
28
-1
32
-557
-413
-243
-545
-422
-171
184
181
-312
-433
-226
-454
-310
-326
336
245
142
-43
69
-615
-754
-481
-438
-175
-431
-297
-212
-326
-421
-138
517
-547
-242
-521
-226
-71
-80
-557
-192
-467
-521
-436
-451
-391
-1005
-70
-47
256
-699
-485
405
-586
-271
443
-413
-245
-227
-118
-193
-267
-321
-248
-410
-553
-157
-406
-324
-522
-45
7
-20
-41
-677
-78
186
294
-350
-380
-387
-458
-526
318
-361
-300
-485
-612
-154
-350
-128
11
-876
-918
-132
109
-626
-110
233
-273
-118
-244
-496
-353
221
432
-240
11
-380
-468
-548
-30
661
-523
-197
390
-244
-635
-578
-840
-788
-473
-116
-502
-246
-811
-849
-336
-612
-175
-658
-571
389
-699
-195
-174
-222
-10
-330
-397
-290
-326
-117
-216
-34
-437
-128
236
505
132
69
687
-45
349
927
206
93
-23
55
-106
-85
162
583
185
297
12
-354
-260
2
154
-112
273
-600
147
-449
306
-132
-172
-740
408
208
139
-186
62
-178
-339
-183
439
-576
304
228
-10
-218
-115
177
531
-393
-220
700
547
115
321
-567
446
-212
-312
824
-86
-119
31
79
-462
-105
-9
354
109
-237
277
-4
-66
708
-193
-447
-45
75
-517
-40
307
-204
-144
63
-155
613
-182
-151
5
-569
-58
-343
-125
7
-215
-204
347
-55
119
-44
-163
-352
-73
163
70
-317
375
-277
47
-213
-347
-54
20
-487
-56
35
-230
-195
655
-609
36
-254
-427
-264
196
-333
76
-110
237
-490
-155
3
-90
-96
201
-356
-722
79
-299
-315
-379
330
5
-104
-640
-90
303
-108
-147
-106
-496
-64
207
-50
-324
-868
-80
-87
-65
329
-536
-257
362
32
-162
367
408
-65
-211
28
-394
271
-411
100
-72
257
-452
174
96
-4
129
-571
-170
5
-94
-48
-289
-28
84
14
56
-345
190
-453
189
224
311
9
213
635
-20
-586
-123
400
-363
-202
144
317
-344
-113
258
649
-257
-279
42
-201
-184
-395
-725
-245
165
-122
-249
-448
-70
-541
289
-288
-581
-84
-281
88
-281
114
-229
-29
-176
-54
-216
143
-1
-250
-175
-251
-557
-592
-406
-822
-784
-510
-344
-422
-176
-471
-439
-690
-180
-241
-53
-142
-872
-417
-207
-244
-269
-75
-491
-532
-161
-967
155
-349
15
-114
-186
-978
-329
-410
-684
-222
-318
-649
-792
-995
118
-497
-799
-442
252
-812
-494
-569
-135
-487
-721
-493
-410
-239
-16
-103
-120
31
-533
-309
-606
-79
-454
-38
-314
-128
67
-856
-401
-213
-90
577
-709
-721
-578
-554
-319
-56
11
-958
250
156
-351
-162
-534
-243
-343
-717
-435
-525
-70
98
-465
-187
-66
-395
-325
417
-1193
-37
-77
-14
-185
-971
-156
35
-275
346
-423
21
-230
15
-758
-370
-474
-231
79
-584
-134
-538
-92
-513
-1173
41
-395
-579
-383
-70
-800
-525
-394
-317
-509
-578
-677
-470
-536
-152
-783
370
156
-597
168
-24
-495
-150
-477
-968
-368
-295
-83
-700
-645
-218
-487
88
-384
-213
-80
-79
-730
-102
99
-703
-520
81
-641
-959
-566
-156
-529
2
-630
106
-433
-380
-1078
167
-207
-511
-508
216
-730
-83
-118
-127
-73
-385
-24
-187
-266
-159
-453
-380
-318
-669
122
-768
-248
-68
-270
250
-459
-421
-10
-603
-112
328
-454
-421
-287
-5
-241
-124
-281
-409
-504
-485
178
-851
36
-656
0
-312
-414
-375
-205
-41
-355
-268
-311
-12
-772
-284
-1202
283
-439
-218
396
-371
-602
-653
-601
-354
-651
-839
-631
-418
-428
-347
-610
-750
-1020
-323
102
-420
-378
-162
148
164
-11
-243
-163
-138
-202
32
-42
-251
-244
288
-158
130
632
736
371
527
778
741
691
561
808
288
485
-46
426
160
-30
-169
625
-247
248
-166
-15
-404
736
998
471
89
-171
195
112
460
-143
882
238
379
402
539
645
289
635
395
356
360
549
645
650
-38
189
263
177
471
567
649
292
244
-120
233
649
368
702
678
119
-230
191
556
514
785
271
44
349
600
807
874
727
867
486
422
495
595
-58
340
453
219
484
798
798
241
665
723
618
599
714
728
-221
9
-33
284
849
461
745
794
469
410
439
496
855
606
637
919
-295
31
-18
-75
552
316
168
291
468
892
729
715
547
625
655
515
-85
272
191
208
-245
694
899
623
867
545
864
366
660
658
658
867
-508
717
200
24
699
437
616
624
542
938
465
683
727
425
242
290
-62
49
354
900
817
295
539
454
974
667
554
703
984
345
391
537
-56
-2
313
543
160
690
1102
425
1105
736
722
854
96
273
570
633
-291
-156
114
297
441
835
84
625
131
574
740
725
1164
778
67
198
514
124
491
313
315
351
836
759
483
869
512
912
224
609
831
566
4
470
-213
-23
473
749
113
362
300
548
147
270
331
278
331
295
32
675
421
269
643
303
166
480
577
404
732
875
35
244
552
256
574
372
425
518
276
935
190
422
538
875
543
609
576
413
604
515
796
-129
830
648
1076
660
733
1158
921
1059
1230
806
747
582
886
788
375
309
686
913
805
696
784
615
1106
1408
455
458
620
1049
253
804
756
493
1477
646
165
1142
621
469
252
843
1012
1003
774
605
869
754
-78
-100
478
423
956
673
1083
496
219
452
866
1129
992
402
715
811
261
11
1161
543
769
1193
844
923
1250
1363
655
836
689
899
1007
931
-121
271
516
1132
344
1387
677
473
749
807
937
917
807
658
887
769
558
-70
1026
546
707
480
717
1433
870
534
522
921
385
1131
499
826
127
376
813
512
409
1118
1213
849
702
833
1079
488
390
371
1049
890
734
561
788
811
1110
1035
1119
608
818
1024
644
860
884
916
490
729
762
765
638
1210
822
948
640
1188
901
875
1312
479
434
647
844
753
862
526
759
247
857
766
1215
408
754
1176
1012
910
996
934
942
1060
405
320
499
545
719
1055
847
1159
976
739
913
883
1035
854
625
633
742
-156
909
1055
1578
626
336
1408
1594
1493
1207
919
841
722
1292
1158
16
308
543
411
345
612
841
822
904
340
334
448
578
950
481
926
965
92
997
776
611
394
301
634
205
487
250
214
477
502
452
340
-97
88
-120
228
641
413
504
729
360
131
118
114
487
484
131
555
343
377
257
-36
347
-165
-224
82
184
273
-449
-416
-60
-142
-113
295
293
270
297
255
-109
-163
-241
-364
834
-590
-269
-99
110
-210
-190
-283
-37
175
103
-402
204
139
-24
-33
397
10
-385
308
-128
31
199
-88
495
-90
387
402
324
112
-25
487
-37
-19
208
22
-75
164
330
-25
-599
-145
-239
-2
214
-196
482
152
-83
-61
-423
282
95
42
-344
339
-135
877
309
223
-244
-64
-6
-223
546
188
-278
168
-143
75
30
142
-205
-122
180
-250
19
75
500
96
-523
-184
298
-584
778
141
89
155
8
373
159
-261
-183
-82
149
15
130
41
-219
-177
398
-81
-10
26
53
462
-272
55
-54
-219
77
-478
182
289
182
153
-549
125
-151
-106
301
135
623
462
-7
443
-341
378
363
-81
-473
-593
51
83
-423
447
336
-13
-133
-34
79
-75
147
283
34
148
325
302
-104
84
165
-443
-149
255
46
19
356
-221
87
116
-586
67
-272
2
252
-75
168
15
136
-320
-100
130
144
-31
-21
529
-114
-119
-367
-144
-453
-16
95
-310
-643
672
-273
-492
-303
-558
-693
-551
-251
-362
-219
-191
205
-380
-208
-239
-84
-114
-185
-634
-573
-871
-389
-549
-780
-749
-407
-158
-367
-440
-721
-526
-463
-310
-146
-401
-265
-18
127
550
428
128
434
421
267
719
-41
143
-279
57
-181
490
220
262
293
270
-270
464
428
459
508
-346
-335
189
548
386
-195
697
361
113
118
420
600
191
28
228
622
-88
23
620
-314
62
-258
118
63
224
6
332
1047
181
-28
319
160
489
-79
51
-46
407
372
-58
309
606
-362
-55
358
-241
230
-37
416
75
-27
449
36
-407
-257
-403
-31
634
57
222
125
20
-41
640
-347
319
350
218
-779
-198
321
-307
458
285
547
336
589
392
192
482
22
62
46
684
-401
-177
-87
-134
83
-6
58
125
374
-221
268
207
55
450
106
-51
-189
-60
137
17
-371
323
64
492
561
283
50
-275
-44
610
778
605
-359
235
-322
100
408
454
144
-375
132
217
-35
-45
486
-448
53
-37
232
-397
-65
391
135
91
281
132
-89
622
86
337
450
234
-145
-215
157
139
51
-14
219
-167
141
345
663
184
305
161
-57
374
90
119
-728
336
-187
135
-70
85
346
-18
-76
375
69
210
271
37
49
50
-514
301
288
284
-169
292
500
235
542
428
302
146
-673
274
42
-204
23
70
-507
518
367
398
-609
808
187
206
432
50
128
-837
572
33
6
-145
-150
-13
-110
-275
111
240
91
-66
42
334
-117
542
-193
89
238
-334
-70
538
210
183
-62
226
428
420
-25
12
817
-418
129
44
155
-422
313
225
966
138
494
286
438
633
339
653
665
344
657
876
-658
257
421
831
220
1030
163
27
-180
315
255
-28
667
104
97
472
551
248
498
-146
231
906
350
250
315
610
23
-222
-105
552
495
823
-325
-489
-268
-280
430
-175
134
509
261
120
58
71
-1
503
383
110
-145
-129
28
642
412
-464
122
282
253
-217
325
584
350
195
16
408
-223
201
-37
122
575
46
231
-44
-80
28
434
331
-178
260
564
206
-653
116
439
543
509
487
330
15
426
635
65
243
546
213
698
186
-89
422
-123
154
495
223
124
35
206
111
-56
349
668
160
425
234
-21
167
66
872
377
379
204
-163
451
278
-169
303
667
192
619
474
493
222
-155
148
-77
-275
-249
208
659
-10
179
741
573
-528
206
360
-139
-162
514
639
-24
319
-33
-270
324
-134
77
171
596
343
-214
232
-231
-371
-2
146
-98
594
424
483
320
318
-368
170
-44
-49
21
454
91
-471
-249
370
439
323
-432
-115
93
174
-165
99
319
363
181
540
36
235
264
343
-57
303
190
271
695
518
495
602
433
462
-4
101
215
-365
334
53
32
402
121
-60
2
32
100
213
87
172
-232
-21
203
-558
-439
-647
-317
-592
-462
-841
-565
-632
-747
-558
-565
-345
-701
-286
-178
25
-987
-523
-21
-695
-1495
-405
-581
-446
-587
-463
-386
-915
-827
-508
-578
-344
-463
-492
21
-183
-497
-2
-269
-646
-478
-914
-205
-297
-621
241
-1174
-295
-388
-455
-402
-268
-156
-251
-91
-357
-642
-69
-562
-69
-747
-53
-216
63
-53
-137
-838
-129
-468
-288
-575
-345
-171
-297
-77
-683
-695
-473
-108
17
-227
-463
-737
-723
-540
-255
-458
-1056
-448
-733
-428
-707
-735
-159
-1006
294
-105
-416
-547
-160
-546
-552
292
-470
-38
-527
-919
-285
-46
-428
-723
-178
-284
-454
-539
-4
-804
-880
-618
-627
-379
-627
-299
-547
-520
-321
-1021
-59
-163
-924
-218
579
-356
-222
-326
-317
-876
-519
-364
277
-605
-278
-875
-659
-778
-718
-604
-191
-616
-947
-128
-632
-442
-210
-333
-249
-180
-1155
-897
-213
96
-393
-218
-576
-764
20
-221
-728
-945
-374
-282
-193
-524
-519
-825
-81
-410
-233
-833
-238
-421
-474
-342
-368
-311
-515
-947
-439
-626
-342
-859
-522
-389
-253
-40
-501
-437
-551
-357
-740
-78
-514
-642
-398
-909
-165
-216
17
-262
-690
-824
-654
-519
-452
-648
-654
-616
-340
-490
-303
-991
-638
-817
33
-254
-356
332
-4
-7
-267
-216
-254
-57
-199
-44
-91
-165
334
-348
70
-312
-388
-285
-90
-202
-374
-159
95
-335
-202
-223
49
0
-346
-213
-373
204
195
-167
-20
-141
-99
-144
-44
-135
-207
-167
-235
-18
-27
-118
-55
46
-44
-122
-139
52
46
37
-53
-144
-44
-121
145
145
69
-292
-158
46
-148
24
-68
-64
-379
-344
-184
-22
-136
-45
-64
-42
-116
-77
140
67
95
31
-22
-45
-136
-162
6
54
-260
-253
-167
-68
-68
5
-132
-239
-24
-45
-258
-40
45
-50
-136
-230
-173
-258
49
-145
-253
-262
57
50
50
-47
-267
-24
-72
-164
54
-73
-45
49
-253
-158
-162
45
-88
-111
77
-171
-136
-167
-253
-253
-253
-45
-162
-19
-73
-45
-136
77
22
163
23
44
49
51
54
-167
-68
-253
-253
-56
-235
-73
-285
27
145
-241
146
123
-290
-285
-258
-162
-136
-159
22
49
-230
-162
-136
54
-109
-17
24
-45
-45
-42
-159
-45
-68
-42
49
-167
-159
28
140
74
175
-123
-218
-136
-42
-141
-141
-68
-262
-159
-139
-162
-141
-42
49
27
-62
-27
44
-136
49
-42
-218
-162
-258
-253
-258
145
-66
-42
-68
-194
-193
-140
-44
-42
49
51
-73
140
-379
-47
-136
-136
-24
-194
74
-41
-168
-95
-27
49
-167
-141
-253
-253
-158
-163
-42
-50
-68
-69
-68
27
-317
43
-156
-189
-275
32
-136
45
-184
-48
145
27
118
-253
40
27
-128
91
-77
-164
49
-211
-360
-127
-159
-159
-45
-99
-4
-127
-72
-185
-195
-16545
16754
28725
-26118
-7042
-59912
-22827
11682
-47609
-59656
-7243
-12540
-13562
8051
-10105
-16619
20597
-34393
-66000
-77409
-31810
-1418
-55640
-41207
-39395
-15486
-21230
-4254
23639
-30920
-40832
-42349
-51617
-40878
-6558
-6197
-44044
-39344
-22212
-6781
-26940
-48156
-10003
-47218
-40764
-45140
-56543
-57259
-28001
-5611
-51642
-65236
-68794
14988
-45549
-26435
-35961
-64729
-29085
-47105
-77133
-28731
-53365
-21040
-36334
-53013
-49453
-8039
-34198
-29516
-15967
-40311
-66554
-39075
-57646
-50339
-12647
-33131
-8611
-37819
-23345
-24911
-12497
-32578
-102776
-19142
-29948
-62794
-85463
-63542
-21503
526
-22084
-38755
-18927
-40522
-30420
-26040
-48783
-30016
-29565
-37398
-55842
-59428
-46480
-30149
-7805
-31768
-35227
-10251
-40327
-68948
13532
-38253
-23216
-13555
-13483
-31124
-32574
-37413
-44837
-27335
-86088
-35492
842
-50194
-57525
-81608
-50100
-25967
-51802
-41147
-63560
-79854
-92877
-60013
-66051
-42166
-6623
-14640
-39988
-73848
-30204
-72413
-25882
-69271
-23818
-26240
-34579
-18411
-21733
-67251
-50928
-30443
-51830
-82799
-14241
-30268
-44076
-22546
21825
-28847
-39721
-3522
-55383
-51190
-35303
-16097
-8352
-18933
-4728
-33521
-29237
-20407
-58523
-74576
-43526
-26203
-55776
-36929
-31060
-45058
-46020
-51083
-75787
-45185
-59320
-34870
-71319
-14496
-21017
-75112
-2838
-35708
-69358
-57169
-82151
-22250
-8230
-17545
5225
-12100
-62495
-52299
-41267
-43936
-65341
-82501
-30087
-88107
-57277
-17866
-55818
-52261
-1399
-29362
-47209
-44753
-21142
6378
12496
6366
-38380
-58852
-48871
-26906
-73563
-47678
-86501
-17348
-1029
-37253
-72676
-43116
-48987
-66334
-61918
-38636
-62370
-57030
-2365
-24767
-31362
938
-8137
-24029
-17850
-51311
-64799
-46253
-43350
-21515
-22983
-11647
-32575
-41830
-20420
-4841
-4931
-38629
-1200
-26962
18657
-2440
-33149
-9288
13462
-33268
-23161
-5216
-28686
-207
6628
-21982
14658
-7304
7059
-21152
-27832
-12981
19969
-13995
-26528
-8265
-6270
-33517
-13728
-2046
-38103
34479
35632
-25174
-21869
-33592
1313
8299
-11836
-3187
33346
-18088
18231
35933
13907
14600
-860
-18771
-561
30177
48812
19049
-43459
11389
-28561
49725
28906
5949
18664
-12312
-1971
-8187
-24358
220
-16391
18513
-11700
11733
42575
-25074
30260
22251
-24212
-7689
-5004
-49278
12685
-28948
2603
27490
-2250
-11981
-15579
58584
13481
7943
-75
4504
33333
12778
-45023
28537
-28703
-23354
-5871
-6512
2581
16809
-9575
-25333
-29501
14421
17448
-18556
-24752
-21930
67503
17871
-33757
-19773
-18928
-14184
-7785
10592
-34161
-407
-11898
-12259
17497
11387
4568
1411
-12681
-7579
24491
10847
8377
38206
18785
26005
-45
37136
5855
16190
-5998
19278
29115
14944
-55774
14798
-9020
-5405
-9498
-63861
24722
-44426
16791
-8874
-48148
-56788
-39111
10639
-1175
-5869
43581
-34034
17913
-29715
-8482
-8157
-53050
-22006
412
6156
20922
39010
-17169
-35484
17375
-13138
-7450
-11748
18477
-25306
17921
67017
22794
17690
41682
-3152
2213
-2280
-3374
20606
16271
17580
8264
39390
-5059
6344
-11718
-15961
6510
28085
6254
10951
6230
15965
-34923
-12009
-14377
7744
-2751
-17556
-30547
14258
-19256
21293
-9776
10133
-4013
-40700
38380
73
-3153
41832
27514
-11013
-21822
-10818
3952
-22298
-7519
3481
-40625
1791
11703
28243
-12305
-9105
-5936
47465
28352
8890
48944
22033
48823
-19704
23497
-13898
-6249
-3173
-30458
-31650
29352
3815
-7165
-11955
-14505
11913
-5912
16161
-982
-459
6711
9899
1591
-10693
-31686
-25340
12381
-10980
-25278
-2175
8953
-23997
4168
608
-25178
19018
2820
-55273
-51292
-10253
-37641
20447
-19425
-15657
27979
-10042
-57035
-1127
-22340
-34402
-21674
-10235
-41649
-5489
22999
1219
-52667
-19840
-23823
-34059
-25353
-36049
-52285
-15401
-42798
-12012
-10027
-10034
48941
-7699
-48682
-21518
15196
-32974
-55970
-19760
2386
-40194
-12868
7734
-45802
-40121
21425
-91
23800
-45384
-4552
4430
-8598
-51280
9471
-40874
-19354
10280
-37602
-35275
-27603
-1730
-8463
-14509
15858
-31570
-2410
-60932
-28177
-30803
-10972
-11577
-50481
-43796
15141
-15098
-27402
-12614
-47251
-7424
-13269
-13376
-10210
-7873
-12514
-61359
-26014
-10640
41248
-9800
-46335
-43226
5937
7053
-75090
-9077
-528
-14991
2605
-28457
-3609
-21165
14523
12800
-32578
-44319
-28754
220
-46836
-16671
-15475
-8448
15801
-22879
-11652
-44500
-31703
-25948
-25273
-28509
-26330
-6802
19531
-27637
-23946
-53077
1425
1553
-3184
-35120
-34840
-243
-21824
6371
-7541
-68667
-30004
-23399
-13315
-49644
-385
8911
-19103
6082
18350
-9015
-55853
-10860
11547
-10555
9406
25806
2364
-17378
-30383
6901
-72446
-17830
-45416
-42771
-20479
1145
-7157
-23604
950
-23587
-53935
-77468
-21621
-32192
-13237
7752
-1228
-38995
-2569
-8039
25036
-29703
-26343
-30191
-31147
-23418
-1385
-11303
10750
-26835
-16670
-37062
-21753
-74891
-16036
2145
-13470
-35607
-10848
-7925
15188
-46462
-43635
4649
-35025
-8763
31737
-26187
-5824
-13016
20166
-21682
41474
-878
-10084
-32284
4845
11090
-10452
-11764
-14871
-37125
-45213
-53315
-51760
-21336
-2572
-27473
31909
10416
22417
16203
15728
-39348
13877
6925
1828
-8757
21147
36650
25395
34908
12540
-23009
-28177
-7772
-51368
-35039
-39496
-59438
-18795
-78113
-56689
-63642
-50522
-52448
-23933
-28119
-20948
-1723
2488
8884
-37223
-17463
-17925
-30941
14000
-41660
-11867
-23669
-25130
5753
26258
-15780
-39337
792
-11333
-8726
-19991
-34303
-26559
-14256
-35781
31957
27624
-17436
-48712
-2833
-38108
-18902
-41182
-10132
559
-7590
-52905
-23826
-38099
8787
-32727
-19489
-54845
-34192
-18657
-4878
-17670
-6231
4131
-44246
18274
-2061
-18368
9555
-23558
-17163
2076
-16378
21947
-17006
-40567
632
-30798
-9973
-4645
-28577
9385
-1302
15580
768
-39106
-3539
11699
-23912
-42130
-39378
4173
18703
-64550
-9451
514
-14547
-5616
-38034
-24503
-21533
-23820
-25480
-16128
-1187
-23973
-45851
-41769
-32349
36690
-24146
-57581
6361
11470
1535
-14160
11825
-13951
-64119
-24014
-22016
-29919
-24386
-10606
-20885
-17980
-3994
-56743
-1586
4129
-21524
-8524
-39385
15554
-31257
-10189
9675
-35063
-38236
-49729
27971
-27833
-24400
-8934
-23990
14695
-33658
3361
-36965
-7446
650
-33927
-35076
-40962
21307
-28988
-79145
41661
-35359
4259
-31500
-1362
-11840
-37384
-3940
-36217
-44569
-25458
-25524
-19301
-46418
-14531
-33800
8985
-5965
-7182
-19689
12366
-3643
-37105
26788
-10052
18905
24526
-1546
36262
-6326
-10765
-51518
-65370
-6593
-66042
-29860
17281
-14153
-61705
9262
-37686
-27654
-29736
-55641
9941
-15118
244
35446
9828
18313
-5308
-58388
7940
5746
-35025
-32084
-46939
-45945
2958
-18876
-9139
-23317
-36587
-11488
-17754
-44678
33150
-52349
4319
-61834
-25743
-25465
-53882
-2409
-3022
-52596
-7424
-23923
-19065
-25683
10238
-17636
20053
-57010
50048
-4383
-2772
28627
-19680
-19474
38236
5146
-2422
-32827
-64155
-39700
-43200
-1129
-27609
-43305
4716
41670
26093
30538
44737
14410
68097
30257
33899
58366
41828
-6483
31485
21657
11376
51959
14118
27015
18128
28578
35134
17015
33171
22109
16498
-655
2581
31892
63720
55698
39494
36945
14702
93736
52547
57847
12200
46806
33019
6459
62572
82913
54064
58984
76068
33829
10382
15959
2103
47328
1022
51600
52754
34393
10898
65460
66323
27430
17003
57925
-2938
7920
23455
37592
9848
7936
-11255
35263
16004
42740
38064
29541
45620
53111
-4890
14046
-11063
29387
54729
12515
29161
36770
32756
47730
46833
48297
26245
43349
31944
14712
29044
64164
35480
6875
36391
62054
11207
14374
22328
27633
21276
11217
47274
62120
50965
27943
3735
6994
55094
76673
26596
64191
19206
42440
44874
11299
53725
36226
44621
53272
25664
12939
23355
52172
18231
37262
53465
52504
29808
63074
43147
25585
36298
19720
12394
39906
26332
54537
21210
10849
52158
32599
18358
49792
-9699
-591
36020
13078
50154
34206
52895
32194
26807
36188
60525
24046
35739
27816
20302
21932
36930
30983
28044
37262
31613
29704
16935
6428
3952
14756
24619
34452
77885
69821
52992
53365
25349
90007
39808
70229
11074
5503
20167
-4460
29984
44614
30100
50821
6962
29939
19935
44854
12886
37553
11702
34734
26708
47681
42569
15788
52733
25666
-87
16862
1025
2832
53355
49388
19213
47413
53275
68821
25931
29225
30945
24989
112103
63960
37620
18287
27478
11232
37933
27984
26081
17055
-25731
29678
3334
20687
36371
10463
39601
45567
27189
62768
70634
46987
75857
45385
292
-23348
-14173
-17516
-11921
-21594
-8552
-10102
-9506
-21795
-15449
-4303
-17538
-18078
2233
-15045
7656
40970
23501
12228
46280
46976
54853
47448
27077
82760
58696
57033
44233
45711
53943
6357
8437
7937
75413
54212
102820
52806
51658
100730
39425
61084
76744
68723
44765
43448
47952
19848
30462
50626
57843
21779
73203
80694
68734
64476
65965
71045
72860
37913
87773
29076
36003
43947
15105
56303
84344
57108
90019
60031
56749
91535
47530
65613
96643
23472
80586
58306
40749
61896
-11664
73292
63450
55704
63122
65565
31752
51691
66958
54689
60028
45551
71921
45247
61761
53046
-7527
51359
42007
53539
70792
82941
32638
46761
54142
100458
64843
36510
39492
41296
91791
42339
23003
68704
58539
72508
44248
91300
69054
79545
65262
56250
58824
45949
60178
51197
71408
28641
-13199
48067
44142
64783
32634
50850
43451
49308
72560
44205
45918
78951
67556
66583
75737
31083
20435
70439
38991
77156
30119
86995
88457
100008
77516
54373
19882
61307
54213
75924
81401
56033
10212
95673
95747
62744
43887
74408
62942
77039
98779
76173
70511
87693
75145
48897
75804
51782
-15432
16978
88380
57300
47728
87542
62266
38929
35254
45697
47935
58019
86572
69026
53568
76834
38776
52387
67328
34572
48556
44197
46063
76662
65260
84219
66039
65871
62238
67346
37534
42008
-206
47142
74602
31967
83787
76496
4692
56205
22691
61068
48393
96060
71520
85300
63539
86553
349
59532
92152
37223
39199
72925
53934
63302
64707
55696
28558
32657
20296
28441
3544
97337
4902
61663
69673
84006
75385
85856
32877
62118
52015
77039
58712
57682
64074
67691
37653
88557
-8213
45290
18714
29134
21669
46635
20116
34055
36185
59209
41935
27618
28454
35511
26193
51625
-18632
-51618
-29389
7525
-26612
20222
-9928
-14415
-10995
-23840
-61774
-64530
-57975
-60621
-14665
9082
-38768
-58221
-51631
-77203
-104409
-60177
-50347
-68866
-82773
-130060
-150250
-119456
-106958
-64358
-6759
-11389
-6276
-36890
-29976
-76279
-97983
-110854
-106961
-104316
-87287
-121086
-113495
-71254
-58241
-15703
-25684
-35302
3521
-59254
-44732
-101001
-93779
-144079
-122743
-81853
-41516
-75409
-83598
-72777
-48087
-56250
-48162
-43185
-30123
-95068
-68432
-103043
-81368
-103174
-67639
-62074
-68208
-65653
-46069
-98809
-91447
-48869
-69097
-51266
-27040
-64288
-45499
-86924
-51328
-57518
-22100
-36786
-40747
-68327
-76160
-67922
-64418
-90025
-114287
-42928
-45583
-69040
-56298
-79023
-76140
-67822
-22823
-32142
-45422
-70968
-64192
-51787
-76407
-102960
-67067
-35292
-43891
-59562
-73591
-70081
-67602
-36536
-5795
-21288
-32754
-74231
-61561
-89092
-88085
-60541
-54442
-53277
-21718
-54787
-54300
-30989
-40000
-68351
-74060
-87939
-23620
-18086
-50770
-85612
-91066
-64544
-87012
-65550
-63822
-103229
-95929
-36923
-51562
-74269
-78264
-75654
-46762
-47562
-90292
-81990
-113351
-88725
-100960
-81193
-58640
-101237
-75522
-77882
-52512
-76987
-92705
-81194
-68011
-45066
-81864
-91531
-103759
-89901
-82894
-72196
-32759
-96724
-35866
-56583
-59002
-80957
-98592
-104018
-85294
-90944
-73052
-86118
-52002
-83824
-60147
-32136
2804
-43988
-7425
-41513
-43820
-42047
-50860
-41939
-58781
-73141
-67810
-135323
-126993
-95389
-90480
-65160
-4435
-24899
2380
-21565
3270
-28168
-95792
-54147
-60747
-46352
-50097
-79108
-55030
-28657
-70954
-90508
12284
-35410
-14619
-69986
-62913
-79216
-63143
-36168
-27501
-37564
-39890
-44288
-36081
-47702
-82459
-75982
-25303
-69711
-50024
-78230
-75203
-63231
-44241
-42412
-37556
-32776
3137
-14502
-5690
-28447
-50416
-60681
-46272
-73045
-41809
-76484
-65991
-63995
-73876
-54045
-99493
-121399
-78072
-75831
-90360
-64562
-54934
-49556
-13102
-41819
-60235
-93125
-60048
-88982
-75769
-86806
-60145
-76134
-51639
-86410
-68174
-58857
-71131
-32803
-58559
-73636
-62870
-83885
-76284
-109468
-73641
-66549
-58539
-74243
-43913
-112657
-90050
-48751
-66322
-17386
-84956
-74778
-51834
-89138
-98716
-75183
-69733
-83052
-136900
-60142
-71220
-98100
-54901
-20465
-48996
-32248
-56680
-53226
-50972
-40286
-63764
-58244
-48893
-91483
-69723
-30041
-60298
-43524
-33505
-92417
-45067
-62918
-49729
-29460
-56044
-46043
-78601
-38997
-38243
-81316
-39476
-57127
-74058
-21186
-79048
-80174
-68618
-72233
-29683
-72931
-90898
-82093
-62679
-69208
-88769
-80501
-76920
-45461
-36466
-77667
-74722
-61449
-76496
-92292
-29028
-67675
-71642
-29940
-59392
-68738
-97017
-88472
-20625
-36915
-70484
-85341
-36122
-92927
-106844
-49233
-74041
-59415
-64418
-40495
-71231
-68475
-78515
-62887
-37420
-40346
-53373
-57570
-117245
-46167
-106130
-50223
-45705
-113145
-27072
-102905
-56422
-71169
-103176
-77042
-91335
-57549
-70042
-81793
-97656
-87975
-59877
-55516
-37043
-84289
-68372
-97308
-76877
-84650
-90971
-57149
-63323
-68056
-46734
-111073
-64355
-104678
-50609
-68426
-51179
-63183
-92596
-65631
-22042
-40459
-20192
-8935
-70589
-62087
-40966
-84173
-109988
-42873
-73608
-79734
-39848
-43936
-57034
-54724
-36106
-40040
-60816
-53243
-100226
-79880
-67734
-59532
-45765
-29534
-87328
-64775
-54945
-44236
-59359
-36922
-62255
-83306
-9893
-83069
-103365
-64539
-54213
-28916
-47878
-70114
-94364
-55635
-75733
-51506
-90592
-62396
-63784
-77820
-35928
-76151
-96903
-27133
-12382
-68066
-41465
-83385
-45904
-70680
-6473
-27691
-26015
-26134
-5580
-27049
-39852
-33956
-30334
-11924
-33587
-59157
-46862
-59076
-22442
-34468
-202
137
142
96
71
334
116
-53
-16
203
466
396
5
225
126
679
-721
-277
38
-196
649
-178
-411
378
315
-448
55
296
-272
-2
-342
116
-147
118
743
-85
91
-506
297
213
404
306
8
-256
70
-115
-570
39
-481
-467
-264
107
-245
-163
384
165
-282
-508
14
-339
-128
220
133
341
-614
146
84
100
0
376
-96
-284
-474
434
-507
246
507
-250
-474
345
-264
730
-137
51
430
288
-64
-27
5
166
155
862
160
-525
552
675
-589
344
-182
66
-92
56
47
233
-247
28
-431
-133
-137
471
-128
18
-263
-168
18
278
432
284
113
-404
-781
-382
24
-227
-306
233
-33
380
-330
-253
-330
-115
-106
-190
-407
156
1038
215
-396
-258
289
-73
-36
164
-835
223
527
522
4
281
-335
-5
-112
-162
396
516
256
245
-111
575
-159
-55
-29
-163
112
-227
512
440
-284
-229
-304
-509
-284
4
-456
311
-351
115
-336
-330
-379
-503
-102
205
-198
-30
653
124
-158
280
10
-66
-324
-480
-655
-704
621
764
230
24
-229
-172
-431
-448
670
293
89
266
-659
262
982
153
0
-669
66
201
119
487
24
299
3
-378
-411
61
-874
-308
-666
-409
-78
-48
200
-330
-728
-627
-539
-536
-321
-83
-9
850
-963
258
-76
-326
-402
-470
-738
-375
-14
129
-119
-205
-579
-462
-90
-115
101
-396
22
-221
-184
-313
-330
-652
-147
-674
-451
-55
-231
-582
264
145
-634
-762
-584
-608
-923
-1220
-836
-643
-493
-987
-394
-985
-571
-813
-675
-9
-325
-420
-1104
-850
-893
-236
-563
-550
-405
-713
-676
-713
-642
-1012
-894
-461
-546
-1323
-998
-646
-1062
-816
-773
-759
-797
-919
-846
-743
-872
-440
-875
-382
-180
-24
-609
-882
-611
-500
-686
-536
-499
-1268
-708
116
-1134
-406
-570
-447
45
-506
-960
-559
-797
-1285
-570
-981
-1492
-231
-449
-852
-1015
-384
-759
-391
-400
-829
-543
-499
-966
-902
-1044
-682
-585
-1291
-1179
-614
-521
-872
-748
-289
-389
-689
-831
-412
-734
-575
-972
-1032
-452
-349
-788
-880
-1469
-623
-436
-440
-301
-609
-543
-849
-1028
-910
-771
-561
-949
-902
-886
-523
-660
-901
-1092
-510
-896
-710
-686
-834
-591
-1069
-968
-1167
-1213
-802
-901
-1029
-686
-596
-486
-586
-273
-574
-836
-673
-1100
-554
-465
-749
-739
-764
-686
-628
-837
-830
-609
-521
99
-386
-437
-589
-447
-654
-452
-461
-329
-333
-971
-684
-211
-426
-1189
-85
-618
-688
-849
-1054
-716
-13
-248
-872
-945
-825
-1217
-483
-410
-397
-965
-433
229
-489
-760
-660
-1364
-980
-946
-831
-615
-226
-767
-689
-449
-747
-840
-378
-266
-1174
-1390
-962
-375
-1020
-876
-854
-1017
-1009
-1311
-512
-1089
-639
-883
-644
21
-577
-651
-524
-814
-205
-163
-382
-319
-457
-715
-385
-717
-487
-466
-290
113
13
-190
32
-24
-270
-48
-530
161
-239
-319
-326
-75
-14
-42
278
-558
-439
-310
-406
-268
-1030
-492
-507
-455
-403
-686
-772
-412
404
-425
199
60
-823
-657
-783
-216
-390
-360
-920
-889
-263
-384
-529
-102
-662
-430
-401
-432
252
-824
-322
-643
-856
-24
-650
-475
-418
-533
-1112
-421
-917
-530
-388
-353
66
-536
-767
-770
-629
-700
-95
-1192
-286
-1301
-234
-217
-970
-798
-514
-273
-577
-881
-254
-672
-527
-1023
-596
-370
-1008
-750
-898
-776
-543
-302
-312
-333
-228
-809
-487
-519
-513
-839
-666
-695
-426
-714
-165
-742
-465
-643
-360
-227
-306
-414
-702
-549
-569
-618
-434
-919
-340
-348
-494
-804
-156
-379
-432
-160
-1100
-497
-827
-906
-439
-595
-620
-625
-1150
-986
-967
-189
-812
-414
-377
-480
-164
-771
-886
-937
-555
-628
-127
-788
-444
-669
-767
-959
-121
-866
-360
-225
-585
-232
-841
-199
-443
-529
-474
-593
-470
-973
-19
-439
-864
-45
-438
-733
-234
-572
-601
-591
-624
-632
-391
-450
-238
-815
-1027
-654
-598
-671
-492
-800
-456
-830
-907
-606
-851
-810
-513
-774
-705
-390
-697
-232
-466
-217
-630
-140
-508
-622
-1150
-959
-443
-767
-145
-416
-640
-348
-159
-331
-778
-482
-539
-376
-263
-1166
-801
-707
-966
-649
-964
-196
-611
-899
-649
-571
-392
-886
-420
-691
97
-647
-762
-540
-445
-400
-150
-613
-368
-883
-732
-873
-808
-235
-457
-366
-268
-19
6
-135
-335
-120
233
-362
-389
-387
33
-412
-204
-267
-303
351
1072
406
250
163
399
224
48
216
416
29
285
510
213
-66
-272
842
824
618
932
487
300
207
510
305
716
670
-17
414
526
139
-355
275
358
525
294
166
446
698
623
983
407
250
620
394
13
111
-278
792
421
170
434
640
490
772
463
18
656
422
311
-10
386
252
150
766
134
452
754
719
455
673
571
443
287
-3
417
1029
292
24
72
589
831
422
513
491
454
584
481
254
540
957
779
705
474
517
118
704
459
530
442
654
453
469
476
446
880
132
524
327
939
483
-213
701
347
671
73
929
502
184
312
397
714
480
284
756
169
417
-300
414
359
571
853
527
799
371
366
179
211
891
604
423
428
94
115
464
266
654
766
336
369
-20
364
616
397
660
285
91
477
553
93
586
1177
698
611
402
223
717
902
731
564
50
604
576
284
329
-61
664
1056
384
645
596
805
986
259
474
315
313
-9
768
528
445
-272
589
334
363
340
645
204
349
689
446
389
523
686
919
271
136
-242
721
325
441
-147
218
198
196
352
240
311
324
358
9
-42
-30
314
440
284
293
377
653
897
488
201
380
263
163
593
746
554
529
457
92
507
177
71
-39
238
253
160
-248
232
374
628
-27
93
110
-567
327
60
-39
193
1133
251
245
370
791
501
-249
544
-167
-68
-191
405
-173
624
474
752
47
238
816
641
44
153
601
91
70
648
431
327
275
554
107
302
745
500
288
760
121
685
669
628
968
142
191
483
-26
389
891
586
427
117
345
378
538
572
46
404
473
197
300
176
-143
556
378
-215
267
614
238
254
520
142
775
851
193
386
562
253
341
289
412
409
589
68
158
403
102
1036
16
87
601
661
276
394
70
257
496
827
534
632
618
572
541
-149
525
670
585
-81
433
142
206
172
426
245
220
587
133
340
691
805
946
374
-12
337
472
10
-345
390
727
752
680
168
374
143
190
547
159
438
819
386
559
606
-73
396
72
467
584
783
1012
1077
805
439
453
243
37
471
-80
-370
271
409
519
877
468
329
209
-116
349
263
918
644
1323
666
363
515
334
378
775
-115
699
750
450
1120
-119
246
11
538
435
265
454
382
-101
297
930
572
306
152
930
329
367
208
758
543
259
596
277
362
392
635
-200
224
530
647
825
-54
280
-144
-141
-440
-195
92
90
95
63
402
661
504
176
-59
-11
480
288
801
331
962
545
450
348
140
-547
-240
-443
-727
-162
-345
-168
-396
-42
-426
-354
105
-302
-207
-611
32
-608
-81
256
228
50
-78
524
-233
471
115
128
236
295
-79
115
469
-395
646
253
-67
156
17
165
178
388
166
-282
275
365
52
615
428
-266
232
382
267
64
62
137
337
426
87
113
923
579
-152
493
732
-594
218
555
177
359
447
453
122
395
218
-22
446
258
-354
265
516
-305
71
-306
282
861
307
450
-25
461
189
316
-20
-192
-167
129
719
-499
-80
237
-168
478
-169
349
77
345
102
-62
315
137
398
197
666
-847
-337
387
437
544
-158
25
217
319
387
-169
147
-2
417
42
605
147
48
300
-7
345
332
-60
379
227
380
218
480
222
355
99
605
-58
494
594
293
111
96
109
219
-43
35
389
459
303
337
-42
864
-1276
-117
-60
352
301
244
353
370
35
264
-125
206
-198
649
265
256
-277
339
-42
-57
231
426
997
289
721
379
-23
457
432
197
465
531
-599
370
29
545
323
358
475
-231
-264
238
425
254
1114
531
346
453
-465
152
100
36
108
293
177
415
374
84
180
202
355
-149
33
658
-341
443
432
-162
253
-128
236
191
221
-12
421
377
121
-211
513
799
-55
344
640
336
1002
482
449
791
779
790
349
640
655
555
802
779
-125
270
-33
30
47
63
50
10
-73
279
-39
-232
146
177
-424
-49
-275
-508
-77
446
-252
-1
-319
-309
-53
-414
-516
163
-481
-243
-243
-358
31
389
-188
-212
-154
208
371
-161
-597
519
-219
-496
242
-574
-937
-838
-145
-217
-315
-63
-220
-572
-8
-266
-381
-379
-315
94
-382
-61
-139
-609
-284
6
-5
-52
-153
189
-158
-174
-225
85
-736
-58
554
167
-643
-625
203
-23
-231
-153
548
-33
-134
-171
-375
-423
351
-479
-320
-321
-184
-469
44
503
-68
-384
-179
47
216
-169
-231
-338
-440
-172
351
-67
-608
-585
-86
-372
435
-186
-21
-40
-198
-139
-674
185
-248
170
-386
21
126
-787
-19
-401
-429
-440
-307
23
-291
-44
139
-239
80
-506
256
-260
-413
-236
0
428
269
120
-137
131
43
86
113
-190
347
141
-436
-28
-490
-425
-246
-165
-330
-82
342
-286
-246
-626
-319
-250
-480
80
-19
-163
-296
-540
-344
295
-387
-496
-247
-168
-35
-146
451
357
-228
-366
-372
-520
41
-605
-97
-521
365
-94
-105
156
-108
-307
-249
5
44
-320
502
196
-319
-392
186
308
127
-334
-178
-361
-95
419
-48
-332
-9
-530
-185
-269
-422
-632
-137
-720
-649
-691
-326
-89
-805
-456
-303
-486
-605
-80
-239
-32
-607
-386
-611
-176
-298
-566
-240
-270
-207
-704
-644
-245
-355
-288
-483
-564
-573
-450
-178
289
528
142
-183
-267
12
391
-4
234
192
18
97
331
171
362
586
294
93
135
-9
521
-118
71
920
-17
-387
361
155
-276
290
520
341
-53
392
99
-216
307
433
223
67
59
196
258
521
656
210
541
260
298
201
-47
613
482
225
271
227
371
440
758
78
-243
-144
16
336
167
-104
417
188
-138
616
378
285
-258
212
70
-557
-287
-5
246
146
-120
-58
92
33
-82
202
114
-31
-125
-39
440
65
281
285
343
189
56
-58
407
380
-374
54
-41
303
475
284
27
362
94
492
527
139
389
108
-73
73
-2
290
405
155
-14
-51
211
729
-50
291
303
709
670
188
332
-11
126
461
-74
-303
127
395
-206
-4
402
61
176
289
-652
-168
224
-157
466
-212
-275
208
-150
-8
110
305
143
354
508
297
214
-110
88
311
694
644
778
693
633
135
185
147
302
18
420
450
338
791
863
697
354
-86
50
282
16
-64
413
592
515
421
156
198
-1
192
45
-197
-169
356
362
212
-289
172
394
162
-272
-408
514
341
280
-54
-119
-309
50
-148
128
173
-23
563
-108
5
471
238
293
260
863
286
334
567
622
298
874
538
930
606
101
795
586
742
433
340
382
313
326
424
357
678
319
122
-101
207
116
690
453
417
563
-897
-1478
-1034
-854
-1128
-1536
-995
-1191
-1180
-1376
-1288
-691
-1083
-975
-857
-494
-1399
-956
-1231
-975
-1629
-1683
-1383
-1107
-1559
-1160
-1293
-1174
-860
-713
-898
-19
-1012
-1135
-778
-1003
-1340
-1209
-1240
-1448
-776
-1350
-765
-861
-1681
-1444
-757
-285
-765
-1333
-1095
-1013
-1812
-1059
-1402
-990
-1544
-744
-1263
-1683
-1120
-1175
-1400
-148
-1108
-1037
-927
-1253
-1157
-1839
-1412
-1172
-1551
-1271
-1117
-922
-1150
-1046
-1065
-435
-587
-935
-1096
-1203
-1438
-1701
-908
-770
-1169
-1363
-1482
-1142
-1042
-1238
-810
-546
-1440
-1193
-1120
-1338
-1480
-1076
-1089
-989
-1208
-1285
-1492
-1141
-1651
-1418
-1171
-642
-647
-1253
-1760
-1285
-1217
-1435
-1291
-738
-1140
-1378
-1733
-1232
-842
-1169
-1399
-783
-1391
-652
-925
-1623
-1399
-1390
-1157
-1729
-1241
-1768
-1045
-1002
-1796
-1060
-744
-630
-731
-1808
-960
-585
-1221
-792
-903
-1080
-1362
-1210
-1280
-1686
-949
-1738
-999
-63
-1017
-1132
-678
-1586
-1252
-807
-1105
-1032
-1052
-1016
-980
-1319
-880
-791
-1142
-813
-1286
-960
-1140
-1218
-814
-996
-931
-1499
-1853
-1611
-1499
-1509
-770
-990
-1344
-150
-644
-1092
-1410
-1090
-1367
-1264
-1594
-1422
-833
-827
-959
-1197
-1240
-1458
-1009
-494
-1070
-930
-341
-1083
-957
-702
-1049
-1078
-963
-614
-789
-799
-1591
-543
-690
-599
-895
-433
-603
-1006
-870
-978
-552
-692
-550
-686
-127
-708
-808
-979
-1256
-223
-319
-105
96
-261
-470
-349
-217
-80
-253
-13
-125
-2
-156
-334
-53
144
-829
-211
-621
-390
-418
-456
-319
-487
-289
-672
-480
-126
-961
20
-398
162
-1016
-308
-932
-718
-413
-852
-994
-441
-712
-549
21
-810
-575
-640
108
34
-1185
-479
-864
-720
-734
-1025
-676
-630
-408
-417
-886
-824
-755
-459
227
102
-1077
-22
-154
-891
-1002
-938
-347
-733
-352
-655
-715
-914
-823
-497
-533
-180
-327
-519
-696
-921
-569
-287
-811
-574
-563
-810
-614
-677
-465
-110
-946
177
-1114
-208
-503
-662
-1246
-328
-203
-436
-1066
-397
-448
-639
-678
-699
-309
-182
-1373
-793
-957
-397
-685
-512
-260
-985
-793
-774
-150
-760
-787
-1012
-784
-277
-805
-633
-614
-495
-145
-799
-606
-651
-609
-729
-737
-858
-390
-846
-314
57
-890
-328
-776
-1117
-649
130
-476
-764
-575
-616
-344
-803
-678
-469
777
234
-1075
-427
-1181
-554
-234
-740
-863
-710
-763
-476
-696
-742
-498
-574
-300
283
-621
-325
-499
-843
-781
-145
-983
-991
-654
-524
-682
-1010
-564
-278
-326
8
-680
-726
62
-600
-813
-168
-1269
-840
-687
-797
-988
-603
-338
-731
-578
63
-602
11
-804
-627
-691
-887
-888
-931
346
-675
-823
-1262
-158
-685
-936
-252
-634
-109
-394
-563
-971
-386
-448
-583
-371
-82
-508
-364
-777
-519
252
0
-249
375
-218
-309
-290
-438
10
39
-316
267
-79
-213
-159
-374
97
53
-273
405
433
-161
-56
-22
-72
-62
-128
-120
44
-118
115
-148
197
102
342
419
536
728
744
685
460
494
486
608
221
237
170
439
617
260
571
696
1031
1339
1557
1121
1257
991
1122
1078
1455
687
1228
1516
1087
316
349
773
994
1151
1498
1384
1269
1462
1257
735
838
1000
767
1282
843
658
625
1111
1092
1212
410
1382
1848
1738
625
800
1451
784
700
1556
939
926
1109
1234
1219
1199
2265
1090
566
695
1193
1333
1430
1608
1350
785
1078
842
310
1000
1320
1040
1020
1626
1083
746
1287
1115
1081
1080
1339
1495
684
423
408
967
1002
975
1249
1714
919
644
1265
1755
1200
1057
815
1179
827
729
579
1482
1151
1247
1603
566
936
1274
1326
735
851
612
1906
1624
1259
981
340
1042
1371
1034
1044
1513
1015
1061
1160
878
1361
1085
1004
878
1050
556
710
375
965
1616
1086
1141
936
1259
1133
1322
1377
901
1405
1244
1188
732
793
1095
759
973
1242
1223
1113
1132
886
799
1117
882
1134
1994
1245
555
462
523
1296
1102
1103
1630
1129
1394
1380
1379
1366
860
1073
1356
1241
930
411
928
862
1027
1114
1027
1178
1137
1490
1469
1264
1324
1605
971
932
1129
196
1131
1182
188
1162
1004
1247
1231
1272
897
1254
1218
859
1536
1663
1226
368
629
875
1338
785
1000
1018
965
1068
861
857
178
971
645
756
785
159
448
508
739
838
855
642
672
484
939
518
801
305
461
451
160
-83
-274
-465
-621
-570
-392
-723
-684
-208
-585
-425
-793
-275
-686
-375
52
-104
-177
-426
435
91
-269
-114
-378
-113
-89
1
24
-239
-63
-924
36
276
31
-168
-182
-257
-32
-140
160
141
5
-66
-311
-148
161
-161
-133
147
-278
90
218
153
-188
36
534
200
-130
62
-86
-182
-76
-159
312
187
-320
-34
-68
-97
434
426
47
-316
41
-229
271
159
294
-590
-38
65
196
-535
314
-499
-34
451
60
-20
-54
208
314
-365
194
-12
437
-58
-9
-373
-220
-267
-441
317
505
80
119
164
-81
-229
-193
-347
-91
314
54
480
10
113
83
-143
-541
120
-51
135
-422
-133
-171
-191
-200
183
235
572
455
-100
-19
26
143
-4
-33
-156
-307
176
99
35
354
268
240
-26
239
13
212
374
117
134
-22
461
-97
62
61
-723
149
380
-53
282
-187
-270
352
276
191
-401
-136
-8
-176
-317
-177
-13
-154
129
316
-101
285
-49
-111
888
215
622
318
256
437
-154
2
-393
379
350
-106
169
-48
220
-142
-173
-119
-198
502
353
-165
42
222
-466
-489
-222
-101
18
-143
-127
25
-37
-109
-70
-330
297
105
395
-146
-9
-512
210
666
364
478
561
523
667
351
340
539
442
904
454
312
288
426
235
621
429
748
915
951
681
793
361
582
355
231
434
345
333
527
211
-248
149
-219
275
402
126
60
347
220
449
-223
-506
222
99
516
-325
164
-259
856
700
122
319
641
71
152
148
328
190
688
-86
594
-348
109
589
-156
112
-74
108
260
547
-75
373
-12
247
337
54
286
-646
-147
-561
-165
359
479
-36
206
142
289
264
275
329
310
-534
201
-641
-398
-246
281
171
29
95
-39
-164
-86
-737
-256
91
41
-43
74
-327
-810
229
27
402
-29
-105
-377
-44
-177
170
217
624
459
-363
-146
-521
295
-49
489
12
-30
-185
801
-184
153
349
237
-314
-78
-48
890
-265
-603
-58
-400
-459
-150
130
-261
-37
-520
-21
383
-62
-125
581
110
-195
10
-395
-145
594
214
-172
245
-202
48
31
-339
270
112
-681
-90
-487
-122
-2
-188
-396
173
142
-278
-334
104
23
236
104
474
-435
618
-481
-678
304
129
104
273
-181
401
-42
146
25
-59
249
-261
-46
444
-561
216
-218
-658
-81
67
359
66
351
419
33
123
-80
550
-808
477
-305
-533
-370
92
151
242
404
-179
-364
-52
-52
-178
-153
-467
354
368
-359
-595
121
41
172
-66
-77
297
-16
597
330
221
89
181
-69
-77
-521
-316
59
-94
63
-110
-176
-648
-437
-421
-326
-163
-345
-29
-553
43
-779
-840
-870
-650
-719
-660
-675
-444
-375
-295
-499
-366
-321
-725
-386
-166
36
125
626
689
545
342
296
71
189
142
70
641
435
846
-318
228
403
1013
912
1093
657
1224
948
1095
814
809
758
219
1587
1033
477
475
306
1354
1422
1327
1163
1329
1631
1407
1126
1038
679
943
1277
1401
979
982
905
1707
1246
1650
1228
1150
1574
1343
1926
927
1820
1490
1123
1626
903
1136
993
878
1644
1147
1684
1450
904
1491
1292
1564
1172
1663
1268
928
579
1788
668
1093
1377
1318
1388
1711
1084
1397
844
1437
1644
1116
1282
917
1272
933
802
1182
951
1804
1589
1028
1701
1113
1361
588
860
1403
1321
1479
924
723
586
1444
1658
1385
1665
1070
1070
1487
1856
1321
1217
1119
1720
1141
1153
1246
695
1080
1151
1467
1263
1054
1828
1421
1548
1278
1591
1150
1675
923
1060
926
399
1465
1488
1655
799
1066
1229
900
832
804
1278
1301
1786
916
748
907
552
1162
1388
1124
1338
1315
1596
1522
1461
1442
1274
1317
1170
1242
1055
840
649
944
1280
1927
1069
1252
1229
1542
1039
1073
1488
1561
1615
1818
1075
936
232
1464
984
1371
1174
907
1715
1582
1595
962
1305
1076
1962
1411
846
815
652
1125
1863
1284
1480
1577
1361
1690
1099
1481
1194
1663
1141
1282
1283
1302
671
909
1027
1016
1404
1500
1377
1395
1514
1281
1044
863
675
914
976
955
735
938
998
1018
916
880
912
1052
864
1070
989
657
1211
695
1123
265
155
133
438
609
1253
615
809
475
964
561
449
453
701
818
429
178
293
938
202
1225
1248
789
1123
1387
405
682
442
1108
1042
809
678
657
229
571
861
706
686
1056
1005
659
1045
425
874
526
926
450
179
820
582
728
330
1150
1427
962
629
159
709
929
1549
1390
1158
1093
627
566
10
659
1182
935
1119
1282
771
639
640
699
294
1178
1092
629
-237
720
-115
609
278
615
988
895
858
363
699
931
1273
942
800
936
1083
645
403
984
517
1247
1469
467
511
1128
1061
1098
704
411
824
1118
755
985
209
219
1035
654
460
681
731
745
867
867
789
749
922
627
407
880
202
847
530
1222
1155
769
682
1246
857
995
905
747
918
483
403
687
75
1022
395
683
292
739
1076
632
512
285
863
1127
906
820
557
679
276
-44
793
548
695
746
650
1161
792
1000
890
322
825
382
257
615
104
852
559
671
1091
935
529
1314
1401
911
786
581
948
1301
418
607
-40
778
591
475
625
323
1017
653
702
372
1171
1252
918
359
631
707
123
534
471
709
587
828
535
423
206
514
321
407
279
876
641
881
-138
513
160
574
682
649
633
579
345
144
248
320
179
461
475
417
212
36
206
194
315
366
258
284
-61
131
109
14
264
147
194
123
239
-172
-6
275
210
541
683
576
761
148
479
600
188
291
619
241
642
885
327
308
970
1302
698
1007
922
1092
902
524
940
-71
742
795
828
951
655
892
573
416
583
547
576
1050
612
1120
270
805
390
467
197
86
500
550
1053
830
274
223
952
505
475
472
1150
249
451
114
228
336
417
873
483
561
539
853
571
444
677
279
345
669
614
346
790
141
498
345
479
682
575
675
722
803
499
1032
793
552
623
138
154
711
777
678
331
413
731
327
733
307
458
372
588
763
447
660
147
381
542
178
817
569
538
667
272
948
426
653
723
334
372
614
928
823
1009
484
407
840
910
558
947
886
1406
1002
151
533
541
-82
151
959
53
370
279
345
439
539
58
95
340
138
-185
323
166
411
452
208
621
486
433
528
720
1059
1003
1044
907
556
549
348
350
423
361
542
466
586
364
381
515
662
532
746
834
1230
505
200
767
332
101
1054
199
264
863
670
609
691
752
146
604
262
232
594
349
386
389
56
416
885
198
-133
-37
426
-91
464
384
591
410
363
493
-224
366
669
443
241
604
614
682
575
590
532
336
685
-241
430
705
32
414
365
298
292
90
60
160
159
239
146
391
538
686
643
159
301
-8
352
709
187
71
461
198
-94
411
350
-142
-20
73
582
611
624
-339
958
960
735
834
924
907
1095
627
556
719
301
645
505
808
752
-26
550
682
-80
472
1009
152
627
1221
1261
491
750
413
825
728
745
-92
464
544
721
601
600
376
982
875
-84
926
374
456
634
806
567
73
-30
770
78
777
615
449
485
972
845
-154
641
434
940
325
220
122
840
1295
922
615
966
823
859
907
-9
574
703
592
400
391
434
65
575
144
553
221
142
420
723
593
596
484
662
793
-53
10
667
404
442
868
730
622
479
320
-32
257
393
1091
274
417
811
878
0
89
131
758
766
704
682
761
690
414
360
479
299
313
623
1137
719
-151
527
845
615
1011
283
738
681
550
487
1189
744
658
791
752
552
-43
-228
433
552
657
173
642
834
395
266
836
571
629
399
855
529
276
639
822
365
354
219
766
1146
656
789
621
400
175
462
330
1113
146
322
58
902
770
391
597
710
800
525
737
373
889
680
1279
425
410
170
864
677
1001
1235
466
979
844
886
908
875
477
777
810
502
66
469
192
552
361
281
361
363
588
534
620
627
870
952
1184
710
254
227
599
317
441
395
603
556
350
460
241
519
471
293
888
395
240
470
280
624
454
329
435
434
80
567
451
639
619
285
-58
30
176
-17
462
70
-66
603
100
-401
426
210
474
8
650
139
-83
151
342
473
42
220
488
274
637
450
6
188
390
40
360
-55
643
255
596
351
582
495
220
428
189
-33
544
808
600
637
130
581
289
268
300
583
233
392
448
185
-1
459
659
336
424
863
178
-216
297
333
654
399
172
206
331
643
473
472
145
1068
593
355
366
713
490
-8
660
-35
580
337
537
286
636
566
455
-84
106
496
46
640
523
38
107
530
635
614
704
258
22
609
407
358
98
407
434
-172
386
552
564
26
457
455
429
407
828
434
403
565
700
137
212
274
382
245
860
-16
426
565
-191
489
170
789
603
112
277
497
603
581
566
249
350
666
32
561
486
171
582
530
274
-143
445
827
-498
409
-7
417
560
72
414
817
532
261
194
522
82
291
586
539
706
417
284
-34
465
543
321
262
134
263
400
93
113
146
154
55
-176
230
222
330
549
592
448
372
591
621
824
691
245
477
252
164
-116
266
263
123
599
-153
593
513
284
508
-125
441
-149
146
-93
287
-130
205
57
4
297
170
297
444
293
345
191
-10
-46
197
206
318
65
216
-39
368
-172
353
161
59
82
283
206
25
99
314
282
470
239
-201
-9
463
-44
890
249
368
192
552
465
934
724
343
742
516
176
782
-373
283
210
597
499
631
587
561
320
186
282
26
839
-50
843
397
409
2
345
167
193
197
502
418
624
378
672
375
251
482
392
746
-81
-70
261
634
-152
206
224
535
440
812
262
149
102
353
279
509
578
644
465
142
-165
606
294
347
451
586
243
469
464
-69
842
371
905
187
114
508
380
714
567
662
447
230
685
332
600
323
211
186
-136
17
517
787
711
369
59
528
518
168
-99
836
715
232
693
244
717
-215
457
683
612
524
534
-2
467
463
700
145
280
296
734
151
149
-180
265
489
-3
410
53
648
328
436
702
299
607
596
544
276
-205
-451
558
497
570
455
477
448
270
526
445
929
534
377
310
317
-197
151
127
847
227
387
81
-288
-1
324
256
616
373
690
665
509
80
-56
39
414
563
295
-24
316
388
-91
190
-213
92
321
-235
-205
-256
47
239
667
-78
294
370
300
178
524
182
36
81
439
673
-111
71
-242
595
438
855
686
789
931
811
416
271
451
-62
770
232
303
253
284
698
487
226
451
408
421
351
362
535
575
431
225
570
198
359
22
105
267
371
302
478
126
303
490
34
125
300
376
348
149
-226
203
715
214
162
63
28
152
113
141
627
407
143
203
-140
767
-262
92
800
466
-352
515
424
32
2
382
-259
-118
260
-43
43
-81
541
17
628
-542
176
-170
374
402
-439
375
529
493
192
255
494
703
-173
-196
505
38
-215
326
411
78
352
705
59
-337
-81
105
153
695
2
-183
279
307
-20
-94
55
151
507
116
-25
295
163
414
343
90
149
121
955
-481
573
181
316
-355
-121
885
23
130
455
44
145
248
159
-139
903
17
-68
31
-212
648
204
-280
-132
723
106
104
91
290
65
-277
1016
217
212
-74
136
46
66
92
128
316
-20
78
-76
559
89
43
1012
205
234
78
271
118
204
327
123
-179
96
423
92
511
-327
24
510
-89
238
-236
110
234
431
-36
61
373
451
232
-156
327
-409
64
778
24
150
316
687
-545
412
348
90
210
129
270
527
85
88
220
889
163
435
-395
29
388
620
34
361
618
-132
146
-592
280
-145
-127
887
-174
-398
366
299
123
-9
-224
-6
309
304
111
537
361
-40
-381
743
-60
373
-201
-158
347
101
255
-27
118
-404
504
262
611
29
-21
411
-142
-126
-108
-159
-141
-10
-388
-62
156
-114
-130
-56
308
-332
-209
-376
-518
-348
-57
-109
-201
-46
-22
-195
-192
-229
-325
-113
-150
122
60
-1215
-1332
-1516
-795
-1128
-1453
-851
-1242
-983
-980
-773
-857
-1217
-665
-1103
-274
-816
-1067
-1628
-845
-1260
-1419
-1018
-1082
-1207
-1092
-1397
-984
-868
-1118
-1458
-673
-844
-957
-1278
-1191
-1240
-1501
-1443
-893
-1428
-1569
-1145
-1176
-455
-1099
-1685
-429
-546
-1069
-1075
-914
-882
-1216
-1118
-1117
-1661
-999
-995
-1166
-615
-1646
-1342
-669
-990
-1405
-1575
-841
-1019
-1390
-1203
-1437
-1130
-800
-1063
-1070
-1360
-999
-1264
-190
-890
-1281
-974
-1264
-720
-1302
-1133
-1212
-1500
-911
-970
-952
-1157
-927
-1267
-535
-865
-1212
-1207
-1657
-1265
-876
-1643
-1339
-1204
-1247
-1672
-1379
-1557
-589
-1230
-396
-639
-1193
-1401
-1007
-884
-1514
-1196
-1021
-1108
-1179
-1667
-590
-638
-519
-1204
-402
-570
-1163
-1641
-1252
-1044
-1156
-1141
-878
-832
-1279
-1034
-1056
-1174
-750
-1639
-136
-811
-1173
-1581
-1590
-1252
-1170
-1533
-1566
-1613
-1420
-1672
-1456
-752
-1113
-1503
-628
-627
-960
-1289
-1312
-1057
-1464
-451
-1242
-1332
-1243
-1147
-1384
-1504
-1081
-1327
-375
-682
-1107
-1086
-1452
-1139
-774
-746
-879
-1341
-716
-1247
-961
-1112
-540
-1088
-340
-763
-1411
-1166
-1071
-1226
-1120
-1029
-1630
-1314
-1378
-1231
-908
-1265
-1222
-1471
-465
-1178
-1026
-1215
-1607
-1433
-1459
-826
-1461
-1197
-1236
-853
-820
-1163
-980
-1268
-722
-492
-310
-1032
-574
-631
-722
-932
-910
-800
-508
-1119
-740
-843
-530
-982
-244
267
252
146
353
756
649
349
669
396
823
615
481
478
694
73
36
604
105
-11
501
615
506
-31
240
119
112
-432
203
480
-449
655
13
436
838
958
1226
704
702
1022
609
767
593
1139
687
1044
614
1498
102
453
537
195
443
990
633
492
662
1340
1026
689
943
32
-10
1206
318
738
-101
1330
728
417
888
584
1010
657
578
641
1020
406
1038
898
355
244
406
746
385
833
1021
460
358
619
762
742
590
1063
574
1135
-23
554
736
1197
1358
540
554
1011
1180
316
901
420
638
1065
269
1333
-328
551
386
816
274
550
868
1263
1126
823
470
705
1057
269
80
621
154
579
730
435
1070
689
1060
322
465
565
776
797
242
893
827
448
281
358
287
412
502
519
527
1166
572
802
597
649
496
84
585
910
-6
553
562
782
1420
895
1064
788
1193
1035
396
1060
1530
1016
1002
1021
326
348
-70
545
683
454
951
451
543
229
517
968
856
738
560
459
346
583
439
479
860
620
1470
650
680
383
598
528
1000
443
144
1004
-116
429
109
799
739
311
710
621
638
513
1095
388
587
44
1321
628
392
696
429
940
1176
1070
1449
958
1504
782
1453
1372
1222
858
563
770
146
598
217
636
394
452
388
158
269
309
142
447
467
363
282
749
-63
-314
-228
-354
-263
-360
-91
-122
-379
-35
182
137
-87
-85
-291
26
26
-16
295
470
262
467
511
205
749
313
332
413
151
222
221
1084
656
22
376
694
434
410
184
390
-183
84
187
752
280
-76
-156
332
186
167
205
537
253
304
170
392
-402
248
748
558
541
531
310
519
-134
41
542
386
249
-116
264
628
171
482
832
272
-2
93
623
697
-95
-36
768
308
607
395
339
640
658
82
137
-126
447
564
403
563
-170
-53
-62
453
373
1006
509
-84
404
1051
307
-6
137
305
337
356
116
235
-36
104
548
61
4
470
495
72
662
640
387
219
478
380
51
-196
292
674
251
-12
508
575
442
164
-53
484
386
-267
38
592
127
-338
881
411
207
813
523
304
637
421
259
132
583
357
194
503
76
169
400
144
499
433
212
13
-281
253
571
483
505
407
354
245
43
-38
440
323
212
310
702
-165
216
530
69
-319
11
506
150
683
119
-168
538
724
322
355
590
-34
228
437
21
498
83
-178
143
515
505
223
922
374
714
577
818
669
513
444
464
497
363
-63
-60
45
-266
-211
181
207
199
108
-288
-254
-154
152
99
-243
42
246
-13
6
-34
87
668
801
423
385
502
460
575
714
502
742
638
627
460
108
283
200
-201
180
348
310
63
-14
250
-211
26
413
-236
289
474
47
131
731
-116
163
499
144
-68
452
-241
90
-63
-84
83
257
-106
-120
-339
493
298
605
11
241
476
240
304
432
157
48
876
434
586
-271
22
842
220
150
797
136
861
307
245
-296
390
2
188
469
589
-101
-33
1196
-81
465
390
404
251
113
598
110
301
529
289
605
258
492
-141
276
308
419
117
223
-199
71
-7
465
392
685
-182
58
-78
-547
-83
862
424
386
373
266
139
-38
-77
213
360
337
294
867
132
406
-5
724
836
200
541
478
292
35
28
554
-319
384
207
430
-255
380
351
759
481
-263
292
177
239
311
227
606
651
378
18
459
20
-161
-278
1177
-334
667
516
-255
-258
-372
-220
205
242
3
208
475
-133
-129
-585
576
234
655
253
160
280
28
600
688
172
-29
286
268
390
522
-229
506
135
344
246
312
-23
130
117
691
693
505
-51
96
32
-817
-259
963
122
-13
323
-373
114
111
133
-29
239
-46
279
395
161
467
-288
565
-62
408
82
-237
-86
596
-29
56
-284
-99
237
24
482
197
288
633
190
205
470
337
479
350
413
202
314
233
-487
458
60
69
-33
255
-92
150
-44
-184
-90
-137
-254
-558
-358
-533
-59
-97
-171
-345
-710
-64
-419
-847
125
381
343
-280
-365
-281
-19
-170
-87
-46
-316
-488
-434
-115
27
112
-304
110
-533
-559
-217
-109
-24
-336
-9
343
-325
-216
-618
109
-174
8
-436
-210
-204
236
-123
-519
-37
-123
-320
-61
-623
-294
-400
-82
-467
-855
35
-269
154
-43
-269
-25
-362
-233
-382
-838
-432
376
-340
29
-362
147
-220
-10
-382
-106
-244
-146
-638
48
239
-61
-300
187
25
-106
-441
16
67
115
-452
-34
-299
-122
-56
25
-572
-440
-328
-482
-314
628
-204
-244
-622
-257
-105
401
-255
-705
-229
68
-89
-548
5
-447
-519
65
183
-410
-471
1010
141
-127
-280
302
-143
-579
-72
-889
-53
133
-571
-658
-480
162
-349
-113
-838
-626
49
-343
-297
-921
-372
195
30
-172
-85
-92
-722
-110
-143
263
53
449
76
-364
-192
-302
-539
118
-225
-268
-161
-120
-68
67
-580
-368
208
334
32
-825
-375
71
58
-559
-297
409
-77
-383
-254
-833
-419
-28
-258
17
-214
-543
-322
350
38
-365
-293
-308
-207
206
141
-96
-172
-103
494
-3
14
283
42
324
-345
208
150
88
-321
-503
-107
364
-336
25
-455
-70
-443
-625
-263
-457
-194
-327
174
-235
-570
-300
-130
-130
-2
-305
-108
-321
-607
-233
-370
210
-931
-60
-78
232
-435
-247
-485
-285
-193
-222
-171
-695
-467
-363
-583
-242
-237
-622
-623
-262
-728
16
451
342
817
768
399
734
252
575
726
393
662
895
626
489
-71
-252
-559
-409
-278
3
-51
-469
-92
-168
-568
-97
-189
-240
-764
-234
-478
-267
-316
-255
669
124
-60
451
209
-153
14
-114
537
14
-152
2
-180
-72
-338
143
-259
193
424
119
-433
74
108
-767
197
-851
206
-433
300
-260
101
89
704
30
14
-280
352
105
-239
476
-11
46
231
492
-33
-508
-309
18
214
-563
-488
-40
157
-235
626
158
-497
-80
-517
-271
-255
-193
-199
130
-32
304
500
42
220
-600
-173
392
-233
-88
606
-284
-294
23
134
-307
105
235
-472
-294
321
-165
257
-549
119
-400
-25
-218
97
-476
-136
-224
197
-133
-453
610
37
595
343
-10
-231
-624
-89
-126
35
-377
-242
0
-221
-79
-115
-516
390
-73
-639
-192
230
-111
-473
-100
90
-588
-145
-54
-273
-680
-304
347
-113
344
73
-145
-138
-365
659
339
198
-103
-435
-105
-456
231
687
-35
37
-12
559
-215
-92
-201
-355
-429
-287
-443
-166
-305
-229
-318
362
-435
-253
313
105
-468
-111
468
596
-145
-52
-86
-35
-270
-320
-120
-173
-85
252
-361
-84
-89
-136
-349
317
364
368
-201
-56
411
181
-24
-119
-286
168
185
626
510
171
-128
-16
-122
-559
-794
-434
-291
-625
-611
-874
-792
-1291
-1047
-875
-497
-770
-325
-404
-537
-188
86
-159
-612
-430
-466
-527
-271
-644
-370
499
4
-1243
-25
-4
-34
77
397
241
-40
303
353
224
-206
285
345
-593
-144
61
167
307
760
189
448
-268
359
586
44
-116
735
308
229
-225
785
257
405
774
878
-65
515
-14
359
86
215
255
-18
573
658
609
199
968
115
240
-166
55
407
-69
116
769
-54
296
659
1003
-28
420
-338
167
605
344
135
-224
527
38
717
445
543
763
277
277
404
-16
96
278
902
584
123
-84
328
485
587
729
551
605
-79
130
457
876
315
244
63
165
484
94
707
152
278
99
-22
436
63
673
264
472
358
318
535
450
-193
47
892
439
627
586
98
573
861
-58
138
117
188
161
184
220
88
564
445
9
109
252
333
672
335
730
269
204
704
540
95
310
35
-361
489
160
879
499
762
572
436
356
1012
977
331
157
611
1209
335
-152
922
-18
556
961
60
613
393
582
257
375
264
312
684
481
431
355
528
419
506
268
532
710
648
368
700
719
467
1013
127
285
356
129
1009
-20
-3
308
604
758
740
615
475
605
527
651
313
238
638
24
430
38
476
569
333
516
517
814
624
771
600
786
798
601
313
228
591
115
727
463
400
438
559
507
578
720
935
720
670
688
414
87
-498
-189
188
-5
-221
63
506
56
32
39
336
25
236
-551
110
-56
-127
-212
-204
-73
213
-79
-350
-137
-278
199
-421
-43
402
-76
-468
-534
-431
-277
-2
-224
-270
-649
-639
-185
-468
-1099
-796
-81
-492
106
-1077
124
-434
-61
-155
14
-440
-6
202
-473
-982
105
-70
-44
182
-738
-619
-720
-172
-604
-328
-876
-541
-518
-391
-719
513
-770
-507
-1279
-279
-730
70
-483
-210
-397
-666
-455
-30
-442
-550
-487
-416
-662
-268
-211
210
-298
-764
-665
-643
114
-88
-346
-588
-749
-449
-728
-368
-189
-571
-154
-737
-351
-822
-538
-233
-71
-591
-543
-573
-588
-583
61
-497
-419
-211
-459
-498
-8
-542
-707
31
-220
-497
-750
-304
-554
-968
-339
-230
45
-963
-542
-411
-510
-725
-360
-428
-1122
-217
-1161
-499
-348
-227
-608
-841
-194
-822
-276
-77
-549
-835
-410
-258
-153
-398
-320
-223
-579
-577
-196
-16
-174
-310
66
-814
-730
-1135
-363
-502
86
-815
-444
-717
-816
-271
-528
-250
-1247
-315
-40
-703
-154
-581
-630
-579
-751
-652
-657
-294
-254
-587
-763
-713
-789
-415
-421
-540
-1062
-845
-313
-642
-18
-402
-736
-429
79
8
-475
26
24
-196
-541
-510
-149
-889
-186
-625
-116
-975
-808
-603
-937
-753
-714
-569
-565
-355
-889
88
-796
-452
-503
-433
29
-220
85
-83
-56
-520
-426
-9
-467
60
131
-11
-316
-201
-437
-99
302
-302
-123
118
-331
212
268
-276
120
552
-119
-113
180
74
-44
-77
152
-340
-358
-85
-187
-887
-354
-176
165
-353
-404
-442
-652
95
70
-278
116
-676
-116
-136
-616
-34
81
-341
-590
-538
-296
-103
-49
255
-287
233
156
32
-322
-48
-370
-279
-479
14
-94
-115
243
-326
-190
-126
-43
68
181
-249
-180
-86
-502
-272
-198
276
-512
205
182
-236
113
-557
310
-164
-417
-111
84
-495
-570
184
-52
-387
146
276
-362
-725
-6
-83
-109
-209
-557
61
-303
-221
114
-185
-792
-193
242
-110
-224
99
-388
90
100
-305
472
518
-313
421
-76
-730
-486
-74
399
-266
-211
-187
-187
-13
94
338
505
-337
-10
-390
-770
-90
-105
-434
-534
-144
-143
-484
158
-315
116
-11
-78
-55
-100
-214
-76
120
-473
-178
-390
186
125
97
-582
165
-79
-578
207
302
-10
219
-205
-408
-324
-367
219
37
-145
-325
470
452
-148
317
-158
-295
328
202
-247
-76
-533
-401
22
13
-674
498
334
-234
-372
258
347
301
201
143
-60
-278
-416
-550
84
-607
-505
-111
-735
-119
428
-43
73
-37
-557
25
-81
-243
-217
-202
-125
-302
84
-720
-426
128
-50
372
-145
-7
-9
-90
315
282
263
-202
-17
-136
-441
37
-61
226
-302
136
-318
29
88
102
-208
26
-212
-446
-140
-248
-34
-358
-181
-798
-317
455
227
318
469
475
525
326
195
383
510
568
485
261
561
837
658
221
923
884
1039
1493
373
482
852
1196
536
892
894
100
538
539
504
670
327
806
29
425
448
649
586
285
836
292
292
570
642
525
63
507
76
109
363
557
739
287
792
669
538
472
-146
1130
665
525
-588
131
44
670
391
586
262
410
834
385
209
224
378
758
507
118
-6
379
182
426
781
813
104
83
304
745
96
523
1116
437
329
275
259
687
105
540
83
272
753
523
210
10
942
1075
219
70
679
-44
-135
693
342
607
148
706
348
729
337
-28
293
652
151
67
750
320
113
479
414
794
640
808
675
146
1117
550
895
204
722
844
919
504
-69
352
772
504
419
531
85
712
391
572
567
406
1019
684
1358
292
18
1025
-71
729
879
508
1031
778
808
58
393
44
-144
502
136
444
199
419
676
755
199
515
376
957
-129
609
1242
719
149
-20
643
236
45
360
671
421
735
504
585
1173
575
744
179
1001
425
427
-4
571
-59
487
847
670
253
-21
656
465
592
1036
228
199
768
1013
58
47
-517
187
297
333
579
309
148
409
-93
105
-159
237
611
428
264
586
177
425
365
460
427
345
613
473
833
1156
714
769
396
402
418
563
-371
636
715
408
159
1038
1092
567
1086
1106
907
684
1089
544
464
701
476
1404
327
-90
1037
1395
808
752
525
629
997
894
307
1087
723
1137
-239
1387
1359
828
1250
1153
916
676
1234
802
914
482
976
1260
646
647
180
1524
739
743
1011
1062
974
1447
1626
1046
437
990
794
530
1043
673
438
1307
307
701
1164
1197
1284
1330
768
442
1520
1610
1210
685
584
889
15
1060
598
1259
1237
1149
1227
1029
1081
792
368
1330
1277
1407
619
682
100
1156
1251
1580
1642
1161
1278
1094
549
1018
811
826
959
719
672
862
196
1331
1467
565
809
978
1658
971
629
1106
1491
1455
705
1042
629
1248
254
1512
885
704
582
1236
1760
937
955
1587
1383
809
1198
1123
1139
564
187
1180
721
846
1202
749
980
1236
1094
714
1295
782
365
1044
889
641
500
1470
570
978
1079
1246
1076
1566
950
763
576
1211
994
1598
598
760
0
1360
1212
1314
916
788
1383
1365
864
460
1142
815
1081
473
872
1207
102
1890
687
732
1050
1283
991
1323
784
161
851
975
828
600
803
518
551
1343
543
1454
1001
787
1276
1123
1047
710
951
1305
1127
991
333
1060
-12
1258
904
1133
1399
1173
959
1294
556
441
540
660
1114
435
1193
402
3
937
83
656
854
481
731
234
13
223
432
576
445
716
413
554
-178
-763
235
49
-789
-721
-381
-260
-585
-219
-351
-52
-182
-477
-655
-294
218
-971
-397
-291
-669
-533
-585
-143
67
-873
-545
-151
-332
-464
38
-406
212
-690
-756
-598
-791
-684
-683
-483
-859
-820
-554
-495
-528
-629
-534
-241
265
-908
-613
-196
-551
-598
-940
-734
-480
-426
-1243
-691
-450
-220
-1071
175
115
-910
-671
-1009
-499
-502
-596
-732
-823
-591
-596
-554
-480
132
-904
-175
565
-534
-467
-693
-642
-530
-926
-67
-431
-947
-458
-611
-532
-664
-304
-712
581
-1098
-85
-691
-1651
-198
-906
-488
-266
-742
-968
-276
-627
-679
-425
-424
-9
-840
-778
-30
-673
-294
-337
-471
-596
-1038
-460
-980
-953
-329
-211
-52
-58
-1199
-1306
-562
-564
-215
-707
-266
-373
-1162
-681
-704
-664
-248
-382
-331
495
-638
-542
-1030
-693
-473
-373
-567
-403
-466
-884
-287
-468
-989
-938
-397
959
-863
-1202
-846
-688
-470
-765
-110
-632
-478
-554
-1031
-102
-842
-220
-112
682
-709
-425
-894
-1093
-446
-215
-457
-834
243
-614
-311
-574
-808
-72
-426
146
-1190
-425
-824
-494
-213
-627
-90
-529
-344
-833
-411
-569
-479
-355
45
176
-1115
-316
-873
-268
-251
-496
-553
-573
-564
-380
-526
-182
-423
-642
-362
633
-965
-689
-375
-808
-518
-510
-520
-910
-520
-537
-841
-123
-826
-410
180
473
-472
-58
-527
-97
-39
-13
250
110
131
-75
-152
-369
-52
-148
-364
153
668
610
1344
1222
1064
499
392
950
845
554
1232
534
896
929
704
457
970
1893
1384
1403
1320
1042
989
1225
1316
1582
969
499
1150
841
1219
41
1109
1500
1235
1299
1891
1044
1130
1298
1085
1237
1022
1466
1544
1224
1254
161
1241
1391
1204
1817
1657
1267
966
1202
799
1700
1649
1726
1470
884
954
-600
1113
1912
1384
1137
1173
1162
1470
1149
1301
1315
1214
976
934
806
872
-275
989
1615
1477
1071
1688
951
768
916
1031
894
1143
1072
680
1133
827
-161
1204
1339
918
1136
1217
1324
1128
1082
1190
1498
1314
937
1372
946
576
-38
1276
1576
1198
1226
1122
1644
1228
854
1675
1573
858
681
1107
854
256
203
1342
1599
1006
1272
1423
1048
1612
1192
1112
1253
754
1149
1698
1077
930
-248
880
1164
1042
1408
1401
1362
1989
1193
972
1314
450
1457
922
710
635
-511
1092
1871
1208
1484
1395
1353
1267
1057
1134
1135
628
1178
1273
992
646
219
1443
1288
621
1331
1462
1154
1075
1522
1296
1194
1120
1585
1371
716
616
-140
962
1659
1548
1962
1332
950
1695
1700
1120
1245
1566
1481
894
847
1032
323
1173
1427
825
1106
569
595
785
1051
454
972
1333
1326
1235
703
811
317
943
1406
1156
1267
1516
1016
1000
1138
1389
919
1173
1623
1327
1130
1338
326
385
843
780
1029
579
421
288
250
666
650
687
944
405
559
571
106
440
102
377
309
553
428
655
392
361
-156
447
178
356
-30
-335
-146
-153
312
544
848
534
834
555
332
328
856
664
112
12
397
361
304
-85
772
260
796
906
706
-140
367
583
331
-338
863
736
736
-163
362
217
-164
269
962
316
708
636
262
-86
163
831
514
384
71
234
-467
295
-276
36
615
249
336
-102
10
636
81
149
350
-31
-272
473
236
-233
681
670
340
794
430
322
75
-74
-28
263
506
165
581
203
-601
162
163
309
233
-52
294
466
411
514
306
180
411
91
-36
546
61
-80
452
84
142
99
473
396
-254
62
367
580
-116
18
311
-23
31
-179
212
104
111
417
-72
350
494
291
212
483
519
471
413
-209
-78
-85
275
-1
486
-44
463
605
311
411
1027
429
-195
74
59
212
149
-90
131
189
-57
1004
107
199
-166
88
341
111
939
234
-272
115
-19
237
296
584
-99
-31
30
354
523
856
177
96
-22
472
660
-236
-174
69
104
-70
644
387
-128
484
157
136
235
654
224
113
-377
-28
362
-122
443
103
87
227
987
532
165
294
673
-26
306
415
950
-389
126
-206
899
567
-53
387
479
-32
341
317
238
98
247
631
231
-124
454
109
267
-359
468
196
121
-131
-46
-73
153
-102
358
22
441
-546
-214
-341
905
865
534
541
538
595
349
300
765
339
432
419
-103
164
297
-184
722
645
136
-172
462
756
494
608
547
411
396
219
-30
-162
129
-98
986
77
228
-79
517
22
842
900
216
387
674
606
244
767
522
-64
989
884
917
525
84
789
380
623
967
600
170
1040
444
447
247
-51
301
606
234
470
206
612
523
589
653
586
555
862
401
777
395
300
724
547
476
33
684
269
316
344
443
504
180
639
-427
-116
26
-97
102
433
466
-60
68
1116
194
342
15
388
428
274
506
298
160
-428
600
672
466
213
52
340
493
569
306
367
250
519
357
258
237
-460
424
721
255
587
280
120
286
232
-328
-198
846
-106
484
652
230
-362
577
630
314
593
591
249
488
993
-110
421
373
36
376
842
1164
-365
525
324
596
887
201
413
134
459
-240
393
295
-127
-22
447
257
115
677
903
144
506
51
578
99
436
227
18
353
547
161
322
553
100
491
546
785
230
396
614
361
432
984
317
170
430
475
167
722
-154
249
270
486
770
315
108
248
72
297
159
488
529
177
-72
208
-97
458
-6
207
211
-348
-130
430
-37
428
275
131
291
134
332
644
-297
-46
-25
274
-95
-262
196
273
243
340
504
286
210
264
355
431
-289
8
-242
-583
-35
7
-460
-91
-146
-480
-279
126
-374
-253
206
357
50
95
-204
-258
-358
202
-49
-294
28
287
80
-109
108
-56
670
192
219
943
435
524
301
394
115
715
753
812
469
286
86
-85
712
714
-24
341
236
418
43
702
442
-107
823
299
196
285
98
356
291
629
-150
-238
-389
546
256
487
-15
519
219
309
439
692
390
915
970
748
-288
138
136
115
557
2
746
703
162
451
389
554
246
435
558
747
15
312
528
142
223
1002
144
315
386
359
331
103
-184
306
104
100
-260
815
654
257
169
632
-141
-282
388
201
238
-139
105
-162
265
960
-312
386
135
191
454
-249
282
107
410
-267
279
601
83
434
266
1175
-357
603
342
426
-367
225
473
497
854
386
674
-176
286
345
976
691
-470
-164
-141
489
764
126
233
149
22
408
894
549
210
503
917
938
125
297
678
-101
269
370
274
521
109
-61
-67
-220
159
205
198
-38
-23
361
305
465
-395
58
58
349
558
244
75
29
469
-215
203
956
-263
78
-119
207
528
588
399
587
79
452
469
682
25
627
259
136
90
-251
305
173
409
41
293
672
146
315
450
86
813
-237
330
291
30
275
-47
-8
-95
150
42
-129
211
400
-27
262
381
146
112
880
-98
699
190
-8
-37
623
502
146
411
736
85
437
580
802
667
376
-264
476
-77
-342
239
313
-315
124
203
-658
-131
208
540
515
-403
46
315
944
1037
355
-234
-25
904
1139
300
313
801
160
690
439
67
316
209
889
2
43
167
-94
456
466
316
175
377
452
2
-460
-163
-1
-78
-124
429
102
91
-343
-164
11
292
248
-353
-146
220
363
329
-62
126
-8
345
196
446
307
280
-9
-241
49
268
643
881
245
344
516
14
787
670
347
-275
415
377
219
671
34
337
-11
171
545
319
12
217
497
296
117
382
175
302
358
-140
12
-84
371
147
351
279
218
223
215
-171
10
304
315
324
338
419
228
112
-113
429
1075
251
54
-145
137
-7
-158
416
205
12
498
322
227
361
394
206
-61
830
-226
60
60
879
346
-4
-404
-72
344
93
202
547
417
426
78
-82
85
-38
55
-145
36
117
217
603
287
-100
-73
273
610
82
376
164
348
-226
370
318
-67
404
486
206
-261
406
469
-326
-99
267
-409
-217
310
231
322
-186
-43
430
184
-273
295
107
398
440
-98
231
157
-235
-147
-456
90
37
498
418
438
868
476
29
-299
116
586
212
570
319
81
-136
-269
-92
-585
-511
-281
-240
-359
-104
-203
-397
-447
-486
-879
-480
-726
-78
-208
689
-164
85
-133
41
-63
367
385
-187
-193
365
-74
10
-461
187
162
-167
99
423
-352
-353
166
73
100
585
366
336
-158
-381
-531
185
-370
368
-587
329
-257
79
-46
35
321
-184
58
107
-756
-408
-213
100
-839
48
-72
332
-289
-4
-141
395
-80
424
-160
26
-54
-45
-69
498
-428
225
273
-28
11
-110
347
359
259
241
-120
108
-75
-419
155
71
-325
45
50
30
-359
263
58
-71
276
-104
33
-84
-409
-28
58
19
110
178
-138
-245
-92
-19
-138
11
236
146
84
-404
259
-358
180
8
-453
-81
-73
382
42
153
262
-228
548
-32
7
225
-110
-489
638
605
-180
173
482
477
102
-145
-14
509
729
110
4
366
-105
-363
21
307
138
420
22
52
-169
-63
-212
43
77
-63
237
-258
188
-53
1
492
-81
-144
174
41
-346
277
302
-123
284
135
-551
60
-10
-574
692
-5
270
-254
-53
-326
199
354
-107
-270
362
425
-196
353
337
-219
-51
148
305
-273
225
-336
129
35
-47
111
242
-545
-134
104
264
-188
-212
512
341
98
-2
-119
53
-312
153
314
663
399
332
61
-71
-459
-293
-57
194
-252
-67
-400
-523
-391
-521
-442
-400
-85
-181
-206
-191
-920
-521
515
322
846
492
750
503
223
309
722
489
356
336
471
192
39
392
-192
-661
-594
-827
-22
68
-272
-321
-146
-527
-537
-233
-414
-230
-107
-27
-732
-794
-642
-1198
-743
-583
-133
-1109
-907
-180
-1025
-792
-1152
-792
-656
-762
-811
94
-865
-1193
-811
-466
-864
-526
-445
-1069
-324
-358
-457
-1114
-510
-548
-928
-884
-283
-590
-570
-1056
-526
-998
-755
-609
-490
-533
-886
-870
-1011
-21
-893
-670
-604
-919
-516
-318
186
-1022
-507
-942
-768
-782
-498
-134
-78
-697
-803
-532
-567
-941
-192
-800
-482
-574
-65
-678
-551
-556
-460
-417
-553
-306
-392
123
-897
-705
-355
-102
-479
-331
-713
-410
-878
-19
-642
-754
-898
-442
-716
-192
-361
-388
-984
-755
136
-901
-340
-984
-303
-1360
-23
-545
-107
-743
-719
-443
-327
-998
-643
-1051
-1044
-279
-472
-211
-643
-123
-670
-146
-465
-105
-847
-198
-723
-904
-624
-952
-485
-814
-698
-953
-347
-512
-366
-374
-410
-878
-455
-343
-301
-153
-97
-864
-390
-412
-160
-497
-864
-516
-386
-693
15
90
-890
-562
-1213
-1013
-334
-101
-445
-768
-397
-768
-656
-154
-842
-572
-571
-632
-661
-734
-293
-592
-416
-757
-409
-552
-305
-574
-630
-653
-483
-483
-451
-313
-1143
-414
-625
-597
-914
-143
-382
-501
-199
-404
-940
-384
-538
-498
-556
-148
-440
-879
-806
-773
-539
-769
-290
-466
-738
-613
-647
-644
-124
-637
-73
-539
-402
-104
-737
-740
-673
-850
-772
-576
-779
-770
-645
-817
-984
-1105
-918
-526
54
-181
-133
-221
45
161
171
15
-177
-111
-176
-7
390
4
-450
-452
-680
-1050
195
-614
203
-232
411
-198
-15
-201
353
-41
-110
-53
170
-26
-198
-675
-468
-294
-137
331
-712
-526
-314
-30
-199
-88
-386
-48
-432
113
-782
-253
-568
-881
99
-147
-218
-93
-384
-490
-512
-48
-285
-41
102
131
-644
-780
506
137
-560
-108
20
-394
-146
376
-160
132
-332
-204
1
-132
-767
-79
-316
-511
-371
-224
-18
332
-182
-485
-57
-461
26
171
-646
-51
-474
-726
-624
364
61
-265
-862
-223
-25
-394
-482
157
-94
-173
-267
-248
-175
-1001
-594
-473
-140
-200
94
48
60
-387
-116
-40
-156
-390
189
461
-748
-610
79
-274
-384
-68
-447
-57
218
-204
-183
71
-58
-452
-699
-392
-201
-142
-432
146
-580
-675
-294
-144
-71
-398
-238
-554
-164
236
-174
-279
-428
-639
-700
-208
-46
143
-381
-213
111
83
-344
-186
-709
-317
83
-1
-596
-472
390
-346
-738
-155
-81
-59
175
-313
-200
-286
-683
-537
381
-212
-310
-794
-346
-452
-645
-630
-302
-389
-262
-657
-155
-189
-48
383
26
486
-329
-366
187
201
101
39
-52
20
367
42
-57
-440
-93
-7
353
-49
-403
-132
-375
-516
-383
-169
-894
-913
-418
-322
-523
-568
-902
-736
-491
578
-555
-454
-303
-186
-190
57
-232
-90
-326
-118
-79
-248
-231
-156
-346
-187
-355
184
-53
290
355
655
311
161
267
108
461
-196
304
-112
417
-61
135
-350
-211
-92
251
-662
263
174
107
-669
188
-117
-357
232
-397
-348
350
80
97
-55
308
120
474
449
453
117
19
327
146
-19
-460
-271
-288
-549
14
-132
292
-743
5
12
53
583
-392
-122
-550
-34
-497
-358
508
-308
-234
-33
-144
251
-365
49
-489
-271
-243
-133
-129
-360
561
-56
-398
79
328
319
28
-64
170
-66
-86
-497
139
54
516
372
-176
-277
45
-69
66
-509
131
-21
-12
198
362
13
-279
209
-509
115
-598
-79
186
-94
-577
299
110
321
-29
-61
-381
129
45
-438
128
200
-495
-569
295
-256
-319
-186
12
-325
-85
-57
-41
-485
-141
-203
203
343
-672
-51
126
-192
-135
-206
-204
-278
-754
-359
-44
293
-77
-507
-207
-113
-350
246
514
22
-373
238
-347
-426
66
-188
-371
-368
-271
-543
375
-57
462
-551
-629
525
-86
-22
-599
121
170
281
-171
543
-684
45
-888
467
18
-242
70
-165
-144
-310
-413
-110
-322
-242
9
-167
109
-595
-358
266
135
-449
4
43
-293
-170
-265
486
-185
-410
281
-266
-384
7
-294
391
-73
-75
-289
29
-42
45
-170
-40
129
-334
-201
-357
-295
320
239
127
272
17
197
28
-179
-273
-577
-844
-454
-207
-115
217
-218
-656
-613
-390
-185
-615
-179
-613
-736
-472
-466
-339
-380
-781
-513
-687
-339
-665
-830
-229
-399
21
11
-986
-264
-398
-555
-838
-279
-408
-563
-152
67
-446
-368
-111
-273
-381
-69
88
-571
-643
-113
-52
-643
35
64
-807
-72
-584
-241
-240
-701
139
-206
-1022
-452
-458
-430
-770
-375
-310
-721
-619
-546
-650
-219
-92
-465
-354
-160
-914
-737
-774
-197
-553
-266
-299
-387
-880
-840
-46
-648
-292
65
-422
-144
-643
-198
-625
-138
-288
-344
-285
39
-496
-538
-173
-210
450
-449
-413
9
-206
-186
-192
-623
-226
-256
-64
-658
-130
-673
11
-636
-272
-193
-739
-184
-271
12
-171
-884
-630
-276
-291
-91
-469
-172
-841
-603
715
-750
-520
139
-784
-455
-859
26
-589
-923
-23
-742
-510
-385
3
-212
-34
-323
-31
248
-506
-387
-382
-172
-461
-657
-377
-264
-150
-158
-526
215
-463
-472
123
-3
-654
-829
-364
-68
-698
-573
-446
-309
-282
-647
-91
206
-131
-1190
-583
-126
-419
351
-413
-393
-204
-261
-507
-45
-168
-233
-1012
-863
102
-480
-326
-216
-719
-310
-823
-545
-289
-297
-475
-71
-456
-157
-353
-678
-138
-315
-283
-334
-138
-606
-184
-376
408
-24
-341
20
-854
-493
-263
-195
313
-658
59
62
-323
-248
-379
-423
-276
-432
-825
-537
-657
-658
-96
-510
-732
-569
-530
-140
29
-216
-165
-95
-134
-316
-147
37
101
103
-318
13
-43
-143
8
142
-84
716
849
783
446
610
356
593
610
493
515
149
223
27
467
-754
3
182
234
525
400
-48
320
645
236
396
660
227
-218
-302
-7
529
304
375
113
81
71
943
482
321
259
235
228
152
156
6
235
110
191
594
506
787
144
587
561
586
690
598
636
665
-73
-33
-375
-184
811
1211
712
785
688
575
283
861
867
788
396
655
234
-324
196
204
716
844
708
585
661
1029
546
552
418
469
621
742
615
-392
-273
160
227
186
890
673
345
356
549
580
326
1132
677
609
319
-216
293
325
78
417
477
586
978
968
796
672
540
766
627
125
528
-207
-15
67
616
633
325
684
996
826
583
742
1027
588
374
850
161
-229
259
31
385
617
286
804
630
804
766
540
658
363
748
597
330
522
202
-306
460
741
492
607
592
698
1053
991
571
581
243
281
561
11
279
374
1
-23
722
1001
869
828
796
495
248
498
282
374
448
30
107
-154
662
198
576
575
900
941
795
609
484
814
604
388
422
660
541
94
931
489
436
210
657
565
639
726
590
579
714
307
495
-467
566
69
506
163
602
911
522
277
440
90
372
277
563
566
237
626
326
170
316
49
827
387
100
233
462
374
407
806
472
-130
-92
56
56
596
203
526
165
317
317
1026
619
572
878
728
534
167
448
205
272
961
1101
820
746
827
1037
530
658
538
1413
573
937
741
235
948
469
1299
1052
906
760
726
309
1039
585
248
356
563
322
575
1191
510
850
991
1141
955
673
504
1134
626
587
992
791
861
819
817
893
414
152
953
1148
1275
776
738
482
727
970
921
741
613
509
527
1030
359
9
1099
261
907
888
1122
557
737
351
576
810
708
1149
1049
571
395
230
828
875
532
1230
432
922
1101
1118
621
764
1103
143
1090
1299
824
-173
406
891
1142
709
1165
1037
601
618
466
806
435
894
229
864
1010
216
1081
548
658
1144
1397
574
721
885
945
446
918
540
587
753
848
487
837
1072
830
635
798
1392
578
993
407
657
531
1225
1010
407
49
671
780
914
1333
907
809
995
855
1113
1236
773
1106
334
716
786
814
808
1211
558
405
643
1444
951
675
431
832
1079
1351
1161
726
982
489
35
447
647
1421
1320
511
404
927
514
536
77
896
787
670
284
1005
214
1080
807
984
370
554
1138
1000
1000
882
1038
866
548
203
771
604
1223
439
335
1043
777
1112
1176
1158
627
941
689
861
583
455
974
732
280
273
430
479
739
482
394
45
125
-384
83
337
328
225
-126
-28
499
-177
444
531
162
376
575
723
322
499
461
206
367
474
305
-201
-200
-40
-21
-272
-539
221
147
-193
174
292
-170
-550
134
-205
-455
88
-130
135
126
576
434
217
-208
11
-187
330
22
393
258
450
-339
-62
-463
-168
7
315
-485
-4
-504
-137
134
21
204
9
-72
-30
33
-413
290
142
-9
231
-250
986
-165
438
-264
-53
-82
43
830
59
314
-769
360
300
-236
89
333
-496
168
275
695
81
-484
264
-58
44
474
-86
398
-151
-432
121
203
-449
354
-56
-228
-173
191
153
15
408
24
-180
-148
137
319
-108
-683
360
-68
108
391
-59
-405
-195
337
-488
391
-169
180
366
121
-55
-54
-73
-349
131
197
213
176
-111
335
-22
-68
639
48
-151
-351
-198
58
-7
-579
-422
-330
-269
205
-300
82
-333
-37
-399
607
228
486
-215
-81
-50
11
13
170
109
-304
130
-500
319
213
-40
173
-93
-541
-88
360
-81
-37
503
340
295
89
104
-255
-337
-645
170
102
107
544
199
-224
-267
339
-467
-301
-566
447
94
330
-127
139
361
53
39
-179
15
2
-67
-105
-234
214
82
64
234
-185
-35
-114
84
720
139
-280
-273
-375
-393
25
60
-395
255
-319
-766
-322
-610
162
-177
91
-96
-671
-114
-411
-318
-632
-638
-628
-376
-622
-234
-488
-366
-915
-529
-816
-52
-66
195
131
310
6
30
292
272
158
291
81
439
205
-202
-212
-319
841
-398
542
537
368
696
521
390
1113
-16
803
96
140
-101
-69
-364
-90
-174
721
-4
401
308
-63
-162
138
409
532
-435
93
-557
462
-198
257
-3
197
-202
-206
400
-21
-66
-435
329
97
41
222
31
-152
-117
248
407
597
335
890
378
-193
-85
320
40
458
586
178
-468
-358
-53
279
370
-341
356
-124
344
224
744
-390
-66
156
-89
87
-654
237
156
81
-382
558
-138
248
170
12
-263
192
320
216
495
-366
-169
139
262
41
331
-215
-42
361
1086
-35
323
-24
438
-214
419
-23
-274
-99
-248
187
393
23
2
525
67
479
133
462
247
375
134
-603
430
-105
1
83
11
567
181
-225
-142
15
121
216
486
375
-519
17
-325
-52
122
290
173
-445
236
205
194
720
143
-208
371
57
359
-88
-324
-72
-92
17
373
551
632
304
175
254
420
329
358
43
-405
36
-307
21
89
270
-79
-162
415
360
241
-371
-46
326
243
314
32
378
101
-142
-590
27
478
-291
-238
286
-234
254
8
-105
392
-465
243
-144
560
-172
-92
494
231
150
715
126
100
440
424
522
111
147
-199
66
60
-289
-82
150
189
251
-36
387
40
39
-192
144
190
-153
-65
213
70
-163
184
405
-131
110
-89
479
464
16
347
574
-151
45
-36
433
-154
508
259
1135
732
644
853
315
375
746
1100
353
254
617
231
308
240
34
-16
47
37
641
508
563
486
157
470
194
563
152
124
653
84
-263
-218
196
378
262
459
452
199
75
249
446
-68
63
215
151
-310
-124
-108
1094
33
6
402
470
559
264
627
-170
263
485
332
252
112
62
305
427
126
823
352
377
646
650
254
388
872
205
312
-129
-48
490
-59
78
636
15
-35
486
301
410
484
272
90
-85
125
517
389
-226
114
374
323
208
88
387
210
-50
393
50
663
510
483
-284
390
-130
-86
237
241
-24
121
199
400
611
180
-96
198
230
-192
-120
9
-403
-133
262
590
578
400
315
171
41
688
292
277
415
39
514
246
-568
148
532
-160
226
172
204
522
299
367
-213
-6
16
-2
396
15
-184
220
240
572
-272
239
129
193
538
455
302
288
146
118
192
940
3
13
143
163
207
471
269
133
155
129
314
195
-301
571
397
304
-361
572
262
2
379
506
272
518
715
183
220
-4
-51
506
-202
87
422
318
-39
276
372
161
-234
-8
544
71
517
354
546
96
-127
408
-423
357
485
236
105
-28
-24
-45
370
68
371
-29
-267
83
203
105
-113
-361
-610
-894
-158
-710
-204
-614
-171
-558
-523
-353
-304
-806
-363
-121
-340
-1137
-1387
-266
-488
-251
-931
-143
-359
-505
-670
-196
-751
-287
-283
-829
-504
-628
-1013
139
348
-993
-668
-55
-504
-624
27
-407
-440
80
-345
-874
-339
-482
-102
-1003
-748
-453
-271
-222
-735
-509
-722
-780
93
-777
176
-1092
291
-369
-623
34
-302
-7
-518
-245
-489
-578
-69
-339
113
-719
-288
-911
126
-560
-399
-161
-676
-785
-534
-447
-75
-344
-492
-32
-680
-717
-333
-933
210
-528
-597
-274
-437
-744
-155
-716
-450
-428
-466
-286
-188
-496
-328
-896
-364
-105
-116
-387
-653
-117
-1184
-393
-492
-259
-301
-73
-255
-303
-1015
-1175
-236
-324
-690
-187
66
-651
-674
-834
-410
-694
-689
-616
-688
-255
-473
-591
-112
37
-975
-768
-147
-201
-416
-401
-320
-925
-516
-451
-863
-163
-887
-906
-389
-34
-500
252
-728
-946
24
-229
-684
-672
-213
-925
83
-268
-649
-342
70
-630
-552
-61
-439
-220
-78
-444
-571
139
-428
-714
-638
-533
-346
-492
-470
-356
29
-160
-644
-318
-324
-775
-404
-198
-398
14
-86
-170
-56
-845
27
-223
-834
-436
-270
-407
-649
-900
-177
-551
-767
167
-656
-605
-317
-308
-301
-115
53
-69
-188
-713
287
-98
30
251
26
-404
-74
-392
248
-424
-80
-414
-112
-115
-292
-304
-88
-314
-65
-83
230
-131
-187
-101
91
-112
-22
27
168
-141
-144
-217
-122
-28
-263
27
-90
-118
-236
-44
-171
51
59
146
74
145
51
-22
69
97
69
-144
46
72
-265
145
-48
50
-99
-18
-69
-47
-14
145
-71
-22
-136
72
-40
74
-39
-163
6
27
-193
77
-244
-73
-139
72
140
-253
-42
44
50
-141
-47
-68
-139
-72
-249
73
-44
-253
-258
-145
-139
-45
51
-68
-141
49
-262
-45
-192
77
153
41
45
-136
-45
-167
-68
-50
-262
-45
49
49
-167
-45
-245
-72
-86
-133
-1
145
-253
-64
-45
-45
-73
-72
-45
-136
-285
-213
49
-54
126
-307
140
-45
-46
-119
-45
-50
-159
-45
-136
-167
50
69
-122
-3
54
-177
-27
-45
-102
-159
-27
22
-162
-141
-141
-136
-284
-230
-68
-288
72
100
-73
68
-43
-139
-90
-159
-159
-68
-150
-45
-167
-159
-68
17
-23
-5
-127
-257
-140
-258
-45
-162
-162
-162
-42
-253
-85
-40
49
78
73
67
163
-66
-136
-45
-253
-358
-150
-45
-71
-162
-158
-47
-136
-125
23
100
-236
-190
-164
-139
-45
-136
22
-24
-289
-252
-253
-50
-4
45
35
24
67
-118
-27
28
-265
49
-167
-164
49
-163
-141
-71
-173
-171
-150
146
-275
51
-44
-158
-326
-3
-44
-39
-44
-65
68
-28
13
-104
-46
146
-50
-171
-136
-168
-166
-216
63
-69
-189
-159
-285
-72
-332
-49
-22
-18512
-23828
-31416
-30401
2237
-27604
-6594
-3421
-36292
-18405
-22301
-9625
-25768
18932
-11996
704
-35013
-74426
-23486
-7201
-45385
-34909
-43870
-100264
-18773
-43561
-117629
-43832
-12820
-23045
-28440
-57174
-20933
-28384
-6378
-75478
-76353
-61521
-35145
-28960
-51888
-41437
-33260
-49890
-33448
6107
-78699
-38597
8057
-16904
-94544
-40780
3512
-61386
-50413
-10604
-6845
-30314
-58115
-59641
-30719
-37908
-30403
-57947
-52340
-45446
-55359
-32712
-70350
-84439
8028
-11528
-67951
-81329
-34175
-77306
-32873
-19484
-79000
-68214
-26496
-41447
-17306
-35921
-38762
-50182
-84398
-48024
-23678
-69533
-48288
-27665
-517
-28824
-27242
-73545
-15193
-51064
-59196
-53723
-108266
-52721
-52023
-35889
-8541
-32785
-28461
-22039
-40663
-59397
-53955
-59138
-21949
-58976
-57301
-17620
-26017
-64014
-3104
-29510
-126
-19836
-74619
-56036
-38928
-55456
-54598
-78735
-8281
-9779
-35519
-56242
-27955
-55059
-24485
-46586
-28675
-36532
23570
-3321
-48765
-54668
-35168
-58845
-16316
-60735
-59723
-47598
-5937
-22973
-1310
-7048
18577
-24216
-94289
-53721
-2875
-36094
-63138
-51222
-36055
-27805
-45409
-69123
-56882
-33672
-72085
-39884
-55768
-34067
-177
-32880
-72906
-49459
-30882
-21839
-9895
-75284
-54992
-73480
-37816
-37489
-28066
-27745
-3788
-18654
-18431
-19425
-20474
-17310
-74297
-58869
-56138
-60259
-30234
-39540
-39966
-39797
-38055
-2707
-15218
-38342
-8504
-11871
-83264
-32339
-61281
-78383
5218
-5483
-29962
-43641
-36830
-11213
-2721
-39432
-39673
-56088
-17993
-18642
-50258
-57880
-13215
-79356
-46319
-78251
-2220
-32472
-78352
-34874
-33404
-52593
-48258
-31307
-32797
-8539
-44855
-37247
-15568
-57258
-3471
6334
-13043
-28160
-15418
-22715
-20558
-35427
-24594
-22833
-13157
-7450
17193
-17827
-8553
-31301
-18601
29371
-44808
-2674
1462
-25339
-6808
-26069
-978
4657
10672
-10454
19324
-29232
-37398
-16748
3209
9099
9982
2831
-12385
22793
-27437
-19446
19175
-18860
-17728
23640
30183
17393
4244
-29937
15294
9033
-48634
-14011
33013
23783
-8522
30843
-73220
20329
-33149
1341
-24692
30844
-42508
39060
19370
-29523
-12306
24247
-4649
-32142
15224
-21376
-7499
-26482
-9019
41826
18116
-27729
24101
-32169
-10223
4316
61098
-32883
-20439
10241
56918
-16859
24714
-8504
20322
3305
4645
-3468
-47180
18103
-29317
10966
-7859
-3757
22499
-1212
-24520
32581
37789
-41942
-28544
612
119
8610
-11308
-19990
-7688
-1473
-3990
55446
11995
31146
-13795
20473
-5932
-1046
15402
-33641
26021
-13
59466
3338
-10543
-37684
-21271
3830
-14342
-23592
-1248
-4441
-18709
16126
8829
2502
-6428
-11869
-3182
7415
17606
-7003
-36577
-31912
20573
798
12950
-26854
-27454
5004
16005
4795
-9096
-5972
-31739
5212
5208
4569
22825
33291
12756
17730
31158
-4383
9535
-25162
-59456
36275
56974
-22935
-9783
-14986
-23270
23222
-8959
-34080
-5596
19409
36304
36219
43463
2294
16002
-41632
-17772
-3102
51432
-10238
4261
-29906
32600
6049
24225
-43248
-12085
-48178
27894
-24869
-33030
9265
-4303
-34495
-3619
-4962
-25993
13332
-31207
-28998
-20885
28385
-19166
20177
-10338
13457
-1383
7139
-15302
40181
-21972
-12703
28049
-2454
-32949
-21980
-26273
31967
-11734
-11181
8586
21453
8462
23145
8793
17281
-38946
-18520
-29245
35553
63262
-38688
9524
21095
24216
7470
11267
-5628
819
5715
-18683
14059
-13582
4973
29024
6262
-30760
15149
39937
-29377
19678
21152
28333
-10428
4354
-10859
39889
-21440
32532
-16274
12163
5227
-9474
-8015
14757
-1677
-390
-6224
-23739
18462
11378
-25108
8106
2114
-12700
9142
27578
-42216
7570
-3184
-42591
-19424
-48209
-13453
-24081
-13549
-35329
-35573
-19068
3985
-44845
-35464
11472
8579
-72341
-55512
-5069
-31319
8992
-28618
-40697
-3001
18257
-25742
-351
-53873
2407
-9633
10494
-38144
-21157
-16021
673
-34837
-11248
-40428
-13189
-20480
-11190
-18540
-40315
-37078
-4899
-21914
-4390
-24427
24125
-50374
-56670
34963
-25431
-27728
-32716
-14162
-57892
-8662
-46910
-15281
-28742
-10805
4001
-29019
1682
-29568
9853
-18493
-91923
-3148
13939
-31598
-54718
17644
-9401
-4448
8632
-42526
-10714
-14745
-23049
-29548
-1718
-51781
-5748
-4906
-369
7664
-1724
-24398
-37784
-9594
-33884
3465
9884
-19332
-27693
19072
21500
-41104
11496
-23968
-56956
-37660
-32263
-29880
-41706
2424
-28076
-7949
24949
-32740
-43110
-11261
-29133
-4101
-44309
-14610
-48805
20621
30580
-17888
7096
-25251
-6487
-16024
-13738
-6579
-33383
-8145
-11251
12657
-9317
686
-28082
-41425
-53033
-31962
5193
-23041
-49259
-8513
11838
-15287
18617
-46049
-22381
-32456
-22390
-46403
-28143
2743
-806
-31886
-58731
-15230
34094
-2311
12375
-56112
-44373
20556
-25588
1168
-37464
-3174
11677
5216
-62856
-17788
14241
-31049
-27423
-28838
3542
-10044
-35788
4110
-47980
-11491
-21273
-13092
-10112
-42639
-38566
-20222
711
-33269
-33642
-25973
48077
20140
-25061
-37944
13083
691
-1027
-46799
-34228
-21710
-11734
5662
5129
-29237
-16420
-9555
-20945
-48154
8319
-35389
-46698
-27343
-1884
-22267
-35242
-18850
-15184
-30258
-12767
-16419
-405
-169
52892
19464
-29205
38325
23540
-5532
-4839
17828
-9663
-3540
-3421
7865
32850
9554
-12043
-12506
-42652
-65217
-68440
-57092
-56278
-61464
-50063
-49390
-50341
-63147
-52975
-50815
-33100
-60708
-24104
-6068
34069
-65346
18629
23998
-25466
-8040
-8970
-11405
-34232
1957
-51021
-47648
-28116
20984
-13251
14453
37298
-32961
-8573
-24428
-27486
-44660
-39394
-3289
-12769
8840
-39332
-11127
-62821
-17508
-34890
-13920
47688
-60542
-30758
-34164
-14998
-46197
36155
-78093
4460
13198
-25005
-40712
7698
-11926
-4672
-6089
6584
-56869
14705
-27470
-16351
-74159
-1115
-24859
-17237
-32986
-1523
-41528
-62797
18640
-42615
-42637
9280
37644
-20132
-45214
19887
-15756
-52672
11182
-7918
-18052
-32469
-23401
-56447
4123
-19557
-30954
-22940
6593
-26994
-31620
-8565
-47468
-51318
29335
-4659
-22440
4187
-16591
-13436
-11503
-3722
-61269
414
-33426
3161
4844
-22385
-26279
-28415
-16600
10407
15258
-3730
5879
-19357
9289
-12647
-63315
49146
-5743
-7763
4300
-36889
-22393
13583
-39318
-35166
-15119
-52394
-11982
-26502
-10037
-7883
-19558
-12928
-32530
-76152
7818
8734
-29202
-4347
-13327
11248
37009
5512
-42625
12744
-30162
-1203
-46506
2413
16756
-2517
-72693
-27871
-31891
-13833
-36531
-6600
-50539
18174
-5083
-37162
-56618
-214
-63742
22502
-29943
-13913
-8182
2833
-28424
-43076
-28123
-11493
23608
-22907
-22742
928
-10277
-5462
-55280
-2520
-38655
-28066
-17297
-66045
7561
-52124
24598
-26414
-14666
26612
1253
-51350
-27740
-38829
-32038
32536
-8841
-44317
-6482
-37474
-35555
-39949
346
-24855
-43914
2029
14217
-15831
11030
-46535
-26716
15703
-20147
41971
-13977
-2047
-2876
8522
-32350
-1316
-46069
18321
22816
-12697
-14513
34544
-33293
4272
-24483
-13516
2516
-11228
-39793
17180
-4423
9868
-25655
-12174
-15369
14127
-41681
50005
-8660
40772
39416
30358
47660
28666
19427
45072
38031
35494
71122
61830
40451
32955
35594
17922
37096
29299
304
25168
48037
36910
30242
28230
54025
27681
3678
36576
51591
18801
51454
55836
48219
26108
3580
51961
45439
65295
43884
27693
2792
-699
63484
31001
26538
26152
19305
21207
78079
51931
45275
56748
57259
30081
17388
75391
39337
21680
62558
81720
20489
-6622
40666
47228
48264
22977
31182
12600
7441
51039
54810
55589
577
54488
36641
43706
23372
38558
29037
59377
43986
8562
41650
68176
24374
62211
41260
14149
38704
24358
-1246
24503
45602
34131
58826
55465
16535
15865
41409
70881
20514
25298
49924
-1413
38172
24477
17689
-5065
15521
3437
47430
72997
38540
-3376
2575
-6441
13667
15969
381
32118
2266
26765
52801
42996
69226
16400
25389
52043
23370
22412
71226
52415
50643
44380
-20435
22811
6522
12145
28116
41439
19787
29439
26608
7170
-6911
30128
58299
53961
22037
54026
65082
44481
32289
11656
2808
48357
58735
23865
26130
58743
21366
18259
37029
30709
39289
-3777
15648
24217
41926
25410
52375
29153
8922
30870
33268
69806
28686
15661
40170
38990
34522
48716
3675
3708
15384
32016
9165
39121
2150
33755
56083
57585
46186
20102
20766
14476
47377
35434
29190
30207
65320
56937
33999
26411
52438
35078
36482
23249
46647
22261
14447
-5506
15897
27574
45955
-7778
47497
59210
36175
31151
17362
-4198
-7627
38807
23517
28026
23969
25251
40851
23664
32267
53658
34955
32358
8124
8263
10484
24150
6039
39053
35698
18390
-14908
-16895
8334
6787
-24966
-1147
-10522
4362
-8581
1049
-7546
14851
-17691
269
-1050
-12012
44945
51474
65126
40825
47975
69007
30540
60804
42206
38444
32563
30147
33312
40496
33113
-20748
94993
76052
49563
52246
56231
63000
72456
98388
35305
94058
94348
54320
51360
65752
27600
-11155
98059
60438
73605
67815
100048
50878
60033
90805
84087
56867
72055
70631
49718
49105
53595
190
76658
48383
89751
49647
76439
70526
95069
36168
73229
72459
48002
62524
58004
54143
46356
20072
89120
35035
104527
77182
97884
75268
47373
42363
96073
75259
54264
87895
52202
80234
92394
-3297
79526
54124
63219
29323
64908
99439
52213
48753
59367
97558
58557
79289
43121
42500
72989
23559
62744
85242
64972
45355
111823
48076
55999
76112
20247
53186
44868
88332
49452
77483
43482
12049
63878
86643
79528
20175
82690
50676
45839
69952
28943
61100
79278
74063
66938
69132
63213
-4292
58155
51755
59060
65928
29387
68861
67073
69612
57994
64032
18535
39319
73165
50649
55066
16836
72213
76803
59916
65213
23677
20425
17463
19450
30084
97709
97459
29677
41116
35357
80624
12580
68974
51530
60131
64316
54221
53910
60331
50546
71238
46080
54391
81702
87691
36179
65868
1185
60828
82246
54945
64045
29505
54457
49914
61163
65849
69612
38227
50264
69329
67187
88283
3915
79701
88367
65688
86536
34966
87129
63415
62647
61067
52749
32156
56531
90565
48858
86994
-9276
36955
44961
60411
69583
43884
53850
63906
74621
66803
46480
30587
25468
88069
60956
44590
-6952
85516
66998
22432
65459
96011
57916
51480
53574
65450
39224
45940
25845
83647
52621
38058
-8839
19233
32355
18002
17238
44851
25066
34678
22783
34140
12807
21946
-413
28813
15892
22853
18395
-13083
-23771
-24846
-42900
-40288
-30668
-13155
9134
11141
20062
-18589
-26724
-73423
-39850
-28678
-22342
-80614
-101084
-70253
-69028
-82957
-78430
-54638
-48478
-41693
-32464
-83388
-64069
-101914
-82834
-51812
-62320
-86850
-101888
-38019
-45925
-61949
-91818
-93467
-89462
-70279
-52359
-65171
-66655
-105890
-26400
-43001
-58954
-63011
-41997
-51422
-82732
-56746
-113904
-120799
-97627
-46584
-47184
-49261
-84736
-90611
-52938
-42385
-26068
-79787
-68108
-101410
-110989
-64588
-103464
-81990
-81335
-53633
-66153
-43729
-75576
-79111
-80537
-61714
-39218
-76411
-55373
-48327
-43294
-89755
-76686
-57959
-73775
-86519
-83247
-52562
-77838
-63457
-96355
-77147
-57140
-40723
-18833
-25345
-30175
-105901
-48988
-60182
-79209
-72068
-68169
-92291
-86474
-44650
-92484
-38331
-62103
-92418
-73820
-33742
-51909
-63081
-91552
-80082
-73420
-63721
-57933
-93513
-77062
-46142
-46071
-13262
-53108
-110089
-63473
-9941
-64307
-64639
-135668
-105302
-97864
-49012
-58137
-46962
-49140
-49202
-67811
-37497
-39359
-54508
-55070
-46594
-36792
-20457
-62943
-53522
-107580
-93750
-83294
-59784
-62949
-32523
-79516
-41810
-37713
-73515
-49365
-28808
-10340
-25104
-32156
-66219
-86567
-93171
-83944
-49172
-50059
-53259
-63468
-49083
-27222
-46175
-41209
-18420
-32815
-23215
-42238
-77864
-101233
-116781
-118140
-73518
-42911
-74401
-61432
-55568
-19202
-67763
-82675
-41043
-20662
-57960
-86123
-124299
-122845
-100613
-79758
-64354
-29069
-90886
-71968
-43434
-28827
-75429
-81395
-82352
-50681
-60133
-99541
-110549
-121085
-65823
-39570
-27396
-71872
-89895
-99735
-53565
-32730
-74359
-96361
-73828
-72458
-91376
-98069
-74983
-103146
-69252
-48318
-52529
-83472
-69376
-95990
-69452
-17826
-51912
-26032
-30193
-66951
-46693
-49052
-52374
-71458
-58341
-37365
-17702
-57156
-51204
-67501
-54069
-66074
-61770
-110404
-94502
-79538
-99790
-87757
-85939
-73282
-83756
-73567
-70763
-45405
-79064
-85633
-78242
-56376
-30803
-82035
-61100
-40074
-44783
-85402
-93433
-36926
-71968
-76302
-53869
-30700
-106665
-58644
-52807
-32246
-55367
-68310
-90152
-92160
-55851
-117443
-42218
-112479
-62676
-90346
-50784
-67746
-31928
-129671
-46216
-9665
-84026
-137918
-66437
-68566
-90659
-86797
-52401
-97399
-96209
-88655
-30974
-32961
-61006
-67163
-62318
-47413
-107896
-59996
-79710
-70570
-134923
-39052
-80580
-74198
-122547
-46199
-44289
-56453
-103480
-115922
-66960
-57066
-52768
-34205
-78208
-70724
-69803
-36971
-67592
-56655
-83588
-62175
-52666
-97856
-85584
-117444
-35397
-52433
-86642
-86879
-42126
-76525
-41624
-80909
-58753
-51090
-57491
-51999
-52298
-52077
-91315
-46558
-49813
-55802
-95863
-71713
-47095
-44921
-42709
-70698
-39263
-56465
-36595
-70335
-76695
-51684
-84709
-42286
-40686
-55220
-68875
-58533
-89021
-22629
-52036
-52361
-68060
-93727
-78458
-78063
-59147
-103951
-53698
-76375
4112
-46318
-125785
-95593
-67206
-42626
-30460
-29475
-54143
-47163
-40803
-98971
-37801
-21591
-75031
-55095
-35814
-61213
-56812
-73715
-28032
-60565
-26454
-39448
-46909
-60825
-100895
-87870
-71787
-35739
-94687
-71445
-62096
-47125
-60773
-42509
-88128
-12416
-49848
-13909
-91910
-67044
-98748
-49787
-57401
-82311
-91729
-50679
-64790
-73954
-85146
-63341
-85983
-70739
-55399
-81460
-75945
-93019
-67937
-61742
-34435
-101253
-87118
-59319
-83796
-34415
-48585
-70251
-56314
-104165
-28759
-93356
-83582
-92576
-63975
-68703
-45811
-52364
-39712
-70491
-67663
-36461
-39365
-43200
-57658
-63008
-41656
-70044
-76120
-49886
-49184
-58832
-20382
-34741
-51804
-94416
-26651
-33238
-11892
-29499
-76429
-7190
-46445
-34634
-40304
2497
-29997
-17718
-40148
-9681
-53851
-31505
-4243
92
-214
150
151
473
264
223
173
299
482
164
-294
-40
103
-56
437
-1323
-525
231
-239
-313
-251
-176
-117
204
-373
-158
1
-118
-370
-210
136
-621
323
-90
374
288
483
38
-177
345
111
101
-89
-43
-199
207
20
-670
-35
-26
-81
-8
-188
-111
901
246
58
271
-331
-578
260
-96
416
-348
334
-134
288
-11
158
-28
-386
-297
3
-124
292
501
-35
115
405
-408
115
553
106
-702
-600
323
-123
-58
-136
409
86
172
-76
193
115
-504
95
174
-488
-213
552
-98
-108
1186
367
-435
-122
-113
345
-86
489
-446
-227
129
579
31
214
22
-20
-17
-64
-55
-69
513
-71
76
107
-415
301
-4
-292
-349
-610
-543
797
-125
-19
41
-364
-285
-294
220
325
-72
-49
-313
-765
785
206
-163
-234
-744
-112
136
714
189
55
173
117
-446
-50
240
244
-745
-489
458
79
536
134
-553
354
234
711
206
129
-742
213
-140
-371
50
499
127
-178
-338
-252
689
556
125
-356
127
650
-701
-434
240
568
-60
-625
214
-92
163
169
209
-227
-108
-121
-326
427
-622
-80
-698
-490
162
68
-391
-20
5
98
-106
-246
-441
277
-49
86
-579
56
-132
-217
-504
338
-96
-190
-150
-367
-707
467
516
89
-315
144
-807
48
-627
-644
26
-447
-569
-131
-106
30
-71
-367
-719
-279
-333
331
330
-89
-341
-278
-310
-340
-614
-74
385
-309
-39
-43
-415
-721
-62
-175
-167
-648
-1026
-1029
-635
-849
-865
-750
-1573
-856
-693
-1439
-547
-375
-635
-153
76
-1012
-389
-535
-1037
-683
-900
-298
-887
-15
-1148
-967
-1071
-717
-1083
-216
-778
-332
-967
-961
-1406
-416
-600
-769
-626
-654
-801
-942
-720
-933
-492
-296
-200
-529
-737
-931
-615
-1005
-1030
-516
-403
-914
-875
-745
-930
-673
-887
-368
-582
-829
-424
-414
-1260
-565
-824
-679
-1106
-898
-900
-920
-610
-462
-1013
-530
-458
-917
-634
-705
-507
-719
-959
-636
-462
-288
-666
-460
-466
-782
-348
-336
-630
-195
-829
-531
-701
-1069
-1080
-561
-859
-263
-647
-670
-949
-889
-1558
-48
-42
-35
-961
-459
-139
-678
-130
-741
-751
-470
-922
-233
-725
-978
-491
-145
-124
-778
-691
-605
-291
-353
-969
-518
-667
-1016
-682
-698
-828
-554
-1020
-590
-617
-580
-910
-902
-1105
-581
-766
-769
-703
-886
-836
-1238
-515
-749
-654
-123
-567
-912
-497
-383
-971
-763
-484
-1698
-955
-658
-267
-302
-807
-1016
-947
-671
-577
-466
-1139
-944
-719
-680
-921
-696
-763
-224
-817
-780
-548
-500
-844
-639
-118
-558
-947
-472
-1009
-739
-915
-660
-945
-757
-469
-734
-489
-658
-1008
10
-84
-76
-372
-691
-338
-790
-740
-637
-1206
-1250
-661
-535
-902
-785
-587
-177
17
-1343
-648
-244
-737
-945
-476
-491
-134
-550
-415
-721
-440
-637
154
-155
-35
-134
-65
-347
-176
-176
-114
-73
-230
-94
-335
-165
-335
-469
-199
246
-836
-377
-563
-678
-444
-343
-322
-433
-447
-764
-647
-651
-976
-663
230
-128
-525
-550
-689
-386
-625
-908
-530
-509
-535
-916
-212
-430
-676
-1110
-145
-437
-682
-686
-201
-647
-413
-452
-802
-532
-534
-336
-367
-187
-862
-240
-837
114
-499
-355
-740
-559
-395
-530
-620
-383
-237
-483
-532
-250
-890
-1200
-329
-292
-511
-727
-857
-470
-315
-402
-521
-1077
-508
-506
-177
-1149
-344
-813
-495
-189
23
-259
-733
-416
-673
-372
-409
-1214
-833
-479
-777
-222
-772
-451
-590
191
24
-227
-793
-722
-632
-377
-700
-428
-834
-515
-411
-680
-538
-432
8
-652
-740
-50
-121
-831
-846
-305
-385
-303
-419
-867
-837
-668
-328
-446
-121
-202
-314
-910
-228
-752
-981
-934
-535
-542
-574
-741
-433
-791
-733
-464
-326
-392
-274
-767
-420
-205
-852
-384
-468
-932
-803
-425
-734
-263
-824
-525
-517
-476
-319
-301
-905
-144
-677
-367
-958
-479
-891
-912
-348
-428
-612
-158
-516
-528
-223
-597
-229
-671
-844
-678
-368
-822
-544
-712
-1061
-575
-867
-385
-20
-215
-1091
59
-750
-488
136
-568
-845
-511
-760
-802
-818
-467
-869
-643
-731
-285
-218
-880
-390
-186
-803
-715
-1165
-967
-341
-978
-792
-1415
-1084
-415
-737
-403
-539
-432
-1030
-1156
63
-765
-875
-901
-658
-765
-397
-843
-992
-181
-812
-235
86
45
-180
-347
-266
198
98
-178
-220
-482
-175
12
-369
-242
-349
-345
742
169
272
554
534
659
38
-278
8
520
256
160
202
741
178
-177
599
955
687
949
603
395
426
324
347
127
319
239
796
675
462
-40
690
876
390
274
656
138
408
407
344
172
1044
529
340
73
177
-136
574
522
469
563
607
386
533
977
201
497
320
192
319
936
78
-206
597
728
667
805
205
808
208
501
567
112
-183
204
652
326
581
-79
474
527
694
221
355
726
51
183
345
253
251
735
728
456
284
55
528
134
280
162
475
118
438
161
421
882
364
767
283
415
210
-286
323
284
395
403
649
138
354
587
303
421
499
793
238
96
-57
-420
567
1046
301
138
183
617
590
1092
271
201
538
321
658
740
-324
-240
514
410
438
432
494
460
793
798
275
797
359
664
455
838
138
33
588
948
1033
-351
-50
549
352
394
206
-42
518
621
328
649
510
145
919
529
35
851
11
3
186
434
395
449
824
783
396
327
351
-343
465
579
311
193
105
723
552
36
551
414
180
561
566
203
442
-370
826
59
302
514
168
-98
300
29
66
341
517
295
887
-27
-82
-498
610
785
526
549
717
861
856
631
603
842
624
772
932
675
498
716
211
347
302
552
213
359
136
-29
262
691
276
-45
416
260
499
127
-190
543
435
694
-304
322
-131
406
1076
-67
-54
838
445
-230
328
-20
374
1027
-5
-97
744
526
571
972
167
777
545
293
625
575
280
384
120
-349
440
1038
108
38
43
427
651
303
-74
860
368
621
20
96
-44
735
1031
344
320
1149
325
260
216
336
115
145
507
217
243
77
456
765
290
89
681
24
-33
558
735
419
213
894
751
643
72
388
-189
272
122
681
396
211
743
116
500
394
931
241
423
339
66
-34
-21
367
891
791
243
945
556
650
-67
432
-181
300
670
456
236
-182
-59
373
460
-123
151
300
-58
672
812
931
1036
525
556
292
318
400
15
227
633
401
675
290
660
51
415
626
-47
1080
686
112
-148
-50
10
981
426
709
60
646
343
612
468
393
636
492
-209
629
526
321
8
411
231
336
440
330
534
653
625
421
671
731
677
140
315
156
-206
209
704
386
63
-119
702
383
260
131
341
296
362
411
270
60
357
495
474
285
289
559
324
92
390
575
772
528
892
526
171
381
-55
-16
722
602
279
569
606
822
214
376
747
520
402
560
408
609
302
665
-428
-75
918
525
401
191
657
240
616
503
545
351
557
102
-863
-550
94
-397
-309
-416
-253
-153
-395
-398
-414
-125
-591
-146
-624
-6
-584
-455
-103
145
260
-113
172
325
126
36
404
-279
140
212
86
856
-692
-33
456
361
482
-307
572
362
192
541
678
173
86
370
250
853
-609
544
155
-267
-93
216
384
371
329
459
476
18
597
521
164
676
-275
-15
527
298
233
304
-48
218
250
350
-99
152
246
218
277
359
-205
259
706
353
-100
877
194
354
389
980
-2
-89
22
254
393
549
-379
240
403
-15
247
384
466
-233
264
523
37
589
-104
421
216
550
-716
617
587
279
872
19
-98
159
189
234
326
590
228
512
299
597
-874
162
-271
343
468
52
223
405
266
626
201
240
284
65
611
795
-451
71
175
314
625
334
-11
573
-74
723
689
257
402
96
173
410
-409
250
398
239
395
1034
-54
533
-48
488
163
177
266
273
40
692
-621
229
671
362
-527
144
506
373
-334
203
607
365
133
145
150
586
-525
678
169
166
147
248
197
-510
65
346
365
414
335
-138
337
310
-725
-25
423
75
36
-83
494
82
351
410
1
217
1051
528
414
486
-344
-355
44
-139
910
16
240
214
18
364
424
580
270
-114
286
1034
317
272
90
504
922
325
699
1099
638
593
600
836
288
250
995
855
130
57
-146
88
333
-9
146
113
186
3
-453
-65
-64
-67
-236
-307
126
-412
-175
-474
-206
257
-188
64
-393
-447
95
125
-550
-256
-431
-658
-187
612
-275
571
-82
-521
-53
-386
-185
-596
1
-407
288
-168
-175
-612
-367
-196
181
-222
-132
-274
87
177
95
-396
-191
-327
-460
2
-202
-388
-120
4
-298
-288
-324
288
-844
-115
-71
-86
-241
18
18
-365
13
-36
215
-422
-50
157
-419
-560
276
-159
-378
-229
-197
-18
-163
-345
-117
-577
-141
-1
-186
-33
-339
-52
67
-154
-345
228
-510
-435
213
-175
-533
-296
-42
-222
-92
-564
191
-625
30
-136
-31
-691
298
198
-233
216
-261
-860
-106
-324
-56
-458
-559
-242
-489
307
-196
33
-454
-801
-47
-433
105
-665
-123
47
-433
-570
-476
320
-553
-154
-342
-378
161
606
-390
-338
-394
-541
-5
-178
35
-295
189
-250
258
165
-444
76
-458
-355
-43
341
-565
-649
-180
-142
-366
-325
-381
-277
188
-213
-176
-460
312
-156
-294
-249
-503
-298
86
248
-269
-39
-77
15
-202
-144
-108
-151
-252
-338
-239
-210
-271
-686
-449
-395
-195
-656
50
-416
-254
54
12
-38
-514
-524
132
-351
-231
-571
-116
-28
-198
-949
-304
96
-258
-608
-747
-174
-14
-475
390
-117
-640
-651
-178
-99
-875
-345
-729
-269
-373
-144
-884
-351
-498
-347
-564
-217
-349
-587
-138
198
102
117
374
240
434
-78
-37
257
-75
-164
-203
260
545
799
208
581
780
163
66
-178
-19
-70
406
369
226
-12
421
476
455
423
391
367
-64
-391
61
47
301
-119
309
266
55
-441
377
416
103
463
448
-148
-83
421
332
201
70
114
281
15
267
427
-273
112
265
181
75
699
331
-133
18
630
647
158
376
734
-4
-301
45
-7
76
320
351
-47
228
250
445
158
114
-49
440
-377
-88
69
534
300
-65
103
487
354
84
177
239
254
-335
-248
373
625
426
126
383
482
356
456
206
295
-177
205
246
-198
368
277
378
211
724
30
195
236
108
587
495
-42
286
311
526
362
33
77
280
181
996
-58
-8
511
126
112
249
472
573
828
309
205
499
246
97
-74
18
367
540
-234
-279
-142
645
114
334
-6
139
-294
-111
445
-314
792
509
-418
-292
63
-22
292
437
274
216
-318
18
178
-316
-88
193
0
-11
288
432
-33
204
248
334
100
148
76
6
-437
492
154
237
35
234
203
628
496
548
154
432
-98
64
8
134
169
-91
96
9
69
396
1126
426
-308
165
363
316
860
-15
574
232
365
589
543
232
694
386
44
291
351
396
567
460
129
751
250
349
828
256
738
399
370
391
361
103
1074
448
239
-504
-1360
-908
-1264
-1275
-1315
-1122
-740
-1398
-949
-879
-705
-1127
-837
-545
-88
-1132
-893
-1284
-1609
-1192
-1169
-1293
-939
-876
-1319
-1364
-1440
-752
-743
-1314
-543
-1356
-1319
-1113
-565
-1298
-1288
-1343
-1567
-1051
-1355
-667
-1308
-1229
-1387
-1092
-391
-1210
-746
-1616
-1468
-1034
-761
-1646
-1234
-1338
-775
-1272
-1255
-907
-943
-709
172
-977
-1478
-1142
-1048
-1288
-1408
-1008
-826
-1235
-902
-578
-1581
-1560
-1115
-802
-542
-1086
-1715
-769
-930
-1148
-1308
-1657
-1551
-816
-1097
-1224
-877
-1625
-1163
-675
195
-1479
-1106
-930
-1427
-874
-868
-1091
-1387
-1251
-1417
-877
-805
-1608
-482
-978
-812
-613
-1169
-1101
-1214
-1179
-1481
-1244
-1042
-1049
-1158
-1805
-1304
-786
-1199
-1080
-250
-769
-599
-1172
-1056
-795
-1060
-999
-1942
-1344
-1360
-539
-943
-1364
-1265
-901
-319
-554
-1076
-975
-1020
-1155
-1248
-986
-1116
-1563
-1169
-1292
-1782
-1194
-590
-723
-394
-881
-1253
-1207
-853
-1272
-620
-1317
-1674
-1439
-1665
-1046
-748
-1684
-1271
-987
-451
-1308
-1037
-593
-1310
-818
-1222
-1081
-1344
-1506
-880
-1343
-1807
-818
-637
-1494
-941
-890
-922
-1457
-530
-475
-1252
-1021
-1042
-1095
-994
-1302
-1080
-1069
-1225
-1135
-293
-841
-710
-1216
-528
-1296
-1581
-875
-1545
-622
-949
-640
-1046
-1156
-874
-757
-298
-827
-1154
-1023
-1063
-1138
-899
-1185
-966
-686
-1037
-1336
-713
-1297
-608
-597
-139
-101
-17
-513
-235
-2
-177
-350
-504
106
-89
-246
-57
301
-474
-337
149
-625
-243
-1208
-153
-383
6
-91
3
-456
-502
258
54
-632
-439
-709
389
-1247
26
-442
-314
-440
-810
-797
-428
-282
-911
-360
-1072
-398
-692
-390
249
-441
-417
-311
-725
-432
-762
-489
-603
-49
-493
-652
-328
-530
-186
-212
-126
-1392
-981
-840
-634
-798
-668
-429
-639
-262
-46
-596
-755
-569
178
-79
333
-779
-472
-925
-449
-503
-816
-268
121
-485
-106
-190
-1238
-1101
-24
-103
357
-1169
-581
-837
-483
-557
-128
-202
-760
-1130
-116
-371
-977
-371
44
-130
425
-1163
-105
-460
-408
-406
-354
-705
-810
-835
5
-429
-399
-641
-483
-147
-211
-806
-22
-275
-242
-626
-551
-862
-302
-285
-357
-321
-1075
-93
-735
-325
695
-1026
82
-1021
-498
-402
-639
-922
-1304
-416
-155
-280
-408
-508
-289
-682
667
-962
-322
-757
-339
-411
-917
-376
-324
-538
-585
-673
-315
-904
-688
-612
374
-401
-28
-780
94
-164
-1019
-233
-606
-565
-504
-822
-653
-904
-821
-568
247
-890
-276
-571
34
-274
-337
-291
-670
-295
-144
-565
-436
-215
-274
-480
-515
-409
-935
-566
-23
-105
-884
-771
-384
-395
-866
-350
-671
-224
-1058
-457
262
-767
-434
-651
-527
-709
-773
-506
-755
-399
-28
-215
-447
-982
-516
-136
394
-484
-209
-711
516
-504
-680
26
-166
39
129
-201
-203
-133
-317
320
733
-102
86
-230
18
176
222
-86
36
-17
250
-33
323
166
-123
366
121
349
206
785
502
459
854
909
528
513
672
579
511
87
680
218
654
461
1170
778
1136
1233
1641
920
1065
1437
829
1179
765
944
1056
837
726
749
1299
939
1168
1609
1259
1526
1314
1385
733
1527
1189
1052
974
1089
1006
407
988
1263
954
1224
1399
1662
1420
1247
1569
965
1169
1581
1911
502
1055
754
536
1711
1926
1456
1270
1413
1360
955
1134
1044
1123
757
1122
931
537
286
1194
1387
1248
1365
1762
833
791
940
987
805
761
1372
1052
855
923
618
1272
1034
1501
1041
929
1427
1344
1012
1282
1435
1464
1083
1334
574
819
819
1238
1693
1396
618
841
1754
1125
848
1214
958
892
845
1279
1350
777
441
1557
935
1040
935
1345
1318
1215
1132
1241
1281
1056
1143
1319
1041
866
156
351
750
830
1222
1125
1424
1594
769
1312
619
926
1024
1727
1154
709
657
880
975
1151
1070
932
794
900
1158
886
1448
1640
1288
1133
1335
1218
447
1039
1091
972
1089
1048
1412
1719
1520
1637
1106
949
1396
1224
1127
1203
579
816
665
1105
949
1246
1402
1335
1859
1172
937
1215
1301
1023
1346
1258
363
948
689
955
1144
1246
1253
637
1118
841
608
1210
1283
1366
1430
954
565
873
1125
770
476
1122
1195
1512
669
1382
803
1014
1077
507
409
539
273
717
838
862
979
760
808
451
512
802
884
213
342
751
756
403
-446
-683
-467
-444
-525
-738
-715
-602
-230
-558
-21
-553
-104
-673
-778
-334
-24
159
-388
-240
211
-372
-360
-440
-171
193
-118
-253
-360
333
-814
-81
-184
149
321
-592
-308
-93
-270
-641
-381
-241
-28
42
93
11
-628
-43
330
113
9
81
-307
76
189
231
-204
166
286
-127
-75
-204
320
47
395
-49
-355
-241
197
-73
143
283
12
-75
-61
23
-229
-189
-177
396
-124
234
-94
-150
14
260
608
222
-45
-288
-75
111
-389
-284
-403
-161
-56
75
68
242
-212
-100
-112
323
-365
-230
-353
255
30
-213
-441
54
114
-89
53
117
10
-373
-101
49
72
25
-14
-105
157
-168
-384
92
-136
201
16
15
349
-61
90
-80
-644
-11
263
-58
-339
-327
-190
428
137
449
-88
-203
156
63
-50
-62
-170
18
-297
-39
-264
-117
-815
-138
42
125
-62
-311
140
530
224
-198
-270
26
-437
-429
-35
-365
-440
-409
-135
-161
-33
456
304
-295
123
-154
-239
-280
23
-132
-31
-68
-715
214
177
540
-478
-201
-133
-12
-67
-398
-11
599
-159
210
314
-226
-269
-304
198
-122
-337
-293
42
-199
-177
-184
-108
379
-323
-210
203
-573
-328
208
471
642
38
573
443
503
363
585
882
167
645
259
838
570
16
322
320
902
754
647
713
740
789
555
333
432
342
873
778
575
439
500
115
165
525
-446
343
149
-8
195
590
249
11
-70
86
-311
200
391
-279
-74
-485
138
93
378
7
92
-202
-64
160
705
441
740
287
668
-665
-575
167
97
91
-254
162
-312
106
11
218
-423
502
439
200
284
-638
301
-31
383
-21
283
12
592
250
-161
266
244
-406
-466
-610
638
-239
30
-278
-564
-110
890
430
-256
-505
717
110
-85
-285
252
184
310
-207
-189
116
84
224
-110
-203
-53
-162
-749
-92
107
362
-380
-331
233
-493
-111
5
230
-308
63
7
-217
30
335
357
43
-192
506
-41
608
-583
-771
125
-199
317
96
-13
-389
-4
369
-65
133
-108
-222
191
533
-199
-276
-166
184
56
-930
-160
247
417
211
63
-489
514
-127
33
56
-238
28
-253
-363
54
145
224
-418
55
-403
-129
-191
-364
-256
-483
639
-386
-589
-232
-344
-409
125
64
593
60
22
-20
141
165
382
428
87
-292
-440
-378
-434
-120
-23
254
-630
192
77
-378
-99
244
362
-409
856
-427
-621
-122
246
-188
202
219
278
-251
496
331
-276
115
-116
371
366
-345
-63
-309
-4
492
-379
164
213
389
17
-130
205
77
-268
-376
467
-602
-528
-371
-515
-218
296
-15
-416
-276
-338
-9
-361
-409
-116
-293
-63
-593
-639
-579
-644
-605
-506
-528
-454
-695
-735
-717
-655
-344
-648
-478
20
358
389
114
878
719
625
227
753
37
423
458
230
-406
780
333
397
381
544
1451
1257
1206
823
1160
931
1164
690
812
425
1191
470
456
927
852
1388
1340
792
1545
1693
1481
1327
1632
1173
1714
826
928
940
1223
1071
343
1238
1154
1700
1684
1472
1099
1468
1443
1150
989
1092
1186
1941
700
1353
474
1444
1908
1927
1169
1399
1313
1521
734
1210
834
1489
909
966
1218
1007
765
1769
1703
1324
1144
1694
1234
1172
1263
1274
1411
760
1716
938
965
1158
716
1277
1731
859
1517
1184
1283
1328
1607
1254
1129
1583
988
1713
970
1104
724
1485
1484
1141
1222
1138
1661
1579
1121
805
1421
1728
1512
1109
833
916
426
1412
1157
1377
1583
1315
1636
1048
1633
1667
1272
1381
1369
1699
971
960
680
1296
1884
1183
1255
1698
1604
1532
1291
1268
1570
1458
1843
1763
965
953
449
976
1366
1670
1969
1013
1053
1035
1448
1517
1116
1441
1496
1657
1156
1251
679
1060
1454
1246
1193
1446
1551
1202
1270
1638
1978
1673
1577
1390
1358
1062
817
923
1052
1071
1521
1074
1271
1584
1399
1185
1209
1037
1756
1339
1597
1299
852
1749
961
1063
1475
1472
1625
1291
1924
1254
1222
1698
1645
2029
1012
1304
613
1055
1294
1525
760
992
1432
1356
1165
1216
1397
1139
1377
1061
1002
1155
319
544
1004
838
1045
733
736
965
1178
1051
907
883
577
724
387
324
-24
566
338
490
952
954
326
829
780
631
750
216
135
508
334
642
42
726
926
1129
1027
1202
1147
999
1193
920
882
894
1162
824
268
516
137
572
721
612
738
711
1361
535
659
365
937
538
484
696
577
1053
318
642
508
930
819
1159
593
985
393
1243
560
584
502
963
263
703
49
747
515
538
592
1178
786
580
406
214
562
562
143
163
701
761
314
514
685
373
876
612
822
660
449
429
1170
1105
1065
208
-118
689
301
799
585
1106
850
579
723
601
989
1085
371
881
1065
547
620
726
-164
622
618
566
347
708
737
625
874
546
670
860
1307
734
762
548
-77
677
278
615
1151
963
1009
628
936
1145
636
538
922
786
423
697
324
532
497
1072
759
549
917
288
452
593
837
876
803
719
635
1013
95
477
771
765
778
772
699
1034
1482
910
969
907
996
789
703
607
99
417
550
597
836
628
887
741
972
773
605
997
941
727
490
998
300
413
402
564
599
962
908
606
624
442
933
746
759
376
1286
748
513
901
238
761
1034
534
638
897
751
254
590
1628
594
741
388
694
415
604
706
710
309
733
705
387
400
799
578
301
168
-11
490
664
-14
221
343
222
234
138
105
322
97
73
-284
444
118
275
579
98
-187
325
365
248
219
590
602
324
431
703
582
479
614
-69
248
545
7
427
604
669
833
525
886
491
828
652
334
668
1196
162
717
365
868
639
903
575
526
528
975
631
464
845
321
977
593
886
295
236
577
446
148
326
567
646
521
362
392
-32
749
485
182
186
239
656
168
1029
496
254
-190
624
677
302
-25
554
791
817
171
149
289
297
824
611
256
841
626
648
672
780
934
641
431
1123
1049
302
892
-15
89
137
109
-157
507
658
580
428
474
394
697
698
317
289
209
225
201
153
86
692
773
787
259
840
614
609
796
401
384
449
514
949
449
628
941
650
644
249
90
421
774
542
337
547
-114
501
1158
106
125
625
776
793
421
361
912
799
845
234
229
600
964
260
-46
-39
518
108
258
486
642
231
428
701
932
608
599
293
471
-33
224
332
407
721
915
52
161
709
455
369
592
325
889
525
68
291
453
171
220
692
580
830
687
588
488
595
654
279
626
364
693
557
654
676
359
480
862
-102
186
1085
128
467
379
1087
339
752
468
152
241
-213
455
787
621
438
638
622
731
434
389
-92
246
751
150
350
630
75
392
520
140
63
289
279
187
216
565
257
180
283
202
227
-47
-11
222
331
655
277
243
410
352
325
463
28
112
398
240
161
278
745
-304
326
631
1032
704
837
608
174
124
672
503
353
716
1067
1096
655
30
522
1165
752
1260
588
1097
792
649
1024
197
744
711
901
1020
738
-240
736
1074
760
329
960
1428
830
991
986
1264
526
621
508
668
707
-8
686
1086
323
691
779
567
435
993
1045
548
704
418
478
1291
494
104
1041
860
1020
868
833
679
935
762
343
1021
592
279
899
483
405
107
507
836
705
579
1011
381
582
754
923
674
742
-226
1177
943
652
185
-128
1219
1135
634
416
-3
899
789
546
1381
515
740
1314
1127
525
406
460
921
1021
602
-60
153
508
780
690
263
910
697
992
498
590
-37
468
784
99
439
710
611
837
980
244
645
1164
422
513
828
1044
-229
769
1095
670
692
490
596
970
838
738
769
622
447
707
455
182
-99
710
949
580
987
1354
830
575
940
293
601
548
986
1229
1014
860
129
40
1384
683
489
280
859
821
774
880
683
471
823
745
312
61
50
291
763
140
1131
1044
787
1065
1062
859
724
471
175
1245
708
736
12
139
400
1054
454
747
622
533
547
755
953
333
987
747
562
582
155
256
468
277
783
97
385
717
729
466
276
371
100
368
650
419
284
168
248
563
638
460
642
509
472
943
528
677
232
668
-212
-247
426
136
675
250
493
138
468
485
345
-422
254
-41
509
-23
64
-65
611
728
522
223
-48
638
375
213
-206
125
688
-115
177
506
554
139
277
-82
563
332
524
24
298
22
418
147
-149
729
581
547
-92
124
298
104
480
459
213
305
219
820
527
-35
372
637
-20
185
-82
388
664
311
289
45
-118
624
159
800
519
568
-416
492
208
-175
252
11
840
1
681
759
346
94
537
552
953
-190
378
635
314
341
422
148
447
523
221
263
460
119
871
368
192
294
222
520
85
351
-238
524
469
-216
-124
336
489
28
403
438
297
582
825
459
281
488
627
104
352
-52
835
298
330
354
-238
-115
246
99
610
605
621
196
-70
-558
363
79
750
1
384
426
124
470
886
179
334
569
427
142
-51
318
794
109
783
84
-116
194
382
813
383
820
407
-29
110
154
262
-163
713
821
97
-297
479
1216
264
194
446
205
387
536
321
318
337
189
921
538
478
727
503
577
593
139
246
174
589
414
1013
337
228
128
416
316
835
-328
440
30
164
385
-161
858
48
363
186
32
88
133
180
165
386
351
105
284
285
94
201
152
354
24
496
693
111
93
-611
150
25
377
-60
-25
-87
-168
171
150
130
137
89
109
-9
114
389
419
639
418
575
329
763
621
36
674
395
-62
53
504
-24
41
358
369
57
391
522
366
6
188
866
241
521
-39
108
41
84
-112
294
450
318
376
506
126
-71
384
703
-402
-9
307
535
0
-506
-440
0
400
448
662
86
-21
321
810
-204
221
3
557
183
713
-295
4
179
216
126
196
222
115
516
258
144
625
27
-54
871
77
57
-181
88
528
529
282
7
555
542
65
232
193
451
249
868
264
-21
-258
498
762
-130
149
745
476
724
56
22
176
99
796
-241
-106
-505
73
241
554
348
320
837
462
211
173
782
296
348
436
689
-41
677
39
98
1093
337
625
336
-89
167
306
869
413
368
-136
193
-29
-335
-100
235
555
457
141
225
14
294
434
255
626
412
172
554
680
286
58
523
543
319
291
-213
-119
422
-293
139
175
-21
748
73
242
-332
120
440
408
35
456
174
-26
-172
409
-356
451
837
93
275
-152
-204
-388
370
786
207
953
-219
-116
712
195
251
409
729
211
550
174
188
100
630
767
1018
415
594
805
1130
867
810
739
92
374
475
498
836
208
578
548
504
497
199
577
506
489
232
464
256
296
519
706
242
-37
374
298
133
137
301
359
69
58
46
-78
606
198
283
112
392
-9
494
-90
546
205
278
228
-73
69
373
184
-326
-24
39
426
-365
-140
300
189
385
304
-242
188
293
39
-573
401
29
460
202
445
224
57
776
52
41
-297
249
349
-156
-310
438
282
32
16
335
-464
273
-531
792
77
260
148
516
122
60
777
132
-260
348
60
175
398
-123
325
751
6
137
-90
-160
93
529
-177
278
815
-30
323
-160
460
484
-257
980
-195
243
637
895
32
184
274
433
-108
324
-217
521
-485
-21
-350
849
91
332
178
-190
182
-49
-282
295
380
-341
262
250
346
145
81
914
-193
138
-60
727
174
-292
225
53
91
288
381
99
-77
368
49
894
207
659
13
-358
-40
289
224
58
-242
-104
-260
-89
364
96
-398
543
113
84
31
-464
485
34
422
210
477
64
85
-409
-67
-267
-71
589
-42
159
274
-53
229
-53
302
-244
-569
113
428
383
502
-69
-351
710
172
17
-155
215
-91
109
-53
-484
18
-83
3
-501
-217
-172
-54
1000
-282
336
374
7
441
458
86
-234
525
852
-159
586
363
371
-570
765
-43
555
-48
392
80
409
393
27
418
-175
-314
-276
394
196
207
454
-30
131
-276
-524
61
160
-60
-79
-529
-248
-386
-33
516
-417
-555
-399
-495
51
-47
-18
41
-153
372
-4
-260
245
-432
-167
-157
-55
137
-800
-949
-885
-1540
-926
-1072
-840
-944
-656
-586
-1045
-1013
-971
-611
-1011
157
-1277
-623
-1398
-1323
-1187
-996
-1618
-986
-779
-1433
-1173
-1277
-1085
-859
-1545
-189
-745
-1220
-1197
-931
-1094
-1079
-1562
-767
-779
-1021
-1029
-876
-991
-550
-1481
-378
-550
-1579
-1433
-865
-975
-1502
-1170
-1163
-1219
-840
-1101
-1676
-916
-1427
-949
-164
-861
-1140
-1316
-1551
-575
-820
-1066
-1974
-859
-669
-1100
-908
-1036
-464
-1391
-345
-451
-788
-848
-908
-879
-1402
-898
-751
-1793
-1333
-1513
-596
-964
-1603
-973
-144
-904
-1240
-1881
-1585
-1207
-1029
-1307
-1080
-1263
-1044
-854
-818
-618
-1081
-557
-13
-1009
-1169
-853
-1279
-995
-1115
-1024
-852
-946
-1107
-1007
-1623
-999
-963
-515
-262
-692
-1025
-1319
-1350
-1594
-951
-1084
-1107
-1650
-1182
-1283
-1154
-873
-906
-1115
-526
-897
-1053
-1167
-996
-1495
-644
-737
-1062
-839
-1142
-1435
-1124
-1454
-870
-1934
-474
-641
-1948
-1041
-1035
-904
-1119
-944
-1005
-1565
-1451
-644
-1438
-1160
-881
-1060
-458
-644
-531
-1528
-968
-873
-776
-827
-997
-1405
-688
-917
-1329
-1178
-822
-868
-7
-1141
-1468
-1349
-1007
-1184
-1471
-1148
-1140
-1093
-976
-1255
-1364
-849
-1547
-631
-264
-628
-1519
-1671
-1267
-1036
-1008
-1532
-1473
-813
-1543
-1475
-1097
-1454
-1054
-1144
-436
-319
-497
-545
-926
-1180
-384
-528
-938
-1199
-888
-730
-599
-604
-539
-897
-675
-88
-28
392
309
627
358
109
449
634
738
531
261
507
761
341
120
762
586
312
35
-49
223
331
798
651
-400
531
172
352
-202
432
164
906
9
711
319
785
655
1427
-301
490
517
176
576
1263
826
437
249
138
25
767
925
592
809
626
673
237
534
433
1351
279
563
764
293
778
732
946
277
592
1253
674
877
599
955
582
560
744
298
948
4
464
138
317
676
899
672
577
973
1153
346
987
986
872
521
748
208
333
221
799
1006
667
351
1067
342
435
640
722
326
95
540
402
-70
342
710
659
294
1110
911
624
748
756
939
965
413
745
125
1184
145
223
660
520
1606
556
230
676
1044
576
594
675
723
918
180
372
276
769
290
702
459
895
499
789
222
730
417
991
1052
361
427
675
246
905
-137
324
72
205
393
576
1051
531
535
633
395
312
809
1409
229
366
354
278
633
821
1162
132
679
1123
936
775
785
1094
65
468
-33
657
341
1432
147
985
815
992
480
598
738
756
821
1184
689
1492
235
455
838
235
562
635
70
632
658
939
658
682
781
314
-34
-20
3
333
565
1071
1073
646
766
1153
994
658
1329
464
574
714
972
1370
531
489
121
679
336
698
513
324
675
114
710
391
536
640
493
390
64
-223
129
-15
-17
-433
-343
31
-77
-146
-229
-649
-74
-12
-138
-151
-83
125
237
399
117
370
461
785
401
163
539
636
477
403
539
671
-92
83
-225
24
752
693
121
142
681
388
98
283
278
214
188
269
-190
255
255
423
691
219
132
428
453
-22
40
299
528
460
17
289
11
-571
363
301
143
96
89
-12
169
807
-102
265
543
302
368
-166
52
196
232
420
378
272
-19
154
657
140
330
299
211
-145
195
435
103
107
-53
240
343
326
564
714
535
463
482
556
307
617
197
332
35
110
76
89
414
65
122
258
10
267
300
541
-207
207
352
-89
-284
-219
370
369
234
534
992
358
-243
495
295
902
801
318
311
471
174
63
632
254
479
539
-268
-121
389
740
183
288
266
313
-139
476
537
-10
419
451
113
349
-105
717
180
816
630
678
94
691
572
183
-34
411
266
190
-238
113
68
393
140
236
322
-309
160
87
254
482
-29
-69
107
792
930
480
589
421
288
613
565
615
587
321
-205
-83
-202
37
355
828
699
291
278
301
207
117
315
716
344
610
1153
668
80
34
383
-99
23
397
222
217
-152
74
60
242
297
-95
-421
-358
-264
133
719
332
649
548
425
227
441
710
765
207
464
546
476
882
293
613
-252
147
500
729
188
63
333
158
469
260
-262
-331
335
-136
-42
395
31
280
413
152
113
-243
71
214
-534
278
-269
-263
100
52
-35
381
282
413
457
192
591
693
703
384
195
307
-20
311
181
310
-96
484
470
24
516
415
194
125
579
41
898
-250
286
-40
-155
174
270
1417
-69
517
221
362
449
171
-330
650
309
688
557
240
-181
-217
-630
761
339
863
527
504
559
314
176
131
-127
223
691
391
-204
-167
-277
675
148
-144
499
712
-240
-388
-130
622
909
-47
238
-106
713
-30
-432
923
559
134
476
384
283
298
-53
167
452
375
109
391
9
657
388
731
164
-41
490
640
356
58
319
-7
-128
-452
268
597
342
-365
54
574
-99
499
-233
95
639
682
638
455
419
-128
713
695
203
135
-364
350
-187
425
625
-66
159
171
142
227
346
-72
329
-63
116
492
-7
632
493
106
371
395
211
68
656
317
607
816
139
255
529
120
-248
455
438
95
560
138
384
559
306
-178
6
-10
800
749
394
790
-154
1078
523
-123
74
576
300
437
369
234
140
519
152
-416
26
-79
127
641
462
868
477
336
495
343
575
-70
437
143
272
353
476
172
-59
389
-275
-76
112
54
-135
-48
-209
-199
-33
-175
-480
-105
-247
-161
-329
-136
281
-67
-446
-268
-134
-402
140
-529
-204
-534
251
-261
-82
-172
67
295
-192
-150
-303
207
44
-165
-345
380
115
-555
-297
448
-98
483
-290
-635
-151
-332
-42
-220
-35
-738
-264
342
-533
18
84
51
-544
-57
-325
-567
200
335
-524
-453
-110
284
88
-306
175
-438
89
-437
-161
-241
-530
209
28
-166
-431
-82
-288
7
-364
-355
-571
-278
-516
-420
-148
-86
-40
-71
-435
-741
-840
271
15
-494
53
33
-542
255
-658
-672
-856
572
-144
52
-10
-94
-114
-542
277
-651
124
-138
-189
243
-582
-732
-408
-565
-230
-34
-391
-344
-558
34
-1016
-1
-97
-174
-300
487
-405
274
111
293
-354
-527
400
15
-170
-667
46
-27
191
-966
-504
-592
-104
-54
-595
-592
-800
-400
-118
-591
-93
-324
-68
-132
-700
-620
-365
394
-497
81
-111
-509
-316
-153
-651
-704
-456
-352
38
75
-383
-609
173
392
-166
-1046
-471
-641
-442
-321
-102
31
66
-350
-118
-415
-267
-176
-877
-151
-490
-84
183
-369
-111
-269
-223
-496
-539
-246
-239
-266
266
-393
233
-203
-1129
-38
-544
-305
-709
-262
-52
-145
-730
-52
447
116
-660
308
-553
495
14
-838
211
-585
-305
-162
282
-73
-132
18
-120
-470
3
-328
-595
-217
130
-324
-96
-152
-313
68
-162
-534
-405
-428
-156
-590
-829
-339
-263
25
-627
-140
-712
-686
-634
159
354
477
759
794
632
857
992
553
639
769
727
466
473
580
113
-515
87
-67
-414
-206
-284
-671
-736
-133
-104
-637
-217
135
-401
-570
424
-429
-233
297
-163
-583
388
190
415
-157
500
-379
71
161
332
310
102
-419
-150
-61
-650
-52
-437
-366
-363
-157
140
42
-126
246
-423
32
-85
-186
17
-247
-133
-28
-44
-299
-120
-40
446
351
-170
-21
-393
78
-108
-540
-54
-617
165
-305
152
-114
311
119
-96
-326
106
-577
-249
26
-53
-370
-362
-579
-507
-93
53
-590
-421
-636
160
196
-22
-102
-191
199
-79
-85
-33
-65
348
-499
-118
237
517
-447
222
-408
240
-157
-22
6
323
-228
-399
-235
-431
-207
39
422
-467
-76
-125
-143
-375
264
-148
-703
-609
-325
-570
-481
77
-434
333
-456
297
-605
362
133
580
-388
-135
-259
-344
-488
-148
-368
123
228
-144
-269
-39
-227
226
-57
-135
-803
-544
-393
340
-662
-619
-264
-542
82
277
-105
216
-270
275
257
-449
109
125
258
-122
-380
-382
-904
-102
-110
-33
145
-51
-265
-237
-511
-72
-304
312
262
317
-4
-142
-473
-13
-445
196
-22
72
-210
281
188
-184
16
-937
-257
36
-589
-181
151
156
731
244
109
172
-487
226
0
142
-355
25
385
60
-358
-32
-904
-672
-743
-147
-591
-991
-473
-405
-570
-666
-217
-861
-769
-289
295
-498
-212
-81
-361
-796
-163
-627
6
-269
-367
-782
-57
256
91
-107
371
291
619
-22
320
272
267
551
262
205
268
-79
163
296
516
320
751
-299
-67
594
173
173
200
88
397
290
468
691
514
715
327
422
203
-94
758
453
661
477
518
1072
292
617
-141
460
249
563
874
422
440
402
532
412
364
-39
404
336
595
793
658
481
732
392
461
-98
894
163
454
371
444
567
572
88
826
508
601
446
768
687
488
273
159
92
660
1101
548
528
704
655
235
580
522
492
414
647
550
-6
378
430
155
268
437
483
290
407
360
381
249
884
532
374
523
123
303
53
726
679
468
495
342
116
297
80
770
207
603
88
588
212
831
686
814
187
569
579
75
859
474
409
271
-10
-184
313
764
231
728
201
773
359
106
87
839
726
577
433
-112
760
445
1258
652
-135
758
141
378
964
361
691
340
711
195
532
219
770
771
663
241
-66
170
204
265
864
898
928
648
512
189
298
1210
694
814
806
739
420
245
-243
412
566
187
134
315
574
399
826
315
728
-43
468
203
-168
522
247
386
300
83
649
525
330
738
533
225
158
414
248
110
45
412
131
522
692
716
662
842
709
692
774
929
372
937
878
627
358
-547
-43
-202
58
-341
-61
-155
-309
-253
441
-424
154
81
-305
-216
-116
-223
450
-625
-233
-353
27
-272
-8
560
-582
-366
-686
23
-304
41
-331
50
-388
-842
-604
-302
-822
-647
-190
-25
-520
-173
-517
-546
-298
-995
-530
-610
-45
-282
-83
-1137
-356
-468
-241
-1145
-289
-931
193
-608
-547
-684
-142
-665
-111
-238
-773
-1121
-669
-148
-708
-154
-838
137
-786
31
-1247
-463
-709
-50
-231
-813
-877
-457
-476
-873
-260
-288
-865
-16
-603
-447
-581
-1164
-67
-772
-720
-644
-234
-582
27
-775
-637
-708
-347
-678
145
-587
229
-638
-202
-25
-354
-657
-305
-748
-401
-1156
-629
-661
-868
-417
-1010
-103
-1074
-616
-902
-506
-372
-454
-246
-969
-511
-251
95
-410
2
-411
-331
-693
-452
-869
-417
-391
-181
-156
-348
-268
-534
-251
-203
-652
-292
-651
-362
-798
-412
-526
-716
-403
-4
-866
-676
-750
-593
-405
-530
-382
-560
200
-685
-324
-56
-366
-286
-800
-533
-1018
-662
-939
-1023
-334
-697
-659
-532
-737
-925
-325
-787
-982
-402
-449
-725
-143
-980
-541
-38
-174
-605
-307
-549
-157
-285
-454
-418
-854
-273
-182
237
-433
-9
-159
-271
-289
-556
-56
32
-133
-110
-411
174
-408
-478
-201
-539
-784
-473
-853
121
-752
-572
-199
-903
-591
-837
-438
-1037
-717
-755
121
-255
69
-398
46
-290
-39
-163
-349
-20
-207
28
79
36
-377
-190
-75
-76
-387
-77
460
289
-342
196
-240
187
150
119
-235
484
169
-249
-583
-62
-144
89
-328
-262
-247
-297
141
-29
-627
-117
-298
-683
102
-36
-49
261
78
-589
-392
-68
341
-292
-455
-506
-183
-318
-391
-273
-270
91
-36
-105
-100
-193
576
-199
326
-210
-484
74
-286
-399
-255
385
-189
-219
-44
144
-23
294
137
-418
5
-49
-142
-48
8
-678
-138
-361
-397
69
-366
128
-210
81
-41
184
-121
-464
-125
231
-234
-518
97
201
-276
-344
163
-354
241
172
36
-186
-378
289
-691
-97
-356
270
27
304
490
-231
-380
262
554
-415
74
-37
-225
100
16
-408
-490
153
251
-81
215
515
-212
-74
-254
208
-128
-225
118
-360
97
7
239
-292
-335
297
-227
-66
189
141
-238
404
73
163
-418
-643
-253
38
257
173
-298
-100
-90
266
74
214
315
-632
-726
-279
-605
-1
91
-178
-244
-56
-402
-394
-46
241
-397
-157
86
-529
199
-428
-654
99
162
-240
-130
-822
184
-416
205
-21
-55
83
-273
-607
89
-430
36
-25
-158
7
-110
273
196
312
189
75
302
-501
-230
369
10
-373
-295
-90
30
-660
-68
-216
-301
-395
-211
172
-153
-167
504
-66
-123
-5
-130
338
-84
352
-163
-64
-468
-174
417
-491
177
-47
-131
-13
-182
-112
356
-98
-292
-185
-122
-286
-88
207
-339
-249
302
565
610
21
104
192
45
265
204
181
282
332
3
527
416
314
608
-155
313
763
582
688
577
1101
-66
508
541
1445
210
1183
1389
105
353
364
712
675
800
769
264
143
817
624
475
637
632
535
-304
-10
468
959
393
325
381
493
244
686
1092
284
708
493
123
384
197
-42
717
290
435
514
593
726
210
872
379
444
615
262
526
745
675
65
360
401
435
615
1053
468
878
-126
771
504
962
-137
633
371
493
126
170
572
322
724
630
892
456
540
578
1269
221
402
554
587
279
-47
620
968
114
437
819
536
-2
32
223
216
513
156
717
-277
657
10
582
721
523
665
350
404
423
667
140
349
215
393
829
412
705
165
247
593
324
72
470
587
695
242
460
486
612
246
485
833
-108
-191
334
577
574
974
210
621
468
994
568
833
539
187
962
745
681
74
184
718
883
1204
539
361
901
71
760
609
188
663
362
986
-78
220
526
597
177
728
562
591
536
257
172
324
684
-96
514
495
-275
-305
406
107
516
529
218
132
586
541
679
146
491
345
717
824
54
499
464
805
500
116
347
482
472
387
469
531
775
-44
550
816
749
-153
708
330
454
323
437
368
272
489
652
458
397
448
298
519
447
67
646
901
1118
935
498
990
543
693
887
929
656
681
986
94
590
581
1482
473
614
484
690
28
711
713
872
549
347
-149
705
1331
1325
392
1219
503
710
985
791
600
538
1252
966
890
484
1168
801
823
1293
573
810
934
1172
1169
969
1159
1316
684
1259
507
941
1309
1044
1419
571
170
1104
1221
598
778
1150
808
1546
1505
1054
1247
487
772
362
784
982
262
1518
1177
1101
751
1434
1781
963
405
1221
945
1040
1215
981
543
957
-129
983
644
1073
1025
839
942
977
585
1395
854
1517
1072
1061
494
826
793
1012
1195
911
1413
1502
1169
124
1177
1343
1367
1159
762
358
1194
767
-46
1115
1296
1362
943
1038
519
1072
1234
1013
805
1069
1342
837
541
1113
22
1319
880
1043
813
644
1344
1150
1305
766
522
844
1113
894
567
409
-383
1368
819
654
476
567
1753
685
813
612
1171
1042
748
799
940
831
180
1329
435
796
1108
412
511
869
1642
1466
1404
878
919
602
409
646
108
1123
1035
888
1277
1179
1247
600
1014
1363
1053
1283
1308
1564
1032
973
-362
738
789
892
786
759
832
1597
1058
543
802
697
892
775
844
837
400
1489
816
1157
783
589
1226
1046
1251
915
312
939
1108
718
1070
157
-322
486
884
838
551
710
903
677
534
339
413
774
484
513
834
168
-277
-680
-177
-744
-605
-256
-216
-209
-375
-86
-209
-641
-192
-330
-510
-281
164
-963
-574
-580
-787
-637
-78
-642
-557
-752
-171
-345
-489
-647
222
-109
335
-966
-375
-413
-841
-1126
-530
-557
-287
-637
-760
-328
-456
-381
-918
-879
806
-759
-618
-958
-669
-989
-453
-338
-683
-581
-811
-35
-736
-602
-286
-179
626
-1115
-939
-1189
-991
-458
-680
-874
-267
-589
-718
-878
-813
-409
-490
228
381
-948
-860
-611
-785
-617
-612
-956
-819
-677
-527
-647
-825
-624
-454
-694
630
-862
-524
-868
-743
-1106
-419
-597
-787
-439
-454
-358
-287
-730
-440
-25
375
-703
-1124
-1086
-306
-773
-729
-788
-419
-461
-809
-790
-123
-502
-1014
115
193
-829
-884
-302
-621
-402
-451
-938
-537
-470
-744
-37
-999
-158
-334
-417
342
-1173
-749
-1353
-787
-82
-603
-324
-385
-1023
-1029
60
-450
-807
-213
22
627
-1336
-675
-361
-654
-521
-442
-372
-1035
-439
-1096
-960
-394
-401
-356
-553
405
-585
-611
-574
-215
-837
-234
-749
-551
-108
-562
-969
-903
-558
-642
-301
385
-805
-535
-570
-625
-372
-840
-941
-830
-367
-234
-211
-445
-614
-394
-270
432
-760
-870
-299
-859
-637
-267
-813
-287
-489
-1158
-422
-163
-336
-591
513
162
-1022
-880
-603
-342
-614
-404
-850
-1146
-160
-508
-695
-291
-198
-384
-576
521
-404
-664
25
-297
-31
-161
-379
-7
-362
-25
-280
-58
-276
-286
49
136
490
447
683
269
537
805
685
361
707
1091
489
966
1155
786
1165
335
935
1133
1071
1114
946
772
998
1531
1630
1118
1042
1295
495
931
742
-154
819
980
1088
1359
1064
904
1460
991
1407
1605
1597
1756
1034
851
882
90
867
1678
756
1200
1120
966
1287
1399
1523
1109
1499
1412
1067
893
1000
-127
916
1148
1061
991
1349
1053
931
1199
1512
747
1223
1411
386
1152
938
87
969
1301
875
1189
1185
1033
1235
1133
1560
1307
1309
768
773
604
1050
228
893
1448
1087
1117
847
1220
1189
944
1490
1045
1005
861
1502
812
827
127
911
1127
953
862
1575
1481
1124
1151
1218
1185
1150
1140
1176
874
863
447
747
1176
1255
1485
1395
1378
613
1216
1006
1307
1099
843
866
1053
1170
103
1112
1271
1263
1189
1137
1262
1449
1464
1023
952
961
1076
892
933
1323
569
1390
1219
1274
1087
1224
1365
966
1417
827
829
754
1092
1176
637
891
291
1151
998
1391
901
1166
1151
967
1363
1238
1024
364
907
1368
721
870
294
887
1105
1168
969
1213
1708
1313
1141
1135
1479
863
1320
1152
1011
669
75
1446
936
911
784
1052
942
571
589
662
1367
996
1489
794
1259
562
56
1089
922
954
1197
835
1449
972
1199
1156
1448
1000
1236
1065
1274
978
224
662
832
763
458
566
594
356
556
563
851
868
1122
633
628
456
189
354
171
141
277
511
232
496
260
196
171
100
477
-230
299
234
-16
6
556
511
944
-179
358
466
289
698
829
10
533
768
1087
-395
-187
352
367
-254
632
1009
192
221
227
205
415
805
649
-383
486
33
95
-189
891
430
255
137
386
383
294
367
599
279
274
426
559
-451
235
95
199
145
-152
847
308
229
-101
327
120
41
560
749
-183
352
-405
78
191
223
-302
-24
279
271
178
455
257
861
513
444
-170
177
186
62
401
-59
586
-79
261
549
228
44
-52
-116
139
-41
2
-15
284
-133
142
116
-264
435
163
105
163
-121
425
216
613
243
3
571
-367
152
203
338
141
-157
-142
493
543
144
-90
104
-222
377
21
-111
93
-271
590
53
-80
229
614
99
-122
134
304
267
53
570
-712
-168
461
105
298
223
58
-86
169
-13
449
288
284
253
717
295
136
322
-460
199
142
-30
-281
409
683
74
-16
227
211
492
146
-562
-163
-142
232
-4
249
444
198
-167
-147
241
286
165
506
343
259
571
261
-286
-246
-21
421
334
127
264
264
711
401
146
193
330
512
113
1245
224
319
96
423
239
158
374
535
313
190
253
533
604
308
690
-27
-260
217
124
324
-94
-38
-135
-510
-118
-200
-50
-25
-240
-12
-239
492
-231
-205
-192
588
543
781
252
273
132
576
340
277
690
182
359
357
350
257
-650
607
568
85
310
-303
790
252
398
91
199
114
654
221
8
2
-273
128
240
614
323
705
196
364
495
631
136
836
-59
-7
436
115
81
518
281
273
130
706
352
810
644
929
-121
262
-50
122
501
762
-287
660
872
517
517
191
108
412
168
799
314
45
355
48
124
194
-501
509
598
201
495
241
93
569
245
952
625
276
458
530
496
-84
-230
-6
834
371
582
260
435
269
343
98
177
142
492
202
480
148
-109
-104
713
371
685
616
320
69
569
-56
363
111
410
446
684
230
-303
282
443
193
480
716
760
-39
187
210
-335
543
661
114
637
6
-545
520
352
434
667
740
208
166
718
238
-135
103
529
78
833
353
-600
583
312
431
32
572
255
334
335
425
-225
129
661
614
576
-143
-194
555
476
517
521
592
30
430
78
402
239
165
191
589
965
190
260
28
537
202
526
401
-42
384
322
363
115
495
-209
102
487
451
-150
392
200
535
374
13
37
-228
136
15
-192
191
303
271
584
558
78
246
143
444
437
256
-27
-134
203
863
-128
836
96
-182
575
596
-206
-216
-318
121
-133
-151
208
1
304
493
-117
129
-56
-206
-363
310
-187
-197
558
-561
176
70
-13
-228
-468
-4
-152
-124
142
-203
118
309
-125
390
330
228
-236
-288
45
-120
-494
56
140
-487
428
55
200
762
-269
328
558
825
445
594
35
248
348
383
397
420
682
626
368
1398
-45
233
-366
461
487
238
453
-231
403
593
554
215
168
240
-6
505
-314
415
462
346
655
26
259
-33
677
201
-31
225
808
388
769
638
-176
623
383
194
385
351
422
317
205
597
170
790
746
343
825
676
-204
384
212
392
-258
803
417
50
12
594
178
661
21
110
321
901
-692
435
154
293
341
209
95
177
507
500
561
7
437
-113
424
451
-52
-91
407
-59
631
17
290
229
594
82
661
721
6
-158
-27
942
-298
298
297
569
-53
324
227
70
165
-106
297
457
248
21
589
1073
-293
411
838
354
661
352
0
675
698
498
15
564
455
411
619
589
-25
3
361
358
624
464
567
593
566
598
298
588
414
621
943
657
-82
573
415
356
237
25
218
239
202
626
367
-17
116
-54
25
172
-336
89
269
249
185
169
537
293
205
387
-217
224
9
943
319
572
31
-358
880
251
300
488
188
748
239
118
71
521
306
575
1144
400
70
663
-369
448
202
-323
224
-111
223
211
160
452
103
377
30
476
-488
265
234
160
-56
337
666
14
282
494
310
473
558
185
406
743
-286
289
-348
6
-199
-167
-602
-90
192
113
95
-266
-690
120
-79
274
177
1018
548
182
60
63
-141
958
424
211
-145
223
126
610
159
7
-61
271
485
551
302
89
-118
323
501
425
-56
-36
450
-286
450
267
-179
512
-85
22
-262
316
439
339
346
383
-109
507
193
-154
-36
47
223
413
245
146
109
370
214
307
84
110
482
703
71
369
740
-342
17
271
331
319
525
397
385
299
-262
74
817
181
-105
424
278
-273
-197
372
585
180
-127
174
213
116
229
514
-159
115
-205
680
249
-16
134
647
80
417
-99
97
-170
143
649
165
36
-162
-18
357
156
37
-126
500
256
145
-69
242
409
374
-453
-125
79
410
339
447
628
-206
195
684
291
288
-31
272
189
133
340
284
-198
-290
-133
580
220
326
-221
-487
-264
267
283
292
579
27
138
376
384
178
163
393
71
194
58
469
284
46
170
-5
439
421
486
253
652
213
313
441
729
-47
-139
341
358
328
-286
41
219
229
-20
30
249
376
10
213
472
8
-362
525
-172
228
315
470
498
58
263
592
-58
172
661
691
637
283
85
-174
-224
-550
-804
-279
-465
-384
-320
-122
-507
-509
10
-669
-502
-222
-42
-11
-142
147
178
-74
-171
-256
451
-73
-96
350
414
-548
-14
-61
-169
16
-52
69
716
298
550
-194
-240
533
279
-424
95
155
-410
25
293
192
-131
-386
-226
52
97
19
-145
380
-337
163
107
-418
-519
241
-55
253
-116
298
125
444
-207
-551
-64
-167
569
108
276
-618
89
149
-138
149
-218
-8
-148
381
86
242
209
201
-188
-58
-160
264
-367
696
161
-260
156
-58
-67
97
-177
120
51
-317
-83
-46
-150
-111
-208
102
375
-22
27
95
-278
96
234
-138
-396
244
615
-70
5
-481
-253
-88
186
45
5
41
18
200
119
11
148
133
-134
14
293
212
-413
422
70
180
-60
-105
219
130
-378
304
133
130
137
230
547
-176
-147
49
185
-119
329
294
328
386
-11
187
-37
153
387
77
166
-58
-414
-294
532
-222
174
-77
440
441
-236
24
-110
471
667
4
191
106
-39
423
188
-189
451
321
394
-162
120
-89
279
-36
24
410
-38
-74
-494
-180
634
-115
-245
446
578
-126
107
193
63
323
-159
18
72
-111
-515
292
-26
334
382
326
-93
-200
165
182
84
839
159
198
-90
-300
95
12
315
-145
-150
-438
-302
-178
-582
-359
-475
-208
-989
-273
-105
-192
-790
42
601
585
664
353
425
526
455
465
179
319
316
258
392
246
99
400
-134
-280
-702
-715
-688
-648
-533
-525
-425
-365
-323
-303
-365
-595
127
64
-849
-79
-557
-478
-451
-634
-812
-1210
-1108
-676
-873
-812
-748
-1112
-393
-603
-781
-705
-1021
-2
-383
-252
-441
-236
-126
-613
-391
-899
-407
-553
-299
-443
-568
-698
-809
-632
-693
-549
-1058
-483
-788
-1198
-912
-609
-890
-357
-947
-549
-658
-244
-756
-660
-1021
-499
-750
-558
-700
-610
-902
-355
-651
-336
-160
-149
-357
-161
-166
-868
-25
-686
-89
-318
-402
-682
-620
-1097
-167
-545
-235
-542
-862
78
-656
-309
-714
-488
-430
-421
-826
-322
-1161
-289
-810
217
-883
203
-648
-359
-500
-430
-415
-464
-697
76
-499
-203
-185
-1140
-582
-1078
-243
-1073
-661
-615
-683
-1141
-599
-500
-1241
-436
-797
-411
-558
-87
-616
-420
-496
-285
-678
36
-374
-545
-531
-755
-179
-436
-318
-1041
-758
-506
-685
-458
-678
-129
-910
-867
-1007
-546
-464
-505
-249
-284
-755
-478
-453
-1015
-112
-328
-512
-544
-560
-350
-515
-400
-444
-812
-167
-721
120
-391
-415
-462
-627
42
-575
-601
-800
-550
-478
-432
-558
-663
-471
-452
-1011
-723
-848
-1005
-811
-422
-564
-709
-713
498
-23
-740
-309
-465
16
-267
-610
-71
-156
31
-524
342
-286
-274
-494
-1225
-293
-508
-793
-1007
-476
-204
-179
-945
-646
-1110
-955
-620
-25
-580
-570
14
-713
-676
-868
-822
-848
-952
-456
-704
-969
-610
-1142
-1085
-694
-370
189
-442
427
247
278
43
-115
-116
121
-217
-273
185
-292
-318
-145
-469
-339
-236
160
78
-169
602
96
-291
10
-332
182
13
48
508
39
46
-332
-287
320
-93
-199
-15
-639
355
253
-209
228
-161
-574
-77
-591
-52
-504
-868
-59
-53
-95
-242
-144
-815
-227
-388
-196
6
-291
138
-644
267
-191
-554
-665
-355
473
-727
-154
-8
-467
-484
-171
-598
145
-328
251
-83
-227
-943
-297
-326
348
-268
-518
-361
-167
-545
310
-307
-602
-331
-368
43
-325
-124
-748
11
-196
-327
-335
-142
-201
-68
-338
-212
-76
-440
-142
349
-452
-359
-301
-318
-264
-26
-17
1
-180
-604
-666
-5
-185
-36
-154
-315
-78
-438
-695
-632
-68
-280
250
212
-415
-109
286
21
-534
21
-446
241
-335
-473
-559
-367
-101
-483
-262
-311
-135
-465
210
-251
-205
-144
146
-331
-623
-524
-756
-87
-284
-101
-253
-421
246
-231
-37
341
-160
307
-198
-323
-812
-395
-272
-334
-464
-256
-306
-167
-611
-204
-390
-411
-297
-17
-429
-83
-386
-247
-136
-408
33
-23
-671
-299
-103
-270
-40
-881
-235
-315
-64
169
-402
14
-165
-446
127
59
547
-155
104
-198
392
-111
-158
58
-544
81
-324
-539
-614
-550
-641
-496
-463
-805
-424
-461
58
-493
-354
-707
-571
-82
-663
-350
-190
-225
-362
-108
-97
-52
-321
-299
-596
-581
-230
-109
-193
319
-149
275
19
61
447
388
97
196
417
79
85
378
-252
566
-18
162
-144
30
-133
260
-28
251
-282
-288
-476
213
-428
50
-429
242
-609
-298
-282
598
-435
602
88
753
57
-177
109
322
-536
-252
211
-318
310
-247
-94
264
-284
568
356
-406
-174
-374
112
-397
614
-36
34
111
-456
-106
-423
116
-709
285
-464
-340
-304
-92
-283
-99
-331
454
-414
-280
218
-455
199
209
351
-107
-100
-343
-492
-184
-67
-804
464
-6
804
-914
836
-775
367
443
-266
124
35
-382
-7
171
42
-735
-393
388
-551
128
-479
331
1
227
-1064
-59
-131
-194
-294
-284
-4
-99
-134
-339
-315
418
-536
-452
76
167
-124
-625
-330
-93
-473
147
-242
24
-82
-104
-193
-223
208
-478
218
-279
-493
-580
-90
-215
84
-30
-777
-848
-191
381
-451
261
-521
-495
-159
-238
-214
-292
418
-284
-179
20
-316
231
157
-295
-238
-272
796
-312
-7
38
-614
-375
46
-245
-129
-93
-168
-85
-376
471
-687
-221
-232
-252
116
-265
69
19
-71
-269
-272
235
-212
-413
-198
-311
51
-162
160
-380
-542
619
-61
-177
-181
215
-27
-361
-727
-168
-586
-279
-447
-206
-102
221
-206
-85
40
-524
203
553
127
-23
-309
-161
46
190
47
651
-604
-24
117
-7
-263
-306
-316
-614
-414
-450
-244
-106
-307
-255
-744
-540
-363
-596
98
-518
-352
-446
-468
-534
-579
-135
-648
-373
-389
-263
-995
-174
-147
14
-18
-993
-87
-106
-466
-370
-548
-718
-613
-148
-793
-535
-436
1
-49
-950
36
-1295
-351
-194
-167
27
-578
-660
-590
-460
-411
-625
120
-403
-438
-344
2
-459
-422
-407
-1021
-218
-858
-48
-255
-478
-791
-115
-532
-144
-966
210
-237
-473
-169
-121
-622
-124
-124
-98
-119
-758
-771
70
129
-641
-311
-131
233
-113
-276
-431
-157
-860
-385
-397
-517
-651
46
-301
45
-169
-437
-182
205
-101
-502
142
-424
-463
-164
-296
-520
-325
-501
-132
-950
200
-991
-76
-14
-546
-917
-193
-432
-656
-743
-719
-272
108
-370
-222
-724
-836
-424
-899
457
-453
-439
36
-1014
-602
-212
273
-250
-273
-763
-262
-334
-102
-546
164
66
-482
-837
-489
-340
-829
7
-486
-864
-192
-529
-253
-7
-133
-788
-35
308
-367
-530
-398
-230
-218
-186
-88
-191
-454
-288
-764
-309
-5
-484
-175
259
-443
-448
-204
-326
-579
-329
-892
-258
-689
91
-541
-764
-224
-413
97
-198
-343
-504
-139
-988
-456
-246
-342
-291
-276
-122
-832
-323
-163
-333
-542
-355
-62
-549
-105
205
-385
-69
53
-384
-631
-219
-464
-350
43
-103
439
-75
-133
-269
-768
-661
-386
-331
-648
-533
-791
240
-515
-112
-717
-535
-730
-62
-61
-212
-283
-137
31
-168
-49
-150
105
-176
-292
-68
-237
-762
420
59
719
425
773
502
613
626
488
754
687
552
259
252
587
-5
135
-272
42
260
911
152
436
-533
-64
594
-23
254
235
262
185
89
-28
-371
459
670
738
359
326
860
853
186
495
625
267
721
287
-230
262
17
228
243
585
541
203
321
710
740
1200
517
324
620
144
179
-107
171
49
436
525
789
696
273
640
632
370
1021
921
581
203
-90
-444
77
137
222
648
736
451
223
787
569
761
743
266
251
348
341
219
160
518
647
575
545
737
356
660
324
762
249
499
182
417
-100
-632
-18
454
165
387
108
920
1043
515
545
535
527
672
505
305
-189
421
-81
196
185
660
605
933
547
371
713
802
967
573
366
384
261
567
-99
390
512
423
827
309
751
374
551
586
612
1034
357
85
640
36
152
233
611
456
481
691
523
552
855
471
541
716
368
-66
238
346
45
371
814
727
880
504
564
647
597
800
546
417
845
615
91
-102
27
886
626
211
698
1053
1044
839
772
414
844
425
744
629
-138
529
425
710
161
270
693
650
829
676
774
893
750
453
579
346
124
-80
-199
530
94
381
516
100
454
137
536
384
295
356
580
544
-60
299
529
196
464
-37
-31
146
147
812
445
470
-119
198
186
128
290
33
334
313
476
237
582
280
914
-105
324
641
596
339
246
494
516
-121
515
616
843
812
986
842
777
1359
986
304
1009
595
879
930
489
-126
838
529
1123
-40
172
498
1107
1156
756
767
877
1023
903
806
369
510
858
831
680
253
262
746
517
965
973
965
499
903
472
726
2
158
709
130
1195
771
847
916
515
565
957
711
1350
682
756
721
75
175
529
762
539
1162
840
360
1116
791
709
1225
688
462
1101
840
517
439
708
235
1452
708
1045
882
139
349
930
878
1303
988
623
854
347
-259
1159
1084
822
976
916
980
855
870
584
1139
820
964
414
876
905
347
806
509
958
825
1086
640
559
578
914
348
660
594
989
889
869
657
1269
1151
981
976
452
1048
1201
861
1302
1041
723
666
970
1181
819
438
1128
818
1006
356
722
827
842
612
698
612
1402
842
864
935
560
365
850
723
990
1011
418
933
614
751
1026
734
677
568
621
752
1053
-54
658
1104
368
502
953
809
670
841
579
355
774
436
422
402
330
442
1232
457
647
899
1092
1288
1206
1278
1506
1190
1289
890
1149
706
722
137
291
668
666
600
856
1183
908
974
991
362
906
480
934
616
522
-298
404
760
340
359
499
144
410
-147
118
45
449
810
874
582
240
197
-399
334
-26
439
438
410
391
277
564
466
575
411
402
160
-130
40
-195
-207
270
-162
402
6
246
-413
-530
-301
-58
-385
-662
-25
-216
110
147
266
326
-75
251
541
-223
562
-133
354
-146
-39
51
-31
339
713
602
-15
-30
-130
403
166
-124
257
-293
85
83
206
180
-522
-536
495
-264
-204
-81
-244
77
-629
11
-161
-119
170
107
82
-60
263
210
404
75
189
163
564
-362
74
418
-12
124
-270
-192
-57
-97
435
105
156
144
1
283
-283
266
-67
-55
309
-221
-128
343
-36
417
-517
166
456
-113
8
-68
83
237
449
109
-186
-140
-164
-38
-19
-376
559
210
-273
-150
446
-769
-145
-476
85
146
-311
-276
-475
-171
164
428
-154
-91
90
-123
-28
-166
-466
-133
0
-54
223
-191
-462
-384
137
1
14
-877
-548
-141
-12
-75
-428
348
208
-52
-208
-26
69
244
-482
-84
310
-105
-21
-60
-131
-364
-451
157
-273
303
367
-268
224
291
-518
442
-42
-256
61
389
16
-80
242
362
-52
82
-284
-226
-39
-501
-72
-209
170
-15
281
239
-215
7
57
200
220
-97
-51
9
112
269
-286
17
-337
-14
502
-223
-142
-246
-58
-190
174
-19
-182
-519
175
-226
-210
-65
52
-852
-389
49
-218
9
-574
-554
-624
-735
-631
-523
-450
-403
-684
-512
-667
-717
-373
-203
-50
171
-115
-153
474
225
-82
405
613
6
54
503
234
-182
-109
-398
925
-20
530
369
206
-191
264
291
133
525
-23
-614
276
-248
37
-455
608
436
435
546
161
280
531
-158
254
636
255
298
422
-584
131
-157
307
120
107
-10
170
516
168
85
2
725
233
52
415
-704
-588
-71
284
180
-298
539
517
-40
600
-173
223
241
-215
383
135
10
-206
339
245
-52
324
-189
158
484
125
-13
-56
-178
260
416
-292
-376
2
-161
398
-304
547
-450
-94
-45
164
-259
551
-14
351
-119
177
-544
-316
0
-438
887
-279
128
328
474
158
201
96
-266
-207
-113
77
27
-324
-102
359
149
143
225
404
149
477
-351
257
-119
382
137
-26
-290
12
-138
297
-41
241
22
-2
694
138
178
-213
289
277
654
-27
-91
150
33
143
378
358
167
651
85
187
413
-41
419
316
200
0
-392
-112
32
123
115
-211
-302
-313
34
240
254
346
-115
473
334
319
-899
279
-309
390
93
-150
220
128
22
237
-346
169
402
-75
155
-115
125
-591
31
324
-222
-515
329
133
488
289
84
405
120
-16
248
116
-402
-180
190
622
175
4
-209
359
207
636
392
397
301
21
570
-279
174
-70
-193
460
121
-90
333
49
-89
60
85
-117
-131
235
-224
130
204
-463
63
768
464
372
11
211
311
289
314
101
246
-204
-13
488
-133
-345
679
419
629
374
744
502
453
884
734
584
1004
745
950
888
442
191
356
38
330
561
699
158
146
237
74
692
252
-19
283
6
68
85
207
290
406
549
820
374
34
793
136
219
46
509
699
317
710
68
670
329
573
648
554
-66
528
256
198
290
388
269
281
-82
-103
-182
-304
143
488
393
131
279
343
532
211
818
-177
-96
355
277
528
-482
-99
107
468
131
175
354
106
588
543
541
-106
282
17
95
238
185
445
331
15
338
335
51
440
115
3
71
523
199
441
-62
512
-107
139
122
287
359
206
610
719
-292
175
233
213
500
254
22
574
201
142
630
292
578
837
86
231
-137
860
99
240
463
101
5
9
-458
-76
474
0
-79
289
272
161
328
343
185
353
-92
425
169
-379
-54
-296
747
216
155
79
20
197
334
324
714
312
407
575
-86
353
-156
220
212
-161
148
289
338
336
417
322
202
15
242
730
450
-94
-182
253
-309
99
311
457
318
444
128
528
49
169
-269
447
-456
-85
61
772
-9
168
332
519
112
102
-47
728
523
370
444
11
402
186
-49
186
-56
301
192
350
54
134
217
85
2
-100
505
-195
-15
104
-99
-505
-973
-16
-182
-623
145
-560
-350
-876
-577
-173
-394
-487
-204
-638
-287
-794
-904
-385
-501
-545
-412
-1472
-827
-455
-902
-666
3
-1151
-205
-995
79
-753
-164
-203
-471
48
-399
-415
321
-282
-1012
-655
-427
162
185
-803
-11
121
-617
-132
-495
-541
-753
294
-506
-606
-585
173
-472
-1060
-504
-1021
174
-212
-25
-370
-360
-667
-656
-171
-392
-706
-565
-403
-797
-205
-425
-1015
-365
-86
-400
-431
209
-573
-301
0
-320
-729
-674
-549
-506
-733
-96
-360
-91
-650
-392
-982
-106
-681
-656
-559
230
-656
-164
-156
-451
-680
-17
-911
104
-59
-560
-452
-287
-747
-132
-582
-100
-99
-1010
-870
-113
-315
-259
-588
-26
3
-757
-556
74
-477
-652
-299
-168
-300
-619
-664
-506
-366
-182
-1550
-307
-424
-1003
-777
-510
-197
-301
-182
-928
-720
-666
-175
-810
-563
112
-1232
-516
-18
-156
67
-390
-275
-455
-492
-624
-353
-57
-459
-671
-705
-378
-596
-190
-774
-397
-639
-386
-302
-463
244
-68
-778
-896
-358
-332
54
0
-915
105
-614
-40
274
-425
-656
-369
-400
-144
-638
-694
-188
-569
-150
-724
159
315
-187
-594
-602
-442
-329
-441
-750
-746
-337
-527
-344
-894
-379
-678
-1238
-231
-142
75
-266
2
520
14
-101
97
-343
-171
101
-376
-297
-658
262
194
-413
-55
-485
-491
-43
49
-190
-116
-102
-92
-352
-222
-232
-548
-330
-69
55
-50
-161
-50
-101
-342
-121
-54
5
-64
8
103
-213
-138
32
-67
146
51
49
-45
-54
-50
68
52
-167
69
-66
141
49
-71
145
50
45
-113
-22
-71
-49
-113
-118
-162
77
-139
-162
-136
-121
-239
32
-236
-23
46
163
67
72
49
-258
-139
-42
49
-141
-167
-68
51
96
52
29
19
-162
72
-162
-136
28
-167
-136
-162
-45
72
-45
-141
28
-73
-22
-22
168
-145
-164
-45
-30
-68
72
-90
-136
-40
74
-164
168
27
-18
-118
49
-253
-42
49
-191
-162
-45
-162
54
-144
-51
-159
146
-55
163
67
-40
-68
-71
-230
-167
-186
-253
-42
49
-19
-73
-213
145
-41
-148
-17
70
-199
-293
-22
-45
-253
49
-141
-73
-45
-236
-47
118
80
-17
-167
49
-45
-68
-164
-162
-136
-139
-42
-45
-145
-136
-39
-41
55
-40
-48
-253
-253
-45
-162
-42
-162
-162
-19
-145
-141
-189
-63
55
-1
72
-199
-68
-42
-42
-159
-173
-145
-162
-162
49
-22
-45
-253
123
-72
64
-50
-164
145
-45
-44
49
-68
49
-141
-230
-181
-162
-73
27
-107
45
-235
49
51
-189
-127
-162
-136
-90
-258
-141
-141
-166
-164
-94
-203
168
-72
-45
50
91
-17
-135
-44
-44
-44
-49
73
-158
68
82
-245
-19
-171
44
19
51
-99
-168
-54
-69
-186
32
-75
54
-166
-270
-207
533
3667
-10795
-8520
-33950
-6359
-24147
-29065
-29707
-157
-20566
25200
-31637
-17126
-78715
-30095
-36415
-64354
-60891
-41904
-15770
-36273
-67260
-68095
-45855
-29181
-19123
-2840
-73709
-48105
-77800
-45441
-215
-15133
-12440
7814
-37882
-65307
-38514
-44789
-11456
11243
-42570
-72096
-44088
-18990
-21979
-33101
-37321
-26881
-53984
-58958
-5932
-56077
-15388
-52232
-15895
-65391
-43931
8610
4252
-53890
-92879
-87777
-43230
-16859
-29473
-27768
10240
-42166
-38220
-31934
-22134
-16051
-33430
-40430
-46272
-89134
-51276
-35453
-8716
-44601
14094
-10238
-17193
-15080
-62437
-29691
-52810
-29812
-41385
-42284
-29710
-55394
-35854
-59272
-20424
-61413
-40739
-27853
-39889
-44081
-67436
-48590
-57775
-16774
-52145
-55941
16305
-34341
-45141
-50496
-23367
-24057
-37944
-26046
-25450
-21255
-64408
-47633
-50263
-31486
-11110
-13634
-30452
-25686
-47538
-59272
-9471
-73110
-56943
-6207
1144
-76450
-64612
-28616
-26375
-41725
-17439
-28284
-24705
-53556
-63657
-75204
-34914
-73426
-24985
-16597
-60380
-75753
-34533
23037
-30956
-49826
-55105
256
-39048
-25397
-21037
-79419
-32377
-22523
-32784
-46521
-21697
-12321
-5984
-30238
-31272
-27910
-46783
-34121
-752
-74178
-60268
-57368
725
-8420
-30937
-42784
-42375
-71915
-12777
-65936
-14998
-34866
-59348
9094
-28520
-31969
-32652
-49607
-25644
-26989
-61038
-57608
-28802
-27760
-48271
-38928
-22442
-46443
-58513
-54758
-32256
-8193
-55757
-44276
19009
-725
-53672
-91842
-53182
-17863
-29963
-58566
-40321
-21108
-39885
-8479
-2629
-77865
-29267
-54876
-29244
-43394
-59624
-35055
-22416
-30114
-63540
-32611
-20733
11198
-41980
-9070
-34256
-34593
-22003
-35450
14084
-21165
-9424
-17177
-28593
-17355
-11800
-23229
-44421
-35620
-39674
-37515
-19400
-36096
-19026
-11087
-12462
-3196
-10293
-28685
-1690
-8271
-41672
-17404
13704
11394
-41447
8429
-55104
-24931
6002
30283
-3276
16447
-320
12653
16966
-2680
-27052
1700
-6701
-4147
18505
-11283
-11579
-10070
-27547
-27425
-19338
-21177
-10196
-30544
-5762
34947
8223
-20648
2528
41577
-14418
13650
-11224
-10001
583
-36421
-387
25248
11933
-4632
15718
13141
18458
-17810
-4866
-20076
20670
82255
-40822
23144
-26582
38420
-13631
3910
-9952
-13832
-15219
-2793
6500
-8695
20554
-17379
15159
-39422
14356
12401
17510
-156
-11288
2747
12416
-6310
7606
-26967
4486
3037
9203
23207
9850
-9557
16124
-19820
-19413
-29973
20297
14444
20206
6979
29951
6267
-4719
-12566
16227
14907
-8734
5617
13326
-33286
-18540
-29238
-15052
15969
-32015
-1938
57
-6059
-5295
4872
-15375
-26195
23276
-8050
-21255
28968
32894
-8697
25545
-1209
7714
31628
-52160
-8619
-3942
22328
-29899
-21629
17261
-7875
-4298
-1982
31165
-12318
-28130
17217
30247
-16422
-6939
52143
-19638
-7260
-13079
13888
32827
-3279
-34349
5383
-31321
-9959
8189
20113
-20604
-23946
49246
3933
-23527
-2591
-5806
-573
-597
28219
25872
-49779
5030
-2061
-2889
-8562
-11981
12023
21992
8799
15830
31354
16360
1695
-6034
21039
-21756
39610
6292
-49422
5135
21900
-39005
-6659
43443
-18555
-9128
-1272
18171
14106
12087
-18055
44601
40059
-20962
-7192
37992
5274
-31717
-7053
1950
-14194
32564
-31325
2650
-10764
-8345
-15721
-28831
-2046
16817
1778
-12063
-31
7605
49917
-51185
-9893
-13336
18123
-4733
9281
-4680
-25093
-16393
36330
-8772
-14293
1763
-36393
24705
6753
-1486
15452
-2693
-8425
12898
49395
44514
9055
40442
-7225
25365
-5661
25647
-10169
8187
-22904
-3896
-6554
-5211
3160
-368
-17978
-16171
563
-6685
-58201
6962
21253
-28659
-25742
-35615
-11407
18766
-40736
-31396
-25400
250
-25931
26299
-44564
-26903
-31202
6097
-23518
6205
20797
11189
-30496
-25914
-11941
188
-25269
-25338
-11063
-35099
-42686
-24434
5630
8063
-24657
8792
-15883
-57770
-31601
-19859
10619
-34311
-9476
-77497
-29997
18925
6796
-15403
-45177
-45752
-30804
19920
-65142
6898
-21042
-54592
1282
-35877
-21883
-26096
28275
-35200
-46622
-37097
-14456
13423
-11702
27347
-41703
2753
-11039
-37896
-10636
-43348
-8130
-4860
6312
-20440
-6385
-10112
-899
-63397
-4067
-13068
-17995
-74958
-17517
-25974
-28572
-9084
-38599
10766
-24722
-22673
-28392
-13125
-19827
-52306
1048
20484
-4557
-19579
-31309
-1180
5272
1248
-11261
-61415
-15582
10346
-31923
-36373
18349
-7996
-15795
9580
-49048
-29984
-22991
-24081
-14884
-39026
-34479
10531
-12629
-38825
-17917
-25783
-30461
-32334
-19058
-4531
-1943
-19999
-33632
1680
-23328
4791
-32455
-19315
-22034
-16820
8467
-30042
-28917
-18725
-1660
20512
-10406
344
-6893
11078
5435
-30579
-26880
-27667
-37371
-13359
-30832
-31796
-34566
-26154
11835
17158
-62432
-10119
-32116
-56155
-43613
-53418
-8819
3618
-24247
-3914
-41269
8542
6994
-29888
-12535
2461
-39105
-16608
-39487
683
-7354
-32319
26823
-40819
16931
-32666
-47340
30266
-41703
-12230
-20931
22780
15927
-2386
-36986
-5987
26286
4844
-21602
-46368
26
-8815
-18077
-53249
-10336
3888
-27860
-45894
-17024
7705
-17133
-10814
-66757
-29268
-40619
720
-9490
-22466
-56707
-13398
28176
-21189
-15689
38287
10407
10324
2767
5698
3631
27319
2594
7922
-4252
13945
-4241
23267
-1153
-14494
-360
-16867
-55406
-42602
-64074
-65586
-71668
-46398
-66668
-65883
-45223
-48497
-30772
-55305
-57646
-42109
-36017
7308
151
-21439
21601
1439
-50908
-7598
14038
-14272
-70293
136
-14184
-40750
-9051
-45305
-24161
-10621
-26239
-33505
5400
4492
-29297
-14069
-24309
5665
26681
3288
-3692
-27906
13092
-32883
-28499
21441
1226
-37073
18530
10259
-20644
11029
1660
-37418
-23925
-50656
10648
-11760
35178
-54675
-37262
3702
-1109
-31341
-13269
17819
-12264
-19505
-12947
-22253
-8925
8474
-29917
-30055
-21400
-31607
-20384
-1362
-19887
10744
-34187
18893
-43143
-49007
-883
-27554
-8832
-48840
-27612
4651
-31507
-6419
-36031
18865
-23286
15070
-2189
-10084
12050
-57729
-32287
-16386
23890
-33572
5872
27425
-27087
-45071
-27287
-8866
-67220
-46822
-19815
-19333
20880
-37197
-28995
-59826
5438
-19898
-41871
16739
-22314
-36055
-25248
52875
-18134
-45981
23128
-23584
6766
-40004
20300
-41652
-23607
-35105
-36608
17175
15228
-21316
-9606
-3969
-65048
-27130
-24437
-32836
-36358
-17441
-17766
824
3127
-12430
-18678
-29915
-2783
-47915
-27963
20519
-10927
-2090
-25580
42133
-37158
3274
-978
-20113
-24339
-32135
9693
26945
-5813
-42357
-23218
25381
-46604
22099
10782
8717
-33052
-10384
17244
-221
-19627
-55523
-27964
-14633
-30037
21363
-9853
24716
-49366
-5804
-77162
-32827
-67507
-18030
-43318
-12266
20604
-27051
-37358
37638
-21166
-13951
-14514
12308
-19465
-3202
-45908
-18801
-39694
-6847
-27303
-43457
14887
-20727
13574
15312
-29591
-31578
2333
30384
12274
9155
-20298
245
32063
-8884
-8778
-11885
-14715
-34336
-25086
-6665
-25594
-6307
-10306
-17652
-14088
22502
-34125
-27912
-14723
-23965
-41505
-28689
-3514
-40327
-25876
35294
-33812
-14053
-9145
31178
34142
27978
38217
33183
39886
54997
72072
28750
10303
34531
81703
42376
73107
33127
59911
10691
28069
32763
36925
55514
16151
22567
40067
41100
7001
-7707
32083
1862
45680
30794
21506
21860
37510
22917
19624
25909
18084
43903
11631
17767
16403
44208
34562
33147
36330
43112
32584
14554
69766
-3583
24596
61601
-2827
31553
19381
25634
13567
65412
25398
22399
68391
52205
42650
-2632
34020
19527
22973
27472
30991
56819
51871
21078
35183
27404
38882
50380
51041
43660
8640
25265
24381
45300
564
23757
56494
13651
75787
27956
45307
4659
10006
16304
-1790
22511
34959
44116
52114
64115
52276
27498
49817
43554
55569
15335
38469
-440
11093
33133
31617
53739
58088
37236
25822
8987
22657
-8274
52343
30971
27429
-13879
30232
62688
13644
46300
75934
29769
35920
29861
45658
39878
39398
46753
60699
19340
19227
35476
57966
1983
-1912
49611
55381
35162
54994
43769
22539
18366
36211
54639
23319
1560
31576
7625
59099
38558
27338
1722
20496
32351
64849
4234
2833
23003
33376
14582
-9892
12259
14865
21660
34788
36138
41632
29119
39837
45783
35210
17714
-2674
45177
70448
60017
16901
69781
35121
62814
27964
31021
37371
47119
38933
-11975
51752
29563
21084
75162
58835
46605
27775
62713
61386
5310
18281
28097
7272
35735
13279
16028
71921
25608
-17882
48373
-4564
3308
26605
5956
10990
-13456
13966
14909
11111
37419
18338
53196
6495
5944
26917
66029
7033
-2179
27561
27027
59825
50014
86423
26816
37761
63228
30852
12738
20861
4516
-14129
3412
-20216
7685
4030
-4488
-2209
-14830
10786
2763
-10654
7644
-9757
-12243
6130
-16583
27604
19174
40420
40327
66351
69990
64324
41253
44972
51238
45820
57478
64507
42881
52448
16578
72033
87527
89399
50250
80489
60221
103076
70215
59661
40550
59860
70890
78808
70377
97429
8280
37300
75086
50947
40042
79206
53248
68948
58201
40327
15851
68160
87358
60230
70802
37024
20371
62136
73961
77161
43068
48547
69109
41503
61372
47409
57468
58729
41686
52395
82701
71266
5960
89608
53866
59953
63185
38307
88371
27287
68730
1866
73606
84584
68790
52759
80158
45564
-26313
71438
40424
29960
41605
31438
79191
52018
63924
41634
52386
55530
47268
63102
88701
71743
12329
64983
90264
48219
46977
47531
85948
62069
74767
48055
43997
62101
64257
39841
83428
59077
-11546
70854
44802
48920
74653
44168
85637
48412
79515
64029
49310
50513
64020
56691
54950
44951
-521
66038
65018
59277
54706
43807
95903
66955
69028
35952
65726
65550
61452
70920
94154
48501
-2548
58342
75553
77211
45755
65718
92392
60595
49596
43637
78349
52735
41126
67908
72176
45038
-272
68092
63504
71754
17602
57016
27348
50965
37013
54959
62696
80443
50931
46482
111032
48725
-16079
71283
39468
71496
28668
82707
47553
36075
66156
32053
58756
77241
22457
35357
70437
55887
-13854
94094
41479
98092
45232
50853
67508
51317
73257
25669
67775
95656
22212
62259
39609
51711
-7111
53174
9404
85037
91743
70340
35248
44122
83925
23837
81463
73033
25201
71630
56930
42747
28223
87425
27143
71917
48600
69528
63599
65279
61564
21294
41552
73674
22455
47780
57252
31573
-7980
19289
20387
43923
20646
22834
19706
36819
40963
43091
32023
40255
9336
42585
37665
4799
11266
-17558
-2443
-18598
-31169
-61205
-33992
510
-6462
-51870
-40157
-76796
-4624
-8136
46887
12624
-36894
-76181
-87094
-91088
-90759
-109965
-105756
-84862
-71362
-80559
-74714
-134557
-69291
-86270
-35391
-63102
-41261
-79834
-85092
-76161
-77262
-82033
-116173
-83446
-62965
-66388
-67970
-108810
-101508
-105509
-74458
-57277
-45537
-132280
-120023
-80199
-90614
-48005
-113536
-74726
-73904
-7352
-46213
-92393
-79070
-80256
-53889
-42429
-55462
-151272
-112603
-69628
-101898
-67258
-60373
-47153
-32965
-29333
-89765
-71667
-63361
-29942
-54776
-40578
-66207
-99676
-103531
-80631
-63229
-64244
-37227
-47622
1687
-59091
-71048
-45870
-73528
-72338
-125132
-43153
-67816
-81487
-94423
-66673
-22448
-80779
-44594
-53229
-17258
-59576
-66381
-82362
-104332
-91721
-103807
-55819
-23853
-81526
-51721
-62632
-53428
-72032
-31411
-85223
-67787
-52857
-63087
-71713
-69967
-59230
-75145
-81059
-44065
-73148
-78216
-101089
-61078
-47269
-76199
-110776
-63854
-49772
-92990
-101154
-81092
-73330
-72832
-68826
6658
-24926
-101748
-65945
-53352
-92153
-111234
-100894
-51316
-88166
-90117
-90337
-91871
-92887
-52603
-24599
-22097
-102846
-89981
-41949
-91819
-93609
-100012
-68902
-62386
-86576
-63809
-97254
-119273
-80967
-84949
-66236
-48849
-90959
-67446
-31482
-56504
-37922
-91535
-22838
-40404
-66196
-76989
-81071
-20518
-72876
-114305
-86441
-38602
-73035
-52184
-10791
-7961
-19133
-40327
-17215
-37192
-49370
-101463
-65901
-42295
-105454
-64545
-63098
-42056
-34867
-41336
-67089
-56186
-67219
-43730
-70738
-68352
-82586
-107496
-76034
-78790
-25422
-61311
-75679
-71242
-41861
-56381
-90515
-75538
-92122
-60669
-82840
-28914
-75679
-73326
-64302
-37739
-23065
-85674
-59117
-18648
-12035
-52970
-53148
-51406
-42441
-23073
-35431
-15965
-60825
-57950
-36774
-38224
-65254
-58353
-33673
-38560
-55109
-62343
-89002
-90417
-96744
-130964
-117134
-70490
-47004
-93230
-88160
-114173
-94857
-71868
-53807
-39852
-73582
-74508
-77464
-65179
-67540
-114645
-90744
-42775
-29958
-82885
-74253
-99693
-108033
-77320
-54579
-43477
-99272
-90510
-61082
-64141
-66517
-84903
-66768
-36514
-9677
-45164
-85095
-65275
-101286
-60325
-51613
-64342
-72663
-55539
-87497
-38552
-58001
-43113
-61177
-16892
-57350
-107643
-27062
-95538
-61763
-80285
-42444
-75126
-50250
-82826
-85023
-51615
-55430
-71426
-59585
-38008
-85292
-40849
-54206
-99723
-77594
-93851
-5549
-56539
-54235
-51835
-69361
-42083
-70758
-80429
-78443
-64301
-55521
-32366
-96798
-66716
-72469
-44222
-67939
-41681
-97520
-47252
-54553
-54001
-65913
-78745
-80470
-73907
-18951
-42679
-44724
-49019
-68263
-82664
-102826
-53427
-73718
-87282
-72211
-68841
-79281
-87049
-68425
-22588
-84382
-58854
-50687
-86728
-92238
-75257
-65893
-30240
-34016
-75691
-31359
-86330
-101144
-69026
-21269
-79606
-86906
-43771
-75274
-101055
-88085
-44717
-53516
-45277
-78136
-50493
-65234
-154875
-52277
-85179
-37261
-84868
-82107
-32560
-72570
-91816
-53314
-85089
-82223
-52269
-20083
-64160
-104185
-30815
-140
-44830
-66770
-52141
-49553
-78563
-83911
-41203
-84274
-101088
-61632
-15847
-5423
-93417
-80356
5230
-26950
-57707
-57921
-70344
-36405
-76478
-42571
-101791
-83050
-54087
-63582
-37630
-59451
-105627
-101219
-38459
-83120
-91291
-86504
-51337
-60504
-31331
-63993
-72587
2570
-63595
-77220
-3182
-63662
-100313
-71767
-31631
-89379
-51212
-62913
-33551
-59435
-68446
-67606
-22993
-56124
-83937
-37938
-2523
-72201
-82337
-2867
-63214
-43367
-49529
-27437
-67383
-55837
-59419
-81454
-72833
-65736
-58176
-15877
-34162
-79142
-13309
-3017
-57387
-45566
-45230
-44865
-62598
-33430
-22948
-70886
-31601
-16224
-8362
-22711
373
108
11
-207
184
416
684
258
-193
-46
-56
111
486
105
174
546
-698
170
177
248
224
-406
-356
-213
846
221
-259
75
102
164
-93
52
-378
75
-108
-240
-400
250
-226
50
-319
-223
357
184
56
10
-347
324
-777
-115
-181
131
485
48
-41
417
229
534
93
154
-562
-382
336
-88
-909
577
336
-462
70
220
452
69
-74
-521
-753
238
128
-194
-168
342
-628
-52
-205
-249
-305
-204
-153
-306
208
-540
-76
2
-23
-53
787
758
-483
-390
-224
647
187
123
451
-87
-219
-71
180
-199
564
399
-148
160
-481
-387
-79
-96
36
246
-97
-528
-364
199
483
3
405
224
-258
83
-927
266
-196
312
193
-514
136
964
586
-620
-35
149
-388
36
425
586
-306
-685
352
97
-222
141
428
-79
-172
-208
973
184
-353
293
462
118
-601
175
172
34
-251
267
-416
-87
137
493
-143
-317
399
29
-268
366
-321
51
-346
-140
-253
111
175
143
128
-275
-169
515
115
-538
34
509
-930
-119
-13
-47
160
93
194
-246
-308
-270
77
275
-310
546
243
180
-318
358
-374
-338
641
163
-158
-699
57
19
772
-18
-43
761
-172
165
-637
619
144
76
-653
-417
303
758
-48
-458
-37
-121
-290
-498
-689
806
-677
-846
-539
105
-87
-384
-337
-708
-999
-338
-202
-919
-459
-317
270
-368
166
-252
-631
-22
-344
-717
-237
-444
-108
-389
-534
-524
-414
-279
83
148
-430
-1092
-325
-515
-488
-752
-938
-579
-962
-738
-973
-575
-529
-1453
-1627
-783
-590
-859
-720
-1114
-416
-492
-631
-961
-702
-1209
-326
-128
-686
-567
-385
-43
-497
-713
-805
-180
-1060
-744
-268
-220
-887
-580
-419
-881
-623
-527
-891
-104
-781
-138
-908
-584
-887
-790
-732
-822
-480
-988
-983
-942
-636
-868
-675
-625
-112
-703
-468
-232
-752
-908
-725
-795
-528
-295
-962
-549
-863
-836
-1088
-327
-260
-933
-578
-885
-498
-543
-1243
-1056
-1016
-680
-429
-384
-430
-559
-900
-640
-463
-789
-1260
-574
-887
-906
-861
-692
-1231
-107
-819
-995
-965
-500
-529
-382
-206
-966
-8
-1094
-1069
-546
-371
-714
-949
-715
-333
-984
-980
-874
-800
-538
-121
-294
-1463
-1253
-690
-304
-1045
-1163
-644
-567
-1189
-616
97
-891
-1039
-357
96
-743
-834
-187
-300
-1010
-437
-499
-336
-1372
-988
-218
-851
-858
-742
-326
62
-839
-568
-310
-841
-489
-577
-532
-603
-638
-608
-1082
-712
-423
-1045
-302
82
-625
-927
-805
-1081
-1297
-1346
-1373
-454
-935
-1253
-759
-425
-373
-548
-490
16
-718
-133
-757
-898
-859
-577
-238
-1242
-578
-747
-937
-890
-736
-958
-360
-449
-690
-129
-730
-1035
-833
-354
-728
-679
-694
-816
-889
-798
-1009
-351
-440
-297
-705
-319
-772
-222
-462
-1019
-963
-668
-55
-721
-515
-172
-206
-504
377
113
-223
-169
-54
-149
-196
-206
-19
-335
-502
-54
-250
-90
-152
-218
108
-471
83
-650
-609
-360
-533
-236
-425
-134
-696
-717
-92
-634
-414
-705
-398
-97
-348
-331
-808
-923
-522
-122
-347
-643
-808
-726
-234
-647
-321
29
118
-327
-453
-719
-239
-564
-1299
-696
-127
-189
-674
-527
-799
-760
-391
-513
-446
-757
-265
-361
-442
-439
-745
-638
-525
-576
-925
-191
-1053
-266
-450
-472
-260
-194
-645
-1182
-146
-461
-730
-416
-862
-896
-327
-574
-896
-360
-921
-367
-763
-595
-144
-899
-617
-874
-1194
-579
-691
-1038
-928
-536
-833
-1111
-320
-81
-259
-409
-278
-771
-596
-788
-455
-692
-268
-533
-587
-592
-767
-820
-853
-236
-458
-668
-88
-642
-335
-771
-328
-562
-363
-636
-818
-607
-299
-603
-658
-646
-302
-107
-879
-289
-1057
-479
-332
-649
-539
-766
-506
-812
-836
55
-819
-574
-692
-926
-384
-716
-419
-641
-641
-945
-16
-354
-300
-919
-1051
-703
-254
-617
-401
-405
-110
-689
-610
-685
-783
-528
-813
-521
-239
-91
-1035
-654
-191
-268
-686
-594
-51
-130
-33
-739
-964
-362
-648
-787
-718
-616
-615
-1027
-578
-167
-161
-951
-769
-236
19
-152
-650
-708
-275
-447
-1138
-188
-561
-471
-509
-162
-214
-238
-772
-671
-197
-351
-391
-524
-230
-556
-1122
-85
87
-399
-527
-228
-365
-585
-534
-846
-135
-449
-278
-837
-447
-870
-579
-307
-683
-663
-371
-431
-566
34
-63
-114
47
-566
-132
-174
87
-108
-9
-129
-158
1
-11
-392
-129
802
451
425
255
523
727
26
11
238
395
121
436
368
26
228
-345
573
331
389
553
774
136
454
140
401
132
780
649
142
80
13
10
286
577
152
130
577
264
333
565
545
762
1035
635
604
497
732
234
542
571
42
560
356
322
527
901
333
391
666
477
827
243
326
-494
739
422
812
463
74
1038
385
623
149
366
366
741
31
145
90
40
684
916
260
963
880
535
244
803
239
588
625
510
572
305
373
-267
783
594
518
1056
96
397
480
454
43
-46
417
622
606
765
458
-10
526
867
491
-82
395
408
221
135
229
318
453
99
358
636
287
116
756
600
53
948
436
-338
395
335
393
508
-71
531
346
302
655
-228
292
456
987
237
94
200
864
650
169
755
858
393
487
763
91
-136
718
976
611
298
812
937
656
641
785
527
379
372
999
693
238
284
775
411
195
384
926
544
-10
714
346
137
266
551
274
566
539
114
735
732
55
24
-36
341
265
579
67
319
583
341
541
648
569
-13
362
388
101
53
82
559
417
296
241
138
394
87
56
178
-555
-382
573
650
660
636
765
544
650
691
644
496
738
484
296
545
549
439
222
443
203
-214
7
292
321
54
526
236
-182
190
298
73
468
122
-252
71
25
1072
461
357
99
292
312
733
846
221
37
602
100
-134
-30
189
758
588
-13
526
396
1087
128
569
-60
322
688
456
355
-47
-157
342
172
270
909
-1
127
310
578
390
618
882
253
418
-331
240
-110
503
629
835
319
625
149
242
436
-75
769
2
354
686
384
706
5
509
140
642
432
181
255
237
412
799
640
604
792
317
362
-335
222
255
355
415
633
476
462
420
760
682
-36
1156
417
465
114
271
-174
736
506
373
942
596
331
933
101
125
491
551
468
382
618
132
264
218
93
1156
606
-41
84
707
511
513
372
502
300
121
130
363
-47
100
1227
103
-7
416
1067
429
90
548
701
383
824
881
164
-87
327
1321
242
772
455
726
196
55
241
385
-89
389
524
-88
578
822
-13
294
570
584
451
396
63
637
238
381
638
810
202
618
981
-141
29
307
426
57
1109
-167
201
396
520
490
1045
417
672
825
-474
53
468
763
79
208
568
525
776
301
527
-107
43
723
-357
124
428
622
-78
-308
78
940
255
-453
-281
334
-14
-139
93
-80
360
175
-102
176
84
628
275
61
386
569
394
297
376
520
412
571
293
450
539
315
-553
-521
-370
-270
-247
-279
-359
-214
-163
171
-291
-602
-403
-291
-747
-30
-471
-340
64
297
287
-244
72
452
215
410
211
242
655
67
10
475
-797
16
329
85
839
169
1
460
568
-417
251
374
21
-116
256
350
-490
-264
560
279
389
163
370
435
120
63
716
335
-137
116
513
396
-254
-302
390
627
59
300
-79
471
-324
-103
249
620
739
297
447
739
-515
-221
13
382
206
480
203
28
-240
857
471
338
570
801
218
310
-195
39
589
581
268
428
368
440
162
388
430
454
405
363
-279
233
-541
50
399
785
206
633
66
315
96
453
678
88
527
461
-20
879
-637
-101
335
216
-311
274
528
13
54
-119
217
209
-32
663
354
920
-689
202
196
-158
-9
-3
298
-110
141
476
-106
-58
326
168
88
558
-171
185
30
182
331
-53
713
-188
147
539
172
244
728
365
-398
610
-234
-100
745
484
406
74
270
318
53
-10
92
-216
423
678
146
1053
-388
-208
88
732
97
391
-229
195
257
383
525
-56
384
277
442
376
-312
179
476
840
-159
7
-134
743
-34
309
475
156
576
468
125
613
-431
206
180
278
-623
115
178
-44
-133
-319
360
-291
424
182
278
692
-249
193
976
326
201
229
676
524
500
300
911
127
714
903
577
367
386
-96
125
-101
144
361
58
129
-321
84
231
244
-148
191
-26
-406
-66
351
-123
-162
-320
-317
-157
-71
-230
-90
125
-121
199
-448
-248
-482
-159
-13
-31
-619
-372
-22
-291
-720
-192
-569
-98
-24
-254
-367
-665
-173
-235
-10
-124
-206
-146
-219
-465
286
31
-92
56
-338
-220
-476
-229
-426
76
-478
173
-196
-468
387
-112
-211
-414
81
-123
72
436
-436
-468
-742
175
-104
-821
7
-336
-385
-15
-19
-289
-175
106
-268
-39
133
-249
-212
-152
292
-159
293
-391
-403
-28
231
115
-778
54
277
-524
-140
-214
-521
-10
-188
-437
-3
181
-187
-449
-307
-530
139
426
-214
-400
-59
-528
-639
-102
-118
180
-333
-194
-113
51
-197
-202
-452
-169
422
5
-88
-142
-516
-85
259
-399
-130
-126
-434
225
-378
-401
-99
-500
-90
-191
-45
-279
-410
5
-453
-142
-358
-38
-472
-800
-184
137
45
-416
-262
-104
-261
-602
-449
10
482
-95
-139
-234
-284
-139
-370
-374
-654
517
-58
-608
162
-437
-589
-12
31
-232
-17
279
276
-318
370
-490
-29
-375
-235
-237
-169
162
-269
-245
-88
-573
291
-272
-151
-327
-307
77
-217
505
4
-131
372
-137
-620
8
370
-343
-423
-106
100
47
-249
-54
-340
-296
-253
-652
-210
-669
-8
-373
-745
-529
-772
-190
-681
-414
-499
-538
-787
-46
-986
-477
-354
-146
-853
-227
13
123
57
-148
107
-21
238
215
-70
25
256
413
272
-44
674
385
17
391
556
512
316
362
-93
-152
251
271
5
84
-382
-77
371
226
206
229
496
383
-28
451
421
62
237
281
66
389
289
576
539
540
514
178
126
617
364
-9
-226
85
-57
600
469
400
456
326
378
249
-182
294
185
-121
244
232
144
-115
669
314
-19
438
646
127
-164
230
368
552
610
29
583
273
-152
157
558
436
688
467
-413
-381
91
496
296
205
245
361
-144
249
-118
700
723
-181
2
465
-28
105
421
252
118
-250
28
6
192
245
135
277
-494
-151
539
74
677
313
504
290
-30
29
-16
142
132
-101
-349
-62
241
76
-244
217
61
-49
287
42
-241
-7
-21
168
8
39
355
424
-303
-33
-61
285
248
35
-9
543
297
329
548
664
802
369
-43
268
101
235
330
-93
25
569
521
100
214
270
504
269
182
361
-56
407
385
163
165
167
919
281
508
450
290
334
434
-443
-62
-496
193
477
400
-235
203
1157
305
-34
281
390
222
413
-103
-391
549
271
56
11
-129
-548
283
119
-657
473
629
355
550
326
571
230
197
523
247
138
324
243
333
405
575
275
183
437
831
775
137
441
469
442
437
773
717
940
911
373
594
317
310
-928
-1108
-886
-895
-1154
-1072
-1020
-1100
-1271
-905
-1096
-1253
-1127
-1122
-970
-136
-797
-1075
-1231
-1469
-1013
-1015
-1415
-1026
-527
-1457
-1507
-1269
-1052
-1028
-1090
-62
-849
-983
-1311
-1102
-1348
-1498
-1205
-1098
-948
-1220
-907
-1760
-1253
-1342
-1060
-697
-824
-854
-1923
-1706
-1058
-471
-857
-1394
-1238
-1441
-1037
-1279
-1055
-1322
-799
-207
-1392
-1118
-1157
-918
-1257
-1323
-1166
-770
-1822
-838
-1213
-1142
-996
-749
35
-75
-1055
-1338
-1100
-1677
-1114
-639
-1164
-1211
-1253
-1368
-1095
-894
-1347
-948
-1114
-335
-1027
-1564
-1486
-1394
-1472
-914
-504
-1257
-1558
-752
-796
-1166
-1739
-723
-1105
-380
-657
-1391
-1090
-1119
-1142
-1385
-630
-1223
-1320
-1105
-941
-1389
-1207
-1156
-1081
-92
-1108
-775
-989
-1478
-1066
-1469
-1340
-981
-1338
-1099
-981
-1255
-810
-1325
-972
-545
-965
-666
-1400
-1126
-1085
-1240
-1514
-1187
-808
-1602
-1492
-1236
-1319
-1204
-697
-279
-910
-1206
-1598
-823
-1637
-1310
-990
-1395
-1075
-1134
-942
-1391
-1645
-755
-1403
-306
-1209
-1418
-1505
-1322
-850
-1078
-1574
-1748
-1043
-590
-1785
-1507
-1269
-1473
-874
-536
-1048
-973
-1174
-1012
-628
-794
-929
-586
-1421
-1569
-970
-1164
-1553
-1389
-1280
-338
-1014
-904
-664
-486
-958
-1544
-1216
-1252
-1072
-980
-1198
-1081
-1253
-734
-518
58
-836
-1152
-1121
-653
-1026
-1323
-714
-1225
-1160
-728
-665
-1072
-1041
-189
-652
-521
-174
-291
-395
125
193
-187
9
-255
94
12
-197
-5
-295
-187
-396
196
-695
-21
-555
-120
-914
-467
-133
-333
-469
-227
-550
-430
-567
-249
-402
-69
-680
-532
-334
-465
-72
-652
-452
-166
163
-458
-676
-203
-675
-161
-491
285
-1094
-865
-582
77
-138
-363
-123
-765
185
-288
-832
-421
-1159
-306
-142
321
-1128
-960
-1049
-746
-107
-409
-343
-970
-436
-536
-950
-194
-669
-488
-562
186
-774
-692
-197
-327
-159
-660
-817
-742
-737
-914
-660
-291
-446
-89
114
34
-919
-748
-448
-557
-143
-556
-161
-362
-374
-772
-41
-359
-174
114
-196
-321
-1203
-763
-1099
-629
-222
-425
-392
-1003
-459
-4
-361
-1261
-655
-369
-57
-117
-910
-108
-662
-466
-431
-247
-96
-250
-1368
-742
-317
-780
4
-973
-456
532
-453
-259
-705
-783
-380
-437
-569
-827
-485
-276
-391
-370
-174
-17
-294
113
-1094
-607
-181
-197
-670
-615
-471
-254
-30
-333
-736
-501
-374
-271
-506
9
-866
-755
-705
125
-334
-732
-145
-410
-614
-394
-704
-562
-762
-624
-331
-25
-883
-668
-555
-358
154
-308
-400
-1168
-650
-354
-658
-843
-549
-572
-735
461
-579
-393
-28
-304
-756
-629
-276
-224
-88
-1202
-569
-397
-214
-552
-229
-123
-924
-37
-143
-615
-808
-378
-898
-742
519
-451
-1125
-252
-218
-180
-446
597
-215
-609
-172
-53
-408
-162
-390
58
15
-140
-574
-226
60
-423
189
312
-173
-102
152
333
14
-88
19
311
338
89
207
348
-17
-34
-183
-58
313
564
730
288
332
804
758
432
724
865
-52
377
308
326
362
267
532
1109
931
642
1224
1401
1179
1389
848
1090
1139
1349
1067
1201
916
1256
206
898
1280
1047
1020
1206
1288
674
966
1181
1102
1152
1758
1554
1513
438
294
860
1396
1380
1051
947
1437
1330
1258
1000
670
1965
1565
1440
981
1031
697
1321
1400
604
1518
949
1147
1382
1497
1101
1521
1227
1006
1375
937
774
877
1087
1062
844
1271
1209
1410
1402
596
564
1423
1080
1241
1283
819
409
525
1021
706
1822
783
642
1691
1394
1009
572
1283
1208
1847
1439
803
205
604
1026
1536
794
1555
1054
1437
1424
800
1163
1721
905
983
1302
944
1352
793
1298
871
1321
1400
1081
1326
1735
1044
1177
1539
1405
1036
1639
1466
1035
229
928
1138
715
1398
1166
1048
1226
1614
1293
1066
809
764
1024
884
1210
563
1508
1126
1040
952
1218
1506
1137
646
1429
1445
833
1097
1481
1053
1118
574
1172
1327
1223
1297
1278
757
1123
1083
1265
1195
1267
1478
1073
1557
1156
676
1004
1064
665
1042
1446
1185
1465
1124
1390
1638
1155
1319
1704
1322
1308
300
1151
760
1318
1271
701
945
1500
1642
1246
1238
1288
1217
1399
1201
932
851
490
643
720
703
1446
1142
729
1046
985
708
1140
711
623
867
607
345
680
575
730
584
410
612
779
484
415
723
679
720
513
121
278
14
-576
-324
-687
-476
-620
-494
-414
-650
-568
-400
-592
-715
-639
-386
-266
117
180
-131
200
-294
-132
-471
-164
-217
244
-316
-246
-345
-470
-1094
-92
-107
12
-43
-331
143
-51
107
-868
82
-20
-18
-150
-346
-369
-337
-42
266
-182
-319
-564
-102
-66
-262
-37
-415
168
-345
200
-360
21
-177
320
305
-47
224
-421
-225
-162
336
-3
124
-262
211
-191
-91
-197
41
262
448
320
60
138
-90
-230
240
-222
636
-13
406
401
75
-89
-338
359
390
-277
-23
-210
-159
-262
25
71
-334
14
-45
-353
-30
-472
-820
-144
412
-306
58
-307
-295
56
49
188
-253
-317
-58
-604
127
-373
-240
-551
70
122
84
-38
-238
-57
-65
-419
78
-335
561
8
87
202
-534
301
167
331
-46
60
-54
-351
330
-601
-31
432
-178
-35
-726
-353
-305
-232
182
97
139
105
6
-215
-159
42
-391
318
-240
-106
-222
-597
-801
-371
332
14
269
224
54
50
5
13
-258
-458
358
-366
-443
-326
-830
-297
420
157
-377
62
215
-76
116
-193
-271
218
-146
582
17
267
-466
127
387
16
-617
120
68
198
-308
-275
387
125
-87
109
409
186
247
-269
450
563
209
599
268
317
753
363
215
812
647
19
443
760
137
720
171
337
694
592
515
286
579
289
651
606
592
484
520
793
343
458
51
12
-14
-309
-165
-116
45
-22
603
-265
106
440
171
-102
-6
399
-259
-183
196
233
440
316
22
-213
-86
770
321
219
81
691
-294
790
-563
-543
337
-247
65
572
88
-503
535
-204
-527
169
701
319
-400
-25
-434
-325
-269
189
235
-344
159
93
324
-363
235
261
-132
302
-468
478
-352
95
-245
-359
11
122
135
741
60
359
106
111
3
-57
-124
-24
-782
-274
110
-45
-141
-510
336
54
-648
-440
43
75
-11
-227
-391
746
-152
32
56
-171
-328
362
236
-72
-133
-248
66
-10
-164
-237
-738
937
-421
-244
-130
34
-326
-198
218
-254
241
330
-19
135
-41
128
373
23
-367
-337
245
-181
13
364
574
97
-20
149
542
-641
-382
-272
-155
716
-674
2
-577
-119
182
168
-361
-401
339
235
-314
-260
210
-157
328
423
-242
-490
-274
179
-149
-93
15
-536
-564
-264
-111
139
-207
411
-580
531
-341
-401
24
-469
-109
-42
162
76
359
-530
142
345
-30
238
-244
524
-491
-542
72
-63
-201
-49
-105
-246
144
571
-629
-467
560
32
1
518
-437
-319
-260
68
-17
-239
-95
147
170
-327
478
453
-175
-93
-83
450
-836
-371
-311
-218
-145
-221
73
158
-23
-202
246
130
-60
-75
-560
22
-513
-584
-281
-409
-648
-164
-150
-487
-652
-560
-725
-728
-754
-931
-572
392
138
311
328
602
471
474
388
361
287
443
-127
-9
489
425
20
455
427
367
709
699
1484
825
951
911
907
648
1064
1084
879
466
697
872
585
1225
946
1102
1044
1241
1196
867
1138
322
1724
1342
1593
1288
1482
1089
843
1231
1259
2012
976
1030
1570
1234
776
1338
1481
1627
1633
1222
1246
1112
612
1082
1714
1641
1410
1937
1421
1183
912
1584
1312
1802
1202
1341
1540
587
528
734
1436
1105
1734
1354
1065
1325
1153
1405
1336
1579
1048
1142
557
504
611
1303
1460
1315
1514
1474
1441
967
1114
1091
1358
935
1225
1056
660
491
564
1093
1763
1030
1086
1501
1566
703
1294
1041
1439
1445
1275
1840
760
1402
699
1079
969
1347
1448
908
1617
1486
1540
1483
1379
1014
1060
1393
1375
1006
587
1161
1042
1475
1213
1882
1743
1265
1159
1383
734
1311
1899
1336
1323
975
617
1335
1209
1313
1561
1252
1843
1443
1770
761
1146
1060
1220
1269
876
1441
602
1207
1044
1347
1165
1326
1455
1450
1191
1542
1033
1447
1859
1818
1389
1460
566
1081
1346
1592
1076
1346
1341
1453
1471
1936
985
1522
1780
1297
1771
871
537
1327
897
957
1630
1272
1237
1457
1668
1456
1472
1412
1392
1475
864
1277
206
517
918
930
1073
911
1204
928
997
1302
878
1154
1235
1322
1127
705
38
664
950
847
733
891
942
857
1138
1034
997
1134
998
1082
110
295
-250
372
158
382
580
757
565
526
816
376
603
671
583
930
-32
887
-204
478
721
1225
1212
841
759
705
923
695
1169
899
1025
715
493
1254
-15
637
816
731
945
872
849
443
1403
736
606
1473
1385
737
632
800
320
979
873
975
917
168
1040
950
762
399
913
966
460
397
553
1269
123
868
694
279
483
1014
780
829
536
494
861
226
762
441
584
480
-30
888
382
1252
706
483
809
337
171
856
510
566
1385
334
498
592
382
800
840
599
-170
1003
1116
628
863
555
842
696
253
547
91
968
-23
598
548
250
907
1088
590
285
266
746
269
16
927
689
679
1047
9
846
290
811
986
742
1131
698
961
856
427
1016
624
820
649
738
0
455
631
637
971
1075
557
504
661
756
635
761
1333
427
336
486
89
948
667
1280
786
867
1303
772
722
772
1020
989
934
448
410
1012
198
961
913
64
559
676
834
776
776
418
1160
747
841
1031
833
833
-27
608
833
354
672
434
822
863
1024
1369
808
798
1130
607
481
807
387
515
556
785
347
656
652
717
971
409
1128
1031
593
204
-76
627
-391
172
408
511
223
365
561
299
70
518
608
338
473
103
867
726
-279
193
514
-7
24
88
156
253
104
73
182
347
69
436
3
47
-57
53
693
721
108
208
304
380
467
638
500
311
576
467
421
210
347
-3
570
817
642
895
1247
702
755
741
1345
861
800
842
660
259
457
909
581
902
340
546
258
1037
355
548
920
480
164
449
272
235
247
743
1128
109
695
619
574
170
1145
622
392
303
534
619
-118
148
537
379
850
746
235
171
539
758
523
472
987
580
237
612
607
701
544
762
762
428
654
594
372
852
1096
123
287
50
947
313
566
63
298
1170
1107
400
712
250
652
689
665
625
267
140
698
-63
287
389
265
451
525
626
-15
507
67
675
850
152
225
1333
440
581
656
597
339
515
447
286
655
708
628
149
703
300
156
692
367
18
329
587
293
588
883
553
293
780
868
284
241
463
891
931
601
616
707
-44
199
661
699
364
894
1195
366
56
694
348
376
719
735
-124
203
-257
302
820
781
589
120
819
958
770
374
775
978
636
219
578
39
472
217
823
681
897
918
274
169
620
483
62
996
480
178
634
339
176
414
618
1039
-26
426
444
569
252
478
668
449
699
284
-107
-106
374
508
653
744
749
990
237
620
921
443
383
1050
717
605
321
484
306
331
462
110
225
274
353
428
370
231
360
362
284
397
498
256
401
462
420
262
99
-20
34
289
719
95
88
301
411
-20
292
1461
498
172
512
757
1144
1133
355
869
1171
171
1077
885
877
349
981
763
263
20
493
1048
784
1032
1470
1378
472
862
397
798
696
693
813
1265
249
-146
296
953
1009
800
660
1037
858
983
1262
1005
636
782
1515
906
746
-190
214
938
811
1160
917
409
657
848
830
783
991
776
621
1328
67
0
274
796
1013
944
624
727
973
528
491
821
954
711
901
1023
1141
60
670
894
427
776
971
278
626
1078
764
994
842
662
814
1089
800
282
105
1114
564
823
154
539
1424
786
755
1169
482
612
905
729
340
466
417
810
593
949
730
1111
834
1230
652
1039
273
774
929
1193
1224
17
674
997
415
1060
1146
636
240
850
768
537
934
1152
968
931
726
-390
273
341
922
605
358
404
664
434
777
605
647
558
983
662
182
176
318
1285
872
1171
1153
783
694
806
799
593
461
669
1082
253
847
83
479
992
786
741
550
1177
865
923
967
405
714
951
1334
1108
432
71
818
268
659
481
1133
485
914
785
611
1259
1337
1129
1790
1103
692
561
532
1065
722
366
1263
1272
1371
1020
1265
639
482
734
207
372
643
-145
396
472
520
761
446
434
319
678
436
401
517
470
504
427
580
-80
372
50
523
501
199
18
334
319
281
327
317
475
721
212
469
146
287
622
7
-153
-64
113
2
73
-213
887
435
189
65
523
491
443
223
642
518
129
99
468
653
428
577
538
427
210
635
169
185
465
-165
393
353
196
-75
565
0
252
166
557
-2
426
8
71
-21
418
650
492
149
223
599
196
-140
-116
263
-221
-47
539
538
-278
118
377
-61
428
534
193
85
-170
385
486
401
148
739
534
526
196
43
341
24
403
457
192
329
437
465
698
-65
654
82
718
454
267
-38
270
620
-111
307
959
465
586
105
1053
58
-252
144
136
941
68
443
493
65
381
839
206
28
553
332
168
170
564
787
92
397
69
-17
282
469
556
230
494
263
392
122
403
817
352
524
490
352
192
52
631
436
943
197
628
140
701
339
386
195
952
667
114
175
74
387
526
252
134
167
217
-40
340
968
-104
61
360
847
412
380
247
-219
516
359
440
408
172
638
16
555
304
335
369
304
285
317
102
271
421
431
303
892
562
33
267
530
275
364
506
282
170
-80
104
-208
358
597
147
-311
156
135
-241
-322
-67
-31
208
353
419
489
142
111
345
384
182
380
181
-103
157
395
25
549
369
258
520
388
-38
132
-218
75
-123
639
68
-72
124
-118
-44
-80
341
311
135
-101
140
188
175
770
200
321
390
513
206
196
345
300
-54
331
373
88
-147
-232
266
392
254
160
29
121
246
66
752
-95
290
337
202
412
130
-59
385
146
515
454
134
104
449
-120
409
579
381
320
-85
520
493
61
498
252
181
662
355
-65
78
692
469
312
242
522
161
162
287
-2
248
260
501
214
236
273
-38
105
623
505
219
315
-146
242
-513
-293
363
150
654
-104
477
248
44
594
482
-52
301
-430
146
243
-218
-184
74
190
-143
801
337
-125
191
-560
661
73
99
372
539
141
233
-7
241
593
602
24
402
246
73
-327
226
207
543
355
70
-200
-467
-23
121
717
-472
569
144
224
603
822
421
39
48
296
746
-160
78
-613
663
185
877
283
-226
172
766
156
654
109
263
178
302
486
-234
148
-21
276
305
475
274
223
500
-40
583
467
86
507
624
263
-35
-66
473
197
201
321
24
516
-205
63
223
642
94
688
117
113
333
-94
528
504
385
6
-53
753
296
625
155
-233
-46
348
411
264
118
149
110
801
434
345
1063
328
386
472
985
252
207
1190
920
1015
362
69
494
738
479
261
394
561
542
599
430
384
471
576
395
340
9
117
-95
299
308
250
237
282
145
57
-6
248
346
203
175
-11
-137
198
652
367
538
75
-222
593
150
-194
223
294
-145
540
388
168
-212
-404
508
-62
215
16
358
143
382
28
-159
298
65
-10
-468
-124
-84
-206
954
210
422
-268
42
327
-322
161
611
-29
113
206
522
385
-45
-627
391
496
-23
230
-271
-69
473
738
-301
97
350
-15
407
38
-237
85
830
45
-259
500
-244
431
-94
-253
713
303
79
767
399
391
-370
85
1212
196
166
-232
69
343
235
604
244
437
-148
-163
-119
131
369
173
728
335
-54
-153
179
135
41
158
16
-176
-33
313
507
-12
-6
-189
855
-297
157
92
633
228
-376
-119
314
-207
333
-180
424
238
126
-121
945
161
-41
722
-232
-58
343
351
125
-229
246
578
-225
95
-168
-143
694
152
484
169
269
97
-81
166
-143
494
186
16
389
-203
-280
-103
949
177
397
24
83
272
146
24
-102
-148
312
73
-161
52
-115
-341
1034
236
290
-151
42
267
82
479
397
-206
-43
358
-582
626
75
-113
770
595
254
126
-305
336
15
487
-225
382
218
338
456
169
94
-364
436
475
218
21
592
629
389
522
217
46
537
523
-93
236
465
410
696
281
23
-245
-110
-169
268
13
-15
77
284
32
-265
91
-90
-207
-240
-649
206
118
-184
7
128
-6
-73
-99
-53
-216
59
-190
34
421
-865
-924
-705
-773
-1174
-533
-1132
-480
-414
-842
-1199
-711
-576
-1002
-1512
308
-1084
-1120
-1312
-858
-972
-1146
-905
-1473
-391
-768
-924
-1452
-1249
-733
-1813
41
-1100
-1019
-1167
-1064
-1161
-1181
-1185
-893
-1382
-1215
-1440
-867
-1202
-875
-1219
-532
-1165
-1376
-1245
-1361
-1395
-1390
-1091
-1338
-1338
-1690
-973
-1106
-1108
-928
-1282
-131
-870
-1213
-1295
-988
-1210
-1225
-806
-1295
-684
-1184
-561
-1330
-754
-1157
-610
-336
-532
-415
-1604
-868
-1341
-1079
-836
-1266
-1028
-980
-1088
-994
-1073
-744
-1125
365
-485
-1608
-1235
-849
-1271
-792
-940
-1069
-883
-1144
-1368
-1026
-1052
-1724
-895
-417
-1103
-1266
-1223
-1053
-931
-654
-1310
-864
-1327
-994
-818
-969
-518
-730
-650
-612
-610
-1212
-960
-1005
-1307
-1597
-842
-1464
-1595
-1204
-992
-1020
-1023
-828
-800
120
-1095
-1087
-1259
-1146
-1033
-1219
-901
-1069
-1159
-1006
-1700
-778
-681
-1084
-1089
-46
-806
-1301
-1482
-1115
-1555
-660
-1319
-936
-1308
-1245
-1152
-1307
-1202
-1463
-1182
-248
-977
-555
-1091
-1330
-873
-819
-777
-1133
-1047
-1201
-1191
-839
-1169
-875
-1307
327
-1146
-1340
-996
-1213
-744
-1776
-1168
-626
-1378
-1430
-1402
-1116
-938
-1526
-1496
-78
-912
-823
-1838
-665
-853
-1444
-1098
-1201
-1243
-1593
-1089
-1328
-1857
-1628
-1173
-473
-187
-861
-480
-959
-846
-799
-683
-601
-1042
-659
-522
-960
-932
-596
-811
-718
157
482
-61
277
511
648
202
327
471
64
500
514
460
404
312
190
293
184
619
37
-378
-202
336
-330
212
420
409
-303
-221
227
486
36
632
69
1196
315
232
593
745
378
993
817
745
758
882
698
666
480
906
423
512
776
507
748
642
683
463
64
668
200
400
462
359
205
1040
339
774
407
448
594
297
464
165
1083
442
563
1165
698
1054
23
353
492
1166
453
511
880
1104
912
770
941
726
734
269
418
210
-56
490
379
258
647
696
651
378
300
1024
-247
593
927
697
522
658
265
568
283
197
81
907
917
531
632
435
423
1139
1124
67
601
956
168
252
135
978
615
695
207
674
718
551
902
527
624
923
209
592
75
661
882
1114
271
846
1032
689
477
927
679
1174
497
503
15
690
-157
683
571
314
567
692
840
742
295
779
297
782
852
372
354
994
385
298
-278
525
56
631
-23
521
584
633
371
989
924
461
642
839
41
634
250
1021
504
861
735
455
903
698
266
772
404
623
108
637
-104
751
261
386
730
520
428
552
616
946
367
539
824
80
291
814
828
481
178
942
1097
616
551
471
1038
610
623
923
1192
1125
1113
1390
211
476
506
600
233
515
441
859
525
469
896
274
506
515
263
287
-2
-237
-332
-94
-3
-285
-403
-62
22
-221
-205
403
395
-325
283
383
388
-202
-104
316
558
666
123
590
386
825
-320
512
56
263
602
706
346
46
262
88
269
106
51
-3
387
372
463
15
385
280
179
-261
-147
214
567
797
24
681
864
34
-269
372
680
257
320
514
375
630
33
-74
-46
189
587
362
59
275
681
455
-254
489
434
115
307
-64
104
-42
-83
-412
329
835
-90
107
100
49
120
20
-224
680
697
292
0
193
-47
697
502
420
606
689
459
449
493
810
447
141
88
273
-39
-404
323
155
494
213
2
191
719
512
58
379
382
480
316
288
78
-77
727
438
478
129
268
362
-239
333
904
236
588
-372
184
267
245
87
48
380
83
444
326
338
717
73
93
270
300
243
554
474
179
99
74
311
159
346
-38
-11
375
580
312
717
325
231
587
98
56
-51
442
271
230
102
260
588
491
454
268
238
400
243
543
296
-61
176
242
195
752
776
192
-56
330
528
168
710
347
-271
101
288
-217
182
390
395
451
171
342
348
-385
159
243
42
-62
434
322
55
-301
144
76
269
122
143
-215
-95
-27
213
195
388
96
358
142
-239
-34
384
500
500
443
598
534
501
763
600
358
589
689
429
560
740
328
240
272
219
13
481
585
-72
519
611
-103
-430
246
429
-316
-303
269
-17
-238
-187
431
524
340
-197
52
517
435
-2
106
313
-194
233
-225
584
-18
566
582
277
261
912
237
-217
570
449
726
632
361
524
-146
881
481
-281
846
-72
-77
416
963
902
510
198
479
222
87
293
102
695
48
557
407
553
617
186
433
645
356
634
70
376
379
223
-439
779
292
517
36
281
473
500
352
34
480
-174
301
-59
457
338
-152
778
513
83
730
135
-54
42
-511
300
326
-11
-78
-136
74
-184
4
919
159
408
-326
661
583
256
-115
164
542
582
357
329
587
398
347
625
232
-305
753
578
189
398
774
1061
172
97
-114
316
306
472
-94
262
15
787
396
255
363
144
370
713
583
490
327
1109
0
-24
-45
689
107
-60
720
496
599
128
130
-143
74
354
369
139
348
228
-171
1095
351
92
442
163
351
57
656
540
426
-54
906
659
-155
1078
-231
686
461
580
298
-353
-215
232
662
497
589
-61
302
922
510
310
-107
712
237
-15
78
1042
479
571
251
533
786
341
474
388
65
620
161
608
337
381
654
-123
644
1093
501
185
130
298
822
96
210
-133
-166
491
-224
-170
-168
129
-22
-457
-214
-163
-157
-429
-75
-129
-403
-207
-212
149
-692
-364
101
-159
-245
59
-66
-454
426
27
-676
-211
7
107
-518
-424
720
-229
-610
46
78
296
-645
-3
8
281
-240
-6
523
-211
-724
-463
96
213
-380
-489
239
-662
-284
-674
-627
-314
-482
-628
-501
-256
-200
-101
292
-2
-181
-695
-152
-86
-320
214
18
-60
-241
-47
-458
-95
50
134
-53
-688
-587
-458
-399
-437
-100
-123
109
50
-432
-238
-659
-150
-342
-300
496
-35
-628
-2
391
-274
95
-291
-31
-590
-201
4
-270
-568
100
246
-404
-558
-279
-495
-547
-546
320
-428
-335
-11
-245
64
-70
542
-651
-495
-554
-304
-115
-283
-435
-58
-4
-38
-493
-578
-514
-719
-205
-600
-568
-312
9
-4
-53
-419
103
-218
-5
-873
2
-480
-456
12
-378
-513
-469
324
-96
-194
5
-296
-191
-766
-486
-524
-518
-251
-651
211
-667
88
-571
-112
-130
72
-337
-41
-460
-544
-728
3
270
107
-13
-188
-43
-486
-303
-242
-254
-454
-251
-534
-806
234
-610
-238
-127
201
-432
291
-695
-388
-557
573
-578
-267
-528
-31
-228
193
-110
-347
-782
405
-447
-75
-2
162
-124
188
-411
-121
-1006
-548
-872
-87
-303
-80
-854
560
-310
190
-277
-40
-414
169
-538
-168
140
-109
190
120
-363
-397
-99
177
-14
-516
-596
-234
-690
102
-439
-311
-605
-767
-526
-395
-698
-456
-441
-549
-269
-213
-633
-635
-468
254
551
456
559
470
609
782
575
354
915
19
251
183
527
250
19
-246
-484
455
-645
-31
131
-460
-264
-111
-470
-194
-32
-202
-361
-651
-549
164
99
-219
201
154
48
59
-18
-140
120
104
101
-94
356
181
942
-623
-271
98
-410
-482
-15
-808
204
-150
391
-391
-749
-345
-735
-149
-255
-381
532
-575
-88
104
265
-263
-367
-56
5
-306
232
-555
13
-285
243
-251
400
-492
-225
-230
-14
187
185
226
-668
-135
-279
-260
-374
-409
197
-151
-182
-742
123
12
-350
-48
-515
-17
-116
-350
-653
-248
-222
177
-206
82
-252
57
-165
-667
464
243
390
180
230
-73
132
118
-199
130
284
-366
-372
-45
-404
388
9
-15
153
-176
48
-1008
-391
-67
-487
-283
-232
-242
-238
-38
122
-547
-186
-92
-160
-160
229
407
576
22
-242
98
177
-289
-945
73
-470
-148
124
356
-141
-284
-340
258
55
-141
-60
-229
141
287
65
197
240
-676
44
-495
-526
-618
-35
110
-222
-380
-50
76
-359
-693
-220
-7
-808
-515
247
-792
405
-570
-22
62
-287
-35
321
402
309
-570
-104
-64
108
-87
-82
420
211
-464
95
601
81
-516
-689
-50
-311
-143
104
122
27
246
146
-43
-272
-72
-128
210
-1
-103
-56
-432
-404
-177
-705
-552
-457
-512
-353
-563
-527
-707
-448
-508
-568
-420
-732
-758
-133
273
129
-537
-622
-83
248
-99
-511
-113
-600
-235
-133
-137
-183
342
346
382
158
564
-47
356
251
293
559
185
-69
473
220
37
264
194
32
205
-730
149
810
134
751
859
-415
560
513
-250
252
489
662
419
-215
429
300
388
7
1139
682
403
896
258
230
377
434
1010
429
564
77
516
-284
429
758
447
620
469
538
389
611
577
983
409
844
260
204
162
-36
128
464
207
94
512
706
-216
63
803
280
495
501
353
47
375
119
147
681
579
567
852
165
1033
239
780
330
228
253
14
224
626
151
-101
393
386
543
381
164
348
531
701
1012
375
321
291
131
720
-326
982
552
571
466
-222
730
757
1048
213
709
701
441
578
274
200
227
174
304
517
579
764
885
282
237
1022
73
199
689
587
444
628
-50
589
854
343
245
764
171
230
249
602
508
-23
178
518
142
538
166
-190
-125
463
1007
291
580
963
646
237
703
393
723
827
-568
310
581
895
425
400
1244
347
1115
307
233
776
383
306
343
261
148
859
-268
118
592
577
321
863
125
-162
456
312
38
85
996
552
512
382
24
205
592
1057
580
183
426
512
1053
782
402
739
485
549
19
546
681
891
864
747
813
849
1272
600
844
547
885
280
469
280
207
-182
-422
-65
201
6
-275
101
-244
-168
-188
-307
234
39
-14
-36
-135
-37
125
44
190
180
101
-61
-213
-559
-179
-399
-368
-426
110
-669
-533
-688
375
-652
-560
-1102
-426
-1057
-191
-755
213
-411
132
-351
-438
-619
-293
-419
111
-756
-279
-363
-136
-377
-242
-331
-281
-569
-58
-807
-809
-35
-852
-229
-520
-164
-588
-185
-681
-675
-368
-297
-572
-504
-294
-467
-921
-656
-424
-598
257
-548
-738
-425
-838
-219
-943
-720
-839
-655
-576
-668
-724
-863
-252
125
-170
-622
-272
-506
-101
-497
-162
-5
-730
-512
-100
-370
-740
-556
-464
-256
-789
-712
-209
-286
-575
-795
24
-762
-437
-582
-320
-925
-399
-429
-503
-790
-477
-79
-454
-866
-49
-625
-578
-564
-289
129
-580
-371
-1152
-872
-653
-934
-359
-586
-582
-145
23
-612
-66
-739
-807
-329
-521
8
-401
-581
-354
-43
154
-785
216
-655
-809
-328
-975
-279
-197
-326
-184
-960
-284
-1003
-283
-485
-514
-285
-800
-472
-1107
-142
-612
-771
-142
-1145
-590
-149
-445
-537
-547
-210
-579
-918
-724
-729
-207
-446
-703
-350
-976
-82
-569
-725
-558
-844
-389
60
-349
-347
-250
-419
-70
-57
-264
-245
-842
-758
-818
-749
286
-1031
-548
-652
-905
-538
-237
-132
-381
-615
-631
-487
237
-591
-714
69
-643
-378
-833
-208
-45
49
-142
-172
83
227
-213
131
-118
56
-339
-63
-609
-423
-392
-85
-66
-47
-297
-139
297
141
-160
-11
456
-231
-38
-20
-2
-297
53
-94
306
-135
-327
-110
-464
-197
-81
191
-835
189
194
-519
-763
-387
211
-21
-488
-608
-355
269
-654
-557
-304
-240
25
22
-654
-466
375
395
470
-29
-242
-272
-48
13
236
-265
372
78
3
-75
-406
386
-217
295
-333
-227
92
15
-102
-424
564
-340
-413
-146
-553
-626
362
267
189
-331
-109
-269
195
405
75
25
-224
-245
381
-270
-129
-16
289
-267
-538
-565
-444
112
265
55
-19
-221
-397
656
93
-865
-443
-269
36
-45
-75
146
142
155
294
28
-111
-168
634
144
-346
-255
213
-44
-435
222
-789
-309
-154
82
-402
-618
284
310
-169
-329
-438
221
71
-294
285
443
-220
50
-62
-126
-232
158
-50
-311
163
6
100
370
-79
-1
-250
-309
-135
-195
-165
11
-261
422
-268
255
-539
331
159
47
-140
-18
183
-34
-468
-614
467
558
100
-200
-85
-63
-326
-236
-525
54
-62
153
-338
-10
-262
730
27
-172
128
461
-349
-268
152
-107
103
88
-125
19
-216
193
44
-392
241
-220
-68
-113
-221
-86
-441
-281
682
-265
-195
-213
-88
-478
-703
446
-220
58
169
-443
119
67
353
112
-437
-106
319
-175
-473
-396
550
389
196
264
-268
-224
-181
65
-210
-267
26
17
-8
73
-158
164
-306
-145
-183
398
-88
511
569
-82
598
510
727
207
303
528
420
879
286
580
95
-52
209
500
1170
359
928
918
104
760
1385
151
73
754
955
355
-360
1008
318
674
184
698
674
261
204
781
316
472
694
740
354
645
-497
245
681
551
750
568
199
574
459
256
635
711
451
423
848
201
154
178
-5
147
259
638
315
500
518
1119
517
495
-166
890
938
754
-203
553
526
252
454
485
591
328
592
416
451
492
633
311
720
482
190
462
420
360
210
608
349
-141
891
217
625
865
762
548
663
113
17
439
388
717
337
600
226
-39
709
239
605
145
55
1184
456
531
-141
-26
1113
131
134
616
833
580
142
224
481
543
495
499
287
288
136
534
473
-13
780
562
224
281
236
309
480
290
160
1193
93
336
-254
412
328
318
1162
299
404
341
811
726
180
298
787
360
588
271
-110
403
550
858
690
689
1137
858
672
778
680
837
364
264
253
64
27
591
487
953
987
962
25
350
-63
821
655
434
122
336
250
560
298
550
505
804
-15
310
656
496
609
934
288
555
648
570
431
380
119
340
1000
302
210
489
610
664
776
281
166
666
1104
330
90
173
-205
534
337
369
415
411
423
567
24
411
303
443
349
191
356
768
-21
743
548
715
846
754
115
644
766
611
604
1580
1107
532
766
658
441
1271
314
359
147
589
1554
1012
771
590
933
1026
-53
312
768
869
540
679
915
823
840
982
1148
526
535
1565
1046
802
705
1157
1301
887
168
1429
600
777
836
588
1112
1006
1004
783
598
947
786
1129
968
241
14
970
1137
953
1116
698
449
848
1343
1193
1344
702
1002
1890
879
651
-118
1253
910
971
602
828
1168
1363
1258
1161
931
793
600
856
929
463
177
1133
1315
987
937
924
972
1464
1545
537
685
804
1074
1070
788
662
272
1661
605
185
1109
1273
628
805
779
937
1297
1480
613
536
928
650
603
1435
601
1333
938
689
1087
846
904
945
1083
1530
1109
908
698
505
112
1191
793
694
957
1350
1328
879
1623
1352
963
1133
898
1131
835
863
144
1732
1093
920
889
1006
1271
851
745
916
825
862
1277
1159
597
1047
171
1250
990
497
873
1236
875
670
1286
1085
791
1088
1292
859
771
1432
468
1937
1278
544
716
895
1130
709
1019
1205
794
1637
930
1063
659
590
504
1281
1225
1040
1173
948
895
981
1563
832
967
1038
1028
674
1115
1132
458
1836
986
425
919
1083
661
816
950
420
982
1416
1179
1021
602
851
263
895
467
530
734
449
901
874
803
304
424
617
882
420
523
-48
-139
-408
167
-282
-564
-665
-459
-304
-547
-693
-130
-232
192
-742
-624
-293
112
-589
-40
-229
-710
-909
4
-968
-359
-214
-536
-904
35
-450
-567
-674
81
-1177
-515
-667
-622
-450
-935
-577
-434
-439
-503
-654
-827
-1032
-761
-286
399
-560
-1146
-1269
-535
-217
-838
-632
-682
-526
-386
-1037
-577
-1003
-403
-218
250
-1010
-260
-879
-909
-896
-500
-832
-491
-681
-1024
-791
-631
-210
-566
-348
442
-669
-718
-773
-875
-597
-131
-387
-706
-908
-1028
-193
-729
-379
-548
0
113
-1286
-998
-630
-425
-875
-826
-708
-221
-990
-852
-1165
-157
-771
-157
-292
413
-931
-267
-829
-381
-1153
-951
-665
-487
-692
-318
-871
-502
-1194
-880
-417
229
-337
-126
-1076
-718
-598
-569
-891
-862
-676
-308
-126
-1017
-309
-1017
-279
422
-407
-294
-1268
-499
-520
-678
-678
-800
-547
-679
-991
-360
-814
-374
-484
503
-1164
-914
-820
-320
-1390
-742
-374
-958
-664
-347
-481
-664
-426
-263
-764
207
-440
-1023
-975
-886
-359
-438
-631
-837
-496
-516
-571
-624
-504
-340
-665
178
-897
-730
-472
-1050
-549
-601
-138
-1229
-291
-815
-626
-686
-1070
-496
-274
478
-820
-759
-964
-527
-566
-988
-510
-473
-596
-798
-359
-474
-248
-337
-631
25
-529
-166
-831
-408
-806
-716
-466
-728
-460
-264
-595
-572
-507
-1041
-541
-119
-260
-474
-303
-70
-138
-431
-156
-391
-169
-163
-8
-309
-96
348
358
243
323
473
679
846
839
1211
463
840
613
477
770
1111
1037
820
360
-65
964
1736
1123
1332
1255
1292
597
900
1123
1176
1226
1028
815
622
224
23
1222
1350
962
813
879
1555
694
1325
981
1122
915
1260
1774
992
514
134
907
844
622
1790
1300
1298
1125
1247
1514
1562
1457
1272
1222
1317
1152
15
1081
1207
685
1138
1080
1436
1212
1476
1283
1147
838
1149
1680
1055
1149
405
842
1160
942
1395
1107
1535
1324
1428
1129
1156
971
1909
1271
973
1062
102
1014
881
1208
1293
1202
1468
1039
871
706
958
1115
1539
1166
1724
1391
182
1186
713
1020
1391
1168
1866
1318
1007
577
1274
1370
1327
841
945
1050
524
1173
1248
906
1550
1521
1512
1069
1251
1038
1331
1170
1176
1168
883
1437
353
800
811
1239
1260
1271
1347
1249
1118
1277
1214
1540
979
1003
700
1204
-271
1169
1573
1475
1598
1426
1017
1095
1203
1525
1543
1289
827
1172
806
856
99
1267
1039
860
1317
1085
874
950
1111
939
1462
1041
1144
1233
637
673
-209
1402
1548
1153
1212
1231
1279
1336
963
1023
1311
1278
1029
887
1044
604
-35
1209
1149
332
857
830
804
593
454
415
1224
1064
395
998
677
855
82
1032
1498
738
1260
1380
1457
1307
760
607
1124
1471
1059
975
1062
953
418
733
761
606
705
557
222
605
202
631
874
687
756
412
274
410
-169
233
-196
519
433
21
502
88
331
-90
214
401
514
327
47
251
-33
217
945
376
1204
478
1103
247
452
582
344
-38
409
434
398
-240
684
157
631
93
566
464
281
532
373
130
633
373
-58
562
1063
-215
27
-12
414
-96
224
24
668
585
-14
-1
433
588
344
71
467
186
32
103
396
846
115
225
-380
202
288
764
162
154
41
572
167
295
-202
-283
419
-148
135
578
204
286
503
-98
114
-177
114
219
712
-442
25
256
513
78
69
-181
567
83
544
310
706
374
640
447
113
116
190
274
-101
110
271
279
-179
-88
206
109
-172
-15
-157
312
267
-461
-528
200
470
162
-96
-178
351
442
97
115
332
718
634
398
280
-404
284
248
242
-351
338
151
110
353
53
45
200
415
-306
705
205
124
76
56
452
-129
479
260
303
416
72
205
604
27
885
-231
103
424
67
-71
329
203
297
119
-335
338
592
45
266
807
128
34
710
-101
262
51
531
138
55
160
363
131
32
-84
-318
367
436
-4
-83
-185
237
-120
568
378
-10
-16
339
384
675
228
410
484
328
389
460
35
-336
-73
438
45
342
48
144
504
609
-9
121
818
197
513
-53
-68
261
-79
303
-166
-22
87
-79
88
-427
37
-180
-9
623
406
-62
-276
-75
-42
486
751
383
323
211
661
691
527
649
890
769
135
676
487
143
14
367
387
315
-214
444
622
571
402
254
735
530
13
210
381
-295
176
826
717
858
-5
295
443
488
338
194
353
389
-145
7
267
331
168
578
-36
682
330
367
595
171
646
1063
479
392
98
-216
280
905
-41
491
409
599
682
677
565
445
620
1033
566
768
13
248
301
756
-348
647
370
1164
662
199
302
157
519
322
571
708
417
412
514
527
-412
735
-195
190
728
445
351
511
434
321
552
631
549
91
633
962
-432
720
329
519
621
530
323
209
82
540
481
329
320
648
290
750
83
305
886
196
776
500
331
474
-107
377
501
528
174
392
548
534
-40
261
500
341
221
380
213
484
140
692
257
3
22
298
181
876
-259
534
373
334
206
571
72
335
207
449
-269
355
616
19
392
383
-147
515
711
354
27
489
419
265
836
550
194
501
554
58
407
306
-218
485
501
519
-121
692
197
524
594
387
663
322
354
272
489
924
-472
327
17
6
644
309
-27
147
-164
360
-120
261
474
-52
-307
165
-134
289
-47
250
-34
147
-25
-44
-48
131
233
-20
-80
290
345
166
-93
-14
-45
-176
-30
32
-155
303
208
-47
321
205
292
-32
547
416
2
-215
-273
-373
-232
-131
-119
202
142
-197
38
-113
-446
-209
-14
290
-452
-77
1
548
474
116
283
-148
858
30
294
299
-191
451
213
695
-343
838
551
515
715
185
528
690
535
201
326
162
190
395
361
837
-38
340
629
339
32
514
231
285
68
452
292
117
326
286
216
278
-157
679
264
-13
423
370
316
132
220
138
423
515
145
-306
353
489
-658
92
518
671
545
173
365
792
246
127
714
436
-87
445
885
1067
-116
111
533
302
-139
400
423
729
-13
394
156
323
-84
524
420
403
48
198
446
218
220
334
358
223
396
480
91
-24
453
380
90
545
243
310
495
31
457
355
200
269
45
158
316
369
751
333
500
820
-116
327
337
279
-269
325
563
224
247
-71
379
353
419
190
203
432
-350
-76
62
159
363
348
-56
152
489
414
120
288
229
42
562
946
-108
216
302
78
564
556
317
545
344
257
657
340
612
745
650
1039
-32
498
310
365
218
446
2
925
291
355
833
-317
50
230
211
595
-55
647
231
152
573
229
-476
408
444
609
-56
838
115
235
273
333
121
249
58
74
34
647
678
337
-168
533
332
102
258
177
517
444
161
261
-161
414
219
-108
176
-28
413
-285
-8
861
278
494
-34
821
26
717
326
225
-205
140
-137
-64
512
60
-167
192
494
422
227
614
-91
280
58
178
121
-568
281
175
-788
-138
-507
209
-197
5
89
-249
-37
291
221
265
-105
108
180
-302
651
242
453
806
393
524
547
428
-322
96
286
356
165
112
29
199
-82
350
334
666
-70
180
246
54
146
821
107
-210
-75
152
-38
292
446
321
144
-31
-33
379
395
12
283
1079
562
373
535
158
404
-1
-110
396
639
272
550
-208
122
36
106
822
-298
388
139
161
560
-136
362
280
-98
3
127
326
424
-44
243
452
221
261
-75
-51
-155
65
693
138
52
170
-314
-334
-114
81
-320
-32
139
73
284
189
-47
-25
163
-20
227
278
257
350
425
-294
26
546
181
120
66
442
482
378
-151
-8
132
128
783
81
85
179
-2
490
235
44
224
332
79
113
693
416
-250
234
463
371
485
228
131
487
-30
-170
-200
186
-71
56
211
101
481
430
221
239
6
-104
23
565
130
-395
383
583
265
469
-142
20
-214
-461
-406
-511
607
90
-116
-4
95
147
-264
-265
121
146
398
-64
331
329
-70
446
242
86
-163
358
482
378
690
465
171
437
571
431
354
455
1087
659
218
339
-116
12
-102
-742
-487
-788
-541
33
-417
-54
254
-58
-292
-584
-207
-649
344
-336
-394
360
65
183
-43
171
484
224
-142
689
-39
-278
226
-59
72
323
-839
264
54
282
286
212
-728
483
154
57
-239
-155
-523
301
-310
617
259
-21
-166
55
-68
581
350
-68
243
551
-142
-464
-796
-338
-110
-22
201
-214
169
536
77
22
33
-83
-337
-9
261
-77
-568
-333
-161
-148
12
-213
340
159
-17
94
401
170
-216
297
308
-80
-326
873
124
-70
-492
65
-43
-50
-31
-35
275
499
-21
176
230
-242
-796
53
323
399
490
128
-113
385
120
23
-175
465
-36
306
212
105
-516
158
464
-282
304
33
-101
97
-161
358
311
82
190
-59
152
372
-172
240
74
9
506
283
63
150
-163
264
76
168
312
141
39
10
-504
174
739
195
121
270
59
312
173
100
224
-82
-188
312
235
155
-525
525
352
269
78
166
19
-33
471
-207
114
168
-84
-248
248
-370
-281
414
313
19
31
194
54
-7
187
342
51
114
169
-80
142
-230
38
-524
176
170
-8
207
420
-345
-222
473
10
-57
275
-150
-81
304
-56
-373
357
146
470
643
-296
-112
254
337
243
174
161
814
203
14
-4
-18
33
-140
-117
177
-437
-409
-49
-282
-394
-185
-383
-209
20
-469
-382
-433
616
133
226
532
513
438
630
270
222
545
531
258
70
420
466
275
-150
-692
-197
-702
-472
-87
-73
-21
-425
-407
-504
-583
-179
-197
-407
-372
-923
-368
-1492
-338
-946
-697
-515
-1542
-560
-611
-357
-1413
-632
13
-494
-188
-1162
44
-1002
-861
-761
-592
-432
-15
-822
-439
-769
-312
-495
-212
-150
-405
-679
-586
-914
44
-374
-508
-903
-786
-120
-533
-652
-220
-622
-762
-809
-930
-586
-29
-818
-631
-723
-749
90
-769
-969
-710
-825
-834
-734
-487
91
-663
-565
-409
-430
-741
-1156
-703
-478
-728
21
-463
-385
-260
-962
-984
-376
-249
-779
-320
-1170
-390
-239
-88
-1071
-396
-1134
-153
-1187
-59
-1331
-609
-34
-514
-801
-601
-1051
-634
-540
-842
-156
-198
61
-960
-493
-735
-273
-961
-89
-492
-919
-497
-500
-755
-624
-333
-790
-439
-510
-288
-570
-775
-670
-62
-359
41
-1185
-529
-846
-762
-560
-765
-207
-889
-279
-803
-909
-299
-590
-841
-263
-735
-457
-295
-400
-167
-566
-679
-877
-499
-839
-177
-660
-752
-197
-603
-168
-630
-910
-382
-700
-673
-288
-143
158
-525
-621
-653
-1183
-442
-624
-565
-913
-511
-768
-413
-235
-423
-525
-652
-447
-419
-339
-841
-117
-982
-441
-72
-663
-789
-842
-411
-184
-698
-241
-277
-789
-624
-405
-132
-955
-391
-381
-599
-442
-428
-523
-542
37
-626
-696
-728
-547
-450
-421
-432
-928
-555
-507
-899
-83
-774
-813
-457
-655
-898
-1026
-704
-415
-879
-316
-323
-1055
-706
-869
-742
-1007
-311
-205
-38
103
-220
301
5
-317
-286
353
-100
375
-141
80
342
-205
-317
-415
-758
213
-280
-148
-140
-302
-209
-173
147
-677
395
275
-253
630
332
-310
-366
450
289
-199
-143
-330
-725
96
405
171
-328
-16
-176
-499
-118
-494
-387
-22
-313
-279
-265
119
232
-909
-565
-279
-128
-612
-67
-700
252
-86
-582
-125
43
-361
-289
-78
-269
-216
-424
-29
-57
-242
-937
209
253
-229
-325
-286
-958
-156
-42
-199
-313
-574
-512
-567
-561
-216
-534
-375
480
-205
-421
-271
-343
-645
-128
53
-194
101
-380
-155
-317
-764
-402
-380
-3
-581
-749
-675
-524
146
-645
-182
122
-96
-191
-513
-500
-178
42
124
95
-534
-638
-349
-975
-598
-387
-34
-145
-423
103
78
-112
-52
-633
-343
110
-447
-224
-312
-154
-378
-510
-518
-281
24
-376
269
-313
129
63
-63
182
-537
-763
-631
-315
-699
126
-398
-695
-552
-288
-458
284
-259
-311
-165
-227
-477
-707
-201
-124
-235
-527
114
-336
308
-159
-484
-98
-12
177
-474
-120
-272
-633
-856
-828
-320
246
-39
-774
-206
-55
-296
-187
408
-113
-643
89
-177
-249
810
-62
-441
269
142
-164
-298
124
96
114
125
246
57
-214
-537
-436
-229
-737
-836
-538
-581
-247
-33
-413
-175
-450
-559
-609
-624
-95
-698
38
-312
-363
-544
201
26
-94
-547
-516
-235
26
26
-42
-39
102
-237
424
-56
222
395
187
200
141
-282
321
407
277
-55
295
115
-281
-124
199
525
-110
-117
169
-14
179
-39
-13
-617
-351
-148
584
-4
-99
-478
-124
65
138
110
-117
388
228
100
198
-437
772
631
179
61
-132
21
-186
-326
-16
-299
400
-579
80
-341
-174
-254
-44
-269
-188
-389
-53
53
232
304
60
-672
-467
-334
316
-328
121
-281
554
-204
-326
113
-782
250
321
93
82
214
-98
271
-435
273
-604
371
-301
-12
-312
-306
-397
204
329
-161
-449
-524
-108
-73
-79
-241
186
-156
-81
-265
-111
-112
-161
247
-146
-423
290
-183
-618
139
-163
19
-419
-376
-2
-541
-447
115
-479
249
-107
-79
-599
-499
259
105
7
-807
38
119
-197
71
334
22
-214
-237
-108
-226
-480
-79
-220
-117
-367
-169
-586
-378
-252
-7
-37
-565
31
316
-199
-434
-149
-729
68
-405
-137
-417
-391
78
-345
-193
-114
486
-301
-472
-49
-332
-178
-612
29
-386
-509
-288
-227
-356
476
-642
118
34
-342
-115
-73
-246
-178
-195
-510
-297
-223
-278
-255
-247
-518
-251
19
-70
-376
-57
-179
-26
-184
-622
6
103
-621
-117
372
-400
-131
467
356
-298
-219
242
-217
62
-679
-332
0
100
147
-337
-182
80
-149
537
311
75
-16
-59
-312
-535
-233
-594
-626
-381
-796
-230
37
-359
-398
-479
-146
-360
-737
122
-698
300
-843
-553
-286
-227
-191
-622
-150
-371
-863
-284
-538
46
-93
43
-533
-37
-589
-416
-741
123
-958
-231
-606
-805
-683
-315
5
-301
279
-710
-748
-298
-135
-390
-381
-330
-243
-455
-615
-728
-164
-307
86
-386
-542
-258
-180
-648
162
-438
-701
-889
-632
-714
-325
-430
164
-853
51
-661
-475
-172
-514
136
-694
-705
-768
-79
-17
-143
-414
-147
-585
-175
-402
-768
-94
300
-254
206
-325
-224
-440
-125
-450
-550
-260
-447
-246
-229
-156
20
-320
362
65
-793
-785
-436
-173
-783
-261
-398
-626
-590
121
-755
-655
-747
-747
145
-104
-696
-230
-518
-692
-184
-422
-461
-800
-259
-627
-479
9
-760
-105
-231
-419
-363
-747
-481
-615
-310
-320
-547
-205
-551
-272
-404
132
-181
140
242
-651
-412
-663
-338
-675
-275
-245
-336
-382
-623
-541
-390
-691
-641
-633
41
-733
-555
-181
-664
105
-383
-397
-448
-593
-672
103
-395
188
-712
-30
-165
-556
-193
-554
-527
-151
-119
-446
-353
-250
-551
-78
-73
104
-322
-366
-27
-168
-228
-379
-674
-760
-29
-626
141
-642
-253
-591
-582
-152
-557
-670
-324
-256
-125
-467
226
369
-400
-570
322
-403
-313
-481
2
90
-721
67
-15
-597
55
-794
-620
-463
-342
-437
-789
-398
-512
-326
-75
-344
-288
-828
-105
-358
-380
53
-87
-163
32
-379
-65
-10
-439
39
-217
-42
-535
83
-93
447
611
774
819
509
542
700
465
373
300
680
467
158
-197
29
-690
-537
438
512
619
71
-132
-18
1
432
55
468
370
858
12
-154
230
173
77
138
-35
397
778
293
423
771
340
472
224
-136
-35
293
-30
743
385
595
602
614
485
174
289
558
876
486
274
57
-105
241
177
247
124
49
440
850
434
357
279
653
449
-302
433
521
-404
-276
-260
311
90
436
525
532
740
425
690
510
126
508
457
23
853
177
131
142
345
813
702
583
675
510
1174
194
557
473
355
622
65
144
-145
-65
491
461
129
527
1193
694
574
76
427
960
68
331
219
134
66
506
157
596
727
578
573
465
570
929
670
378
693
616
195
406
-144
475
208
429
536
736
786
399
414
822
942
702
824
532
374
136
-120
559
886
381
152
564
630
400
677
854
469
600
-48
405
-380
244
137
109
300
412
438
856
452
124
261
515
567
786
414
251
-113
281
228
348
707
299
567
814
969
527
707
717
637
821
782
569
277
309
338
739
513
528
6
308
658
896
937
780
1344
244
604
315
-483
17
155
734
472
405
845
693
153
84
311
264
209
719
514
-296
110
371
-23
674
-1
-51
459
296
397
221
344
327
321
747
186
57
611
563
790
242
294
98
121
402
169
599
500
504
121
568
631
-19
420
95
754
795
753
357
591
288
113
200
875
427
1280
374
237
416
867
854
516
468
525
232
659
315
284
724
661
281
556
242
747
633
461
79
840
238
771
914
595
566
702
530
846
1174
602
749
644
877
333
-117
839
1096
900
872
947
944
753
324
976
736
544
371
1497
766
65
229
759
402
1015
618
538
558
734
983
947
948
863
1208
737
868
698
132
1071
1279
1274
1338
1199
494
1052
1074
505
334
1238
631
973
815
585
399
625
1117
1080
498
671
1396
879
656
652
1123
566
933
890
695
387
358
839
766
867
600
1202
0
917
583
1292
525
627
653
478
640
604
412
1032
601
793
782
641
1035
716
709
462
871
1103
498
1279
713
569
356
787
1247
807
584
911
557
870
764
863
924
391
984
434
565
444
918
1174
132
812
946
640
909
1204
815
1171
949
612
985
888
890
621
592
800
604
1045
788
903
641
736
885
850
912
1104
466
973
937
739
753
1007
826
561
1139
1241
483
878
1137
1332
916
644
1043
624
670
811
776
585
419
1003
353
1038
1185
826
456
614
579
58
485
1027
730
980
97
699
428
374
600
421
346
36
18
63
178
321
219
350
390
-86
587
-437
767
72
445
178
627
390
108
283
416
117
342
354
587
-78
235
19
524
-220
-332
12
-445
-31
186
198
-307
-410
-43
-99
-572
353
510
165
-46
-122
317
25
243
5
-196
48
406
320
476
273
-59
491
292
-73
231
626
-86
-230
-53
398
270
380
313
-381
263
220
-504
-684
-318
-68
200
16
334
145
195
-644
-188
117
-172
-78
457
378
-146
88
121
-51
237
-179
-56
-6
103
60
462
-105
130
4
351
-284
-58
609
175
-107
212
107
-86
-75
-303
580
-171
36
-128
455
166
148
-214
-470
306
-343
281
-449
-167
334
32
-72
-65
117
110
-197
-406
-714
-42
-198
484
118
-350
-143
212
-446
-317
260
-138
-371
-167
-276
199
422
-447
387
94
-203
-233
536
-17
-172
375
-222
45
77
111
-411
428
-123
-98
-276
191
194
362
76
-388
-138
-81
-190
-205
-24
-836
-223
67
265
-84
-495
210
-80
-217
311
-53
-437
16
-30
-42
-51
-116
230
-368
183
-492
144
674
-66
73
-141
-33
-317
56
-128
23
412
-80
-334
129
253
-80
-281
-166
-153
-38
-181
-107
-38
-160
-24
83
-413
-230
159
-304
-157
-67
-57
0
15
-323
-148
-117
-248
-62
-371
-440
-81
-284
-426
221
-234
381
-355
-230
-155
-407
107
-899
-793
-699
-666
-606
-507
-394
-334
-88
-102
-584
-695
-607
-118
291
148
328
135
298
280
338
268
225
-71
-31
33
222
-277
-58
-179
644
-57
333
191
-97
-250
489
169
634
-270
188
785
636
-289
266
-63
-61
164
238
-37
205
114
-93
-292
260
426
99
144
-184
-276
-15
-71
207
894
-38
312
-247
204
49
420
160
93
441
-64
584
-115
-452
35
76
397
148
627
267
486
-413
244
-2
204
-18
475
-75
-64
-341
-26
250
130
145
-123
515
12
241
489
146
-12
214
-198
338
-134
1
-207
125
369
753
-117
-586
-250
177
35
-323
272
12
87
-643
189
-630
-334
255
196
117
621
-60
695
296
47
-336
602
334
180
226
269
-506
-132
212
317
-98
-237
58
700
123
183
177
-331
14
302
-106
-61
-60
-247
340
54
391
133
-142
300
-45
534
285
325
62
415
111
-104
-556
-218
394
23
88
-396
75
474
-163
-397
363
-53
352
302
-242
-227
-269
-94
-41
522
-33
288
360
-64
-268
322
-388
303
538
-253
-185
-474
126
-230
360
454
-119
-153
260
84
597
527
-107
650
310
482
162
-512
-76
-83
-31
330
51
38
-126
-32
645
54
489
143
256
379
184
321
156
-163
498
13
-154
333
-34
200
214
643
85
349
270
-93
-167
95
17
-415
347
373
-12
-199
137
-272
-99
-188
28
-196
-98
251
163
-143
-574
-315
555
876
47
236
-174
143
219
228
200
-29
-291
349
513
-84
51
426
429
480
511
796
737
748
703
1036
380
720
927
557
565
97
172
552
366
174
187
753
619
202
24
702
595
241
534
214
-19
494
12
510
692
239
159
-2
-162
1106
-155
801
10
832
-351
65
162
620
61
209
439
620
881
375
470
-23
644
168
32
396
160
258
209
863
-291
184
285
-277
379
499
307
-13
254
411
-71
162
315
-271
-187
369
-648
-129
2
-17
-190
413
-77
481
623
172
-21
612
-126
234
228
184
-191
7
785
31
351
219
222
392
-281
205
713
211
621
380
269
187
139
95
410
-104
-55
206
568
801
101
291
349
81
73
104
-71
468
-274
115
272
325
512
262
370
238
232
306
338
185
532
43
275
243
-47
-70
-6
303
-176
451
673
-191
304
495
-322
628
767
137
163
170
240
444
309
728
54
46
330
399
280
405
516
202
235
225
-704
-409
154
191
27
-105
-52
248
208
-78
-96
-11
379
-92
-149
311
284
124
472
-32
563
-77
-223
162
861
355
241
228
790
-156
344
950
253
31
424
263
435
260
-80
-39
48
-106
263
214
426
347
889
89
3
-300
-317
398
453
-30
95
263
271
100
161
195
-100
364
-35
-535
-431
26
-233
-630
-816
-495
-689
-302
-441
223
-794
-493
-443
-496
-727
-192
277
-506
-442
-1030
-746
-4
-806
-148
-139
-476
-603
-397
-329
-1084
393
-413
-255
-791
-923
-480
-462
-332
-100
-399
-431
-571
-466
-565
-449
-178
-516
-191
-311
-568
501
-577
-258
341
-213
-611
-684
-288
199
-464
-61
-405
-303
-351
-415
-1242
401
-238
-717
-504
-305
-223
-451
-749
-333
-531
-263
-361
105
-321
-921
-584
-615
-24
-1004
-239
-726
-63
-210
-124
-144
-324
-630
-311
-502
-108
-443
-635
-75
-329
-1155
-641
-340
-503
-678
-562
-788
-279
-693
-102
-213
-67
-150
-481
7
-542
-170
-284
-181
-191
-353
-347
-694
-111
-433
-544
-805
-241
-365
-622
-421
-809
-467
-384
-63
-681
-538
318
-430
-585
-525
-903
-779
101
-117
-218
-453
-566
-279
-158
-531
119
-445
-489
-957
-360
-414
-298
-48
-653
-595
-291
-628
-250
-412
111
-535
-661
-161
-753
-149
-345
-789
-539
-567
-842
-398
-1010
-201
-613
-553
89
-180
-461
-757
-868
-886
-39
-642
-334
-455
-379
422
-1015
-107
-366
-407
-200
-335
-310
-311
-43
-511
241
-254
-612
-498
56
-556
-410
68
-644
-764
17
-734
-788
-291
-771
-567
-934
-568
-143
-608
-421
-676
-924
-55
-389
-288
-395
54
97
-215
-210
-63
80
118
-421
188
2
299
-289
-90
-531
-189
-25
-206
-233
20
-84
-73
-280
26
-279
-855
-344
-399
-298
-435
175
-121
-161
-262
46
-69
-217
-21
-167
-127
-153
-109
-33
-197
-125
153
146
47
73
-45
-50
140
118
24
52
-67
145
-247
-139
-22
55
-180
146
140
-40
-360
168
-45
-67
-69
72
-122
-162
-145
-148
54
123
-228
168
-45
-267
-42
-141
-164
-162
-68
51
-142
-45
-141
54
-17
123
-108
-50
72
-66
163
-145
-45
-158
-45
-71
-159
-167
-23
-262
-47
119
54
-49
-22
100
-45
-68
-162
-159
-145
-162
-159
55
-45
-141
-62
27
-72
-26
-54
-241
-253
50
-47
-51
-50
-159
49
-122
-47
-68
-95
49
-46
100
163
-136
-27
-49
49
-162
-141
-42
145
-22
19
46
-253
-62
-23
95
-45
-116
-42
-42
-95
-145
-159
49
-162
-186
-259
-236
-113
23
-69
-54
-50
28
-162
-162
-68
-45
-42
-167
-45
-113
-173
-361
-73
45
-64
-22
-241
-133
-159
145
-68
-253
-90
-90
-253
-68
-162
-162
49
77
54
46
-4
-162
-42
-253
-184
44
145
-66
-68
-136
1
-73
-105
-63
-144
-40
-141
-136
-42
-73
-253
-159
-141
-253
72
-258
-141
-22
-45
49
93
-46
44
-258
-141
-90
-73
-77
-162
49
-50
-258
-162
-167
-258
-62
209
146
-22
-95
-69
-154
-41
-40
-48
-44
28
25
-44
-1
95
27
-68
145
-176
-40
-72
49
-171
-195
-112
-95
-168
145
-42
-166
-188
-69
-285
-11996
950
5120
-359
2374
29729
-21845
-5108
-21603
-22210
-34636
-26631
-7565
-1897
1651
-22991
-19021
-14408
11646
-67415
-90213
-9560
-42688
-66429
10835
-51901
-16769
-28326
-51035
-42876
-33577
-60505
-5066
-41674
-44442
-63204
-10921
-11839
2712
-37462
-17306
-33118
-26851
-42376
-50343
-55186
-40202
-72062
-29902
-63242
-8511
-25717
-55898
-28918
-7850
24053
-2860
-38334
-49391
-47563
-34284
-13282
-33117
-39870
-32662
-66118
-16561
-80915
-40009
-47817
-50126
-47498
-61517
-60413
-43788
-19929
-56726
-53033
-102483
-63318
-19005
-48094
-24058
-38720
-27665
-60091
-39545
-29532
-21522
-31120
-17817
-48291
-63446
-57875
-69432
-66190
-3425
-58133
-3250
-13141
-50651
-81346
-28519
28988
-18112
-47042
-70039
-18658
-22967
-71476
-58103
-47091
-10761
-29838
-6479
-18316
-6806
-29988
15270
-48567
-75297
-64557
-23167
-48191
-61675
-119065
-46956
-65852
56
-55517
-50508
-21690
9082
-97622
-57306
-26755
-1216
-31887
-26689
-65549
251
-7800
-33579
-32564
-930
-29888
-12039
-13761
-66289
-58722
18021
-75705
-41643
-41507
20204
-21229
-7235
-23833
-8814
-28873
-20556
-39960
-58610
-21018
-14593
-25640
-29536
-50341
-10133
-32597
-51653
-40479
-48161
-17035
-50132
-76730
-23560
2181
-16764
-40095
-25584
-42160
-23480
-64279
-27382
-19364
-11786
-18607
-4254
4240
-37449
-46925
-38206
-57383
-41860
-20697
-26078
-49871
-9460
-23407
-47151
-51663
-72405
-30461
64
-71453
-39336
-56229
20682
-14812
-1412
-47107
-59672
-53088
-24288
-103481
-35330
-90015
-26212
-40554
-57178
-1671
-41400
-96636
-18066
-80660
-104884
-61395
-39022
-68869
-24302
-35634
-42496
-45234
-31643
-31106
-19786
-23169
-57155
-62571
-42099
-32490
-16042
-11379
-16277
-28890
-13380
-41802
-39586
-34940
-25275
-22013
-22878
-11060
-18870
-46809
6857
-12788
-12816
755
-18568
-25299
-14565
-14825
3703
-1751
-27036
-6350
-7267
24124
-20106
-23788
-29560
-18870
-4561
23509
902
43426
-21593
515
11065
-15180
32407
-29888
-9143
1122
38164
958
15682
-4465
-17906
19654
-21670
-2434
-5030
-28450
-29788
-9915
-1720
14757
-1873
1491
-8889
1906
13107
1622
47431
17503
-36522
14002
-13667
23188
12230
-9152
-19653
4110
20472
-10399
-17642
-9225
-34439
-21065
4433
1171
55261
20126
24377
-5231
32272
-3143
23075
14822
-11365
-6202
30013
14169
30261
-32362
-19266
-23549
-18423
-1403
10217
2028
-36534
-23099
-1406
-22729
-39184
7711
-28455
-1540
-14754
-17505
24568
-8752
-30003
-15932
1962
32495
-20777
-21721
-14311
43537
-10870
4856
7148
-14506
27378
26644
-4487
-3885
13381
-218
-20247
-4695
29091
15465
10438
-38879
-4951
18596
15297
-26159
9068
-25469
6609
30879
14245
-13011
-5623
29744
-553
31460
-43511
-37994
-18469
-25790
-54026
-29036
-12122
-12609
19221
-74399
-19146
32326
25438
-66001
22163
15535
34212
-13393
12000
-21604
34024
-32938
19385
23470
17685
-20720
8705
-35239
-36993
29206
3565
-12233
241
21757
-10863
29282
-20380
19412
-32612
16033
-20589
13630
-7320
985
9690
4134
-5278
7057
34790
-16073
23770
-52215
-24677
-36232
2423
-6200
38838
41852
-5476
-19602
52769
19564
-18691
-1031
9848
75582
-9453
13970
42582
-29962
19190
-30250
17560
-11306
22244
6421
6279
17238
24989
-16997
28792
-12932
-13694
86457
-23906
-15926
-10297
13477
23881
36090
19243
-22891
3770
-2122
-27723
9626
-6825
-36970
-1708
-27509
2266
1276
16159
43261
8166
-48370
-33644
-15463
23637
-17321
28562
16013
49920
-4453
-10690
15649
33408
-12318
-2507
-20969
17650
29176
-6752
-27251
10009
-12396
-18783
7872
-20602
841
-440
27353
-8351
15578
-6554
-22867
-27812
-47928
-31893
-14131
-1167
-28681
-16280
8058
10472
-26722
-42058
-4472
-10609
-9058
38134
-38188
-40099
8274
-11095
-35328
-7649
-20401
-32185
17198
-60794
-13565
-16573
-36874
-31470
-4171
-19401
-14292
-1502
-11232
-47130
-56708
3260
6655
-12278
-38928
-38097
-12808
20687
-14977
-4247
3832
6710
-24319
-35322
-32266
-17455
-11316
-5508
-91365
-21166
-794
-14016
-13377
-27489
-59700
-13844
-8940
24304
1098
-18580
10815
-26767
15885
-29038
-23377
-5745
-1949
-27485
-43025
-24016
-15225
21223
-31588
-1496
-29384
-40538
-23436
-34603
-28745
-17157
6510
7833
-85542
-11017
19714
17361
-17915
-4766
-18453
23566
-26169
-34492
-329
10000
-13506
-60636
-43471
-8651
-25080
-2047
-34549
-59804
7236
-64890
1025
-36247
-39399
-22910
-8567
-20502
-33023
-56758
15841
19327
-22852
-40332
-21574
-1497
-451
-27860
2421
6384
19732
-12765
-60486
-46444
23848
-15717
-18392
-60146
15188
-14362
-13647
-56615
2376
-12308
-6638
-14692
5559
-61036
-34424
19401
-46811
-55887
9651
-41017
-20533
-69967
-43653
-31731
-40200
-40548
-17044
11674
-19353
-1250
-52678
-9553
-46084
203
-37234
-8327
-4505
-1712
-22067
-2180
-32817
-43775
1618
14057
-70716
-11588
-7337
-31264
-41293
241
-222
-55979
-59003
-34588
1162
-53819
-15095
-30872
1019
10531
-6052
-47086
-9239
-40645
-31086
-48405
-12473
-32635
-23226
-2675
-25636
2220
-27430
-29451
-18911
-6430
-37394
-60184
-26677
-16620
-21533
-2079
1520
-19165
35619
-39637
-35409
-21068
-45166
4809
5956
30490
38038
43789
6790
-387
35270
2893
24417
5939
-1167
-2612
3800
-16538
23796
40817
-20606
-17252
-28143
-16611
-54899
-34454
-31815
-32500
-29188
-61759
-37217
-71108
-40463
-46624
-47119
-69491
-16829
-4065
-29597
14089
-18099
-23512
20355
-35071
-582
-24485
2306
-7622
-16455
6023
-4435
-26713
-10593
14402
-25867
-12799
-63642
-56091
29667
3886
12536
-9944
6094
-30547
-16707
-31697
-10698
-5885
-11578
17564
-22073
40513
-11035
-50808
-47048
-517
-31927
12871
-1096
-18549
-31769
-14755
-41818
-21839
-32152
-21244
-53088
2486
-58621
-15658
-47990
4223
-45279
417
-42493
-28968
-11404
11731
-50641
3072
-36978
30450
-4108
968
-37346
-12245
-28032
-34577
-32857
2483
-4126
-7358
-40556
-41887
-25572
-51029
-39754
14980
-23240
39991
14060
11668
-12914
-11372
-6860
-1512
-36862
-18791
-21383
-6885
-37795
-26110
-34061
-457
-31435
-8495
-26707
-17677
-27084
2004
1987
-13012
-60020
16209
-1308
11269
-15729
-44129
-17724
11374
-46427
-16930
18303
34455
-63649
-65108
-11261
-4137
-22558
-6097
-23451
9197
-18126
-43383
6981
16655
-55820
-19498
-41024
3278
-37241
26844
-20109
-19744
-34874
-9262
-9887
27933
1673
-24469
297
12135
17817
-44346
-21305
37186
-46917
-23003
-18071
6732
-18511
-7900
-27065
-33467
16296
-6655
2655
-779
1223
-62595
-9335
21176
-57169
9677
-59509
-5344
-32662
-23547
-32376
1492
-22546
-41083
8406
9819
-9009
-7935
-17310
43754
-39066
45953
-49726
10405
-2581
-27790
4003
-13681
-13231
-49605
-8524
13894
2526
11098
-42627
-20656
-25245
14711
-56511
-47500
-41696
-33007
-12570
-22731
15534
-20854
1179
6153
-42949
-59506
-22118
-4631
-31187
-7374
-35678
-9240
-16417
-47053
-44779
65200
-26967
-45176
-23028
10137
17914
-10447
-22103
-38191
-37146
22542
-47053
578
3282
-5088
-26167
-26211
-3697
23756
-25929
7653
12348
69665
55538
15389
14571
28265
55104
27958
44745
27966
40594
31614
41953
27880
49676
13624
28838
53969
34301
56674
52044
-9018
-2708
-4777
30777
48455
20015
13240
50243
28478
42071
36639
27364
40423
23682
14015
164
22715
18267
22404
38586
16097
24998
45038
28021
26319
54542
33726
46863
87243
38077
52408
42548
47796
73796
15084
48809
41005
46278
37934
41800
35315
47846
26151
12904
36227
27098
73789
57116
57820
14956
27049
61845
35345
3024
43192
58541
52389
71018
3324
5279
20822
-28512
10416
14630
33743
-25586
32555
31633
32784
25673
57702
55313
52189
12919
25484
23036
15960
-1939
34804
34574
37964
14965
23049
31088
41078
53324
56812
20892
30033
18653
33516
24723
35944
39290
45238
17945
38752
40649
76249
19666
11969
-6885
35402
14393
27185
21893
8455
3907
54123
35088
67333
35231
46876
19817
49622
-4980
40522
13727
28015
-7577
-15137
59830
33722
50447
18970
735
49045
35692
27139
15330
48420
7883
61231
13943
22991
59740
36259
49799
3799
45700
36124
29989
63412
30911
37592
38375
51672
39468
39742
51720
24229
46570
20536
75382
14092
68552
25754
22474
63233
22082
45161
13948
33386
58568
21186
21089
23718
47089
26935
62803
1500
41701
46788
16712
61855
18711
68218
15155
45597
55897
51032
47909
51773
56752
40662
47801
17525
39430
86571
45872
71279
1214
47026
19683
64502
25364
45513
17013
42834
27609
-18293
96838
38640
55104
18416
17281
44260
34075
65211
5018
40235
59615
16150
-12597
23634
51587
35050
61154
-3856
-2673
-27650
-16326
-6581
-25785
-8466
-12958
-15079
288
-13468
7652
13797
-21721
-3476
-1797
4586
60908
27626
23646
32285
30381
14201
40693
41545
14979
67345
48886
55938
19143
46097
18254
823
93562
33316
55879
86116
66424
18073
60578
72216
26662
80484
33123
64231
60108
70770
13788
-20730
73530
39209
65790
69761
51139
45855
28664
95659
35179
84457
43897
43550
77698
82925
44818
12344
92777
39946
49422
49837
62106
44393
43616
11404
43069
63677
51104
59351
55414
39736
27345
-6116
102517
68773
82468
66857
69245
45698
86756
53284
70729
62642
59584
66064
96272
55563
72990
14759
72220
59808
50989
64052
72583
51634
61092
43902
87572
58018
73305
68708
106211
50816
88600
-14367
61813
48481
46972
48011
87513
85052
43367
4316
76826
69291
97237
32284
58678
64501
48729
-9236
38611
35253
45467
23815
59550
60148
51827
47472
87458
52192
109177
73826
70474
113115
46185
14535
58428
68754
96326
38853
57730
83330
60326
25153
73635
50236
91547
64684
31235
92445
41062
753
30270
59823
79452
60717
95325
65823
41029
91486
68404
56415
17071
71471
33194
74280
-445
25761
52382
104969
91402
25396
111526
62425
53168
71266
63319
77605
68363
66209
76024
86457
50920
8291
68502
45213
76178
52003
116192
10498
80624
88383
55860
38059
28106
69612
42909
73800
41813
11528
99395
78149
76097
37321
98287
12901
53275
43027
79843
55301
75624
54511
33018
88283
30792
9688
42135
52322
55549
31209
79267
22422
90015
74046
57688
88590
81856
72745
34823
64830
51948
8191
41215
83832
93915
67065
81792
53834
56549
83525
46009
77593
66939
48089
77467
54873
48779
12949
24249
29473
31475
37563
32504
31998
43733
41453
38054
47817
22082
18728
35267
17465
38456
-33072
-45272
-33653
-36596
-35814
-58212
12013
-12630
9344
-11572
-27135
-10341
-17481
-22341
-42992
-27195
-78692
-68755
-72222
-80940
-69241
-73413
-39008
-67971
-65963
-51575
-69630
-58563
-54843
-53014
-59228
-57731
-50266
-53392
-81521
-69173
-88867
-81590
-90781
-85640
-90494
-61518
-80748
-40318
-43918
-58388
-62383
-37472
-63087
-38525
-56445
-56022
-97290
-80496
-59558
-64265
-56043
-50100
-48003
-14163
-50741
-56759
-15284
-10225
-51469
-43564
-67967
-22018
-71507
-49406
-57370
-81984
-63506
-32476
-34364
-61682
-54283
-50626
-7651
-30653
-95761
-98642
-88225
-38893
-82837
-42108
-82607
-77956
-73580
-68499
-78702
-57851
-48110
-39358
-11223
-40064
-71317
-78270
-110555
-83858
-98074
-80019
-95148
-71145
-72107
-98568
-61829
-42688
-50232
-20351
-50489
-46272
-33374
-63866
-70848
-28422
-84655
-81463
-85227
-25281
-64004
-97120
-123206
-82149
-73492
-48087
-88504
-39483
-63218
-70191
-91290
-65942
-110589
-41542
-77001
-18608
-72665
-101952
-164809
-97151
-85911
-92389
-89799
-69001
-19624
-54282
-124481
-97391
-81587
-62501
-114865
-37341
-124243
-91629
-138495
-109583
-107485
-101670
-77950
-57946
-33886
-124916
-158119
-135376
-120821
-95357
-88950
-57733
-118282
-85932
-120287
-127896
-103751
-117678
-83722
-56216
-48381
-116320
-109666
-116019
-155997
-84007
-84612
-85379
-105882
-79675
-68813
-98711
-122651
-130144
-71085
-50670
-67908
-130042
-144608
-116291
-136695
-44060
-66322
-59102
-79143
-61848
-57527
-92297
-99344
-78842
-89759
-76839
-80250
-81449
-81467
-31424
-58592
-11273
-45315
-15274
-73760
-36912
-88164
-70776
-42733
-93630
-81371
-77930
-12531
-35013
-53248
-68693
-79240
-8842
-37784
-31129
-63194
-62693
-120827
-94451
-81269
-63212
-44375
-68021
20552
-42611
-57877
-63981
-54824
-17328
-53188
-44239
-51214
-78539
-97673
-73120
-52154
-25212
-54016
-89457
-32764
-53631
-81869
-79816
-60027
-58475
-54160
-80885
-45060
-66245
-95593
-77297
-81846
-56301
-80846
-94180
-36194
-76034
-79474
-57977
-78200
-50295
-53044
-45478
-37254
-64407
-76243
-53390
-42549
-46180
-53071
-47474
-55828
-82430
-81623
-57006
-89740
-61672
-47761
-46358
-79188
-62277
-46638
-55830
-78559
-61414
-66770
-45544
-37921
-103854
-53784
-17028
-78742
-42285
-89818
-61542
-73570
-50675
-61931
-57121
-74255
-51777
-76509
-45110
-63524
-99841
-69402
-61481
-73230
-79239
-87836
-43354
-56110
-96342
-73406
-50483
-56173
-80672
-65341
-50091
-46403
-85932
-60058
-48802
-48903
-85574
-50178
-52952
-71715
-101073
-49011
-53940
-117259
-107730
-92887
-36264
-28282
-80743
-32747
-29862
-76143
-75186
-40482
-23003
-89152
-61728
-97726
-84846
-88587
-68652
-51169
-17918
-46459
-37912
-48200
-73817
-92317
-57777
-46900
-65103
-85304
-83753
-70359
-92709
-58265
-70520
-13251
-65690
1542
-56097
-103546
-75241
-51163
-62414
-94529
-68752
-81981
-46873
-79819
-118779
-80937
-28037
-88919
-70007
-34810
-94714
-66765
-96597
-103845
-85200
-53806
-83905
-41042
-65149
-75463
-86135
-52919
-64111
-56958
-70161
-49370
-98284
-55699
-126163
-102773
-59207
-89249
-91070
-51298
-73760
-77475
-60607
-106911
-69324
-92580
-60890
-62905
-48836
-105733
-93192
-97693
-75562
-100604
-48415
-102192
-79077
-58182
-70259
-75995
-95019
-97025
-86753
-78561
-75767
-81062
-80023
-70095
-74208
-27802
-38109
-70752
-56798
-56132
-42856
-49041
-112464
-68585
-89586
-26806
-95247
-29137
-86633
-58300
-59895
-20401
-67311
-84426
-101791
-78640
-56339
-124050
9362
-74598
-89330
-40403
-85606
-68186
-75893
-64662
-81706
-67780
-47209
-96804
-83882
-47550
-75124
-71816
-30848
-92627
-86693
-53880
-24203
-12478
-35003
-40179
-77801
-24135
-45955
-48032
-25801
-6872
-45903
-39879
-63857
-42027
-11542
-154
759
240
32
56
203
-63
253
-9
210
117
295
480
465
419
419
-250
-272
-329
-297
-98
406
-88
-50
407
-89
-187
-315
-84
156
-64
276
-445
-206
-185
434
-2
200
588
-36
-49
-189
5
250
29
-56
403
507
-263
480
-237
71
170
-96
87
-287
-695
-340
578
203
103
239
33
-4
-542
-232
-228
530
262
178
-1078
83
558
421
-245
151
179
-42
-407
392
-726
381
476
292
-120
-146
28
224
370
59
206
211
-328
378
12
-102
-301
-166
63
70
133
265
955
315
-452
-32
126
379
-233
-473
-937
682
-281
-24
311
199
-289
97
-456
-142
54
144
-180
216
-95
116
691
523
-404
246
-165
-93
357
307
-415
-93
-61
-230
181
612
-178
100
104
-121
-115
-153
-108
81
86
377
-151
380
141
678
62
-143
203
600
-104
0
-806
-179
204
490
-541
-142
-155
-147
2
-319
206
325
82
-363
719
501
-441
19
305
-191
222
649
-462
161
222
444
262
-150
-334
35
47
392
-937
234
184
-9
-404
228
-142
40
-211
-22
227
143
803
188
145
314
-378
14
-346
323
-98
-358
60
495
239
241
-128
280
-193
52
154
267
-459
-515
-572
-359
-152
373
-373
-157
-113
-427
-298
-408
-414
933
143
-404
-1126
-371
191
-165
-219
-577
-326
-137
-825
-665
399
198
-232
-722
-744
239
14
-243
-273
-148
-132
-11
152
17
19
-630
-478
-201
-90
-19
-329
-397
-523
-1150
-1193
-510
-843
-1103
-505
-1003
-967
-341
-903
-681
-1338
-915
-933
-297
-256
-433
-402
-923
-886
-554
-748
-932
-836
-836
-469
-709
-836
-928
-859
-334
-36
-510
-775
-625
-662
-482
-382
-489
-821
-95
-1235
-584
-311
-698
-723
-255
-731
-1320
-1026
-660
-779
-1156
-855
-918
-527
-1261
-798
-1003
-975
-855
-439
-278
-163
-674
-490
-1127
-1029
-764
5
-1038
-1031
-1003
-833
-744
-722
-1067
-1190
-791
-563
-448
-263
-536
-824
-662
-1377
-850
-431
-508
-763
-616
-897
-499
-176
-859
205
-464
-623
-512
-188
-849
-1145
-816
-631
-942
-1129
-890
-653
-661
-1353
-130
-385
-1109
-461
-898
-838
-566
-917
-758
-785
-537
-694
-422
-481
-765
-810
-422
-638
-887
-622
-987
-640
-680
-965
-567
-328
-1090
-448
-408
-468
-511
-384
96
-272
-621
-750
-535
-1153
-907
-601
-194
-1661
-923
-690
-718
-1162
-889
-833
-183
-407
-802
-923
-728
-586
-594
-879
-500
-643
-552
-829
-725
-525
-905
-507
-709
-446
-723
-944
-387
-468
-608
-597
-705
-778
-1107
-413
-746
-920
-568
-611
-413
-169
-613
-621
-792
-511
-646
-804
-688
-778
-878
-1097
-1339
-738
-647
-1185
-511
-466
-531
-976
-1101
-1118
-928
-1012
-1403
-1041
-693
-1167
-1278
-474
-755
-775
-359
-121
-465
-706
-714
-776
-506
-441
-472
-328
100
-819
-629
-418
-483
108
-135
-138
-45
-126
-80
-128
-40
34
110
-412
-252
61
-328
-178
-414
-254
-101
42
-216
-675
-85
-458
-749
-415
-176
-677
-500
-302
-147
-531
-419
-342
-353
-355
-398
-354
-700
-791
-618
-566
-429
-44
-936
-260
-464
-443
-383
-464
-381
-507
-600
-914
-779
-344
-527
-363
-432
-463
-414
-347
-813
-571
-383
-432
-73
-372
-576
-535
-750
-676
-812
-1213
-129
-575
-728
-788
-685
-861
-112
-200
-306
-436
-3
-541
-712
-363
-516
-601
-994
-568
-476
-593
-469
-344
-330
-549
-447
-386
-189
-280
-670
24
-356
-489
-919
-334
-129
-360
-556
-648
-530
-175
18
-170
-341
-683
-686
-313
-189
-549
-269
-669
-430
-566
-320
-646
-704
-912
-928
-616
-99
-482
-1112
-987
-175
-247
-776
-455
-411
-370
-254
-639
-624
-263
-694
-209
-896
-127
-894
-621
-494
-895
-581
-729
-571
-1058
53
-867
-442
-699
-223
-607
-311
-610
-499
-660
-776
-591
-559
-586
-916
-439
-266
-470
-1067
-398
-293
-62
-836
-496
-951
-426
-575
-1066
-687
-502
-579
-895
-510
-725
-494
-426
-391
-321
-178
-592
-781
-379
-402
-997
-876
-741
-669
-381
-1103
-517
-483
-559
-236
-607
-454
-474
-507
-463
-1031
-469
-931
-612
-602
-502
-493
-933
-367
-462
-359
-182
-872
-579
-815
-202
-1199
-643
-817
-596
-529
-271
-202
-475
-229
-706
-137
-798
-738
-492
-678
-524
-752
-344
-508
-722
-548
-186
-312
-550
-498
-496
-177
-83
42
-288
-141
80
-138
-529
-431
-454
-280
-50
-261
-163
-321
-21
-268
655
479
842
510
4
-41
200
51
214
361
631
265
376
619
505
112
687
388
237
-83
521
359
194
252
83
381
567
281
707
748
78
-15
741
1058
488
449
887
226
340
789
509
352
331
821
429
484
211
-82
412
795
463
185
680
455
524
209
388
816
745
244
605
834
150
16
423
128
-69
109
540
677
725
253
465
568
680
628
425
-59
530
-111
538
747
135
699
236
59
377
844
542
68
329
21
655
274
299
-397
739
776
49
685
114
491
936
413
357
42
456
144
693
84
56
114
701
629
673
208
599
548
176
-114
879
524
39
144
225
255
155
-161
365
538
435
523
542
514
553
352
622
533
530
530
-67
596
185
91
172
848
410
279
531
663
379
168
577
627
45
297
368
760
225
102
372
535
923
-42
465
227
616
333
573
473
385
879
477
408
407
-67
388
366
503
255
760
488
722
569
566
373
398
594
571
804
232
-64
648
743
774
689
708
263
545
734
860
515
530
377
435
612
191
12
897
867
228
337
375
337
282
514
-16
225
441
-78
166
6
-242
-225
184
86
663
507
614
584
414
681
289
543
445
405
776
550
242
472
349
556
66
-101
579
165
-336
247
37
-128
-35
165
605
356
395
40
159
482
19
-180
-40
652
229
743
181
234
18
631
472
202
94
301
-12
771
120
495
922
241
548
391
8
523
138
233
302
293
-176
-269
161
397
802
302
187
566
495
481
743
-27
348
599
732
433
401
34
-58
823
490
212
520
659
132
-10
268
828
546
581
433
-51
473
53
337
652
379
1008
614
535
551
766
55
396
383
132
78
460
2
524
-309
-52
747
8
-252
276
922
243
275
129
396
1120
699
335
-146
528
-24
806
142
575
193
725
-263
-400
61
474
913
370
-80
567
834
204
37
247
309
1042
134
100
257
1080
144
245
-183
470
584
125
-179
122
104
318
943
667
113
937
901
-63
653
743
266
242
377
315
804
-5
285
36
24
672
751
282
-186
551
844
-255
-162
539
527
522
309
358
-108
611
403
584
487
623
843
682
495
623
788
260
795
-24
174
235
25
485
498
767
154
210
684
557
485
-36
-36
773
680
120
706
239
65
732
-31
392
607
864
252
577
631
456
352
503
449
729
189
-36
-275
82
303
442
316
473
-41
385
-68
201
574
240
250
243
157
46
-48
503
682
91
169
499
459
468
396
341
513
56
427
316
216
149
-497
-38
-445
-586
-352
-26
-396
-93
-559
-439
-356
-293
-228
-499
-283
-95
-398
155
-6
264
426
357
954
413
-283
286
-351
282
217
480
-106
755
-891
315
217
478
503
-59
270
367
-299
400
421
-173
59
353
72
762
-253
308
270
37
191
26
417
287
-269
610
-30
41
459
266
-176
597
-596
303
625
383
415
-39
506
167
-65
608
283
88
516
163
133
585
-481
139
522
808
22
26
855
536
-51
-140
356
64
480
-190
539
511
-452
225
266
362
-134
470
25
-179
40
207
315
-93
190
28
287
444
-673
224
-61
132
293
627
-265
-217
663
-8
333
641
709
684
145
515
-458
311
-26
302
391
397
93
8
473
343
150
548
13
764
-212
798
-711
-42
-123
523
603
411
55
104
585
265
69
359
-39
267
-419
552
-753
333
155
23
342
451
180
265
197
358
332
228
175
655
322
764
-517
331
655
32
774
87
434
283
345
129
47
415
51
254
245
723
-272
140
207
-37
797
135
453
263
522
163
286
434
740
768
-39
501
-283
583
325
16
904
70
392
415
308
473
420
177
338
389
566
700
-171
419
637
338
439
25
610
307
44
359
166
-15
319
120
-80
464
-123
1007
732
533
697
657
424
792
533
1007
234
17
619
207
707
856
204
-76
-33
-13
-141
149
9
-46
-40
52
180
371
184
163
-45
-133
171
315
-343
-359
250
-620
-337
50
-191
-598
-117
-635
-246
-133
-274
-560
-242
-325
-44
-63
-228
-310
-442
-193
-174
41
18
221
-413
77
-267
-177
36
432
-245
-868
73
-502
-502
-177
-483
-287
373
-198
-203
-40
-540
-412
-90
12
-172
86
233
-217
-287
-116
418
39
-210
-98
-337
-71
-205
-425
-208
6
-230
-118
-582
-151
2
115
10
-104
289
183
302
-455
-47
-543
-141
-50
-259
-66
-90
-51
261
-232
-304
1
79
-456
-201
-383
-619
-386
-228
-173
-313
-140
-412
-373
-20
11
305
-309
-223
-130
50
-67
-755
-801
-211
346
283
-80
-599
-432
-133
-455
-147
-157
-40
114
-338
-141
48
-506
-227
-252
9
271
-358
450
-397
-585
63
248
-608
-516
-503
-174
-182
-718
-409
69
-27
-342
-338
-552
142
170
-62
-113
440
417
-318
-168
61
-377
264
-121
236
-55
-42
21
-60
-481
4
118
-562
-250
-33
-251
-18
-254
-220
20
-304
-437
2
43
-184
-269
-240
-35
233
-66
-13
163
-508
-618
-411
-258
-119
133
-109
-84
-78
24
-223
-282
235
-168
-340
-84
-175
-280
-427
-353
-492
-154
-253
-20
-258
-167
-584
-297
-344
-254
195
-250
-414
-654
-503
-647
-509
-353
-373
-186
-619
-314
-308
-674
-251
-255
-532
-613
-741
-350
-231
115
225
448
272
283
340
197
-150
-147
25
-83
219
252
168
384
-79
465
583
177
94
-14
327
13
249
294
564
357
-87
150
275
412
551
66
27
311
182
43
536
-186
272
584
-281
-190
256
160
-181
102
185
353
380
165
104
-127
193
814
427
-307
-88
40
260
316
-105
309
50
146
59
309
131
115
525
-106
-413
57
2
265
297
3
100
719
152
317
101
316
408
126
14
-491
-207
273
-66
-319
63
55
-43
276
67
355
104
33
-20
41
-87
215
158
-215
189
530
872
218
332
174
620
312
-268
288
659
-238
140
78
228
468
518
110
55
124
191
617
543
-217
19
570
610
-388
401
559
742
100
165
-105
242
-42
-379
137
0
314
453
51
73
719
152
-4
176
339
319
174
-23
259
769
148
650
161
98
252
457
149
-178
388
392
-151
-262
-23
407
90
67
380
127
420
-332
59
412
424
103
186
13
376
223
105
222
0
199
374
280
221
501
599
185
202
406
406
179
-114
-75
130
55
276
842
476
385
583
158
225
117
266
285
93
179
89
88
-6
392
532
-85
293
683
732
429
423
412
159
475
462
156
574
506
71
-121
-108
627
679
758
450
122
326
-48
548
488
463
551
557
140
494
472
713
610
505
-805
-950
-1627
-1104
-766
-1018
-1169
-1093
-1336
-1017
-1195
-1008
-817
-938
-1002
-442
-1260
-1221
-1570
-1316
-946
-1178
-1011
-1337
-667
-667
-963
-1398
-1334
-1474
-1204
-652
-1133
-1290
-356
-1143
-1338
-1379
-1317
-1194
-1062
-850
-1332
-1654
-1473
-1354
-845
-440
-798
-1100
-1132
-922
-915
-1526
-1398
-1253
-1070
-1186
-1764
-939
-1390
-1343
-928
-267
-920
-1021
-1257
-1280
-1037
-1779
-962
-1139
-1559
-1251
-1425
-1886
-1222
-1537
-676
-128
-1364
-1390
-1121
-932
-912
-1252
-1581
-1251
-955
-1157
-1248
-1311
-987
-721
-530
-244
-867
-1329
-1072
-1360
-1610
-920
-1434
-1152
-1112
-1037
-1065
-1059
-884
-565
-1062
-502
-829
-1589
-832
-1752
-1399
-797
-1007
-1527
-1400
-914
-1568
-1523
-1577
-1560
-769
-435
-1085
-1151
-895
-1265
-954
-1007
-1444
-946
-990
-1319
-1568
-451
-1588
-1048
-1395
-33
-782
-821
-882
-1150
-1657
-1407
-1042
-486
-1112
-870
-1073
-1266
-1380
-1013
-961
119
-1158
-548
-1301
-1542
-1728
-821
-1217
-1663
-795
-1006
-1141
-1134
-1306
-1154
-1348
-472
-932
-1088
-755
-1456
-1962
-947
-1393
-1141
-1226
-1261
-820
-1231
-1419
-1254
-1139
-66
-1102
-768
-1758
-1148
-688
-1673
-1594
-1551
-1465
-1044
-1319
-1501
-1046
-1195
-587
-394
-963
-1081
-1098
-1166
-1260
-936
-1201
-1136
-1061
-665
-760
-906
-1282
-1364
-1373
-133
-823
-756
-834
-405
-773
-761
-977
-518
-238
-969
-873
-1024
-1088
-908
-796
-35
-467
-136
-152
-133
-49
39
-215
-259
-211
445
-565
-422
-204
-229
-20
9
-893
-286
-150
-139
-117
36
-370
-139
-161
-229
-35
-582
-261
-182
-440
-124
-1031
-842
-290
-301
-480
-296
-80
-36
-31
108
-205
-892
-461
56
-438
-125
-814
-495
-869
-508
-542
-535
174
-12
-175
-471
-838
-616
-313
-306
-71
-40
-1072
-303
-1249
-129
-316
-756
-98
65
-435
-707
-810
-700
-173
-457
-206
-124
-870
-239
-442
-795
-743
-626
-536
-472
-103
-699
-832
-447
263
-75
75
177
-732
-843
-275
-308
102
-598
-823
-590
63
-296
-425
-354
-774
-279
226
550
-687
-252
-716
-208
-666
-750
-353
20
-67
-751
-835
-394
-432
-178
73
178
-898
-117
-279
-406
69
-378
-372
-379
-712
-34
-464
-365
-79
-443
-90
296
-645
-286
-270
-216
-478
-484
-376
-225
-374
-720
209
-211
20
-834
-417
-207
-945
-217
-996
-862
-322
-508
-38
385
195
-597
-147
-489
-395
-85
-734
279
-686
-572
-788
-1294
-685
-389
-572
-1083
-261
-307
103
-976
-387
-125
17
578
-1180
-585
-455
-441
-784
-601
-284
-982
59
-401
-708
-708
-549
15
-278
383
-863
-130
-476
-221
-878
-6
-677
-805
-316
-403
-291
-955
-644
-332
-603
810
-1159
-558
58
-169
-334
-69
-474
-340
-538
-387
-599
-259
-817
-385
-538
123
-511
-15
-9
-562
691
-514
-37
-342
252
32
-625
398
441
-613
-405
46
126
429
-159
136
340
-183
184
-45
134
80
-14
282
163
-20
-87
167
586
779
632
531
300
391
502
485
538
273
568
781
592
486
722
280
500
1063
1429
818
1030
946
1144
1017
1004
1295
1521
972
1104
1184
1031
1179
465
1162
1151
1015
1401
1038
685
724
682
982
797
1228
1178
1672
1336
828
269
957
1599
1570
1303
1490
1197
986
960
904
1251
1377
1345
1339
997
1197
723
1282
1214
757
880
984
1414
1636
1628
1002
1137
1435
1476
1142
762
1121
769
1442
1401
1009
1363
1178
848
1050
1308
1477
1627
1205
1400
1484
1257
1147
740
1241
1823
1111
329
1148
1719
1206
921
436
1479
747
1209
811
1057
713
373
1348
1256
1261
1223
859
1160
1333
1277
795
994
1609
1454
1216
669
609
636
1335
1837
1127
880
1333
1229
705
641
1507
1995
969
811
1565
544
785
275
1183
1110
1344
819
705
1620
1517
1137
1151
1108
891
987
1179
777
1138
383
690
1174
1018
1255
1413
1073
499
1247
1773
1087
589
956
1601
940
618
466
827
1027
1471
1062
1021
1443
1013
940
494
1147
1500
1155
1285
1195
1115
601
1326
920
1055
1230
1434
1180
852
1325
1751
836
1059
1614
1035
954
877
114
1026
1666
1101
702
1104
1135
1132
1640
1343
1566
1151
734
1673
996
1354
636
865
960
515
1381
739
793
1078
916
794
953
831
869
1139
414
508
382
647
605
349
471
175
758
792
503
966
910
659
331
703
593
541
-150
-280
-315
-658
-379
-364
-433
-443
-221
-565
-812
-605
-619
-525
-596
-354
296
117
-65
33
-160
-224
-497
-15
-187
136
-343
-28
-173
7
-536
182
77
134
-550
-463
-282
-557
-454
-814
-254
-290
309
-516
-468
-702
-24
-232
186
362
-367
-212
82
248
-154
-94
-30
49
-322
-431
-428
-436
-687
-209
-77
-110
-225
-129
330
-200
-163
71
68
115
-303
-493
278
188
-201
-287
86
-468
-403
-143
-150
162
113
-407
635
-70
139
-326
-67
-3
-76
116
186
87
-301
117
-196
-170
124
-250
-147
-62
-276
-162
-655
-419
-466
192
151
81
-189
-472
-425
-1
-187
88
-419
155
37
-303
485
-293
-54
314
-3
417
-256
41
-125
-384
10
-159
81
-978
209
-11
-73
-39
-1221
165
168
137
220
1
426
-358
122
-247
505
-433
-123
0
-346
-182
-896
-408
63
512
4
7
-259
-299
37
-391
8
64
-67
-128
-636
399
-530
-40
196
-195
-195
-72
-261
101
-49
-550
-416
48
-23
-185
57
-543
-424
-287
331
267
-142
87
-350
155
543
67
103
-127
-99
44
-320
-116
-991
-38
126
157
-55
86
490
-69
-222
-327
-403
-71
-755
452
-147
-108
-175
90
160
-70
677
599
377
476
363
328
451
605
159
460
790
565
85
120
-198
435
543
415
599
482
641
736
903
899
437
448
331
558
371
402
99
57
545
20
-286
-136
-38
35
448
-89
208
-119
-60
148
-39
277
-183
148
-208
258
232
5
-80
55
-519
212
-398
464
-16
-47
-186
482
-489
-477
-485
-431
137
55
-120
-331
414
-293
45
-558
90
322
606
466
-602
-208
317
191
-391
212
-224
-84
269
333
-254
44
65
380
-100
762
-597
-239
-279
-129
337
-134
-234
265
218
229
212
405
-59
-360
175
271
-472
-270
-247
93
61
-591
-97
-50
-198
-220
-151
-260
-134
12
-453
242
-696
-644
216
134
-187
-150
-194
-205
-14
-202
-40
125
-237
-139
-310
245
-222
-412
256
-175
-736
-4
421
391
-35
-189
-194
98
-51
188
-377
70
-572
-473
-36
-375
155
2
-30
-449
-756
46
-248
-869
-156
-46
-615
895
-538
-838
-255
-7
46
18
-235
-130
327
284
-85
-59
3
-180
487
660
-866
62
24
436
-163
-42
316
-49
168
-101
-457
-253
-89
294
-820
651
-263
-295
694
-178
-380
431
190
-102
-130
28
503
-155
-52
52
-645
614
-601
-373
14
-455
-292
2
-21
-445
140
-6
-552
187
56
-16
-97
378
-470
61
-263
-215
432
-334
-240
229
-158
190
-28
381
607
322
-522
280
-525
-597
-367
-9
-434
-358
-19
-89
-63
-229
245
-122
-492
-278
-250
417
-413
-901
-525
-717
-749
-553
-444
-608
-537
-509
-840
-346
-413
-794
-365
57
244
357
211
-70
448
631
454
392
387
389
272
430
350
414
127
168
491
576
1162
698
869
210
1073
623
980
1000
980
840
861
799
312
710
663
1664
1924
848
1425
1395
834
868
749
1529
1148
1128
1236
1300
806
717
700
1409
1298
1346
1174
1367
1120
1358
758
1491
1134
1294
1528
1365
1600
961
942
1397
951
1313
1263
1000
1215
1202
1517
1150
1349
1372
1729
1504
1426
1417
1214
1637
1393
1143
1168
1612
1072
1334
1207
1644
1613
963
955
1321
1461
1530
860
1365
1338
981
597
1524
1244
1033
991
1163
1403
1540
1471
1173
851
1212
900
931
1595
544
1847
1093
925
861
1136
1733
1274
1654
1420
1121
943
959
704
1458
1169
1206
938
939
1784
1365
1492
1169
1251
1434
1089
917
1177
632
413
1132
1710
853
1528
1162
1095
1260
1413
1433
1148
1573
965
1547
893
1663
643
815
1292
1144
1407
1364
907
861
1225
736
1615
540
1093
1175
953
1229
802
1207
1433
1599
1664
1636
1542
1713
1770
1294
736
1353
1269
1475
963
1001
448
1488
1044
1659
1180
1465
1198
1651
1525
1222
1145
1099
1492
916
1079
1483
629
1399
993
1980
1292
1473
1436
1684
1384
1904
1434
969
1685
1661
1275
958
269
768
1225
624
967
1188
1298
1272
1624
1419
957
1178
1288
1385
740
1038
579
770
986
929
727
869
979
1122
1143
1055
598
727
643
1097
852
576
-42
931
426
260
342
906
332
643
599
585
945
340
678
699
754
820
325
1013
393
992
981
748
888
544
905
1140
674
843
1090
1396
585
808
251
809
698
687
1238
547
441
489
1042
906
621
757
1132
1158
973
631
242
595
772
735
544
994
1038
968
1265
632
1144
924
903
618
574
855
479
747
305
734
1069
706
669
1028
733
830
1109
1509
847
456
377
677
501
469
1267
741
387
445
696
514
440
637
1136
326
417
705
814
675
-51
900
899
812
777
1290
883
355
376
683
1014
1070
752
556
295
776
274
541
889
634
1232
597
643
804
501
1237
837
1546
1374
766
161
731
95
769
676
1274
715
305
1166
897
755
745
834
373
582
627
-61
680
-75
374
681
430
748
979
212
482
573
707
490
762
764
835
174
860
-164
757
543
1320
594
726
713
501
928
545
703
335
1231
589
189
833
6
322
836
842
919
862
504
610
440
832
681
607
1046
791
438
894
-57
847
839
1132
933
761
685
742
1442
459
385
959
850
428
444
794
382
853
559
461
920
390
639
649
373
503
558
885
950
1096
461
667
-311
276
711
168
413
239
624
141
426
318
708
627
427
459
310
488
-80
26
-113
149
62
119
224
272
571
334
298
502
197
22
341
249
-113
32
831
469
486
625
478
425
772
581
419
325
388
555
524
746
283
691
976
729
824
543
570
766
943
854
326
807
666
759
991
1289
440
1124
607
1061
785
789
677
717
710
782
940
851
695
423
379
295
534
459
341
713
673
305
424
494
1031
357
783
613
356
179
342
-345
214
-234
572
476
124
1038
748
389
429
689
759
691
484
541
428
655
251
453
663
685
793
653
73
755
462
447
650
496
-18
-143
284
-53
72
538
179
778
220
300
544
488
682
636
722
721
552
715
516
-82
315
191
773
888
769
647
1229
740
820
823
621
215
-37
844
1011
314
358
837
234
1158
750
395
466
725
796
226
504
130
993
306
298
253
303
69
839
647
763
323
540
342
406
754
1140
554
986
729
313
397
484
659
566
800
676
191
470
704
378
-246
534
760
968
-29
323
248
358
489
1153
1006
26
496
897
1063
813
1243
495
1044
438
374
63
-102
551
118
1188
928
197
660
334
685
234
102
626
707
453
571
459
249
296
736
606
93
665
798
432
370
246
225
192
559
837
494
395
-99
71
400
332
524
640
121
496
582
552
360
942
891
139
518
777
570
547
588
397
775
490
745
334
180
299
122
575
394
338
458
203
-11
201
294
624
341
105
288
420
758
702
-17
-143
9
-285
-157
100
312
-88
632
1271
686
705
874
890
604
418
628
373
553
462
851
617
757
-43
716
971
476
852
1191
549
395
1308
183
983
905
927
1177
1104
998
157
221
1192
758
642
870
1070
1081
78
1310
766
609
582
650
839
887
30
393
741
436
1066
787
753
1282
1264
1043
766
604
1298
1310
1155
516
120
193
296
899
821
586
400
177
628
741
700
713
920
654
595
694
251
433
608
456
199
708
673
830
1040
652
1186
628
357
928
819
189
440
671
533
766
479
814
1080
918
607
916
611
453
584
1130
1143
919
304
352
990
847
1143
946
1230
1031
1077
1184
1255
755
925
661
1312
924
257
181
435
610
1361
753
893
1422
1334
202
431
1191
285
943
529
717
56
349
843
650
730
467
1124
1070
766
987
1396
937
696
1051
768
562
186
404
1133
962
394
519
1169
1075
985
652
1112
739
482
1158
1428
559
19
726
724
950
107
752
750
890
1017
794
491
561
644
1230
819
314
540
925
1102
1398
751
720
982
1603
738
649
800
555
503
1599
1032
662
-48
57
852
329
479
496
861
658
891
1004
696
432
969
922
747
728
-6
285
340
624
118
492
176
542
420
626
685
712
348
536
493
469
352
308
242
642
255
402
238
268
251
599
667
665
676
717
539
485
207
82
433
349
563
-99
227
-131
832
-200
268
570
468
152
287
74
492
336
336
170
584
623
459
608
-44
319
77
598
64
185
-192
232
627
291
323
-79
393
527
443
793
550
463
577
558
622
440
145
39
778
-32
631
115
94
261
261
63
657
128
302
538
-51
687
-88
386
682
482
575
-36
61
361
376
322
134
638
963
7
322
378
290
-55
712
537
193
495
116
250
364
-65
79
523
695
278
446
-347
336
333
453
296
298
433
929
-252
113
-126
1109
131
903
471
240
275
18
248
565
264
666
533
113
24
593
229
311
95
179
-36
44
575
-532
39
226
333
411
164
421
438
160
189
46
441
374
405
377
649
119
301
484
-255
127
12
552
212
76
-12
395
203
170
807
134
672
468
-151
614
177
-1
762
640
168
326
614
154
607
100
489
546
465
257
189
293
409
510
584
160
-178
279
478
50
340
58
328
-76
98
613
166
536
-64
544
924
248
570
481
276
572
359
432
-124
382
502
-91
44
383
123
-61
374
405
321
137
297
74
33
269
195
200
441
-336
-78
562
2
430
320
404
104
410
244
17
38
283
0
294
303
252
209
-214
166
85
259
153
26
-146
-6
63
96
123
-33
68
181
80
74
118
626
334
547
190
221
379
234
586
616
435
568
368
130
-258
-44
36
353
492
-189
6
383
363
417
135
854
20
-327
90
-59
-340
-5
347
198
76
286
239
514
432
112
209
442
-48
465
397
433
-35
-109
355
217
-141
508
551
-219
230
194
90
87
588
366
350
292
-452
473
130
556
261
250
631
589
368
463
410
546
70
286
574
205
-177
-442
83
436
64
813
445
230
25
4
265
-38
217
690
285
384
126
-160
335
534
328
412
229
-338
251
396
404
384
480
671
344
-258
112
46
-6
472
-95
86
532
357
256
196
-258
-84
449
201
38
58
-172
-151
579
830
452
161
436
248
319
-78
203
237
530
313
228
302
70
68
57
441
-22
567
469
328
196
-206
221
-218
-141
-189
585
169
-298
-335
360
311
21
841
633
171
191
390
471
-72
466
650
356
465
-286
-366
601
293
-87
451
574
639
391
282
217
198
146
307
341
622
119
244
265
249
299
219
367
451
458
-92
203
512
138
377
804
388
131
217
112
881
335
715
572
819
516
607
713
619
377
1082
405
592
160
641
602
696
378
290
567
476
639
687
368
306
84
895
589
324
573
-25
188
472
259
55
531
189
-121
190
340
245
-108
-17
283
155
-150
416
624
121
302
433
-59
531
438
230
542
338
58
121
-222
142
-248
-213
1078
4
-99
-6
-118
-475
54
205
-290
-175
-36
277
311
292
-150
253
696
-14
310
-102
575
-219
-277
77
526
194
185
192
-467
265
-6
96
582
-230
182
-181
36
298
288
22
-11
249
750
-426
-61
-60
-88
-189
578
135
-110
592
124
-82
-37
125
209
370
166
394
374
-169
1
-430
594
128
26
154
-198
103
220
191
-46
182
-514
-317
171
518
-1031
-172
431
446
34
234
-221
170
218
-44
223
264
673
294
503
-41
180
461
639
-79
-165
575
8
120
-47
487
206
-12
-403
-76
226
561
-141
-322
848
-61
121
207
-94
509
618
-394
86
206
109
-227
132
81
61
-6
707
500
324
163
378
66
407
-247
266
220
-558
613
-81
-75
-69
-161
805
15
450
72
-60
423
229
238
214
117
698
183
580
212
-88
-208
813
99
435
180
64
-455
581
281
61
272
176
309
53
355
-543
-28
892
-142
104
-372
294
465
598
-180
-203
-148
-144
627
557
232
52
-243
730
327
83
280
-98
159
-247
348
-88
-156
259
222
733
41
210
168
416
-220
-205
-149
-271
69
-19
184
-71
-163
393
-51
-198
-3
-47
-301
-608
-316
-335
-295
438
-31
90
-26
247
109
-368
205
178
-33
26
-49
-836
-965
-1113
-1219
-1037
-380
-810
-395
-1120
-1229
-1064
-722
-553
-97
-1233
280
-998
-1242
-1260
-1247
-977
-1498
-551
-1026
-820
-1023
-957
-780
-711
-424
-815
-71
-823
-985
-1411
-1162
-1033
-1461
-1342
-1061
-320
-1081
-661
-1312
-1298
-1067
-1335
-434
-726
-598
-1118
-993
-370
-1491
-1127
-887
-1899
-1177
-690
-1119
-595
-1107
-1150
-679
-821
-1113
-1327
-986
-942
-1377
-1080
-1038
-907
-1698
-964
-1027
-815
-821
-1008
-655
-516
-893
-1473
-635
-1079
-1355
-871
-1479
-1026
-977
-823
-1003
-1057
-1427
-898
36
-858
-1076
-1175
-1122
-1795
-758
-653
-741
-1385
-1038
-931
-1096
-712
-1324
-584
-212
-949
-1152
-1156
-1203
-1184
-875
-622
-1037
-1070
-901
-955
-1332
-1197
-834
-1376
262
-945
-1214
-1556
-1230
-931
-1084
-1132
-1720
-993
-1201
-1159
-1341
-540
-1407
-851
-127
-913
-942
-829
-815
-1368
-1349
-1133
-1362
-545
-730
-1274
-852
-786
-653
-1067
332
-1011
-1131
-1229
-1347
-1161
-1200
-1534
-1481
-1054
-876
-1278
-1225
-619
-1099
-1150
183
-679
-1180
-756
-1355
-1178
-923
-838
-1250
-781
-1151
-886
-1367
-853
-1434
-1409
387
-909
-1188
-1534
-1414
-886
-1267
-1698
-1552
-1067
-1383
-1398
-624
-1180
-1686
-1697
-197
-656
-1474
-1528
-1132
-1216
-1152
-1448
-1445
-1286
-1459
-903
-782
-1085
-1363
-1725
-514
-403
-685
-965
-828
-799
-856
-616
-579
-881
-1076
-650
-995
-613
-1034
-765
-347
310
-14
499
380
433
272
44
268
335
406
780
568
507
687
994
213
442
94
174
177
221
73
-73
85
484
267
-64
28
-161
-433
28
4
867
231
370
1156
1143
570
800
469
485
196
1026
997
405
137
-223
343
473
463
620
285
757
259
762
817
149
639
359
511
852
491
798
206
627
277
431
884
758
1295
238
-21
1148
688
692
571
322
120
1312
20
538
313
601
1177
-104
98
1157
774
652
1012
569
78
327
788
1083
151
539
155
930
640
441
843
622
582
108
579
400
730
742
418
389
135
475
90
383
710
639
388
18
246
702
885
710
530
193
817
86
-14
568
172
991
346
692
-196
768
590
698
517
9
520
748
-121
547
-56
148
83
822
1483
285
953
699
716
541
252
1090
540
361
436
869
88
747
382
755
644
588
345
750
1000
651
121
820
236
384
142
739
-46
679
540
677
211
516
859
906
455
645
302
1112
329
806
363
542
163
593
158
1214
621
318
907
800
654
198
747
648
752
933
613
1164
162
563
-92
371
978
579
336
664
395
709
686
950
388
275
400
6
-99
1004
258
1208
1036
1509
665
985
1381
896
1224
949
855
780
592
1456
730
527
108
607
286
332
505
438
568
609
351
448
452
337
480
849
-152
-498
-280
-286
56
-317
132
-226
-200
-28
-161
77
38
166
57
-235
-28
-103
-72
138
354
434
467
699
381
324
-12
528
428
308
88
483
-129
-195
95
373
512
481
478
593
1060
522
597
0
188
258
323
605
-47
82
498
528
436
-45
46
484
37
545
253
375
467
703
375
373
-90
102
446
784
385
-80
392
698
433
-8
415
373
542
-46
61
105
377
268
37
278
322
198
347
396
296
224
283
435
509
-58
46
162
175
-94
577
410
514
789
103
-99
176
473
672
331
548
399
918
755
-195
-25
459
775
175
508
-110
322
441
259
166
253
16
111
-33
-165
-91
-239
-38
-21
291
741
397
46
384
577
253
512
704
151
438
513
232
315
424
307
-408
103
347
-163
134
121
450
251
381
136
650
552
-154
-464
-45
311
375
431
751
529
460
351
249
-58
296
682
145
355
-192
33
608
583
561
-14
-64
197
574
99
595
428
414
-28
445
391
263
-229
80
56
543
830
356
-125
220
318
317
365
166
-161
389
644
25
107
526
600
231
393
671
125
534
383
458
470
502
618
66
374
-193
117
408
-29
314
223
250
307
-94
45
33
-52
-25
-135
-119
160
-65
227
713
428
586
689
471
599
365
440
507
483
625
628
640
587
321
296
155
-102
63
541
331
571
458
495
427
-18
-17
132
254
190
-65
804
-43
62
-205
49
-309
-180
-173
299
141
-396
-43
255
356
430
239
932
302
41
245
547
493
553
396
449
178
482
1032
580
528
-140
72
580
421
143
318
220
295
-31
1008
179
179
345
398
541
259
-233
39
619
190
277
392
219
325
265
426
775
469
640
543
393
684
771
-8
823
435
247
483
674
8
159
-130
30
144
1164
121
265
148
112
-136
787
728
717
370
105
347
780
718
-477
231
378
750
1027
-215
161
-314
488
202
542
221
710
1063
144
37
532
596
424
543
420
793
-139
56
1026
308
31
197
481
94
362
9
514
331
202
745
578
701
128
-141
521
196
26
509
-223
665
243
465
358
732
97
58
723
146
564
-53
601
-200
166
383
60
318
239
-298
-82
356
333
395
282
401
820
167
578
443
375
907
672
361
292
114
634
-9
668
55
495
-78
-16
79
376
321
381
251
482
413
135
57
309
121
527
576
468
134
582
-127
804
272
347
329
263
329
378
-65
333
137
184
356
547
979
100
77
1014
26
-36
29
376
299
431
566
348
535
611
621
467
469
11
360
396
20
-100
-369
49
-91
-72
-230
-249
1
-21
135
80
-442
-288
-498
180
322
133
148
-198
41
-511
17
-357
247
-484
139
352
60
145
151
204
-217
258
-49
328
236
-128
-60
-64
-533
180
-7
164
-439
259
-471
-143
-276
-493
128
-16
-394
-374
-768
-1050
-237
223
186
-133
-142
329
-211
17
-44
-477
144
149
-649
-108
-110
-120
-406
-289
-467
-287
-868
-504
-165
149
-272
-33
-427
-416
-641
-770
71
-151
197
-15
-131
-533
-661
-579
-665
-111
-74
-26
-1070
-138
5
-145
-483
55
-541
-427
-42
174
-592
-370
-1231
-45
-274
-162
92
-386
404
-751
-449
-629
-84
-230
-344
-525
148
319
-727
592
-360
86
-684
-19
-61
-277
-205
-267
153
-54
-80
-735
-417
-118
196
-164
-250
207
-8
-543
-90
250
-355
-172
-777
-754
405
-326
-538
-448
-342
-512
-120
62
-224
-178
-384
-589
-67
-398
-356
-285
-932
-166
-733
-467
-360
174
62
-4
280
-237
-227
-198
442
-263
-474
399
29
-180
-259
-275
-212
-178
-581
-224
-593
-172
-390
-849
-428
-411
-450
6
3
95
-304
-163
-277
281
207
-286
-612
-145
250
-113
-146
-390
-220
-563
-456
18
-499
104
-598
-448
-785
-339
-225
59
-576
31
-56
-267
-238
-298
-592
-257
-485
-277
-310
-224
3
-320
375
-75
-513
-821
-21
-309
-264
-494
-151
-578
-39
-281
-542
-169
-384
3
-491
-563
-89
-361
-532
-798
-200
-146
-387
-435
-344
-511
-867
111
431
536
597
541
1026
578
541
669
728
845
946
729
952
302
478
-20
-672
-237
196
-526
-514
-458
-739
-382
-305
235
200
-222
-43
-360
-203
-91
-640
-363
-215
408
104
-52
249
-723
15
-136
449
40
-155
56
383
-130
-366
-40
-130
136
-247
-624
221
494
-345
389
-650
-155
-459
-35
-390
-393
-212
57
145
-410
178
246
-287
286
95
258
-216
24
-60
-223
96
-245
319
-186
-196
57
-51
-818
-495
-222
-215
-374
-214
-162
-607
-659
-563
-44
-290
-328
-38
226
-51
92
186
514
88
-51
-387
-302
-289
-179
267
-493
-43
-259
-59
145
376
-207
-175
-132
-357
-35
46
46
-118
-481
151
-298
143
-48
445
-465
-274
-331
-270
-41
-467
-144
-308
37
174
-559
91
-950
-148
-610
129
-74
-306
240
-131
43
-511
-135
-449
216
-404
-42
362
109
-323
90
-158
-68
-308
-406
-66
-95
-492
262
-73
449
-318
-180
237
-36
-381
249
353
4
145
-156
-214
37
481
-349
-274
-38
-148
-751
59
-194
-270
-57
145
-224
-873
5
-383
-102
-520
-299
207
-663
-14
29
368
-622
-718
363
228
-199
97
-354
-121
-102
-147
-170
-369
-144
-430
-301
-291
-628
-473
-541
-675
-82
280
-295
-187
45
-21
-48
167
166
-1
-435
-221
-624
12
-392
-645
-505
-900
-469
-950
-948
-675
-911
-410
-596
-797
-592
-561
252
-276
-581
-197
-529
-498
97
-295
-356
-325
-96
-412
-376
-536
-99
-69
481
73
572
314
241
254
54
-57
225
298
82
183
114
26
31
-47
336
-8
167
513
677
200
16
695
258
399
-45
851
500
484
-181
379
406
98
716
582
51
267
591
514
250
139
414
612
616
1201
818
424
613
355
218
557
361
549
315
327
281
568
813
632
438
369
-76
242
715
-186
452
618
775
456
170
266
903
912
839
135
120
315
884
-25
-134
493
490
524
824
288
823
614
308
25
662
537
1176
472
179
45
698
116
663
630
198
459
600
876
1143
685
368
658
-74
264
-35
104
586
17
505
452
324
735
1093
615
514
563
570
575
602
567
375
181
430
344
358
162
227
366
164
410
348
324
746
305
413
502
815
-154
491
-260
405
1058
368
610
494
265
988
636
981
126
540
-10
543
201
935
808
886
370
531
53
588
823
95
904
484
272
532
81
447
330
468
263
608
417
136
406
479
283
610
560
198
207
571
412
656
256
371
-163
972
682
329
17
426
222
736
571
792
409
621
662
359
0
686
249
760
369
804
680
811
554
380
375
706
770
432
266
319
105
581
456
780
389
460
691
511
867
943
1006
658
1042
807
387
705
59
-264
-9
292
9
-42
51
-422
-15
-513
-558
-353
304
-117
58
-116
-198
-550
383
-539
-708
-167
-274
-124
-245
-194
267
-20
73
86
-509
-461
-251
-527
-739
-852
157
-701
-695
-876
-40
-411
-872
-460
-1025
-970
-1216
-1299
-334
-351
-267
-604
-323
-531
-579
-423
-505
-552
150
-627
-159
1
-110
-331
-398
-234
-264
-201
-786
-236
-751
-747
-489
-561
-1009
-353
-812
-626
-1007
-961
-560
-426
-577
-615
-483
-602
-553
-544
-572
148
-138
-521
-813
-476
-812
-853
-546
-292
-236
-484
-523
-978
-354
-477
-841
-434
-325
-644
475
-691
-683
-42
-346
10
-317
-250
-327
-426
-583
-321
-527
-730
-493
-523
-313
-1108
-787
-569
-803
-885
-478
-1254
-819
-352
-400
-512
-506
-244
-840
-755
-863
-464
-1313
-825
-162
-508
-499
-562
38
-1101
147
-695
-629
-668
-465
-71
-641
-321
-92
-859
-240
-640
-416
-425
-139
-147
-241
-960
-389
-216
-911
-621
-951
-223
-688
-1173
-576
-318
187
-157
-514
-774
-271
-521
-340
-417
-368
-99
-99
-836
-392
-888
-262
-183
56
-894
-1003
-243
-358
-964
-871
-540
-524
-189
-529
-583
-345
-939
-97
-514
-219
-657
-671
226
-705
-411
-501
-63
-511
-412
73
-584
-725
-530
-287
-818
-637
-779
-277
-1028
-566
-1078
-617
-780
-423
-1113
-438
-727
-1190
-741
-941
-275
229
-196
-94
-304
-28
-107
-66
-303
206
-442
8
-69
-532
168
-514
-243
467
-107
-236
-267
122
126
220
-335
391
155
10
25
190
659
378
95
-199
-412
-268
-245
-464
116
-622
400
-358
20
-429
-283
-402
-238
-438
-118
-329
-263
-527
-377
-57
82
-239
-46
-91
-612
-339
-184
-328
-690
-248
-31
202
-8
-374
160
-171
77
588
258
-349
-68
-440
61
12
712
77
8
-44
-17
-81
-266
53
-285
-181
-23
58
-459
191
-181
-386
34
-15
-241
404
388
-555
-258
-183
-726
136
83
-397
571
-266
-422
310
-140
-139
420
-339
-263
-45
49
-80
-130
55
-524
-277
-307
68
179
59
-189
334
62
96
106
-250
-310
124
-604
-299
27
319
169
123
228
-293
56
-521
168
-187
29
-472
-580
-793
68
-174
-38
-77
213
-131
-106
-205
-256
314
-471
199
-568
-549
-79
-444
-19
225
-319
-229
2
-613
27
350
305
310
262
-460
-598
-565
-327
278
44
-263
270
-155
-54
-473
-350
119
128
-183
44
-107
78
-442
86
-255
-104
163
-384
16
-192
-397
-6
-86
-426
52
151
208
424
-94
-121
-281
381
175
-546
-96
-268
-87
-260
-191
276
226
-111
-548
-68
139
-582
-70
-144
-564
-300
-15
78
-463
-283
219
-18
-341
-35
323
420
-75
-378
635
-31
44
215
-228
-60
273
150
-45
-244
-189
131
-496
-174
-297
55
-220
116
174
-61
-147
-302
-415
62
-569
-500
-18
-23
526
222
129
419
567
672
676
291
354
-124
-264
281
-11
32
-66
359
518
115
936
708
1183
594
1075
947
316
256
870
827
853
-239
14
529
684
553
693
120
385
578
37
638
874
636
224
560
544
873
80
517
1082
177
469
671
374
168
-140
763
730
708
719
198
394
61
-98
456
-25
310
999
784
123
487
441
676
-20
476
647
544
404
499
6
304
341
562
320
954
357
1253
752
466
676
293
652
1027
1110
110
-228
456
327
581
615
518
793
60
351
765
476
473
576
-117
669
165
-412
413
545
844
340
498
487
-23
1143
753
598
694
449
472
735
282
-80
108
292
69
19
57
644
1189
439
289
56
395
763
176
328
904
-67
363
1100
810
493
639
814
690
600
310
979
619
527
745
529
-71
-1
334
977
418
997
59
227
606
479
95
414
772
194
535
302
400
316
354
194
232
354
848
312
695
230
793
461
683
300
1051
369
233
93
575
276
776
650
398
647
629
462
911
513
851
590
753
359
80
24
451
666
776
878
712
606
848
302
190
439
88
433
871
448
391
490
237
664
476
236
235
464
154
449
409
346
463
622
362
660
571
-180
301
781
595
214
227
597
382
572
422
424
573
428
560
533
484
-328
614
647
932
1105
846
731
1073
782
1533
915
960
728
1138
654
598
707
1207
1233
190
121
489
1120
1062
613
607
909
103
864
917
826
1028
451
1285
781
521
992
1313
1249
854
997
1269
570
988
531
1013
349
508
319
1315
810
888
1073
1110
1102
677
626
596
1091
1261
1580
1360
952
996
661
1179
1175
1020
1364
1355
828
648
852
707
1121
1198
1041
911
774
783
328
1461
807
961
1308
979
640
446
1267
1275
969
1286
1359
1138
920
767
-347
1399
1351
1367
1259
935
768
1403
450
583
1026
1649
1254
1213
723
545
1
1324
1065
1316
1344
1161
934
918
1047
411
1197
1077
728
817
527
237
224
1279
610
1122
1110
773
1243
793
487
1146
1161
1245
1241
542
595
597
346
1270
904
1002
1001
1349
454
1409
1031
916
916
995
1277
1066
962
1373
462
867
992
986
1218
720
739
961
1185
872
630
1540
580
897
997
831
512
1793
766
1261
1478
323
1253
1310
1251
463
801
1344
1036
874
347
1305
332
1451
1116
1332
674
1325
1246
1258
733
730
1122
1233
802
1581
806
963
28
1431
888
1054
1200
1073
981
1202
743
1122
1253
1026
877
1350
713
847
574
1412
116
750
1312
904
909
1271
854
991
1002
1141
1067
1041
1372
578
-53
716
577
836
31
240
807
403
891
265
254
655
270
585
641
615
-89
-644
69
-309
-327
-361
-633
-711
-210
-366
-298
-330
-186
-706
-348
-490
324
-1091
-401
-1063
-821
-416
-338
-551
-354
-907
-176
-109
-584
-828
-449
89
839
-624
-757
-672
-603
-624
-259
-415
-1162
-16
-1090
-1196
-887
-610
-696
-16
350
-765
-986
-610
-357
-877
-1091
-544
-495
-298
-913
-678
-984
-556
-724
-810
587
-1137
-676
-380
-1319
-201
-1158
-582
-347
-686
-898
-739
-675
-326
-600
-507
-69
-1133
-769
-1041
-378
-220
-450
-670
-969
-393
-680
-924
-361
-467
-486
31
268
-742
-1137
-503
-841
-555
-837
-1001
-520
-719
-1125
-383
-640
-1442
-237
627
383
-833
-111
-886
-1115
-774
-71
-284
-598
-1161
-595
-1119
-724
-187
-992
-472
484
-1265
-147
-543
-610
-656
-454
-710
-1129
-966
-615
-486
-551
-768
-701
-571
360
-450
-536
-869
-10
-307
-1198
-1042
-532
-114
-694
-877
-369
-512
-671
-872
445
-1228
-663
-703
-486
-819
-495
-1068
-613
-402
-542
-514
-286
-903
-548
-642
430
-665
-580
-1163
-996
-780
-570
-537
-1286
-394
-629
-595
-663
-1043
-857
-542
532
-1170
-935
-556
-940
-494
-924
-848
-535
-436
-844
-383
-1423
-375
-920
-886
745
-690
-182
-827
-171
-663
-910
-1248
-547
-558
-756
-806
-913
-1042
-625
-171
164
-829
-426
-710
-473
-647
-373
-577
-632
-905
-476
-450
-303
-607
-597
-176
-93
-310
-445
-415
-255
-69
-150
-154
-409
-34
-155
-430
68
-133
-342
-22
309
730
781
760
468
745
473
454
401
817
879
749
889
929
557
248
88
1059
1448
1372
1101
1274
1117
1120
1588
1399
1594
1752
1123
1080
213
180
-93
1152
1426
1252
1367
1100
1175
811
999
1291
1529
1426
823
918
991
691
-479
1131
1519
1268
1324
1292
1201
1403
1092
1331
1497
1123
1079
1615
917
1227
74
1140
1563
905
1375
1179
1325
1259
1338
1342
1330
1339
1385
1307
991
1210
56
940
1283
785
1507
1315
1039
1338
1557
1442
1430
1418
1332
1121
640
726
239
1100
1102
798
1339
1477
1189
1533
965
1039
1075
1404
1173
1140
1001
1513
243
1156
1272
1029
1527
1239
1236
846
779
1578
1227
1515
1175
758
696
988
215
1305
1050
974
1371
1172
1355
1382
992
1459
663
1551
1060
1613
827
1139
-270
1212
1296
1079
1453
1214
1659
1392
1127
1303
1247
1302
1003
910
641
670
267
1027
1470
1462
1406
1211
1559
1226
1229
1242
1347
822
904
643
1003
1031
497
1241
1409
1226
934
1022
846
980
1557
1215
1137
1476
1430
1316
983
536
82
1197
1662
1439
1025
1341
1685
1233
1535
1223
1415
1225
974
1466
550
1059
126
1022
1108
588
511
887
959
1028
280
530
1089
1135
960
923
600
1181
-210
875
1336
1449
1240
1320
1299
1242
1085
1267
1528
1020
1477
1315
1099
1175
215
776
1189
875
469
343
716
610
347
776
645
636
839
739
391
539
174
175
603
572
253
411
-44
316
409
72
148
-185
515
218
-107
-303
-110
-261
1096
200
305
805
340
446
598
603
734
553
511
842
-24
66
297
400
342
239
190
180
613
90
200
157
172
569
273
455
357
-55
69
374
159
228
567
94
91
502
383
130
801
613
139
416
503
-156
233
107
250
376
216
514
254
-136
86
-109
223
289
286
63
467
497
-570
9
619
190
-72
-99
195
400
315
269
203
512
380
240
289
-289
733
332
-157
69
290
313
333
-28
-596
277
18
101
175
244
266
-175
-123
336
336
242
187
-3
25
675
764
125
163
122
-150
67
80
128
31
-67
581
300
-166
473
248
-154
117
340
109
-142
-376
429
360
-194
255
216
666
-318
433
169
173
219
-235
-196
-161
413
53
-148
-117
-107
153
203
589
355
241
333
-209
223
237
-7
316
-305
51
439
705
-71
-142
-95
-11
436
-31
85
67
200
169
256
-421
-39
558
-159
14
-667
156
245
370
3
508
608
180
486
-4
88
386
196
-68
705
95
-525
83
282
113
213
177
-37
-35
257
148
355
340
-334
377
219
654
286
-422
36
520
296
448
-345
514
288
331
156
510
491
102
288
250
-15
11
-556
191
-278
294
149
-289
30
-317
105
-90
-79
-252
36
170
-269
35
194
454
634
84
262
55
450
657
123
371
600
376
-170
511
-113
489
23
-299
588
286
-97
-341
398
-135
113
21
587
223
-22
-287
567
473
-77
388
345
479
449
56
3
726
197
1098
564
663
75
-175
229
260
-60
1019
369
233
-10
629
63
894
244
527
152
430
247
-24
463
1009
-256
694
383
589
407
508
192
452
650
539
157
425
671
193
-137
-93
-398
408
807
292
994
528
862
461
478
50
332
421
642
211
820
108
-320
8
524
223
510
348
56
652
231
398
444
715
451
526
501
143
-421
618
308
362
467
472
344
335
255
531
457
942
93
648
805
554
-333
99
1037
71
334
508
257
610
214
405
150
805
199
442
538
354
-18
29
491
448
477
92
188
520
610
305
356
347
428
-252
397
603
-188
730
254
593
740
66
434
174
634
581
629
474
623
-79
249
134
164
437
72
695
616
263
328
555
237
574
534
191
289
-76
904
576
-44
220
309
636
357
116
700
467
311
524
703
308
105
238
430
984
-232
60
-253
411
459
200
275
333
-2
188
594
300
337
-22
117
728
-26
251
309
237
81
220
-168
141
258
-222
292
60
216
101
442
79
79
-118
211
254
83
294
29
-267
213
238
60
250
113
187
344
370
24
-364
-167
-124
-203
-21
-29
-129
-45
-91
-41
-232
-22
124
47
530
-368
369
15
301
-3
398
324
-418
-97
-348
-305
104
11
447
-16
202
-170
130
562
653
218
524
350
787
540
601
457
920
552
294
138
648
-18
404
932
-19
333
541
599
-32
593
402
157
410
297
-124
311
497
22
436
128
116
124
16
345
146
26
162
295
309
494
290
280
644
-657
820
467
583
896
460
-23
734
259
-187
319
525
490
338
750
739
-313
205
108
398
292
170
96
309
348
602
184
289
458
404
494
752
-489
-14
-58
246
51
-161
286
-61
705
182
458
510
848
396
402
685
-429
82
589
-108
204
389
544
460
425
223
242
541
276
608
667
1742
-126
277
41
666
264
-120
629
387
545
104
333
201
600
17
708
1148
-91
270
477
611
596
-25
274
69
209
1037
442
365
340
140
67
670
5
-80
357
542
350
786
656
468
6
221
210
429
-77
278
505
634
-292
22
792
606
558
238
349
251
453
306
110
9
456
-131
265
572
-32
137
321
470
194
578
428
24
373
755
726
517
492
122
318
299
221
288
465
-37
-193
297
482
425
13
256
-100
-2
386
430
359
272
-65
295
-35
173
432
6
124
-131
98
-211
14
140
172
89
-192
221
-282
290
530
265
425
228
302
117
465
415
677
586
242
29
387
522
-429
-286
585
-310
-427
3
-206
380
-211
372
207
-249
-337
471
233
-122
144
411
317
324
-19
-262
222
30
86
-266
242
199
-1
181
299
540
-65
452
31
372
504
408
-26
512
-91
533
300
379
-43
103
405
111
-68
-78
106
-235
325
552
-29
-104
198
219
523
-58
249
-383
-185
230
-198
465
480
-75
108
-330
252
263
163
-194
413
788
538
250
-6
235
-180
249
94
103
403
400
98
62
-84
-49
-93
364
-54
-45
388
237
-110
356
-6
-162
124
211
-73
438
9
302
174
24
-164
205
-75
-57
-531
145
-18
-56
157
52
28
27
-63
292
316
83
527
687
66
15
123
385
-166
276
275
280
335
17
92
-41
-71
135
323
-189
-25
-120
105
222
532
602
12
-58
-104
179
369
15
-110
60
484
-117
-232
325
187
566
380
308
340
423
286
-207
34
-125
149
570
-113
41
751
76
147
792
396
228
146
502
119
681
-71
-48
11
-74
-13
439
346
542
-66
455
265
176
-353
141
-456
-23
338
51
437
-138
-26
-235
-112
462
90
797
340
561
591
184
405
771
272
535
189
171
827
256
27
155
58
-483
-370
-675
-471
-656
-732
-224
-691
-366
-450
-425
-282
-528
-194
-638
68
-152
83
-2
575
98
128
-121
319
-144
-30
236
189
-99
-570
361
201
71
-299
-124
3
395
203
126
126
121
321
179
-28
324
-99
108
83
331
-304
110
-313
-36
176
403
-30
-148
-36
99
-37
-338
-266
-292
-134
232
161
-198
0
-64
-107
-276
246
173
-48
209
777
160
16
-203
227
-323
246
-129
639
55
113
136
364
-169
94
-299
284
-38
-15
571
203
-212
144
106
-311
-16
49
118
482
415
23
116
-15
-201
-868
-65
264
-101
94
219
-137
364
465
-328
-80
272
71
116
-2
-174
166
-73
436
238
21
167
143
34
100
303
316
-341
26
-525
822
-13
-65
288
303
175
141
305
-9
57
31
233
392
442
420
-527
441
-257
-486
413
494
77
-137
219
592
97
242
85
475
54
-230
415
483
308
-603
261
122
-19
223
-54
194
96
57
544
282
74
-76
303
-249
411
-660
510
291
-19
-299
-27
203
159
-199
342
22
117
290
309
109
87
-336
72
477
49
-333
23
2
114
218
308
10
-16
439
313
173
30
-488
-104
214
355
321
306
91
263
191
-153
378
-200
-89
262
-167
-126
-139
535
303
-226
59
-173
-574
-476
-68
-910
42
-224
-733
96
-245
4
-500
-446
341
177
561
691
506
628
620
378
526
376
408
462
572
231
37
225
-304
-607
-560
-326
-490
-339
-696
-149
-938
-246
-717
-562
-337
-21
-15
-235
-986
-730
-850
-725
-449
-557
-521
-1004
-590
-510
-475
-1021
-762
-332
-356
-655
-748
-160
-653
-295
-436
-481
-658
-228
-771
-614
-437
-666
-534
-485
332
-246
-565
-753
-751
-440
-563
-453
-466
-723
-819
-409
-743
-427
-429
-557
-899
-628
-950
-13
-642
-474
-71
-1247
-128
-355
-934
-485
-325
-335
-463
-622
23
-68
-483
-507
-862
-573
-650
-198
-892
-593
-172
-682
-598
-97
-368
-512
-428
-323
-853
-211
-272
-934
-450
-465
-398
-148
-425
-577
-486
-649
-385
-335
-370
-688
-858
-418
-813
-710
-405
-763
-832
-1024
-597
-609
-243
-552
-434
-438
-418
-437
-561
-780
-335
-618
-807
-88
-365
-767
-599
-568
-683
-100
-675
-271
-696
-248
-898
-31
-172
-573
4
-762
-390
-404
-265
-575
-346
-806
-725
-751
-934
-879
-739
-717
-347
-382
-830
-476
-845
-405
-875
-641
-579
-1324
-657
-981
-642
-322
-623
-403
-282
-415
-421
-642
-377
-209
-654
-610
-364
98
-926
-26
-24
-324
-899
-630
-416
-684
-681
-33
-798
-785
-532
-477
-346
-1266
-400
-421
-455
-436
-738
15
-662
-226
-635
-457
-556
-285
-429
-181
-415
-294
-80
-748
-103
9
-960
-784
-876
-666
-1066
-599
-613
-751
-561
-599
-919
-1114
-748
-401
-652
-343
-772
13
-770
-620
-698
-911
-732
-835
-628
-813
-620
-588
-862
-497
-537
-189
349
-156
-208
453
244
-72
-124
-206
242
-311
175
125
91
-51
242
-32
-563
3
-310
-106
-39
-215
-304
-785
-570
162
-551
76
-34
62
324
80
-876
-637
-90
136
51
-580
154
177
297
-479
-190
-338
138
-468
-239
236
-277
-780
-183
-17
-486
-539
-215
-45
-482
-58
-735
-491
-644
-28
-861
-122
-346
-338
-300
-364
-499
-270
-77
-340
-357
-341
-554
-333
-466
-147
-176
195
-371
-344
-115
-379
-591
-496
-267
-173
-181
-131
-106
-871
-744
165
94
433
-828
-690
152
-413
-484
-104
-713
-663
-177
-237
-120
30
-622
-335
-278
286
-218
-539
-338
-615
-388
-523
-360
133
-465
-832
-439
-258
26
-67
-120
-20
-538
-229
207
-260
-140
-321
-1056
-181
-48
-46
-487
12
-406
-169
-578
-253
-600
-391
-405
-280
-457
-310
-74
-468
-398
-640
-26
-135
224
-1074
-150
-154
-310
-407
-246
-314
-433
-606
-457
-91
-387
-124
88
-416
375
-167
-861
371
-674
-445
-427
71
-444
-161
-377
-681
-252
-217
-228
-235
-366
-278
190
413
-257
-759
-881
-260
256
-650
-449
-692
-514
-231
299
-295
-120
31
-316
83
-238
-366
165
-49
-61
72
336
-129
576
96
-377
128
-308
104
-170
105
-180
-672
-911
-970
-1019
-347
-200
-39
-624
-1086
50
-230
-854
-711
-411
336
-1110
-528
-110
95
-343
-350
-455
102
35
-383
-540
-197
458
-48
-198
407
203
-291
588
8
61
121
-13
-35
233
-175
200
56
479
174
512
-159
-97
-296
-798
193
-41
-215
-267
-195
-366
-138
-589
246
-662
427
-178
136
-271
262
-286
66
116
-687
-245
-261
-326
-107
-62
407
-18
60
342
472
-46
-500
-306
286
-203
261
-298
-648
196
-127
-24
-274
-13
143
-753
-71
127
-32
-192
-374
278
-742
240
-169
-213
-48
-329
-617
-418
-174
145
-248
-47
297
-234
-2
-649
-80
19
-177
177
-1
-395
-265
42
63
-258
-391
-59
3
-93
-334
-295
232
-402
-166
-327
-374
-202
-488
-706
284
-477
270
-93
323
-140
-175
-444
-707
-280
264
110
-276
-218
-578
-16
-434
-15
-99
-126
-176
-440
-194
-398
-268
-293
-236
-789
-126
-292
-139
-86
383
-445
254
-67
-365
-350
-558
-89
-111
-60
-446
253
-211
-652
-123
-223
384
-527
-665
340
-160
-147
191
-420
-297
-348
-196
-500
-509
-126
-530
171
-204
325
-367
-208
10
-399
-463
-318
114
146
-215
-633
-262
-442
364
-326
-267
-455
-207
-9
-308
-39
372
-200
236
-777
-397
-75
-218
193
-382
-357
88
-393
5
-40
115
-174
-484
-375
-644
-339
-62
-135
-627
-117
92
-120
-160
-220
48
45
-260
-324
-266
-84
-88
-439
7
124
-48
-175
-460
9
-567
-1
-911
27
-122
-627
-727
-450
-90
-487
-796
-469
-505
-373
-90
-873
-624
-643
-254
-478
-553
-375
-395
-330
-112
-531
207
-656
-530
-471
-406
-423
-345
107
-73
-58
-1049
-565
-326
-182
-863
-298
-603
-600
-644
-710
-358
-579
-100
-205
-100
-75
-433
-666
8
-1088
-340
-379
-604
-457
-151
-226
-149
-322
145
-354
45
103
-469
-212
-78
-177
-309
-191
-430
-727
-272
-710
-209
-482
-985
-679
-382
-62
-502
-508
-40
-95
-1047
-496
-354
-440
-182
-489
-256
-511
-155
-610
-301
-98
-509
-77
-388
-461
-195
-306
-418
-343
-571
-433
-523
-103
-105
-944
134
101
-697
-237
-490
-719
-180
-497
-483
-335
-297
-249
-412
-510
-422
-664
-461
-63
-277
-370
-453
-661
-431
-551
-497
-345
111
-497
-219
-365
-136
-332
-513
-104
-666
-191
-598
-340
-351
-162
-342
-713
-149
-643
-463
-368
44
-304
-100
-283
-284
-548
-66
-471
-378
-815
-40
-460
-304
-445
-532
-310
230
-770
-866
-22
-566
-445
-134
-254
-784
-21
-526
-274
-541
-594
-284
-259
-78
-650
-180
147
-323
-277
-545
-179
48
-110
-321
-518
-560
-901
85
-824
-341
-652
-180
85
-354
-82
-90
-592
35
-807
-308
-739
-115
-360
-931
-622
-69
-880
-404
32
-157
-767
-476
-65
-447
-532
-290
-163
-381
-7
17
25
-93
-442
237
-49
-274
-77
-202
-828
-340
-860
-532
-492
-298
-567
-562
-426
-439
-760
-975
-24
-240
-593
6
-370
117
169
-227
131
-383
-249
-8
29
125
-748
168
79
649
729
573
809
245
619
480
694
622
614
935
400
382
510
82
-34
-508
-316
517
798
330
562
59
162
181
141
145
104
410
-170
684
-58
-24
112
653
270
457
396
449
255
823
1001
764
107
518
-435
44
-51
305
453
567
636
687
505
583
477
690
344
385
296
480
-24
68
-77
144
521
-91
433
991
517
97
617
610
568
719
802
409
-163
-309
295
318
328
240
698
371
649
254
970
569
739
554
370
11
-275
621
-36
534
585
492
583
593
369
737
623
388
239
628
490
184
-230
-42
-159
487
741
444
747
739
327
434
383
525
467
348
380
-13
74
-91
69
237
356
753
795
229
100
68
211
404
531
208
848
247
379
90
244
449
289
614
308
882
578
429
305
345
546
615
610
487
-106
345
21
235
1103
475
784
282
624
421
757
466
362
625
299
50
-223
382
42
806
669
551
448
161
128
259
304
637
850
652
353
729
-24
432
72
433
741
1000
546
689
558
779
750
549
616
762
325
355
-137
400
89
432
446
240
563
516
639
792
688
648
748
582
250
508
-121
46
19
345
-138
341
752
743
345
122
357
458
426
548
403
335
119
300
475
595
321
379
390
206
508
212
611
633
341
141
178
675
332
151
401
509
99
547
340
80
446
242
240
360
411
266
414
114
702
-178
860
336
489
294
702
1251
1040
994
946
1001
790
677
657
387
1067
584
890
-3
185
513
831
707
870
736
610
383
623
519
596
128
190
475
439
765
570
541
700
496
1050
862
966
813
515
896
540
258
469
187
1046
788
1209
1210
600
1207
235
443
666
972
721
964
746
313
279
333
905
754
909
774
1247
385
810
1041
787
650
966
597
373
594
796
112
885
1142
1235
1079
739
464
1018
661
662
1002
998
646
586
1116
822
374
1044
497
914
1032
707
1098
409
723
611
833
701
1072
328
859
674
287
445
689
1195
374
761
355
673
1019
1017
810
604
881
590
519
762
44
910
812
760
1051
566
777
411
915
391
1149
940
925
644
1054
927
1002
418
716
1086
563
778
488
592
777
1011
524
535
1107
669
579
1298
227
1365
748
763
739
691
548
701
565
845
849
1085
403
594
683
584
280
840
1406
906
509
931
1194
1091
887
540
759
288
788
883
308
373
502
1191
640
1021
1331
1000
995
1095
885
1278
751
1059
771
448
641
210
461
886
772
765
735
1025
1029
621
720
1000
941
339
869
1166
1260
213
141
805
742
558
438
269
533
484
242
438
228
414
549
768
321
210
21
140
-55
219
440
402
158
446
249
534
41
232
438
527
267
549
177
586
-634
63
-340
-326
93
-17
-93
-329
-215
83
-185
-483
-548
-58
152
-88
419
-301
179
-168
213
181
-66
394
635
-8
285
-195
473
387
1144
34
95
-325
70
-228
129
9
373
131
214
-383
395
-35
-85
-430
-213
111
320
517
-171
-122
490
-68
-206
351
-561
10
-332
123
241
-401
241
186
-107
260
-331
159
-742
298
-277
160
135
250
-461
-201
-198
-11
-8
85
-160
166
-15
-189
360
85
132
-47
273
24
83
-202
-39
-341
-26
-262
378
-34
-462
-147
192
-446
234
138
16
-136
-343
-701
509
-112
233
214
-116
-112
-237
-125
-406
-125
-183
-196
-604
385
-435
175
121
-463
214
18
-381
-264
-134
-296
17
153
-72
-263
181
-398
-540
186
-269
-43
585
336
435
-286
107
239
-276
-238
-610
-99
-501
200
22
37
350
185
-13
70
-243
37
90
-102
-183
-216
508
-11
145
-40
-385
382
-550
28
634
-98
90
-489
-68
123
299
-21
154
-331
-473
435
572
-507
140
159
289
-128
212
-110
-35
-59
367
-269
-192
226
-208
189
-129
86
206
-310
577
-150
-15
-280
-525
-457
-396
-662
14
-38
-589
-254
295
-194
-670
-427
75
276
-527
-238
-694
-788
-489
-589
-693
-630
-457
-683
-6
-483
-545
-710
-414
-82
-121
253
515
102
273
607
-202
374
240
265
124
185
543
6
65
-35
192
255
64
185
443
-284
154
-256
285
-180
293
213
-214
410
-422
145
-259
-7
-17
-47
419
154
196
437
294
530
46
319
31
-74
-359
209
-206
581
202
309
51
467
-155
-13
363
-333
118
-469
3
-664
42
-168
434
147
-139
-303
407
96
135
437
48
405
485
53
215
257
-478
70
-319
531
461
-55
412
-260
-334
471
91
91
41
-24
-176
-388
-178
77
599
177
-261
533
-104
506
234
-60
171
230
-21
-2
118
-118
148
-306
371
392
220
158
136
-297
142
43
276
264
-329
160
440
-215
-162
163
276
206
186
211
42
-37
-147
-84
332
47
-1
-407
224
-737
-108
-88
787
537
35
330
61
64
225
93
62
-142
-242
159
-81
-240
-513
-17
220
314
127
374
11
175
376
-515
-219
474
168
-597
239
-82
-59
44
249
141
151
36
-17
-18
-215
213
264
41
212
12
-239
-216
-142
165
-7
165
261
315
63
-121
91
84
102
210
109
74
-85
-9
-524
-12
224
125
-260
-38
290
300
0
201
317
-206
475
35
11
-473
-44
-205
580
-6
185
156
515
-304
641
62
253
800
-281
261
-121
119
-121
-199
589
149
-190
44
-34
139
125
67
32
122
-60
232
304
-195
-398
327
530
-286
676
262
-104
168
636
261
300
184
460
-73
-205
67
-489
740
479
903
829
690
554
713
711
663
438
665
501
464
996
65
281
249
308
491
299
512
945
373
293
347
457
126
348
120
20
-162
212
229
16
451
-155
85
314
439
-195
491
91
417
465
74
813
312
63
1
408
219
386
51
546
104
767
371
126
224
241
219
267
9
68
21
757
132
-117
498
340
265
283
125
-127
317
115
656
63
641
-36
-194
68
564
319
469
-56
-239
570
266
577
402
88
-186
51
-373
-386
283
495
-76
119
598
209
396
542
133
325
-18
337
404
260
689
-848
140
448
422
44
278
6
251
802
58
-60
306
266
51
-319
318
-247
566
165
138
269
-64
331
92
44
228
371
367
386
215
116
397
331
56
501
379
187
274
46
646
-340
308
7
211
211
476
-310
755
328
-32
72
78
738
367
-259
354
458
192
517
113
-105
114
274
-17
-19
307
-191
-280
5
-68
-279
-64
-47
191
721
67
214
534
324
-50
-213
49
47
116
186
585
500
305
490
200
382
546
12
39
425
287
58
311
488
277
71
-306
344
82
106
185
410
417
83
355
-83
245
-254
157
-24
-72
-121
134
391
-31
87
243
-87
285
291
-158
-402
138
-70
-747
-621
-406
-651
-874
-488
-774
-504
-728
-542
-480
-448
-193
-267
-231
-116
-733
-375
521
-241
-737
-376
-1216
-817
-250
-254
-932
-339
-411
-683
-877
-483
-332
-629
-95
-6
-423
-624
-265
-957
-148
-375
79
2
-300
167
-477
-60
-62
-976
85
129
-370
-745
-199
-127
-391
-681
-526
-432
-1051
-55
-741
103
-459
-555
4
-728
-606
-235
-389
-493
-11
-561
-497
-340
-231
-282
-569
63
-539
-399
35
-675
-894
-311
-68
-457
-151
-187
-527
-611
-338
-14
-1086
-327
-198
-450
-348
-417
-271
-82
-546
67
-67
-417
-370
-689
-314
141
-704
-138
-126
-528
-100
-364
-239
-475
-499
-836
-528
-331
-403
-877
-696
-616
-769
-128
-613
-381
-518
-64
-400
-725
-461
-12
-313
-364
-521
-299
-425
-81
-1017
-340
-255
-364
-332
-622
-490
-143
-16
-361
-507
-145
-264
-490
-345
-992
-534
-90
-198
-495
-310
-48
-415
-254
-330
-354
-381
-635
-208
-261
-786
-268
-1164
-259
-648
-850
-403
-608
-827
-273
-349
-753
38
200
-744
-252
-424
36
-820
-277
-175
-430
-263
-748
117
-312
-477
-408
-521
-325
-190
-321
-251
279
-602
129
-477
-680
-621
-636
-905
-521
-781
-1
-754
-522
-317
-573
-353
-532
-857
-437
-381
-366
-300
-187
599
-446
-216
226
-178
-511
18
-57
-505
-47
-318
281
-204
42
5
-306
-159
226
-352
115
-244
-60
36
-265
-150
-103
-269
-17
146
27
-253
-144
-122
-21
-122
76
-145
82
-238
-5
-218
-240
7
-190
68
52
-103
-45
-45
-50
168
52
46
-71
44
51
51
-45
-40
49
146
19
37
-45
168
-145
-162
-162
51
-262
-253
-28
-40
-68
-77
46
-43
-42
-167
-90
-136
-68
-45
-169
22
-236
49
-168
-47
44
123
31
-40
-171
-162
123
-164
-50
-164
145
-145
-159
-162
-67
-68
-45
-16
-68
55
72
-253
-157
50
-162
-168
140
-235
-164
-68
-69
-50
49
123
-91
72
-118
-162
27
-162
-159
-136
-144
49
-68
-48
-164
-47
55
32
77
141
-244
-118
-235
-162
49
-73
-189
-42
-67
-253
27
-167
15
145
-46
41
69
-121
-253
-45
-85
164
145
-68
-253
-73
6
-159
-265
50
27
28
-141
-275
-68
-141
-68
-164
-136
-68
50
49
-68
-162
-19
123
-141
0
-148
-167
-235
-162
54
-162
-136
-68
-47
-4
-162
29
-145
146
49
72
-158
-258
-68
-68
-63
28
-168
-136
-68
-42
-230
-42
-47
-63
-147
51
-47
-253
-136
-253
-259
-181
-164
-136
-45
-253
-142
-68
-68
27
-101
50
-258
-164
49
-45
-150
-162
-73
-253
-67
-173
-258
-68
27
6
-248
146
-67
146
-163
-159
-45
-64
-221
-41
-139
-67
-41
-189
27
-44
-128
-46
-267
-141
-285
-118
126
-285
-168
-68
-123
49
19
-267
-226
-42
-216
11256
-11267
10806
-12859
-1475
-50291
5695
-34466
-1576
-17998
-47942
-14404
-43372
-61667
-12565
-9037
-55738
-74555
-25625
-26184
17212
-48351
-63188
-52784
-15622
-36304
-42525
-1925
-49938
-31564
-43035
-45714
-29090
528
-40075
-30944
-82115
-42595
-16875
-14639
-52104
-36294
-73856
-53184
-53291
-48491
-33104
-36568
-36456
-78429
-68600
-5904
-22641
-18798
-89181
-24445
-23360
-41289
-20610
-7059
-18651
-38331
-53907
-37160
-30720
-32905
-52455
-34007
-61614
-29941
-5056
-65195
-72288
-33128
-28556
-25727
-44617
-23940
9326
-60951
-8355
-49384
-96214
-15956
-13141
-28102
-103971
-50863
147
-8946
-15208
-53781
-11556
-49671
-66716
-49130
-70282
-40667
-34478
-25112
-67845
-44337
-12483
685
-61655
-16879
-29783
-33247
-33501
-91027
-10459
-46884
-3891
-42893
-51891
-47611
-62795
-6384
-67378
-50496
-35131
-31980
-31484
-75264
-53599
-48451
-70630
-63072
-53017
-88518
-41982
-15227
-43633
-2742
-47561
-48316
-5345
-80672
-66267
-96342
-67950
-45151
-18209
-28965
-42996
-36821
-37522
-8131
-60385
-10047
-10630
-35121
-49893
-41523
-57343
-33194
-13240
-49932
-59093
-35595
-22213
-35474
771
-28661
-24862
-12080
-8571
-71990
-55566
-26185
-29032
-22706
-57893
-1512
-10716
-52260
-23199
-21382
-21748
-35144
-24809
-23854
-78357
-50385
-26712
-20031
-39412
-92344
-27332
-18819
-47918
-33460
-14706
-39001
-38156
-20813
-35772
-66511
6195
19804
-39787
-57660
-46196
-16058
-58506
-33456
-34363
-24866
-16481
-51437
-21584
-28809
-44071
-45294
-93853
-77943
-45874
-34724
-62369
-40651
-69203
-19111
-13869
-58077
-29751
-48490
-71327
-26812
-35030
-51566
8259
6100
-441
-14986
-85086
-54094
-41682
-8837
-44762
-52281
-28634
-29110
-28935
-19567
-28062
-20690
-42105
-30884
-46900
-46868
-57326
-30115
-41061
-46176
-25173
-36469
1353
-21082
16559
-56845
-21638
-28914
20230
-3042
-15781
-26970
-17511
-1857
4003
-21185
44977
-7110
-27525
49351
13284
-421
25043
-33047
-3342
-18846
1854
-8940
-12211
-4612
-20110
6251
-13465
-21228
-17958
20687
2708
2397
-23154
18090
44930
-22666
-15574
4228
-26148
-14028
-6821
9617
16767
-12380
-3684
-42121
23397
5990
35514
-40368
-21428
24045
21279
22577
9829
-11995
-52330
12216
-28048
-1214
-23910
2578
-31117
-15570
-6296
48732
26490
-40520
-590
9980
14389
-10914
14308
21412
-12058
-27657
16929
15226
-5789
25840
1625
-18226
-39287
39660
29187
-36008
2991
-24154
10698
-32554
6315
10836
-20151
62601
10309
-18309
-32165
23469
43713
-16776
-35010
15268
-14080
63048
-11810
44799
19581
-50027
-11245
-13140
3073
23449
-812
13975
-41358
15195
60281
-16654
30232
-15681
9920
11665
-1820
8534
-39376
9349
24440
23344
-5451
2554
-46279
14551
-15022
-18945
23397
-4629
25537
109
21353
-33762
-133
1182
-35478
-11898
-19308
33361
24482
4581
-49682
2378
-41894
4935
-48133
-26216
-30162
1848
-10115
12749
5732
-24508
-18080
4393
15723
-26807
64733
-5980
32314
-49002
-3909
36892
-26042
-35405
16787
18034
-5593
27227
-9147
-26575
-31704
24679
-14889
-4216
-20335
4896
68068
-29440
2031
9329
-18149
-31336
27378
34130
-17659
9738
41676
-7292
-21266
5638
-4208
26651
-22671
-6382
26071
-16961
-14620
6725
42540
-17549
15583
28165
-33454
-1308
35714
30999
-3226
15690
15420
20945
-14906
-44278
-1958
9555
-9090
-8311
13342
-4838
29023
-28259
-22470
-50352
-5341
12325
29846
25269
-18399
12507
-2765
12179
-37
3385
17762
27952
-6351
46848
10210
31857
22097
29317
-19626
4122
61018
10039
33389
-15710
-23236
453
-45315
2472
-19293
9675
-28578
-24059
-35133
147
-24396
4780
7809
24118
-31465
1379
-16857
-2505
-18029
20816
-53028
1546
-28968
21896
-8394
-8990
30470
-30402
-33637
-4245
36056
-37037
11543
-61697
-59071
-22894
7772
-23003
-50131
-23321
-35440
-61887
16571
-22129
-4045
-6377
-6636
-54030
-21625
-21018
23988
-26652
-37157
-13647
-7295
-22174
-5923
-2763
-13316
-44322
-2185
-23147
16615
-258
-22143
-22414
-13664
2820
13506
-51380
-17960
-16527
-6528
-52071
-38515
-2362
-14434
-33290
30070
-34486
-41568
-31369
303
-71441
-52519
-3198
-36796
-11088
-65864
-18995
-12526
-29670
-58448
14427
-3263
-7196
-2421
-74709
-23525
22832
19139
-20249
-38728
-35523
8727
-11999
-27824
16936
-17602
-13353
18394
-31052
-15591
-20104
26965
-39939
-60803
-36302
29484
-43734
-26514
-20268
-27647
-26845
-51807
-7468
3461
-26400
-492
42224
-8714
-63946
21815
-12273
-53536
-25403
-43855
20962
-23983
-6220
835
10418
28606
2326
-34535
-56471
-5162
-50979
29547
-40209
-43004
-4271
3570
-11415
-10272
-43247
-14692
-9609
32246
-15743
-10810
-35309
-6581
-17151
-24465
-36608
-12220
2567
-402
-54081
-34854
2830
-20022
-42067
13414
-52169
-27788
-6692
-51630
-55572
-27095
3230
-19441
-30792
-57627
-15540
-18197
-37563
-23541
-6917
-27033
-30067
-6438
1127
-34336
5454
41302
-29489
-9337
-39647
-14045
3458
-36745
-33416
-583
-18400
9983
24429
-4076
-39333
-15542
-27915
-77911
-55608
-22628
-7794
-32394
-49632
4379
-38414
-65324
-29222
14554
-33192
-38073
-7218
-22288
10804
16744
16002
-23663
-33769
8762
-22307
-25722
-19483
-20094
-13414
20081
4847
19611
-5431
21792
2824
-36968
-5531
-13816
17358
27638
9826
-7135
-19371
31642
-14016
-22092
-65166
-38845
-16688
-50373
-45431
-51090
-45078
-38595
-49570
-29594
-43790
-73126
-41567
-53842
-23908
13916
-9020
-60980
-17966
16732
-6146
-40513
-66611
-14828
-23970
-46458
16629
-42712
-33313
-12505
-41328
-2392
-25466
15913
-15645
-19803
-19043
28087
-10949
-9625
9623
-43990
12897
13381
-44237
-40759
-24004
30449
-71799
-39352
-44511
15041
-36660
-60221
-33600
-21847
-19433
-42757
7127
547
-22117
13113
-27426
275
-21758
-30610
-13939
-51603
3414
1097
-1364
-19181
-20071
-21492
-40226
14468
-26242
-1388
-14083
30497
-16834
-60800
34817
14047
11335
-54383
-37015
12374
39632
-9162
-10038
-5433
-74764
-39863
-18504
21929
-611
-51808
-19743
-37501
-46743
-17705
-6396
-97994
-9550
-50782
-29942
4993
-15965
-27652
-4383
15719
10422
-64006
-46933
-4973
14381
-24927
2809
-13893
-10067
30373
-41374
-8408
-32998
-44066
14626
-10093
-56164
-6413
14137
-22068
-21959
-39810
3538
-37057
-18549
-16837
-65108
-11858
-46674
-34733
-5259
38150
-28252
-28577
20295
9682
-18693
28145
1812
-32266
-29966
-24347
-13553
1212
-5928
-28500
-458
5121
-47854
-40644
-32544
-18200
-7892
17021
-86648
6682
-9805
17910
-55046
-38547
-17305
-768
14258
33358
-5208
2511
-17481
-11094
-18747
-11074
-22041
-34058
-118
-15465
-42424
-1527
-21548
-44465
-23485
37761
-46695
-8833
-13216
-47285
-44848
-7111
9793
-23252
-40996
-38375
983
-56048
-13680
15811
-21987
-31202
-32596
-9751
-14373
4815
13993
-18567
-29581
1553
-3369
3924
-23383
-49666
-10144
-7718
4856
15939
-14546
-24567
-19013
-14472
-48290
-35983
13545
1769
-32586
-40774
-38887
-52509
3265
-70702
-31947
20111
-21586
-46260
13579
2641
17234
-17715
7908
-12679
17115
-13591
19479
-34447
-24473
8900
-18850
37833
17258
17729
38364
61535
32757
53457
24809
68314
45312
43233
73716
33377
54976
42647
3132
30330
61575
34266
18376
18171
34202
23595
7303
11049
39857
12975
25358
20280
33079
10599
55097
34783
44457
24876
75498
7713
47747
26932
61838
45479
53805
2319
16319
20636
33870
16275
23871
21130
51057
60283
42275
42091
58552
31158
43991
29154
45591
31894
37535
51402
-16843
23444
40241
29661
39866
28460
29609
13927
11044
22798
17771
25815
8940
2090
2647
36811
47261
70310
42048
36218
44746
10334
30375
16127
42780
53664
59409
2348
49225
60822
41018
105474
17168
35602
51224
21563
62465
7358
32827
48822
73550
15423
34351
19654
58154
53025
32221
36456
49953
26458
21362
17784
40640
43244
28576
26735
16402
-6962
79021
48554
50657
48810
28705
76318
38935
6032
68589
32622
22920
-2977
21651
12204
190
7356
42192
1336
8885
83689
20745
24714
13203
2505
58353
25913
46127
3454
13461
44256
47992
32486
37441
41904
32247
10011
12285
3301
25075
11857
40729
34376
6311
4534
18335
47654
5599
56662
32214
39345
39101
43649
33319
40448
39993
16881
44197
9516
-18568
31595
43941
52551
29753
54491
51779
14423
22240
60087
50027
47302
27943
53613
41043
28041
68887
61166
39362
44336
38178
30309
10595
42480
51609
35288
40181
10292
36339
26808
28406
39852
43462
33356
3415
36991
32345
19879
33363
33203
24565
47590
85166
39215
55565
16036
49630
22538
20146
17450
53373
27267
35708
27196
2411
22445
31949
40187
55519
13726
48372
76672
50651
-342
9508
-24043
-8865
-8559
-7352
-10037
13828
-11453
8938
-17119
-24064
-13802
2101
-5985
2431
-17488
19300
37781
30543
73702
32472
62078
28340
71404
26233
74827
44491
54898
40627
63245
17864
11212
71081
75064
37791
60664
7007
81557
72580
82703
44656
72982
56451
43108
47036
63881
64886
-7916
70845
53911
56320
63192
69657
68187
57127
71950
50044
82722
85972
70716
79173
49470
44864
13363
109844
94037
79845
26675
52891
81108
102614
40062
47646
61033
57209
22380
77758
50258
73744
5593
80082
80312
77981
55316
70279
40496
52059
79891
60828
64786
66865
39573
91851
37567
41121
640
42206
82454
66586
50502
47064
88199
68596
70753
46188
65084
61579
53090
66266
85689
49239
19763
72863
43784
50845
72097
69463
52660
33251
73779
71533
46622
71963
48033
68691
76658
15923
-4335
51078
67103
43814
52248
81901
84213
71893
72946
55856
40048
72592
64698
41781
95464
33807
-1359
65341
81363
47687
39497
72013
18754
77129
92427
58842
78328
84957
84033
68036
69830
16692
-3228
73304
67409
72363
50555
86536
1840
62451
68064
52012
58671
101342
56419
62748
96228
51769
-17594
75244
37026
42570
49135
84494
33080
58507
69259
66576
63475
68618
52933
61311
46182
56377
1739
60444
34849
47987
63825
75146
59588
96296
70263
84926
68383
75998
78269
70490
61885
49953
4879
70285
39812
69062
52704
58740
52600
44122
38879
59920
71908
32190
88520
72069
61742
61586
-1189
52983
64408
60122
54185
50546
97119
109896
69687
75100
72363
80410
66794
66087
65285
60175
11150
51766
90573
66363
39724
54841
55419
9829
56965
43632
61750
78563
82674
62365
50286
45449
10171
36796
34021
29604
27878
26946
51996
23158
37506
30385
38369
50088
48430
46510
35106
25291
10807
-28018
-64885
-44465
-43868
23406
-40797
-7149
-40565
-19447
6839
1202
24695
16904
-37310
-22742
-21916
-64867
-86975
-86776
-75654
-15281
-80783
-76336
-99289
-71462
-37937
-44749
5958
-55694
-73437
-47962
2812
-67891
-54270
-87904
-49645
-72681
-92275
-100653
-85150
-96348
-90470
-90476
-49051
-73779
-66835
-54316
-56480
-99563
-54332
-64476
-27326
-76114
-58908
-89750
-60996
-80711
-96281
-60855
-63854
-69352
-89668
-81484
-50736
-112588
-81399
-77279
-33394
-97015
-92161
-76938
-64875
-104889
-109462
-90478
-110540
-76297
-72766
-38319
-27407
-106588
-69488
-102763
-59692
-85720
-45287
-88120
-101132
-97731
-101534
-62265
-78896
-56785
-82654
-50911
988
-71232
-51794
-84823
-20687
-37728
-44110
-107104
-67159
-74000
-59716
-32510
-76306
-70266
-80233
-56185
5730
-16104
-17107
-56558
-48081
-124235
-76058
-95670
-62428
-58724
-63051
-14164
-41360
-44049
-54260
-63428
9034
-18938
-44358
-67611
-86872
-117288
-39440
-82967
-100522
-26915
-45094
-1442
-41465
-80170
-53449
-35916
-7349
-73915
-76726
-103183
-74645
-69176
-73111
-93419
-67275
-36142
-69640
-92371
-93243
-94693
-77762
-85470
-19790
-70752
-98721
-89205
-72001
-53158
-62535
-46128
-54068
-84795
-108530
-93730
-76413
-105426
-108779
-82693
-50875
-89204
-85921
-86053
-124262
-80920
-35886
-90613
-102288
-102430
-81944
-66326
-109623
-127075
-105957
-69517
-33164
-20295
-36768
-78299
-86921
-52590
-71916
-89813
-61376
-60258
-47061
-94526
-89809
-130737
-118623
-96973
6622
-13687
-67392
-72422
-67661
-100273
-111120
-93117
-79990
-78699
-54224
-96038
-68704
-135410
-138524
-81658
-26765
-94387
-60168
-51039
-47146
-64655
-78023
-66471
-60889
-55190
3129
-66668
-85850
-112890
-76324
-58091
-14897
-69451
-31715
-44353
-40307
-73424
-73835
-69593
-28982
-40184
-38842
-84217
-65185
-60169
-71790
-81368
-37771
-73730
-36974
-101198
-85219
-83962
-72853
-62459
-86473
-72811
-79614
-78289
-55795
-105144
-52254
-38138
-46905
-58754
-51175
-81944
-63277
-83166
-48969
-69176
-91043
-100842
-76211
-56133
-74615
-39768
-36285
-71443
-74543
-29677
-89323
-37898
-71039
-64983
-54100
-69245
-74648
-68975
-84270
-50947
-81526
-37643
-44465
-73725
-53198
-102546
-80571
-96676
-64579
-84851
-80942
-97117
-78150
-63141
-76454
-83419
-79785
-30432
-64767
-42793
-69979
-113975
-76110
-82232
-55465
-70506
-46869
-72873
-65518
-32674
-55907
-78051
-74345
-62587
-75580
-64139
-47536
-63552
-67003
-56695
-39553
-24121
-85739
-96555
-29419
-72260
-36125
-99383
-56979
-103929
-84030
-77298
-60624
-32968
-39423
-47502
-96137
-118123
-55321
-50762
-83238
-86016
-124450
-60487
-98367
-81244
-38109
-50548
-41289
-31523
-49460
-67043
-110523
-50527
-39064
-69402
-81274
-64005
-42148
-61523
-61247
-26988
-74427
-51274
-66911
-60181
-46305
-60269
-42532
-17864
-113542
-80452
-40174
-103285
-56197
-112766
-62619
-42395
-50923
-77283
-72031
-57954
-46416
-44386
-67048
-31317
-69776
-41675
-87863
-68841
-109061
-52052
-72366
-40810
-84627
-54894
-44313
-41991
-58986
-77352
-90426
-83504
-23467
-92449
-81603
-90407
-48492
-62263
-85807
-71542
-94112
-53814
-13000
18149
-44463
-82333
-65475
-84671
-108399
-85902
-60872
-80766
-64560
-128556
-39928
-74736
-98803
-71906
-14268
-71990
-75165
-65566
-80308
-112860
-75155
-27383
-76250
-72701
-93489
-63239
-70077
-97845
-70481
-53779
-66250
-131734
-43424
-42470
-77146
-48366
-61298
-78181
-60254
-74809
-73492
-49211
-94448
-81516
-43987
-95301
-50387
-44551
-44971
-81239
-44199
-75049
-62972
-81907
-34145
-63191
-108889
-81556
-42207
-73566
-109025
-81411
-30078
-11355
-40694
-50149
-24253
-3186
-19213
-20779
-41259
-56903
-32104
-20817
-13914
-42100
-55252
-9010
-10
-415
-10
167
-143
120
180
254
154
155
515
357
228
67
239
501
-505
337
342
-239
15
4
286
-196
391
203
268
271
79
-1041
-192
470
-385
-507
-391
105
152
-233
57
-99
29
-421
-5
-14
-298
592
-34
258
-418
644
22
687
17
99
-252
223
-352
-357
420
21
-139
-10
-180
797
-478
-492
254
-87
-13
86
-232
62
169
506
497
1
248
585
123
-38
-728
-108
-234
177
1
-87
499
215
-95
141
14
25
-259
-302
-607
381
-483
773
-161
64
291
-79
158
-42
10
-14
593
-322
-29
-104
467
271
-660
-247
270
-376
-300
-468
588
-23
7
93
-563
179
-267
-178
70
89
-442
-614
133
259
-179
716
-408
-591
329
-94
382
331
-135
338
110
382
-528
-177
-320
71
524
125
-525
214
125
159
-260
-785
201
91
52
440
-742
-92
-55
222
126
262
48
563
-297
327
73
869
73
181
-80
207
-814
363
275
-96
-369
7
134
23
171
73
110
-320
30
364
208
65
-282
435
-423
475
480
-13
-148
-182
95
213
20
-169
-104
-300
292
898
-390
-568
-43
202
-552
-508
370
359
145
225
-94
39
124
-245
149
301
-862
-369
296
-273
-14
617
-42
-789
-404
-158
-223
-652
-754
585
-53
-241
-926
523
-374
-689
-297
-833
-261
-396
-90
-454
-858
-256
-191
-497
-724
-172
104
167
-366
-809
-266
-199
-169
-229
-393
-385
0
-379
39
-32
-66
-186
-165
-664
-1056
-187
-961
-626
-1212
-986
-466
-682
-801
-667
-727
-896
-1228
-425
-402
-687
-938
-247
-593
-188
-688
-277
-1216
-806
-230
-821
-460
-914
-834
-390
23
-1213
-610
-539
-623
-1113
-742
-986
-919
-773
-566
-809
-661
-424
-543
-544
-541
-859
-947
-1077
-587
-594
-573
-500
-152
-665
-579
-468
-290
-767
-759
-506
-14
-633
-928
-587
-875
-733
-737
-519
-602
-1323
-738
-611
-1352
-984
-551
-635
-315
-689
-773
-778
-510
-464
-859
-732
-710
-462
-806
-790
-688
-316
-1036
-4
-739
-767
-874
-750
-1351
-835
-1035
-550
-771
-1101
-712
-667
-890
-963
-777
-380
59
-508
-889
-659
141
-827
-862
-871
-984
-354
-882
-1124
-602
-966
-1240
-593
142
-992
-972
-553
-647
-324
-251
-585
-695
-861
-1062
-180
-1168
-1184
-915
-323
-123
-420
-548
-983
-1087
-786
-689
-1066
-620
-891
-606
-681
-557
-695
-654
-456
293
-536
-585
-653
-1029
-771
-825
-867
-761
-387
-1126
-675
-1000
-704
-728
-420
-652
-1278
-723
-485
-622
-464
-1142
-741
-736
-562
-711
-1029
-864
-827
-697
-526
-458
-623
-791
-820
-944
-875
-535
-715
-527
-918
-966
-459
-897
-404
-843
-236
-595
-756
-1225
-961
-535
-730
-749
-911
-1236
-706
-688
-1191
-717
-648
-851
-293
-311
-493
-691
-584
-632
-680
-213
-53
-480
-346
45
-601
-961
-137
-756
-191
-91
143
-187
-246
-97
172
232
-2
-394
-329
-114
-25
-693
-147
18
-57
-626
-655
-261
-512
-628
-824
397
-1039
-316
-193
-460
-713
-662
-262
-94
-637
-460
-535
-708
-787
-557
-741
-310
-248
-533
-839
-76
-484
-927
-120
-1106
-552
-171
138
-1064
-604
-1399
-538
-658
-386
-370
-828
-476
-818
-386
-450
-748
-74
-56
-201
-123
-689
-804
-999
-564
-519
-763
-676
-772
-751
-494
-561
-825
-78
-306
-323
-324
-498
-740
-585
-384
-517
-862
-892
-658
-461
-523
-964
-539
-43
-782
-418
-738
-284
-499
-420
-975
-549
-507
-866
-245
-976
-462
-685
-683
-525
-623
26
-593
-574
-834
-411
-592
-355
-524
-733
-676
-128
-595
-1042
-789
-363
-65
-273
-616
-771
-625
-526
-731
-481
-644
-483
-126
-888
-482
-422
-606
-555
-827
304
-617
-511
-561
-693
-650
-397
-619
-1052
8
-745
-604
-209
-692
-209
-234
-398
-185
-136
-526
-889
-1365
-477
-835
-328
-858
-87
-855
-439
-442
-215
-523
-412
-657
-635
-509
-313
-263
-433
-567
-560
-468
-619
-485
-828
-278
-322
-551
-347
-665
-752
-505
-434
-593
-480
-403
-470
-931
-673
-559
-489
-651
-198
-345
-189
-456
-683
-1048
-999
-272
-106
-515
-481
-919
-606
-746
-558
-414
-322
-353
-334
-305
-595
-977
-309
-976
-562
-491
-435
-765
-199
-1028
-752
-746
-295
-730
-151
-386
-758
-451
-760
-258
-368
-416
-1008
-757
-326
-545
-671
-868
-280
45
51
-201
-234
-300
-453
-131
-163
206
-331
-409
10
-388
128
-308
-110
484
1059
364
569
72
409
25
506
204
276
110
292
105
170
-121
44
667
497
536
667
617
836
432
557
187
694
282
47
253
122
355
-228
534
456
755
561
505
414
376
505
494
129
204
40
608
406
184
123
232
645
416
490
523
-23
463
530
345
340
694
703
507
211
849
-48
501
500
260
104
506
442
1009
400
-146
987
678
486
790
740
207
-432
765
831
712
697
687
562
254
658
359
452
774
461
482
-25
252
307
449
879
895
129
-104
600
194
860
618
237
871
451
401
1000
572
-175
961
306
230
500
309
288
185
226
565
619
134
686
435
248
220
156
274
332
292
189
703
303
854
555
712
9
377
28
399
534
152
-27
123
645
123
205
903
341
678
709
501
46
575
497
896
529
37
-35
448
512
636
660
731
366
369
508
377
669
552
495
240
417
480
-314
689
831
970
188
519
299
251
529
531
531
144
721
569
165
136
50
482
629
490
516
551
736
334
383
740
569
446
910
850
654
157
321
542
507
514
410
-278
466
83
407
-41
274
138
345
341
342
538
-270
368
443
578
635
239
739
808
969
975
477
611
535
602
634
572
68
1
429
67
388
408
440
271
76
10
90
147
124
572
70
625
326
-279
502
631
158
745
22
102
202
595
571
870
834
417
299
-207
-302
283
628
-83
915
-28
661
305
162
212
134
347
779
208
631
605
614
-21
406
810
740
583
364
60
754
701
-36
780
728
377
65
521
236
-143
167
536
316
932
709
905
292
483
1254
612
504
364
907
-280
-124
125
224
362
662
711
1
-294
657
472
-1
2
320
460
146
442
562
226
768
790
52
413
455
903
140
229
766
376
1029
220
640
1068
-67
18
125
6
617
701
399
5
-8
575
675
118
244
453
227
-212
356
32
-25
1203
373
654
296
566
811
121
140
198
559
871
505
1122
-21
-23
584
382
-40
252
468
708
600
278
887
372
540
-50
309
69
548
-4
-71
851
395
531
776
163
102
713
292
524
410
606
729
320
-273
533
588
14
466
238
-30
339
719
572
37
44
-162
1024
-160
354
636
-290
260
359
570
546
806
1149
1
-219
772
813
371
389
157
949
307
259
270
734
380
427
438
-473
47
666
127
728
246
633
934
-70
-106
-139
-60
211
295
469
499
1108
440
315
353
390
375
255
538
205
264
-325
356
366
590
293
467
-182
173
358
524
669
419
762
19
427
477
-1024
32
-143
-222
-263
-390
-399
-372
-481
-117
-640
-191
-586
-381
-511
59
-374
623
-88
187
60
466
390
104
-337
453
234
74
204
170
184
344
-652
118
117
472
401
267
203
172
-113
339
243
302
658
249
121
412
-278
119
293
210
159
-161
732
162
162
264
514
-165
495
335
309
881
-547
57
50
249
781
-61
467
309
569
314
232
455
591
304
-253
433
-514
225
308
-55
209
270
379
169
181
113
429
281
127
515
207
534
2
500
66
-234
510
324
58
-29
189
238
527
43
-17
584
194
910
-743
577
195
218
39
701
351
401
252
-18
571
28
252
378
19
681
-870
441
-7
314
470
-24
407
-100
560
258
120
400
511
343
236
613
-477
-18
-237
403
696
-155
158
469
390
-22
307
280
69
212
-193
859
-258
-254
-71
9
420
24
496
628
175
206
407
137
271
377
196
454
83
425
260
-133
209
97
470
-103
233
467
87
498
-398
426
149
606
-470
-60
-160
134
564
153
55
416
96
421
143
236
165
139
317
902
-799
-8
176
385
99
670
422
291
115
85
100
442
165
130
316
873
-575
306
602
26
42
817
179
156
-275
-46
584
707
-47
771
308
268
220
621
656
428
490
917
624
1075
204
549
729
637
823
442
658
719
-241
-92
18
-177
-51
259
-196
192
181
89
160
33
-317
-134
-172
-136
-26
727
-394
238
-330
-302
-234
11
-322
-76
-321
-534
-197
-399
-439
-205
-19
-657
201
171
-211
-243
-223
-139
98
-426
-95
-144
-273
-16
-436
-648
59
880
-108
15
193
-272
20
295
-135
-360
-102
-345
-150
-171
-191
-153
-347
-213
252
-12
-193
-329
-321
97
18
163
-268
-24
-91
85
-240
-874
-555
-85
-219
-354
12
-51
21
262
-203
-106
-281
-6
-419
-254
-175
-480
-94
56
0
-303
3
-217
-389
-409
188
-144
162
-174
-310
92
-361
-539
-49
-525
335
-482
-153
-157
-135
-203
-350
-398
-453
295
107
-673
-52
-447
-46
100
-468
-379
-661
194
147
-183
17
481
-278
206
-450
211
-209
-497
-246
5
39
-121
508
-402
-543
-173
-119
-571
151
-640
151
-323
-273
-296
-282
-155
-212
-95
17
303
-93
102
-143
-36
-191
-89
30
-146
-450
-395
-311
169
143
-369
-219
-177
191
78
38
39
113
-405
-105
-104
103
-582
118
468
253
-90
-29
-230
-304
-476
84
-302
-627
3
-260
95
-247
-489
-162
-174
25
110
-283
-352
158
512
100
-315
-42
-228
-52
-622
-225
-526
-313
-121
-74
60
-481
-137
-503
-322
-150
-367
103
-498
-376
-109
-472
-772
-433
-418
-283
-503
-470
-553
-127
90
-475
-576
-807
-149
-135
-635
-139
-813
288
-169
-130
-51
455
63
445
-91
2
93
-220
492
265
20
342
303
280
281
651
651
455
19
-5
329
-145
140
487
312
492
205
-76
95
211
-116
138
132
275
745
425
-205
757
211
28
73
272
300
419
556
-15
135
-65
208
-90
-61
321
579
322
227
-85
152
396
133
-352
303
360
478
-219
-186
378
684
496
5
-17
325
346
437
26
40
123
425
463
70
156
172
568
-207
-115
315
-164
368
-14
137
284
55
380
728
366
196
54
259
-134
550
578
210
85
-277
473
667
19
93
274
272
457
-142
-126
-18
712
128
226
137
632
475
174
-103
62
-8
306
-7
85
457
117
490
161
-109
431
529
278
-26
-26
85
61
150
-50
275
383
-200
313
85
36
-25
658
24
-176
399
260
165
93
-255
-25
463
172
438
22
-179
-42
397
156
-14
-23
123
300
-200
-138
395
-68
359
729
44
-170
307
210
-141
144
316
315
-78
-139
155
101
78
84
427
233
-477
135
231
105
512
1065
114
-152
65
553
123
11
244
251
616
289
375
230
207
414
174
52
110
338
543
399
-81
506
663
318
231
653
388
92
350
117
651
822
494
581
529
521
545
656
-14
568
538
498
100
391
618
646
732
627
642
521
636
660
894
129
458
353
444
-792
-918
-1328
-854
-1057
-1118
-956
-1298
-1027
-636
-746
-1680
-1302
-761
-1413
-702
-1228
-994
-1587
-1672
-942
-621
-1603
-774
-702
-1436
-1468
-951
-278
-841
-869
-560
-814
-1364
-1560
-843
-1713
-1623
-1088
-1140
-742
-1035
-976
-1434
-952
-798
-641
-10
-948
-1560
-1478
-1037
-1181
-991
-1336
-1072
-1497
-1479
-1523
-1068
-814
-1135
-1712
-671
-1088
-1364
-1347
-1274
-1152
-1172
-782
-1367
-1257
-1489
-1710
-1189
-1543
-1736
-737
-475
-1060
-842
-1250
-1316
-1559
-911
-1068
-977
-841
-1403
-1618
-1216
-965
-840
-1322
-415
-898
-1206
-684
-1381
-1095
-1097
-756
-1034
-1318
-1610
-1253
-1397
-605
-752
-425
-265
-815
-993
-1080
-1122
-857
-1298
-520
-1292
-1431
-1390
-1020
-1068
-1668
-832
-1113
-33
-1347
-1423
-1077
-1415
-804
-1348
-1803
-1327
-538
-1481
-976
-863
-832
-1284
-1194
-316
-685
-856
-1259
-1137
-1756
-1277
-942
-1743
-1022
-1012
-700
-707
-836
-1199
-1329
-604
-1628
-805
-1358
-1077
-1179
-1646
-1483
-1213
-1370
-1473
-1532
-1133
-1550
-1288
-1290
-429
-632
-1071
-1772
-891
-1754
-1204
-1175
-1187
-1294
-1092
-1364
-855
-1313
-1282
-1443
-147
-1214
-1180
-1328
-1073
-1243
-1087
-1179
-1602
-1322
-992
-948
-1335
-1022
-994
-944
-275
-1096
-909
-932
-929
-1196
-798
-1052
-1102
-831
-1449
-1741
-894
-1191
-876
-455
-463
-831
-825
-498
-566
-828
-1085
-538
-583
-795
-1231
-1013
-533
-834
-998
-479
46
-222
-81
186
-35
-86
88
-341
-548
-139
-108
26
-292
-53
-31
-251
105
-643
-782
-861
-480
-103
80
27
-56
-119
-412
-193
75
-564
-107
-598
-133
-884
-442
-150
-674
-301
235
-76
17
-231
-184
-672
-59
144
-131
-327
410
-598
-427
-382
-334
-343
-616
-788
-315
-199
66
-506
9
-791
-528
-241
194
-1412
-374
-237
114
166
-662
-584
-542
-705
-377
-1189
-161
-404
-398
-285
-379
-1006
72
-169
-85
-574
-284
-204
-600
-296
-31
-512
295
-207
-328
-13
376
-797
-403
-164
-277
-174
-256
-527
-899
-3
-533
-837
-217
60
-351
-526
320
-984
-621
-286
327
-520
-752
-370
-382
-815
-667
-229
63
19
8
211
606
-1104
-587
-1163
-433
-133
-770
-631
-46
-906
-8
-370
-240
-397
-210
-119
67
-636
-463
-1125
-144
113
-465
-1063
-103
-25
-183
-351
-374
-590
-435
-60
-113
-1063
42
-617
-328
-1004
-348
-84
5
-429
-223
200
-804
-668
-641
-171
29
-937
-789
-756
79
-327
-702
-372
-614
-840
-157
-269
-444
-266
-573
-177
328
-897
-539
-531
-569
-160
-670
-300
-659
-551
-362
-458
-362
-416
-656
56
-34
-659
-991
-890
-293
-123
-521
-277
-498
-440
-474
-73
-480
-951
4
-349
422
-1003
-516
-245
-558
-339
28
-242
-387
-304
-745
-308
-681
-326
172
408
-76
-340
62
-87
-14
-124
66
-442
331
60
-245
-588
529
4
-43
-89
307
-176
385
289
273
170
-120
-356
-95
60
93
-43
181
106
-3
289
52
373
392
583
808
537
574
577
580
286
607
486
386
308
850
441
386
425
1184
1713
1030
1233
1114
842
1136
1015
1188
1071
1708
1369
923
1566
854
479
937
1253
1381
1082
865
1055
681
883
1598
1138
573
1124
1323
1013
1098
408
1430
1393
952
1060
1197
736
703
740
1262
716
1455
1333
1093
1214
658
612
1153
1361
926
940
640
1688
1728
1638
1342
1265
1021
1182
1989
1190
471
914
683
799
1171
1384
1150
1359
1188
1369
1421
1265
1396
1271
1037
354
1100
625
782
1300
1112
1342
978
978
1628
860
1043
1203
1116
763
729
1149
794
400
1293
962
1298
1152
925
1388
1285
958
1105
1563
1113
664
1089
510
827
775
1024
1170
1334
1760
728
568
734
1275
949
864
1085
1137
1213
788
615
303
1440
651
946
1470
1116
1677
1007
366
1038
739
1045
1037
1535
1631
843
460
889
1013
1262
1151
973
992
1465
1800
1240
690
788
667
1086
1213
837
758
952
1270
1123
1414
1467
1761
1307
1099
1023
1201
919
1624
1239
1259
880
490
710
1699
1453
933
1144
1383
1445
1728
1202
733
1030
1353
1345
1122
978
465
1034
1477
925
1115
1263
623
638
1356
1702
866
1144
1399
1426
1074
677
231
782
1073
1080
915
410
502
931
1376
974
1047
945
1141
774
420
584
527
554
214
411
536
500
557
503
688
875
536
888
483
550
316
507
-338
-776
-575
-828
-367
-179
-184
-246
-538
-314
-416
-604
-289
-587
-270
-724
450
-187
-337
147
-79
99
206
464
311
535
-469
-275
-47
163
-490
23
163
307
-239
30
159
-149
-376
-562
-155
276
-350
-62
-236
-326
-399
-419
203
-60
-255
-512
-225
-21
-102
-485
-595
-84
-337
-529
-384
-402
-416
-16
340
-268
328
-133
148
-309
404
9
3
194
-68
-159
32
244
35
-190
599
6
-7
5
330
-121
-89
214
197
377
209
-35
-299
82
-381
-282
142
350
-83
-344
123
-201
-130
-491
-294
-168
-430
-168
-80
164
-632
-56
-36
-316
-329
-225
-123
-347
-688
239
-32
-48
358
114
-391
-529
-189
-218
180
253
-439
-220
-163
-320
-187
-177
-192
240
-52
287
-32
-608
-183
-224
-187
-25
-285
134
-380
112
-128
220
-293
-337
147
-118
241
-327
-393
-13
336
18
-424
-225
197
-314
148
-214
94
332
118
-17
-60
-329
-612
-46
655
580
454
9
-119
-591
-453
15
-208
-241
168
182
-143
-161
-485
-577
383
139
264
95
57
-37
-130
-106
-75
-166
-591
-29
-304
-751
-196
-461
-22
243
185
21
162
517
537
153
112
-266
-150
-121
57
-231
-688
483
147
208
709
672
380
574
512
99
664
286
316
609
513
667
-118
-31
-51
615
368
471
601
576
329
700
538
587
556
656
462
320
297
354
-18
142
320
-504
-315
75
133
27
17
-392
155
-19
271
145
135
643
-158
345
201
22
161
-140
-224
-139
-53
697
149
191
-248
109
-172
287
-583
-471
-361
-62
145
422
149
-281
424
43
-357
-27
208
-94
54
309
-343
61
2
213
-252
-351
-211
151
114
349
-189
-176
-211
402
-9
666
-273
-87
-516
-396
-28
-89
202
-379
-291
-294
-173
246
328
-26
183
436
-761
-453
-507
18
-123
163
-41
28
-73
97
-71
327
-13
-136
-211
531
-807
-570
-99
93
378
-647
487
40
311
56
-11
-545
-418
-344
-782
232
-127
-556
-213
3
-315
298
-326
48
-3
-500
-169
-278
-6
326
-30
382
-329
31
-40
-128
57
-323
246
150
-219
-198
-263
101
-113
30
-634
351
-409
-1021
-438
649
-162
44
-279
-401
297
114
460
44
11
-293
-113
263
-349
-106
-243
233
-139
-50
56
-164
89
-98
-723
153
439
126
-935
337
-915
-221
101
131
227
-183
-63
408
42
38
58
-470
-258
206
-316
309
-538
-273
-176
-188
-517
162
-157
121
71
183
-438
19
-211
-141
-98
293
-379
-218
-240
366
174
-447
-558
-155
287
-247
-158
403
336
-5
-423
232
-436
-441
-14
34
5
-236
-537
-24
15
-225
-254
-4
-515
21
-165
391
-775
-642
-538
-713
-518
-559
-632
-305
-563
-871
-632
-288
-578
-730
-586
8
585
644
347
554
96
528
368
392
340
513
592
547
-367
828
354
235
750
758
1345
1493
369
944
709
711
962
793
801
685
1445
387
315
740
1013
1401
1305
842
942
959
363
1028
868
989
1139
1025
956
775
1133
940
246
1293
1271
1242
923
1370
1501
1017
965
1398
1321
1068
1246
1089
1052
901
249
1291
1341
1256
1094
1666
1600
1470
1749
1690
1259
1843
1571
862
611
883
606
1188
1251
1356
971
1172
1254
1241
1215
1353
865
1272
1110
1687
929
1192
931
987
1087
1058
988
1808
1144
1371
1314
1567
1941
1530
1661
970
1401
1242
493
1286
1763
905
1540
1354
1113
1538
1345
1456
1062
1048
821
861
833
1174
876
1014
1307
1482
1490
1034
1529
992
1176
803
982
1189
1226
1696
912
1260
691
1163
1326
1223
1086
1200
1591
1306
926
697
1352
772
1433
701
1156
929
490
1335
1368
1735
1077
1386
1039
1055
1250
1348
701
1336
1114
1298
1409
1084
636
1381
1126
1235
1696
1425
1421
1548
1213
1336
1330
1324
1187
1224
1092
892
713
1033
1306
1696
1451
1760
1367
1389
1383
665
1235
1852
1280
1135
1059
1340
228
1590
1579
1645
696
1664
1469
1276
1630
1231
1633
974
1679
1295
1243
647
722
1210
1229
770
758
1251
868
1279
1329
1239
1128
1296
1161
1177
720
1256
359
1063
780
932
715
667
974
998
1287
978
936
841
1122
980
1119
653
-118
664
536
468
490
393
635
280
344
555
657
596
441
1048
828
716
367
531
846
1188
1443
865
521
271
776
1439
800
406
712
406
518
968
23
711
610
1139
816
905
638
432
1191
464
129
997
615
857
718
1017
-72
998
726
512
175
100
841
812
537
970
1016
839
667
1125
336
464
40
723
112
405
894
974
1126
580
1400
772
593
928
903
523
-169
787
-159
813
692
1393
739
365
241
1030
624
809
988
769
719
209
707
1283
23
647
192
809
517
554
849
872
348
549
1057
314
1123
249
504
421
211
705
338
1250
834
737
520
729
528
506
662
774
294
530
246
974
240
610
743
800
800
559
1103
804
325
835
223
200
737
668
740
904
400
73
-50
1314
592
1202
1096
630
769
612
616
572
905
644
700
695
121
823
694
976
942
1007
1183
733
1180
668
63
928
772
705
577
828
299
819
824
758
922
633
848
1275
930
385
869
1047
1061
1110
497
826
108
605
708
927
636
658
608
499
924
443
415
1265
597
1235
631
1057
-9
362
867
853
815
218
797
1475
1231
843
553
536
707
704
387
237
17
311
99
25
447
610
561
861
642
520
70
611
257
454
-196
886
-109
235
-233
-25
232
287
409
541
261
227
228
26
-7
37
208
143
-41
-185
463
518
512
349
280
512
655
602
277
802
465
205
693
493
-134
516
414
907
817
772
1179
677
631
250
1072
359
1155
625
885
813
485
935
345
396
1027
539
915
560
425
979
601
650
327
315
1225
519
587
539
451
706
396
272
791
895
1145
230
579
58
84
758
197
98
368
655
916
676
584
633
878
561
270
510
946
623
636
624
337
462
664
617
1045
286
930
277
253
674
18
475
617
282
378
656
183
158
390
627
451
972
523
259
384
702
399
744
791
975
668
374
228
297
335
522
502
500
413
51
708
758
674
839
493
742
603
170
295
-118
321
407
956
687
574
1097
526
588
455
516
359
854
412
942
556
367
270
354
605
350
778
970
396
593
614
1039
798
337
483
39
79
-83
776
861
842
725
392
820
488
811
261
385
493
741
1027
1197
736
281
260
259
853
771
619
211
228
-3
1339
676
857
657
538
609
430
302
305
784
922
374
602
296
675
1095
332
495
812
439
561
467
181
244
146
813
140
1119
1097
340
300
407
542
380
197
558
918
45
710
89
434
270
173
473
717
641
871
424
549
485
296
783
111
272
268
414
76
265
475
318
334
699
360
322
592
169
269
396
482
446
29
118
16
176
624
113
-29
251
581
787
-57
-89
379
582
261
313
770
327
20
804
1124
1001
304
999
1169
868
612
1029
585
930
870
855
860
821
378
422
759
1075
883
1324
611
995
547
1020
1071
527
690
885
654
417
53
659
963
923
627
971
1008
566
207
624
824
430
866
402
756
1014
562
848
708
435
660
299
1279
1038
257
1104
1103
966
1125
1270
1317
772
428
769
1147
700
597
753
830
617
652
1235
1017
757
570
1074
1415
458
262
968
1316
844
755
869
865
672
436
1115
994
866
577
1162
1127
768
-412
227
802
376
777
426
658
1299
342
552
621
763
832
718
681
533
413
221
1218
519
801
868
643
602
1071
1189
1449
1268
454
630
401
356
21
595
1211
693
413
966
477
735
673
320
925
499
109
972
1064
371
38
-82
1003
903
475
981
494
499
853
648
749
578
863
925
567
1023
-120
727
922
515
905
680
900
348
353
1017
1452
730
820
682
1541
712
165
558
832
607
586
970
644
568
518
528
409
1325
243
758
716
716
348
682
776
1017
851
555
1136
788
1124
1035
1390
740
1316
947
1258
844
218
530
848
994
615
909
744
565
709
1044
779
647
667
964
1064
550
100
537
394
545
268
401
767
705
679
248
465
697
640
243
670
382
363
148
309
639
171
209
475
468
439
747
92
496
376
782
523
200
160
28
366
463
191
134
257
461
512
129
605
138
207
168
248
229
351
778
405
77
186
241
454
447
-14
420
554
194
687
18
216
506
206
501
521
195
709
254
620
515
105
709
1031
393
-44
494
139
-261
-165
208
952
555
756
389
342
390
305
388
738
227
419
-55
-275
213
407
18
535
383
785
169
435
90
-177
-225
241
164
48
313
592
318
801
-73
570
-96
623
173
-343
583
350
-31
912
559
710
357
71
-46
600
-6
451
194
635
497
-130
-389
600
144
772
439
433
528
272
323
512
222
281
212
257
510
491
12
577
-75
134
215
357
788
373
350
409
299
292
312
587
367
1233
204
879
606
227
553
147
263
289
439
546
678
334
375
765
517
154
686
453
291
509
466
-65
612
191
-139
464
549
676
600
579
378
357
785
396
542
-124
761
533
526
-103
36
543
29
244
430
444
342
132
343
612
206
437
590
596
84
405
129
572
-156
43
287
147
715
363
359
100
859
188
423
229
384
59
-263
257
139
-135
-70
508
450
107
514
183
181
-122
-90
482
117
-152
78
174
-349
327
302
253
317
170
-166
97
300
-95
201
144
310
197
256
-315
38
333
188
253
53
105
-28
222
127
-30
81
32
112
-189
200
275
495
422
589
331
660
109
571
280
241
237
412
194
-158
-344
261
66
307
-72
-271
238
442
287
187
-297
-102
292
121
35
-523
97
262
262
615
124
510
530
369
337
380
568
810
124
450
103
344
-94
-102
208
278
266
619
256
245
-141
486
804
60
7
395
125
-386
207
-208
425
487
568
148
237
524
-177
281
263
378
317
781
1
241
184
-543
529
451
194
151
402
276
60
271
329
415
421
348
389
283
-260
14
172
-33
665
166
545
277
-106
270
710
687
267
318
174
348
315
-40
245
375
220
370
38
452
535
504
246
473
-404
892
316
680
-43
-380
440
18
184
586
288
364
399
509
589
-7
904
247
561
427
354
-315
215
1010
183
345
399
377
306
307
292
784
427
58
233
371
152
-418
589
342
241
652
291
421
192
-19
-253
456
598
585
-89
163
-147
5
324
129
540
617
534
743
233
254
391
398
656
-154
225
293
-46
-59
-3
603
64
268
788
908
253
316
235
838
102
-140
541
179
-185
-128
572
576
346
443
849
815
643
642
701
525
466
649
512
345
306
369
523
17
347
572
419
218
491
142
601
559
140
387
569
409
244
-219
-21
310
231
-221
497
187
430
-99
476
343
222
-82
489
135
213
229
591
339
363
48
210
394
238
646
266
276
101
260
48
428
-307
-1
538
634
-514
428
458
817
467
155
121
193
-110
5
10
-182
310
-225
1053
427
172
369
37
182
181
158
478
164
532
284
191
428
-94
-23
873
-318
-30
-389
35
323
114
5
61
-92
321
137
174
-417
135
160
777
325
371
257
345
-131
-256
383
282
38
596
-39
-291
229
319
-272
797
-26
376
117
283
-225
315
-19
-241
354
52
430
8
504
-59
-30
955
-543
-99
67
206
-255
239
24
126
321
178
147
133
203
-426
-315
664
-2
521
558
-505
522
38
-18
751
-13
24
43
-135
242
-470
-159
732
-235
472
35
219
207
-89
-36
504
449
385
916
358
412
-401
-252
576
-92
483
195
568
110
176
-259
189
-297
483
-5
292
381
-153
-182
730
299
292
440
170
110
-133
9
-19
337
49
319
123
547
-221
-142
1002
62
704
17
165
-87
-118
421
-217
39
378
8
11
135
-108
-207
944
-200
552
207
517
83
145
314
201
367
-632
-123
349
420
-418
-108
650
456
61
669
727
-87
513
730
350
117
433
314
368
69
81
3
382
-740
-208
271
59
-107
-190
-228
20
-297
-134
-53
-163
-160
-300
-446
-586
-138
-439
-194
-60
-97
-274
-212
126
-68
339
-255
281
-276
-217
361
-748
-775
-1091
-1303
-770
-1062
-797
-865
-1268
-917
-781
-1166
-710
-1087
-610
-72
-1098
-229
-1208
-823
-878
-1212
-880
-1100
-547
-1116
-766
-561
-1022
-378
-1039
-128
-944
-1498
-1526
-1393
-1045
-1081
-1457
-1370
-683
-974
-1080
-908
-988
-1028
-644
-158
-674
-1301
-696
-1414
-822
-746
-1195
-683
-916
-1794
-1315
-815
-1369
-889
-645
-174
-729
-1022
-1036
-1028
-752
-1378
-905
-1029
-888
-1193
-1091
-1275
-1036
-880
-1014
-259
-976
-1495
-1106
-949
-812
-1571
-1164
-1543
-1040
-1242
-1393
-901
-986
-1156
-1602
-258
-695
-1551
-1295
-784
-1127
-1137
-802
-939
-836
-1037
-1401
-1103
-1624
-737
-1551
-276
-362
-1140
-1362
-1398
-1397
-1332
-532
-541
-982
-699
-1150
-1251
-686
-1405
-886
-382
-1080
-1358
-960
-476
-1237
-1166
-1549
-913
-1368
-921
-1313
-1152
-838
-1189
-1217
59
-1067
-1093
-1527
-761
-686
-880
-582
-1344
-865
-1169
-1523
-1263
-705
-1110
-1225
-248
-625
-1437
-1177
-1172
-1333
-1024
-1200
-573
-1010
-1066
-1149
-983
-964
-438
-1386
-60
-607
-1299
-1182
-1240
-1446
-1550
-895
-1108
-1010
-1089
-1055
-1750
-597
-1074
-415
-601
-624
-1116
-1010
-1681
-988
-1118
-810
-830
-1190
-1243
-1679
-745
-1285
-1212
-1334
121
-706
-1533
-933
-1291
-962
-2101
-1375
-1508
-1328
-1766
-1429
-1047
-1288
-1254
-1480
-372
-759
-1071
-523
-627
-608
-929
-893
-622
-671
-1139
-1097
-586
-901
-816
-1101
-261
9
72
545
723
559
329
694
374
760
601
546
540
143
513
577
-28
292
526
-40
-342
38
-335
344
-424
-59
425
-54
-241
-45
232
217
172
955
483
833
578
593
686
252
921
1013
706
515
407
1113
629
845
407
292
504
670
675
314
449
966
1075
541
457
711
456
571
529
24
-386
246
-168
718
439
1370
630
947
-56
-29
977
742
416
560
238
309
432
431
371
710
664
317
231
707
948
733
218
972
576
779
-97
731
211
595
638
632
119
534
454
636
1084
706
524
1104
110
473
930
989
-102
818
35
393
506
1044
767
245
587
587
438
171
495
1014
999
667
243
173
-22
750
464
924
759
781
839
207
173
426
453
349
1245
525
125
573
277
478
172
706
753
637
763
824
1265
606
1101
531
426
830
-386
373
531
1173
390
108
741
82
765
56
847
471
1275
712
-152
795
35
172
617
450
813
1087
292
583
898
742
762
158
222
532
126
557
152
429
176
718
829
596
842
616
491
346
1007
576
1051
209
1199
584
100
692
-246
628
138
822
851
465
692
602
-176
645
824
376
507
577
-302
587
456
564
913
1076
964
391
895
393
1485
843
1027
1158
434
1535
245
327
733
550
648
547
407
164
385
539
571
580
293
697
529
756
12
-236
-348
-50
9
-291
-145
-474
-119
-627
43
-340
-21
-124
-54
-61
116
97
-44
170
480
692
519
312
517
472
260
656
347
344
311
390
109
-209
-202
273
280
431
-106
627
394
116
409
472
323
160
451
562
440
-29
420
726
539
899
242
546
779
418
444
699
713
374
453
131
-383
271
432
87
408
204
57
334
698
38
-330
-16
194
-26
211
-146
-411
-417
9
140
144
536
475
14
48
198
271
546
735
425
214
531
405
-35
618
725
412
364
490
137
369
432
241
538
39
685
525
483
302
13
547
256
380
667
646
221
180
603
125
44
257
408
668
673
307
-349
396
513
106
-210
793
111
646
534
348
601
321
513
128
716
173
196
569
171
717
260
202
270
126
284
179
581
316
572
615
6
129
-168
229
50
193
594
255
667
898
414
583
436
247
5
360
-105
-249
-322
335
302
377
234
347
131
9
371
649
294
990
302
31
547
230
-139
72
-102
451
532
366
729
-1
122
277
252
449
473
822
308
78
16
441
145
406
453
169
72
325
360
729
277
333
295
545
155
-27
-212
214
210
-3
91
393
105
228
-176
-163
-265
440
-140
-108
57
123
276
569
507
471
602
751
608
628
417
847
690
624
491
453
753
-14
296
-133
30
506
277
446
216
552
247
283
529
-81
24
276
308
173
335
607
588
265
243
217
-108
-342
439
-41
74
-26
148
5
195
160
714
461
433
409
510
164
-78
-36
280
270
625
593
233
316
-181
-488
387
104
465
480
-155
104
233
699
269
-319
-385
374
258
472
140
-173
912
231
711
310
558
629
-67
251
790
665
784
873
655
446
183
215
761
403
79
706
115
329
121
522
554
66
-82
542
653
-185
197
376
762
-177
624
645
110
615
378
520
159
323
246
250
7
105
486
-546
1304
381
206
53
315
460
489
41
819
406
185
643
-14
392
-321
-458
935
96
544
999
758
97
602
-174
452
363
33
288
676
517
239
-63
622
449
-37
554
287
597
979
220
206
690
-143
109
-198
-55
330
-93
927
106
659
223
285
337
158
269
397
197
255
1186
751
676
753
-12
628
253
651
255
584
660
73
378
246
-52
201
-146
949
391
258
101
925
346
210
517
530
600
542
744
660
598
350
338
300
-375
613
80
814
189
462
344
32
215
38
681
687
257
617
197
149
703
231
-500
539
-35
8
-17
439
148
283
574
492
518
861
-261
371
-42
65
-251
392
111
-182
-164
-334
-48
87
62
40
-142
-69
-331
149
-302
-426
-8
-170
327
-39
-494
-336
243
-357
-78
-81
47
-488
523
-471
350
-312
-896
-91
134
-625
-626
-728
-640
382
-385
34
-621
-605
-272
2
0
189
-991
81
254
-153
63
112
-93
189
99
-371
-103
-189
-120
-313
-226
-124
-40
66
197
-200
-447
-574
44
-203
-358
-131
453
-46
-145
-252
-168
-443
-11
-559
-173
-169
-577
-426
-64
-397
-484
-642
-283
-208
-198
-371
-957
-93
-178
100
-114
-556
-58
-874
23
848
-256
6
261
-67
-801
-40
-237
-817
-370
-495
-209
-470
259
-377
-714
-268
-420
-707
-559
-227
-781
-35
-881
297
-444
-647
-516
-403
-172
-305
-846
-637
-166
-275
-231
-475
-336
-473
-713
-464
-536
-671
25
-121
-147
24
-234
-550
-414
-895
89
264
-393
-309
-559
-532
-485
-322
428
-40
73
-66
-387
-595
-145
-276
-179
280
-67
645
33
345
-475
-433
272
168
-442
-376
-167
-121
-422
-256
-21
-743
-354
-78
-709
-79
19
-432
34
-416
-127
-348
39
19
185
2
-372
-501
203
-460
-626
-461
-164
209
100
-137
-732
195
-750
9
108
-63
-630
-99
-337
-231
-579
99
-713
-195
-609
-451
18
-74
174
-269
-555
-326
-722
-491
470
-859
-133
94
-275
27
-528
327
0
-24
-748
-70
-221
-223
-795
-95
-204
-282
-642
-186
-508
-575
-251
-504
-437
-141
-693
-401
-203
-411
-467
-919
-447
-365
-372
-555
-604
16
537
259
320
673
1013
559
921
627
1005
461
769
749
746
635
280
-237
466
-243
-423
-576
-353
-528
342
-202
-331
4
-457
-215
352
11
-161
-63
109
-369
-28
151
409
320
-361
195
-238
-153
553
209
89
143
86
-238
-434
271
-205
231
-346
-243
-284
411
-124
-113
-37
-89
-226
669
-301
172
79
156
-93
-5
50
125
-271
118
96
613
183
-155
-360
522
51
-124
-151
-270
-596
-214
-442
120
-299
76
-226
-799
-380
-117
31
-639
-541
-547
-525
-308
-21
-98
-37
-42
84
-348
-270
-149
-13
-348
-715
-28
13
-315
-95
-649
-30
-367
-116
-243
-568
-296
498
-80
-220
-228
-205
-387
-512
-495
-169
-223
400
377
-180
126
-286
-140
-745
-350
-344
-108
286
161
67
-372
-381
152
-324
-199
-380
-484
429
-85
199
11
-476
-586
-382
403
-301
-59
288
-410
59
-67
-152
-207
206
-319
65
63
577
103
371
139
-72
-34
-269
58
-368
97
-562
-136
-11
-222
-261
-230
-457
-430
-28
-838
-91
-349
-157
16
-567
76
-362
-55
605
-34
-384
-1
-342
-192
-592
-90
188
-582
-41
-268
-11
-111
-739
-65
-699
-343
242
25
-136
-53
118
548
93
-640
-467
-332
-271
-114
-127
156
433
-401
-304
-203
-258
-26
-549
-284
-189
-579
-38
-251
-375
-546
-648
-813
-866
-275
-591
-1061
-595
-443
-644
-801
92
221
-372
114
-123
-836
-302
-27
-172
-322
-271
29
-196
-492
-243
140
-166
284
642
6
-186
484
26
483
995
-389
218
640
371
560
37
-342
251
330
562
657
797
157
238
-20
19
287
476
551
652
554
1058
744
434
487
333
889
763
466
581
561
662
573
938
643
1075
691
727
726
-167
1042
-408
341
465
425
325
446
336
264
-357
607
226
616
837
486
97
765
66
1090
149
191
232
129
162
371
250
748
635
742
494
513
22
866
870
504
-110
696
614
451
888
731
743
668
-132
391
817
539
16
684
-27
672
497
548
830
647
47
757
493
-67
820
357
676
256
240
-38
22
523
255
135
26
499
437
385
124
351
638
388
986
536
-159
469
-169
379
-156
703
882
687
848
746
92
345
392
200
747
789
-433
68
-104
-9
714
178
-90
338
766
372
775
413
432
549
424
336
-266
695
-556
538
-105
223
88
273
548
267
403
329
206
1124
578
176
362
617
1
505
411
620
773
33
577
375
805
577
383
327
694
498
-4
696
230
676
444
497
127
543
1139
728
355
508
314
888
508
315
-91
820
484
1097
465
275
879
560
380
165
949
486
589
581
442
355
528
646
517
675
656
614
653
615
504
716
667
949
548
846
670
346
127
-300
68
41
411
238
-213
-372
11
-304
-76
-283
141
140
-42
-105
-6
-232
176
-117
-649
-4
-145
-138
-315
-112
-570
96
70
-190
-697
-712
-777
257
-851
-656
-642
-520
-550
-299
-484
-563
-977
-942
-463
-570
-238
-921
-21
218
-187
-265
-254
-404
-375
-95
-489
-428
-131
-341
-127
-85
-425
-516
-632
-355
-155
-861
-684
-426
-541
-562
-67
-886
-440
-780
-962
-568
-860
-815
-930
-599
-387
-886
-247
-665
-910
-865
-573
-694
-129
-319
-137
-688
-410
-554
-637
-472
-370
-676
-647
-533
-559
-396
-393
-234
-181
-258
-1224
-491
-312
-622
-878
-430
-293
-516
-440
-444
-551
-594
-283
-401
-1085
-723
-553
-588
-92
-755
-626
-804
56
-184
-322
-690
-759
-357
2
-779
-703
-766
-564
-361
-825
-969
-506
-133
-271
-676
-21
-345
-180
-272
-408
-346
-263
-683
-618
626
-807
-669
-597
-777
104
-226
-658
-846
-616
-602
-417
-345
-450
-287
-718
-245
-586
-776
-432
-97
-15
-261
-780
-250
-859
-663
-982
-404
-501
-828
-299
-793
-638
-1261
-623
-342
-77
-641
-400
-734
-355
-530
-531
-449
-160
-730
-452
-799
-439
-849
-429
-430
-828
-734
-535
-219
-391
-492
-399
-122
-681
-360
-401
-172
-645
-238
-386
-339
-664
-335
-480
-329
-808
-443
-548
-803
-581
-635
-123
-835
-539
-894
-269
-571
7
-220
30
-259
-361
-190
-127
-297
30
14
-245
-207
18
-309
-201
-225
137
-311
583
121
826
26
-103
-126
197
-19
243
-220
-3
-32
237
-379
-348
-103
-239
-109
-200
-53
-163
-354
-403
85
-250
-460
-291
-530
-130
-15
61
13
-60
-428
212
-664
-245
-453
-272
-359
-501
-26
13
-260
-416
90
-453
-35
86
-247
-151
-44
-212
-20
408
22
-317
155
-578
309
85
-35
-204
-233
-111
58
-142
103
-294
-43
-105
-9
-20
134
-35
-293
-221
-128
58
75
-140
-146
-293
113
-414
-127
-80
-374
-163
-44
-131
-201
-38
-199
31
24
-319
-505
-64
-257
11
-704
-69
359
25
-142
-675
157
-196
99
161
-72
-186
-253
-34
57
-205
-506
537
112
-281
-302
70
159
155
76
114
182
-371
334
-243
-72
-255
-150
-874
-223
-508
50
-319
-216
-28
111
60
40
-338
-26
387
-393
251
303
-222
25
-413
113
-383
439
727
-137
205
-445
-123
208
-189
-102
86
-133
158
-13
395
-519
69
172
-402
178
-155
188
425
-43
-192
-252
-23
-359
-188
272
-554
-31
707
-698
-372
156
-201
177
-41
380
-162
-168
-370
353
-21
-24
-220
104
92
-128
402
-425
-57
-56
-292
-206
-522
298
259
-298
-168
112
262
-395
287
94
-257
-102
25
339
11
-112
-96
110
-43
-200
20
369
87
444
-78
82
-559
-190
-60
-288
-71
-34
192
177
-329
-498
179
114
-138
-422
-269
-511
-94
-120
303
335
173
614
504
436
210
622
275
330
416
324
634
355
430
917
1073
535
943
1354
548
1029
618
1157
973
267
807
860
778
843
442
140
559
727
408
744
923
408
522
395
267
446
1060
596
171
621
24
906
570
78
669
469
229
296
-28
50
211
471
216
328
844
-267
95
838
787
393
604
441
327
-363
491
672
-76
187
439
340
116
409
-17
610
1067
536
776
349
990
141
780
698
674
441
585
515
1284
937
4
436
325
248
848
550
507
615
836
297
761
-96
742
788
1117
528
15
-150
337
503
673
390
512
667
648
433
197
707
703
421
612
541
102
553
272
500
383
130
491
678
631
397
1627
908
542
321
621
759
-446
56
359
384
672
84
588
4
478
799
397
424
666
541
357
739
59
645
205
697
22
791
640
603
210
403
784
198
49
518
104
616
43
507
197
265
775
446
786
359
460
708
52
626
523
430
751
395
17
697
371
935
242
931
685
559
511
559
439
833
367
259
1220
475
-36
398
707
723
421
735
643
329
507
614
388
627
500
169
602
-86
232
543
737
530
624
655
-83
733
361
681
126
535
343
414
392
272
-303
598
320
290
374
238
214
690
848
354
278
525
654
492
524
411
-90
365
500
982
667
726
1001
927
1112
1115
788
755
259
690
567
1364
474
915
925
896
868
743
1063
834
736
657
1120
979
578
110
1144
1323
577
1605
1191
464
1258
948
206
777
724
1219
1202
438
424
1290
1060
1052
80
1060
1195
1518
1397
1372
1425
1256
1138
752
632
1456
1274
985
1217
974
492
991
645
1624
1454
737
847
1010
982
1156
1528
1128
779
1668
1097
990
432
1330
614
1009
672
896
638
712
1060
446
762
1339
936
988
706
672
427
1187
707
785
848
851
579
1260
1211
1355
1299
809
1212
929
590
492
-70
1294
828
982
972
1148
1340
1433
1318
1037
791
1207
1049
1057
691
1148
515
1123
893
1901
794
743
1233
717
819
801
1241
1165
1192
1010
929
489
213
522
855
947
1538
1649
1189
1373
835
683
1079
1013
1045
913
1074
664
119
828
865
1567
907
874
1049
1128
993
1241
1565
1445
1041
1401
606
851
39
1130
1031
1062
1406
648
1054
1127
1020
1086
1129
638
1290
1287
607
948
144
1172
930
1386
1078
1050
1396
809
1270
1173
851
449
716
1340
996
1060
436
1788
634
1100
752
1375
1270
1382
1103
809
519
1067
1493
1328
802
973
246
1166
715
1128
1400
1053
801
813
1120
816
259
940
905
768
882
892
28
698
699
800
643
660
527
505
540
550
659
412
224
678
360
-129
-191
-634
-456
-707
-841
-402
-728
-54
-360
-485
-665
-351
-365
-489
-857
-359
245
-423
-750
-958
-630
-436
-487
-380
-271
-603
-422
-350
-523
-545
-534
50
403
-1083
-845
-954
-435
-93
-776
-761
-487
-514
-711
-726
-602
-787
-395
-531
306
-1029
-1176
-747
-302
-1048
-437
-883
-599
-628
-1083
-428
-632
-678
-738
-400
379
-674
-798
-1050
-528
-970
-918
-457
-130
-998
-744
-841
-593
-903
-86
-711
94
-838
-860
-1293
-565
-536
-706
-411
-219
-822
-496
-954
-536
-311
-458
-831
224
-1255
-850
-586
-330
-903
-1013
-807
-624
-650
-840
-490
-801
-442
-683
-771
386
-797
-855
-809
-755
-555
-806
-860
-563
-1261
-761
-105
-750
-545
-810
-673
266
-388
-251
-722
-996
-748
-484
-580
-888
-833
-637
-463
-943
-462
-387
-550
99
-654
-735
-17
-985
-1126
-632
-796
-773
-394
-1194
-1086
-685
-446
-1013
20
818
-452
-984
-762
-821
-913
-574
-507
-1120
-147
-729
-1174
-397
-877
-927
-1030
841
-743
-853
-558
-871
-455
-929
-475
-162
-1032
-646
-516
-664
-964
-81
-720
113
-1171
-1009
-1201
-281
-784
-557
-1016
-993
-519
-866
-766
-680
-487
-560
-743
596
-689
-559
-772
-886
-562
-783
-566
-778
-683
-517
-737
-440
-529
-425
-206
343
-1168
-815
-219
-169
-642
-1287
-791
-254
-342
-672
-672
-488
-682
25
146
305
-503
-444
-339
-273
-184
143
301
-188
-379
-248
-108
-472
-25
-322
47
96
583
580
815
906
404
699
771
1155
599
908
857
896
836
337
252
43
1272
992
1051
1592
1055
1146
1419
1409
1121
1065
854
1495
1141
472
762
178
1287
1086
1617
1414
908
1005
772
1194
794
1364
1390
1418
1033
1108
566
-8
1151
1864
952
1134
1297
1018
1207
1138
923
1466
1421
1247
969
1246
869
60
1355
1299
625
1154
1122
1139
1075
1431
1183
992
1069
1116
1204
702
790
544
1405
1267
1057
1254
1269
802
1230
1668
1094
1338
1110
1211
1411
699
1102
160
1374
1178
1236
806
1310
1162
1082
1561
841
1131
1165
1226
1010
742
1687
-1
1284
1481
1364
1272
1162
967
1008
1372
1712
1170
1155
1329
1013
703
755
196
1194
1540
999
1280
1074
1206
1301
1299
1216
1194
1299
762
1432
1213
645
-95
1007
1021
1215
1073
654
1628
1358
1089
838
1306
1027
1257
1591
885
563
779
940
1430
1263
853
968
1261
1299
966
1338
1288
1201
1167
1440
598
843
655
1231
1080
637
1079
1006
1060
1048
1224
1153
1122
1214
1331
1455
478
641
68
1507
1336
1378
1612
1305
1574
1249
1085
1456
1433
1118
997
1270
879
1216
164
964
1271
1035
717
923
883
511
942
663
889
895
398
1120
1219
552
-179
912
1951
1514
998
1541
1303
1043
1447
1328
1139
1272
1074
1303
1168
1258
320
416
1146
790
654
430
457
400
384
543
402
666
748
517
886
630
306
145
691
40
209
206
167
-38
272
408
107
422
132
-105
333
-46
-81
-149
711
409
769
607
521
670
314
776
310
233
574
518
695
439
192
98
202
478
244
-121
-241
407
840
668
-167
142
749
591
640
-647
337
-35
457
711
42
274
638
647
-79
-5
288
394
372
438
242
-658
314
-386
374
220
350
-205
29
-24
194
365
154
80
-154
33
186
-315
-85
96
155
216
102
731
472
104
232
310
294
137
108
101
-340
70
493
262
376
564
248
-83
-335
191
67
283
179
248
43
74
-142
318
3
103
111
307
563
98
212
138
-25
179
-37
205
-9
-346
531
695
-265
-197
422
489
-36
-309
-90
7
304
256
294
151
175
-55
117
-357
113
235
499
85
1085
181
1
198
325
42
-278
211
-174
819
592
247
291
-78
635
518
148
96
461
-124
143
-49
-32
360
112
-225
-465
124
40
101
143
326
457
215
225
47
235
359
201
54
606
48
277
-272
-14
145
477
127
211
288
-256
-262
-112
84
-62
84
-23
184
242
-95
84
181
142
85
260
535
530
82
636
283
242
593
68
16
388
185
-133
-167
738
501
93
-42
107
-54
205
380
-53
372
366
111
270
-228
308
-170
273
-641
-88
404
-217
142
3
-79
-188
-197
-21
-296
-27
-344
97
293
566
771
298
378
572
138
556
699
438
623
511
390
363
124
140
200
226
674
417
491
419
156
-76
269
-7
800
499
-125
-245
10
291
-366
477
371
721
1009
675
397
304
427
291
777
184
-327
-19
384
743
85
458
-359
308
428
492
52
212
522
489
384
663
169
12
433
1067
117
277
-51
15
42
170
632
238
344
51
183
572
417
18
-118
-18
-48
567
290
427
230
95
557
325
523
87
367
-167
244
750
-97
-3
-185
450
696
510
129
354
852
225
498
-36
461
36
846
530
224
825
-11
443
423
732
133
303
581
110
72
267
469
323
794
518
625
339
48
397
497
318
43
479
532
384
182
453
344
7
241
468
597
-43
221
438
406
78
-66
344
432
206
616
251
561
88
313
211
934
259
54
571
65
167
70
401
42
47
374
114
521
120
399
137
1027
181
52
720
156
291
369
766
325
146
383
299
498
401
-196
-2
287
454
-68
-16
820
139
160
529
173
298
464
162
609
431
93
-358
123
675
-18
-57
344
503
286
106
19
-48
-110
67
174
186
104
-307
406
375
-60
48
713
344
245
319
-207
548
-241
386
225
287
147
107
481
203
-490
-22
152
106
-57
229
-239
170
-39
-14
87
448
446
210
-26
399
-443
-381
129
-221
-130
54
-322
97
-212
43
178
-262
-210
103
40
163
40
609
-157
-51
163
20
-232
-235
178
-238
450
-249
-49
353
50
175
-39
541
514
443
1153
451
689
1116
865
286
300
327
727
348
202
927
-277
-128
53
232
652
532
85
309
478
394
1005
168
220
381
531
71
-185
644
705
228
-93
136
224
202
161
163
79
241
848
400
312
515
58
294
306
251
180
205
54
268
463
80
-78
122
178
380
429
281
-270
70
361
-44
529
511
510
322
381
619
176
-80
353
435
566
312
-285
130
202
427
323
617
211
19
382
64
416
96
595
385
445
465
-70
37
387
17
442
355
159
116
348
431
-62
196
334
681
202
1086
123
545
244
533
159
168
241
714
685
324
705
351
342
341
484
400
-54
74
-77
250
439
377
58
334
-47
519
454
455
487
272
411
263
341
352
43
502
479
437
672
260
202
-282
285
219
14
599
862
647
-268
131
337
148
290
181
95
643
315
347
222
226
719
312
-39
391
141
95
122
187
160
383
389
310
-22
363
847
577
504
411
110
440
-149
22
266
191
40
329
269
661
191
348
441
76
384
392
358
537
-396
229
-5
428
460
381
385
-46
236
401
-22
392
-26
-159
308
834
-360
-302
158
246
212
284
196
147
69
3
492
318
143
114
383
486
-669
284
-122
-431
-174
16
391
-187
-560
203
584
-425
-321
-58
82
106
555
748
273
370
92
148
454
316
438
431
-28
609
401
-22
763
50
365
203
209
164
571
757
380
522
6
164
332
302
144
279
778
86
-84
443
624
-264
160
184
44
0
452
123
-28
351
352
420
-69
137
-27
409
159
55
154
15
-105
468
265
19
445
611
616
152
288
-275
137
590
-287
233
74
263
168
368
324
287
429
-41
324
348
379
163
202
-38
436
177
-29
382
178
400
57
402
-218
249
275
365
-175
-213
-100
382
2
298
-50
-108
334
430
187
-28
66
499
410
162
105
-170
85
606
262
304
471
-21
369
329
78
310
361
-285
-91
149
435
-325
-110
86
455
976
6
-105
50
31
82
627
547
163
-195
36
-241
5
192
389
349
247
281
12
264
45
95
154
91
287
558
589
215
252
-291
693
685
32
262
99
292
88
136
283
288
390
-88
-41
469
402
328
51
101
-47
-213
143
219
-145
298
171
435
697
106
-104
83
-518
-231
55
262
716
910
185
223
-9
180
379
-137
-232
407
768
322
-113
-249
-661
-500
-625
-79
-264
-486
-590
-531
-655
-583
-724
-796
-601
-310
-383
-44
-32
259
68
-292
634
-135
-162
348
107
-56
327
126
48
-50
-221
144
532
4
-53
-87
397
756
44
-71
440
237
310
-306
-72
-272
54
215
-236
-150
-257
29
-212
-222
116
163
327
-518
-188
-105
-633
-327
-98
-99
338
148
155
122
269
7
-123
-125
539
-56
-111
-53
-15
-338
-12
-295
227
91
81
407
-192
249
114
-4
236
45
-37
-164
-159
-119
504
135
-230
-274
241
14
333
346
262
-57
121
98
204
-200
-6
-3
-177
438
12
81
50
182
52
18
156
-67
194
181
56
110
-25
-193
-153
304
201
59
-581
521
63
15
51
31
-211
-55
303
-92
298
-395
401
278
842
-89
83
50
96
415
-92
162
-95
548
244
-66
-214
-441
95
96
-29
-91
128
541
316
3
47
-20
165
-8
467
22
358
-590
35
509
-238
301
-140
195
181
336
240
210
142
-149
-111
-162
98
-838
827
250
184
-88
-217
10
-40
216
272
240
90
254
192
352
-435
-585
-297
420
-123
30
147
11
40
29
97
116
187
81
-53
3
-53
-206
-311
605
21
119
199
-293
370
197
243
162
241
136
349
65
-244
-214
381
117
-42
-140
-254
-536
-517
-205
-47
-390
-338
-341
-257
-197
-352
-968
12
503
470
594
793
439
532
410
520
432
328
758
460
581
356
275
557
-513
-791
-837
-350
-266
-487
-661
-216
-441
-430
-213
-404
-222
-72
-586
78
-128
-509
-1014
-917
-598
-836
-493
-1454
-193
-888
-491
-520
-971
-147
-557
-469
-1044
-307
-696
-357
-98
-884
-588
-233
-990
-818
-596
-852
-463
-475
-56
108
-912
-746
-655
-759
-358
-485
-529
-871
-211
-601
-655
-135
-597
-415
-200
-317
-712
-108
-997
-813
-998
-627
-814
-406
-961
-857
-602
-468
-515
-903
-84
-144
-319
-290
-568
169
-750
22
-706
-468
-198
-524
-490
-667
-293
30
-349
-266
-692
-254
-723
-543
-68
-511
-8
-594
-470
10
-1173
-521
-706
-330
-181
-488
-1132
-312
-1110
-157
-948
-842
-1026
-713
-107
-594
-110
-613
-35
-634
-675
-568
-494
-255
-413
-418
-505
-49
-256
-312
-748
-200
-510
-774
-496
-76
-293
-191
-1159
-726
-911
-411
-707
-765
-538
-425
-364
-331
-292
-153
-581
-719
-1001
-362
-450
-545
3
-542
-194
-465
-425
-568
-322
-177
-563
-885
38
-187
-193
-207
-1104
-48
-994
-263
-151
-634
-289
-562
-853
-733
-1013
-469
-1135
-139
-360
-173
-743
-347
180
-897
-271
-64
-241
-205
-285
-512
-415
-843
-537
-160
-273
-315
-896
-561
-608
-389
-376
-580
-539
-706
-289
-481
183
-271
-544
-145
-493
-293
-634
-686
-702
-917
-584
-186
-185
-387
-213
-823
-873
-337
-972
-316
-691
-553
-655
-191
-835
-790
-453
-1153
-905
-920
-686
-683
-899
-812
-700
-694
-478
-168
-9
-180
-70
-13
79
-12
-402
-72
77
3
-338
-134
154
130
-125
-269
-1152
-489
-44
-88
-475
281
-6
-478
-147
180
549
214
-114
96
330
-24
-179
-378
-371
-195
-237
-37
-346
-601
10
-488
-335
109
-354
82
-166
97
-114
-162
134
-141
-651
-198
-562
-710
-316
-307
-122
-118
-494
-62
-9
35
-400
-308
-205
254
85
-53
-390
-647
-279
50
-15
-121
-538
-366
15
546
-526
-671
-215
-524
-223
55
-474
-252
-625
-460
-619
-152
-593
-633
310
155
-466
-152
65
-204
-188
-778
-230
-531
-162
-509
-47
-610
-393
-28
-421
-579
-419
-869
-417
-250
-315
143
-374
-596
-254
-253
-661
-253
-158
35
110
-246
-172
-529
394
-473
-542
-120
-345
-713
-553
-139
-446
49
65
-337
-700
616
-212
31
-176
-677
87
-489
-255
-405
-357
-294
-260
-384
-67
234
157
322
-508
-163
-111
-333
-653
107
-417
-257
-290
-591
-242
-392
-359
-600
-60
495
-232
-267
-19
-424
-355
-335
-325
-272
-206
-158
-334
-332
-507
-120
-38
246
-571
-741
-939
-413
-212
-582
-533
-175
-188
-468
-233
68
-639
354
-438
110
-494
-187
-165
-722
-131
292
300
64
334
18
-178
-116
66
-484
-39
273
-530
-623
-828
-979
-752
-625
-175
-421
-1005
-888
-230
-342
-836
-1124
-667
429
-550
-159
-533
-79
-262
-563
-308
-111
-210
-389
-77
-97
-316
-354
-165
125
-401
295
348
-3
232
81
-12
309
127
322
161
-16
297
463
390
15
68
390
8
-260
-262
-402
-175
-70
-143
-128
-247
180
77
152
86
-505
-180
62
-7
396
-68
-310
21
391
-384
316
111
-312
-44
-298
379
248
306
-523
249
-468
116
292
209
-975
-514
-229
6
629
-286
-488
-577
21
-192
-336
-125
-388
-27
-659
-470
16
-489
75
-144
107
-614
-501
436
-354
246
345
-613
117
-317
-69
-242
-181
-401
-24
256
-282
-375
-551
181
-372
174
-261
-74
-151
304
-202
-359
-174
-479
160
-713
-310
-540
-513
-49
283
-200
-61
-444
27
146
-348
-560
-303
-208
-588
-295
-336
-443
-447
-10
-314
-12
429
-6
-517
36
-67
-495
-492
-547
-14
-527
-403
-345
-56
-165
-495
-312
121
312
259
282
-672
-199
-379
-157
-341
-491
114
-329
53
-311
-191
238
212
-328
-39
-310
-293
-537
-215
-482
-140
-296
-666
376
-354
-47
-345
-244
311
441
-220
-123
-330
-406
-115
-504
-264
-615
150
-299
-415
177
174
113
-391
154
-212
-31
-509
-379
-425
-702
-385
-392
-368
-563
-293
-243
-2
257
443
-505
-468
-122
-434
-19
129
-547
-13
-189
-13
-69
-939
-255
-224
142
-192
-290
-653
-231
92
-135
-225
317
-488
-30
-390
131
-1
-231
42
66
-4
-641
-871
-558
-470
-178
-308
-507
-260
-353
-255
-420
-136
-572
-361
34
-295
-606
-279
68
-587
-632
-241
-376
-880
-185
-663
-549
-164
-20
250
-150
-274
-935
-341
-478
-719
-399
-613
-245
-711
-603
-432
-437
-520
-186
-77
-347
-246
-255
-324
-256
-436
44
-255
74
-594
-528
-602
-467
-408
-227
4
212
-651
-364
-917
-374
-299
-311
-897
-376
-913
-529
255
-176
-405
-760
-426
-131
-334
-350
-126
-324
-447
-386
-736
-122
-663
-371
-367
-10
-207
-299
-72
-52
-102
-697
0
-309
-677
-703
-293
-408
-275
-112
-12
-707
-606
-184
144
-69
-556
-455
-146
-372
-542
-469
-158
-360
-4
-612
-303
-677
-607
-318
-416
171
-170
-720
119
-489
-290
-86
-260
-320
-827
-159
-432
-724
128
-442
-463
-93
-529
-498
-229
-74
-491
-212
-445
-498
-440
-342
-298
-827
-2
-504
-392
57
-526
-224
413
-321
-511
-282
-397
-270
-223
-663
-232
-313
-483
-888
-134
-265
-379
-284
-601
-152
-519
-487
-457
-645
-402
-500
-403
-425
-450
-787
-407
-369
-33
-360
-219
-8
-585
-220
-364
-546
-305
-470
-158
-495
-218
-286
60
-493
-372
-633
-444
-565
-592
-455
-506
-475
-45
-466
-49
-307
21
-638
-406
-253
16
-414
-78
-53
-112
-400
-122
172
-364
-22
-394
-651
-148
-272
-530
41
-263
-186
-438
-658
-494
-591
-704
-38
-606
-692
-448
-320
-245
-330
-487
104
-165
-395
-177
-169
-154
299
-9
-193
-180
7
-106
-304
-158
-504
233
-146
347
480
803
745
102
854
859
875
496
430
583
683
577
274
316
-97
274
10
187
-312
32
361
274
198
495
245
956
916
410
371
355
348
23
461
642
197
906
459
461
13
277
574
854
231
9
69
51
53
545
1133
836
664
692
549
307
696
983
877
607
-57
559
613
174
469
583
255
452
1031
830
143
149
750
339
606
496
292
21
760
399
-85
444
454
809
710
273
530
702
189
491
411
632
433
387
490
282
142
316
692
876
125
433
668
697
397
762
151
435
308
679
341
-309
-67
237
826
768
369
320
713
679
610
542
64
479
300
487
-199
39
193
683
664
855
666
263
599
679
398
299
506
554
939
515
47
-4
241
627
583
748
363
681
872
439
390
584
694
529
671
717
232
-12
-220
591
1116
578
667
517
519
559
613
712
507
1148
570
481
42
329
205
387
354
95
526
395
542
612
504
558
229
649
521
574
98
179
372
467
400
470
712
837
873
759
782
442
872
812
503
554
427
-12
-90
16
21
161
473
691
530
631
755
589
394
251
393
368
146
451
117
644
309
307
760
485
573
442
450
357
269
598
345
7
411
431
261
105
-78
184
272
389
508
1001
410
16
432
498
529
393
228
143
207
-138
490
432
314
74
733
208
303
944
635
250
277
232
423
214
960
1371
1024
1103
1107
1298
869
511
984
819
983
448
152
825
1083
738
849
503
628
332
652
387
509
1127
800
294
659
791
821
626
410
345
869
1052
582
1134
889
945
816
802
961
978
1079
666
901
495
312
401
1229
514
1077
752
652
1196
798
623
669
409
978
1145
1239
503
31
277
736
723
1203
1011
816
525
757
700
451
296
627
1200
1045
1303
431
428
582
1387
730
604
553
795
1116
728
682
687
959
1068
673
701
229
142
1168
462
967
829
384
678
754
571
782
601
1026
702
867
817
10
-227
804
961
927
542
864
1041
1073
890
590
832
808
864
703
1077
631
398
903
123
1003
780
854
1059
933
562
754
627
1113
1075
1297
535
609
75
796
1079
955
959
790
664
1055
817
978
1060
654
717
753
795
462
321
925
420
859
553
391
1021
584
685
1079
821
1242
942
653
465
273
-129
497
878
751
786
954
921
847
818
832
533
767
747
786
954
520
328
734
117
872
1180
1308
1339
1068
1218
1105
831
1363
1414
791
914
250
400
633
707
713
982
814
745
1074
894
1257
591
871
1316
681
269
275
-56
530
531
911
795
309
83
-131
157
64
188
-44
305
819
301
197
349
108
373
441
544
405
120
-68
-93
463
54
298
149
73
568
501
620
-90
-372
569
44
-541
-175
231
95
-223
191
187
125
-210
86
109
281
88
382
-295
-383
215
525
88
-238
-452
262
536
200
-410
-380
258
853
316
191
-403
290
-247
157
-224
755
-288
139
165
128
500
-258
-199
283
129
-411
431
-390
21
119
140
-378
-235
44
206
39
-210
-448
249
-126
6
234
-194
-372
-141
-75
240
132
-312
-301
-186
363
80
-404
-343
520
164
312
147
445
-193
324
-154
-197
-501
-69
532
134
-288
46
-382
19
-121
-116
-545
-859
-86
-38
-435
-224
-105
508
-319
-347
-438
291
-358
-169
38
510
29
33
-162
7
20
-67
82
-540
-301
-352
466
-3
156
238
-376
114
368
-724
432
120
-253
-183
-296
248
-207
-166
-172
-357
350
211
4
372
-258
124
597
-129
261
-198
264
-299
-53
53
-549
307
8
-19
-7
136
738
236
-221
-110
-257
120
23
59
48
-461
-137
-376
-739
739
47
-72
384
-137
-47
199
-50
33
-480
-424
-270
-71
-586
-423
28
583
-55
115
351
-308
31
-509
-407
-135
33
-14
310
-65
197
422
-47
228
190
-264
-636
-482
-359
-609
84
-204
-370
-227
-265
-284
-570
-311
-605
131
-32
-541
-223
-550
-1109
-897
-832
-666
-459
-727
-618
-476
-626
-686
-667
-410
-70
50
304
571
145
141
211
-84
-43
237
236
227
165
-79
11
-314
-184
-91
63
-59
482
-228
686
723
579
323
385
372
260
227
72
115
446
160
576
-202
404
197
184
-178
-261
188
574
25
167
-319
28
6
-457
513
279
-8
-278
-108
89
313
-216
-395
309
418
-116
320
-172
-349
144
-219
23
533
558
431
402
156
96
420
789
140
124
-68
294
97
358
-287
495
-37
-248
263
-87
-79
-89
169
17
-36
172
-284
-255
-94
-7
360
677
524
390
-74
394
-21
146
-152
214
-177
256
99
-446
-285
-227
622
129
199
-331
526
167
91
285
473
-40
13
-190
-281
-732
-549
-205
336
241
518
82
415
-88
61
-408
307
-4
164
344
181
55
-362
-371
610
384
124
472
285
-69
162
110
66
-21
-135
164
22
323
-85
-311
178
399
187
250
248
208
271
208
-76
-30
352
646
-158
-1
-285
-244
818
138
287
-87
-297
-216
83
158
199
-73
537
-12
227
-226
-420
190
0
20
113
325
406
245
100
221
95
402
-48
47
251
-255
-352
-289
-119
454
-153
150
231
53
444
221
-273
202
-174
161
-203
24
-187
-159
55
-234
-340
653
179
273
447
132
12
567
603
-233
534
-284
-302
-149
319
17
-23
-81
-327
-17
50
-114
32
-25
55
208
-112
-80
-407
162
245
-10
228
632
-208
285
502
513
-1
236
-31
288
243
-349
228
509
560
1163
787
570
932
87
464
828
283
797
687
227
684
702
245
323
329
154
272
236
547
425
269
724
-15
720
628
677
480
315
193
496
250
-248
397
395
532
-26
-95
733
38
459
149
298
147
-308
-181
99
226
448
646
279
361
-128
585
634
263
455
216
105
399
415
-182
118
293
165
181
-64
108
427
-56
486
704
122
168
-162
153
-91
-202
104
251
205
324
-79
539
197
203
248
321
307
275
28
444
-449
-42
11
249
250
551
337
247
-63
188
83
-83
413
147
334
64
537
129
248
49
155
-23
132
341
-47
333
360
416
-66
-16
509
-304
423
136
502
204
153
96
510
125
-68
19
168
169
-62
463
436
60
267
3
461
462
-406
87
639
231
98
280
161
-204
746
400
159
507
941
22
378
129
-173
582
192
308
456
381
546
171
567
319
117
-326
-65
528
225
14
185
42
297
259
94
149
236
108
366
-23
-123
488
-250
37
345
410
35
96
716
448
425
347
61
63
258
-215
285
420
121
134
273
100
151
12
-174
49
48
-207
348
79
208
-135
-68
-111
235
-201
489
235
241
105
-181
302
-166
325
-186
87
565
459
-257
-48
273
-223
-318
-117
-169
-545
-658
-830
-467
-388
-477
-405
-610
-281
-135
-638
-171
-142
-762
-615
-593
-548
-1145
-539
-900
-880
-583
-595
-949
-489
-256
-971
-612
-612
-234
-643
-40
-198
-335
-275
216
-1041
-563
-537
-524
-190
-184
-381
-319
-487
-700
-1316
-69
-377
-609
-633
-733
-308
-319
-848
-41
-596
-980
-503
-399
-163
-421
-463
-269
-673
-324
-19
-251
-731
-307
256
-639
-766
-429
-502
-718
-226
-57
-192
-196
-526
-773
-384
-114
-345
-742
138
-457
-357
-527
41
-511
-628
-478
-768
-370
-74
-334
-357
-106
-624
-675
-255
-157
-466
-685
-170
-209
288
-525
-559
-205
-229
-455
-183
-464
-171
-164
-196
-785
-634
-858
-714
-675
-279
-500
-821
-460
-120
-231
-547
-819
-601
-408
-339
-544
-189
-505
-334
-1304
-304
-663
127
-444
-951
5
-434
-539
-358
-581
-282
-303
-411
-556
-124
-858
-77
-405
-241
-550
-222
-451
-178
-376
-246
-323
-514
-884
-187
-265
-499
-980
65
-570
38
-446
-664
-478
-303
-454
-597
-448
-237
-607
-537
-677
-203
-411
-125
-308
103
-442
-449
-24
-340
-133
-283
-783
-622
-320
10
-521
-38
-649
30
-308
42
-337
-587
-502
-822
-451
-591
-315
-822
-761
-166
-859
-493
-510
-21
13
-479
-143
-278
-9
51
223
-89
-130
325
122
-266
-23
-221
-438
12
-143
-325
-194
-296
-44
-88
-7
-76
-313
87
148
-176
472
-151
-321
86
23
72
-226
-122
-121
-40
-22
55
-50
-90
27
-113
-121
-119
126
-146
146
145
45
146
51
23
-241
-45
-45
-162
69
-144
-94
-27
145
-32
74
91
-253
-45
-45
-239
-162
72
123
-99
-261
49
-45
123
41
-5
-26
-27
-258
49
-68
-68
-42
-241
27
-42
-50
-230
45
-136
-42
77
-41
44
45
-45
-162
-50
-40
-43
-68
-45
-162
-162
-253
145
47
49
1
72
-230
-141
-24
-45
-190
-159
145
-45
-164
-159
-141
-186
-64
-50
-45
-176
-334
-139
-40
-68
-136
-159
-90
-73
-145
-33
-258
-68
55
-9
72
69
-27
-167
-73
-45
-181
-164
-258
-136
28
-136
-73
-142
96
5
-72
-118
-253
-253
-42
-162
-159
-68
49
-162
-159
-253
-262
-136
123
-73
50
-77
-262
-159
-167
-258
-159
-258
-253
-42
-164
27
-27
-141
24
-72
169
-145
-258
-258
-262
-162
-136
-253
-159
-159
-68
-45
-230
-51
123
-42
45
-235
-236
51
-47
-64
-73
-68
-162
-253
140
-139
-42
-159
32
41
1
-47
-42
-159
-162
-253
-136
-141
-162
-230
-288
-159
-159
-143
-69
-45
23
42
-98
-186
-144
-167
-68
-167
-258
-164
-267
-68
-72
45
-189
-195
169
-64
41
-46
-163
-140
-158
-140
-44
-41
-44
-135
-18
-165
22
-68
205
-80
54
-63
-148
22
-321
63
-69
68
22
-73
-160
-244
96
-189
14192
-31090
-17126
-57082
-24936
-8774
-574
-20762
25472
-1916
-3253
740
-12333
5173
-8814
-11797
-13210
-44219
-49423
-21130
-23900
-38317
-46277
-24626
9285
-33439
-29095
-26753
890
-22691
-287
-68582
18807
-49472
-30304
-58441
-36234
-62538
-25312
-24481
-14383
-29268
-42788
-49357
-59137
-51620
-38576
-68253
-41619
-72783
-27483
-39749
-64673
-33085
-53284
-17179
-44972
-25212
-25468
-85787
3329
6816
-46976
-31568
-6918
-33019
-70029
-51762
-70041
-80535
-38224
10514
-28524
-49870
-33501
-31953
-25989
-44483
-31599
-48895
3943
-53102
-61400
-42165
-42395
-29394
-23501
-5263
-23087
-59711
-10209
-41674
-71326
1007
-66301
-97576
-16640
-55186
-30838
-11651
-37765
-50036
-47182
-6879
-33982
-45434
-12199
-27858
-29369
-44035
-59307
-32816
-23514
-45742
-34353
-21171
-23232
-14865
-38468
-47624
6781
-43025
-78245
-12790
-78529
-45108
-26404
-80449
365
-24563
-37622
-45650
-51721
-50148
-29200
538
-4026
-44603
-40672
-69062
-61904
-48376
-30702
-39181
24983
-19433
-55001
12707
7391
-34283
314
-50679
-32738
-12485
-42880
-41579
1202
-896
-27865
-60324
-43082
-44367
-35751
-47763
-48919
-62011
-55625
-35630
-15517
-19689
-79437
-29744
-66747
-50213
-60828
-32761
-30891
-38696
-89775
-107064
-35899
-56643
-18593
-17233
-60035
-38021
-38794
-48487
-65195
-34982
-2743
-97923
-35609
-40883
-30756
-19165
-17595
-38942
-94016
-48917
-82396
-71824
-47395
-42917
-36512
-55701
-33854
-52504
-44066
-23870
-52590
-79202
-81821
-80650
-70425
-35345
-33835
-54357
-5281
-7629
-33131
-5791
-6117
-71711
-475
-32204
-23525
-60771
-21130
-4450
-53150
-29830
-15175
-47018
-21901
-26700
-29743
-48187
-24178
-60796
-13424
-29406
-34107
-47155
-38722
-38682
-41099
-39734
-17438
-27297
-20078
-25747
-29057
-35867
-34323
-41147
-20257
-27342
-30052
-29098
25329
6830
-21298
-18800
7679
-9861
-38305
-14151
-30515
-16014
-14780
-16081
2086
8132
-12118
-10506
-45686
-6208
2050
16494
-7000
-3359
17908
35996
-24269
17642
-3259
-8126
7747
-639
19297
-2852
1480
7582
2858
6313
11970
2281
21569
-5906
3113
-4316
2748
5303
839
14516
25870
-8117
3022
14199
8557
-10541
-15389
7567
10433
17601
57820
-36843
-14093
-39430
32657
-21314
-3808
-17262
22873
-30676
26652
6577
-18207
-22171
-33928
36109
-33923
31856
57388
5682
-13049
-5070
5689
7462
-10753
-3207
-22434
-25654
20346
-10844
31622
-62404
-3456
5268
-15000
13318
2874
31975
1979
15632
-3663
11884
-5112
14236
3553
-6351
3919
10057
36608
-47002
5010
-36777
-21762
-527
-35627
6288
35038
27087
-2802
14893
6749
-12962
-18928
24066
-55869
75834
10047
-15158
53198
-30207
-28891
-25544
-5884
-8948
31964
23956
-11645
-4145
42789
-47038
14966
-1863
-11072
-9456
-9626
-14697
-2080
20169
-72534
-24831
-14408
-35076
24824
51926
14835
-1230
-14330
-36162
-23605
-6308
2411
27382
79497
3716
46080
49307
-3614
19117
-30987
-5905
8848
48297
16308
32167
11284
4806
-27767
-5328
-14055
5959
31232
-23383
37432
-12458
-24819
16887
18767
-19828
-5965
34297
-12724
-18355
-19969
-17175
-5930
-5358
-11692
-21255
-4419
14990
10062
12877
-11791
-10056
-13648
-28128
-17213
15071
-30843
-15505
-27948
12330
32460
39064
-2586
-2043
13698
-25438
-34798
-38204
-6723
-5169
-323
-35133
33702
-17094
7888
-47976
1182
1897
-46836
-3346
-3188
13033
464
13724
-16
-12233
19592
8156
-15437
17298
3247
7776
4561
26265
42104
13223
20824
5306
30452
30113
15957
-828
-15324
3417
-22201
-10498
-25490
-28630
1296
33892
-20679
-25018
-25256
10927
-26544
-48806
16809
-42625
2754
11372
-9858
19769
-17586
-2237
-9246
-36202
-5775
985
-30051
-1875
-20871
-9407
-9103
-31925
-3542
-20092
84
-1687
-32404
-55444
-16606
-25082
-23932
-33063
341
-22141
-35297
-14617
-48785
-31913
-38713
2939
21840
-44703
-36281
-12613
-33775
-32988
-3731
-38345
-20403
-20696
-22611
16507
-21943
-17671
-20028
-11078
17849
-17548
-42883
-3078
-48734
-15640
-7807
-23087
18858
-31267
2788
-25393
-69122
-17162
29972
-36383
-17398
-1050
5043
-15834
-3617
-3110
-25699
-58494
-21666
-15414
-33379
-34200
-14295
-21759
-56779
-21260
-11663
31797
-1431
-37994
-11740
-12035
-44265
-8441
-8127
1440
-72858
4092
-2098
-43392
-25012
23299
20696
-37688
-49717
-14132
10036
-8818
-38703
-17344
-24933
-56791
-24307
-28996
-9596
2450
565
-20896
18142
-5244
-61910
-22998
-33058
-27022
-5335
10417
-36982
-122
-20819
-37206
-38607
-18485
-6464
-8016
-23525
-28226
-7327
-9121
1036
-7685
-27555
-20937
-23535
24485
-30277
23606
-38261
-14642
-43918
-4042
-10032
-303
-980
-42982
-45911
-36947
-29928
-33436
-28030
-47479
-10313
-33622
-23554
-54870
5285
8608
14836
-17300
-53445
-24699
-27017
-9209
-14085
-35510
-41361
11245
25386
-56984
-6173
-9010
-10528
-16850
2511
-45949
29351
23645
-5090
-23029
-52296
-20124
6444
-30321
-11776
-29578
-2987
-16266
-6778
21999
27735
-36783
-28796
-24745
-22675
-25328
2070
-19126
16950
-18012
-48672
-13286
5564
-1245
-17455
-19665
17821
-800
-25965
-25343
-13790
17726
-3636
-54164
-39012
-26198
-42072
-1177
-9764
-78519
-12540
13060
7090
-7417
-5410
21827
-15293
12022
12875
-10072
17743
21301
9955
9749
-12025
2748
120
6734
-32279
-39863
-66504
-54722
-44484
-39852
-46557
-24173
-23011
-9726
-41778
-31392
-18913
-42650
-21977
-17518
3893
-2661
-31265
-9122
-18415
-40601
-12717
-23957
-31954
-33696
-54676
-11765
-17902
-16431
-15275
-33234
-12014
-9807
-22130
-9176
16683
-34352
-14805
-4433
45889
-9588
-7443
-45502
-6924
-28308
-10241
-17126
27438
-51298
-21213
-44926
-321
-57157
1827
-71783
4038
-4518
-13393
-43193
-8008
-2859
7603
-33355
48169
-25166
1296
-60672
-31349
-53678
-28967
-20311
3581
-23793
-8017
-22271
-33297
248
-13206
-37967
10382
-27267
-19274
14166
-50066
-11167
-18144
-25857
-4275
-25174
58537
-50209
-47093
933
-24115
-33811
-16943
23725
-21763
20950
2773
-10300
-50373
6734
-15693
-65101
-47583
9355
21422
-17676
-46166
-51357
29245
-17507
146
-1763
-10505
3498
-41765
37547
8013
14642
-40302
-1091
-72359
-4154
-13873
-13202
22780
-38900
-46927
-125
-20181
-13550
-40487
10954
-4214
-45297
-37416
-6866
-12955
34103
-5566
11542
15681
-23408
-36552
-4758
-31441
-15205
-24507
-23623
1539
43425
-48167
10585
-39184
-30446
-22547
3398
12357
-10163
-31232
-28578
-35195
-10503
-23237
-10753
24505
12962
-44288
14670
-12820
-34007
-34668
-16619
5130
24963
-64348
-39378
-3371
-68200
-15389
-55779
-32014
-8716
-43952
-43255
-25047
-9994
-3631
-29916
-12810
10574
-20308
-24861
-9377
-43263
-30724
-67475
-45754
-3526
-12919
-29202
-5305
-46458
-10620
-38109
10017
-27770
-11004
-31464
-15981
-25241
-6820
9991
-15554
-36469
-15366
-9673
13716
-38402
50356
-28274
15808
20899
-5998
-22285
-9783
2369
-29032
-4307
-11003
-35808
-21829
683
-2544
-44187
12659
-37557
-11240
7123
-4535
-25510
-33788
-26743
-14290
-9948
-3667
-51468
-26144
238
-3267
-25504
4677
-33585
8158
32655
51841
32054
54831
52118
36901
15608
33964
47658
65553
30364
48660
40110
33032
49260
23853
68736
39124
21113
21387
19571
22817
28572
11690
28692
44786
22887
58146
29622
64479
41892
20255
42119
53837
34996
64666
36361
27341
-4441
31798
51340
41517
31898
42296
7258
18605
26379
25593
40467
32795
46755
91116
33907
45201
33636
2068
36085
52592
49783
49269
9276
38065
45881
7982
9993
47262
52861
25249
26109
48429
1067
43889
12642
25137
-3233
8928
95486
87042
33304
28438
37285
40000
13936
5811
2161
22050
26591
59892
33113
70024
40616
26252
28908
16555
49844
2176
14700
24778
1107
2168
47543
11303
7881
38314
32444
16925
40524
59843
53548
51114
49841
15232
34354
10034
57318
36659
44558
9636
25089
27934
22261
47717
88013
33033
38624
-8548
26806
9427
23225
24493
9546
13761
35573
37680
38908
44949
64534
5233
17304
27267
7872
25751
39555
29733
41606
55440
61932
24702
45317
10673
17794
16794
35124
9164
44344
41891
18788
11800
57137
17970
98869
48085
49103
65045
47662
62435
41177
13883
59148
25653
85807
30074
59888
14340
51930
4180
49341
15290
8939
44413
45273
72591
57291
58253
82265
27951
18526
16914
23218
40709
40142
-9338
30718
46859
60153
36587
27386
41497
56219
22925
10203
2069
-3157
35982
-2618
42332
19558
11852
46247
14348
36375
26325
2960
8872
23859
20864
1030
9824
-930
60006
23393
23473
35522
5042
24183
45469
5833
48998
35077
46183
18258
22146
41362
72870
62864
54968
2505
54394
59429
13116
-4053
-6592
1424
-9877
-6170
-3303
-10692
7650
1386
-21
-7208
8096
-25512
5506
-9372
-815
32227
66106
63350
78474
40008
38823
32448
34767
19178
36097
56809
18665
67498
28868
37672
17926
48712
91103
69343
59474
77294
46889
43634
45325
27779
57560
64471
40756
72973
29909
43607
963
48446
80174
85267
57259
71249
35322
57135
42437
38994
52760
61606
69364
84112
72106
61718
6319
75290
86507
63245
58080
81465
28689
69684
29611
91255
47554
60697
76716
19348
43756
71145
3600
62860
83019
87669
61322
95685
70346
80236
-2003
98780
51124
71076
89200
58691
40384
48056
-167
51115
66126
70343
62667
45354
79801
70535
32498
76956
74378
54372
83857
61362
63760
86624
22932
37604
81059
32338
39191
46286
78776
49539
42261
73184
80291
43207
78548
60904
70424
44203
-15939
65655
84256
38678
29701
19047
42272
43158
72689
45311
100567
79507
66294
67207
46333
40820
13229
52432
71805
51554
99686
72687
80821
34587
67691
12288
80061
75038
102455
70843
89641
5061
5906
34352
44439
62979
32992
44112
72428
48632
78966
11962
71060
30354
74023
19142
48626
27556
39309
47810
62211
55693
51556
52252
75814
66243
62258
37001
79399
61318
63027
46118
41318
33459
11613
61505
83681
88481
93388
82953
77374
61394
56361
56930
51351
65342
35071
83309
29418
46313
21960
71704
73029
48683
55066
48864
78753
98126
37990
90248
88145
71954
31856
96722
63985
40661
2799
86852
63275
101670
66060
79804
76305
95614
41338
57195
70783
54993
44529
89102
12006
46776
10817
58791
59371
52576
71464
40989
44833
73912
39739
61165
68530
58760
41451
97620
34002
28821
6287
28706
39038
28901
50925
43066
30711
37561
24896
33554
38966
28950
30687
39700
18516
37309
-28559
-24423
-31905
-10985
-29898
-20735
-32966
-18466
-53970
-36334
-47940
-64747
-37777
-66447
-45821
-31930
-43648
-66265
-106959
-99906
-78307
-65197
-66323
-43009
-64103
-40607
-97844
-73213
-103817
-78701
-62254
-42024
-42545
-74398
-124499
-84535
-100752
-47848
-66211
-58921
-51402
-54122
-88162
-68485
-122366
-92674
-115912
-73575
-35984
-83225
-115362
-42384
-48484
-33491
-46217
-55164
-40113
-52753
-58618
-52885
-102758
-100515
-97602
-84574
-32628
-85988
-75475
-54218
-62450
-58447
-67962
-90000
-78281
-51235
-79383
-103111
-97611
-56366
-50312
-63439
-33972
-47633
-41962
-88224
-75138
-100542
-103465
-89355
-89899
-83359
-106765
-94245
-52341
-70294
-81932
-42441
-36529
-60784
-74534
-72655
-50657
-109857
-93566
-86643
-89274
-97225
-94502
-86990
-68106
-82642
-48310
-25802
-33413
-87407
-74843
-17193
1821
-52912
-70745
-81281
-113033
-134327
-90270
-99346
-27778
-44451
-44841
-69868
-63967
-101113
-74718
-56008
-59522
-81559
-78527
-70896
-63655
-57671
-90556
-116636
-117390
-88534
-46278
-43919
-60383
-74149
-68404
-99704
-71453
-65869
-99470
-76251
-38535
-70192
-96937
-95695
-95428
-53762
-16397
-12235
-3514
-38611
-40946
-41386
-70106
-78703
-103854
-88269
-50735
-54195
-23887
-82393
-34738
-46184
-19701
-23115
12180
-38316
-35387
-32801
-93285
-63701
-88074
-60603
-10715
-8439
-8670
-32867
-14962
-10479
-44621
-21706
-40889
-77378
-27975
-22033
-32984
-55447
-61720
-50057
-27675
-70464
-84076
-53652
-71129
-27302
-58601
-39753
-44399
-87037
-61672
-37533
-46833
-81689
-78452
-80294
-77231
-94268
-109806
-75908
-90870
-67965
-61860
-39000
-65945
-90659
-81281
-37777
-45070
-44876
-45836
-64843
-77988
-84383
-105079
-70382
-94890
-72741
-34859
1704
-50930
-63600
-45848
-35224
-38485
-33603
-49258
-37409
-41211
-50104
-73319
-61519
-87958
-27801
-13301
-29094
-25192
-82219
-103290
-108783
-79443
-72134
-68284
-53269
-33849
-61716
-84960
-60738
-85686
-75645
-68971
-74901
-58959
-115130
-114761
-63734
-76520
-53126
-69697
-41605
-36199
-73573
-102422
-68163
-98422
-59472
-77774
-72380
-45008
-96245
-93571
-60783
-90001
-47070
-38065
-25034
-57213
-41311
-31621
-90913
-80001
-74966
-80782
-59662
-68493
-41728
-66491
-104538
-86136
-52929
-53546
-47790
-82714
-65064
-52590
-104928
-33466
-74669
-70470
-65036
-31044
-66348
-56771
-125493
-52908
-104884
-50549
-65003
-82202
-84146
-91229
-11179
-67518
-83954
-86012
-48293
-16961
-86556
-94903
-68282
-36407
-68294
-56802
-63722
-66653
-122546
-53149
-59174
-97491
-74579
-58062
-64806
-42625
-69301
-62723
-1612
-37878
-53290
-51864
-90051
-57403
-107977
-62013
-108595
-75144
-95082
-34712
-90335
-61308
-28848
-52584
-37445
-30950
-26976
-51139
-58313
-51221
-50090
-115078
-59871
-123465
-66363
-35663
-52598
-36527
-84992
-82017
-94197
-61906
-65706
-61856
-63039
-71043
-81748
-83241
-124657
-74692
-38997
-52376
-8070
8571
-70140
-109869
-52982
-102500
-79066
-56371
-74650
-68999
-38355
-26096
-101201
-38767
-50151
-70576
-48960
-60890
-84493
-38312
-61428
-76846
-50613
-105831
-50967
-67491
-17238
-69781
-43261
-70862
-22957
-70186
-47335
-69572
-75470
-35259
-88381
-58762
-82960
-89598
-78405
-101435
-85617
-64466
-38693
-70472
-31585
-44143
-59543
-69087
-60966
-80567
-61809
-60144
-73186
-60975
-97714
-106578
-63919
-53552
-47003
-53508
-74625
-88927
-34248
-80982
-78384
-77464
-77724
-71553
-52359
-68825
-71782
-44126
-51263
-46467
-82405
-70834
-77901
-46110
-28274
-43173
-109834
-46430
-64164
-44271
-43930
-81771
-39483
-22810
-59861
-95932
-99581
-77212
-46343
-51677
-58668
-21583
-44824
-40937
-43132
-28130
-45798
-40741
-30570
-24355
-44752
-66822
-53926
-26428
-40671
-38818
-13110
101
195
-130
58
647
335
-201
407
155
141
-129
264
-5
183
373
441
-411
-85
-137
617
-106
-258
34
-149
63
-302
-81
-57
-163
549
-418
244
-611
-152
288
-35
-103
333
-250
-357
34
-101
238
257
243
52
-156
303
-361
-137
775
-140
-188
-231
3
72
-375
281
149
-158
-79
-223
-195
138
-771
283
320
-604
-339
491
606
248
-86
284
-171
-317
466
292
-231
-36
-94
219
-318
-101
746
-126
162
87
53
-43
164
894
-231
-361
-383
599
-349
-312
-314
95
415
122
39
5
233
292
-158
-205
-363
20
-69
583
-612
-274
911
496
-34
-159
-111
-76
32
-87
125
-146
646
297
-186
-205
-333
533
-11
-163
-299
555
462
-48
790
-149
-298
-68
-352
463
492
631
-167
238
-206
22
114
-153
-125
87
317
-254
618
237
533
-383
-149
-152
-601
725
-142
-38
-105
-150
198
-92
-33
30
163
-535
52
171
74
54
-256
-149
67
-466
373
394
-190
126
-43
-229
81
-195
-161
115
-524
333
-644
320
691
370
37
-154
368
-145
-963
-418
548
696
103
90
7
513
-200
-383
-166
-362
-419
53
53
6
228
499
401
-31
195
357
-591
51
-603
-250
-333
71
170
-42
-875
-498
-156
-318
150
-403
-594
19
-381
207
-554
-296
68
-441
-461
-647
-448
-589
-121
-321
-621
-358
159
-162
-549
-233
-15
-345
-828
-50
-104
-539
-609
-30
12
-529
-84
-428
-758
-184
-678
-266
-475
-645
-378
-952
-968
-383
-740
-818
-1171
-314
-478
-1129
-471
-1144
-667
-315
-576
-490
-522
-661
-518
-845
-1053
-410
-551
-560
-1081
-652
-970
-1224
-406
-131
-512
-368
-1002
-720
-976
-954
-792
-1257
-879
-831
-892
-719
-755
-801
-1033
-502
-346
-740
-849
-1090
-753
-1311
-832
-516
-779
-994
-985
-690
-504
-169
-695
-265
-470
-937
-534
-418
-1190
-764
-1021
-751
-248
-716
-425
-1003
-566
-1279
-711
-770
-374
-895
-537
-381
-237
-436
-683
-592
-565
-912
-722
-623
-592
-598
-806
-629
-747
-741
-758
-503
-986
-581
-576
-581
-961
-694
-950
-852
-853
-804
-1255
-35
81
-713
-1156
-1092
-663
-742
-765
-1012
-681
-936
-941
-1082
-676
-931
-466
-99
-372
-481
-632
-873
-836
-869
-954
-425
-386
-296
-449
-523
-684
-707
-479
-287
-284
-597
-993
-1073
-711
-724
-1051
-525
-1047
-955
-588
-630
-605
-421
-628
-392
-673
-884
-1078
-449
-867
-941
-918
-693
-641
-1045
-983
-1352
-1040
-1169
-1173
-378
-150
-317
-695
-985
-810
-869
-866
-1015
-1232
-684
-451
-667
-374
-1115
-832
-202
-252
-665
-726
-698
-332
-1079
-897
-1002
-936
-778
-604
-593
-570
-924
-775
-210
-529
-653
-816
-453
-426
-905
-65
-1019
-668
-692
-1007
-952
-632
-509
-505
-74
-216
-512
-479
-682
-1065
151
-43
-455
-579
-473
-652
-376
78
-975
-617
-173
-118
-95
-140
-81
-190
-416
-380
88
-235
22
-184
158
113
-73
-13
-71
-293
-58
-155
-449
-352
-615
-131
-937
-434
-634
-193
-681
-467
-75
-785
-107
-495
-562
-394
-364
-126
-432
-787
-731
-794
-817
-740
-670
-259
-294
-400
-468
-48
-724
-363
-554
-468
-894
-681
-1037
-629
-894
-854
-916
-711
-447
-340
-427
-653
-531
-445
-436
-184
-518
-688
-752
-574
-762
-700
-774
-777
-429
-508
-279
-689
-566
-375
-496
-648
-583
-357
-339
-283
-465
-1012
-380
-953
-646
-760
-357
-100
-611
-916
-1087
-596
123
-582
-450
-509
-275
-726
-898
-746
-383
-388
-461
-229
-509
-559
-928
-1261
-515
-770
-482
-679
-265
-384
-811
-477
-754
-320
-753
-119
-98
-469
-323
-491
-200
-844
-1041
-397
-655
-236
-386
-612
-589
-425
-217
-254
-345
192
-707
-222
-266
-511
-581
-807
-626
-590
-1025
189
-604
-99
-533
-296
-112
-800
-43
-704
-372
-628
-528
-908
-915
-543
-416
-178
-377
-838
-446
-483
-115
-435
-920
-359
-650
-793
-586
-451
-520
-732
-591
-775
-1016
-1101
-339
183
-58
-685
-373
-702
-239
-245
-1024
-730
-574
-637
-693
-530
-444
-534
-246
-229
-88
-301
-590
-552
-297
-282
-413
-860
-572
-504
-307
-505
-520
-608
-528
-263
-179
-696
-376
-933
-813
-204
-220
-664
-166
-790
-637
-86
-447
-634
-254
-52
-789
-482
-854
-477
-1094
-28
-555
-906
-490
-599
-834
-333
-456
-1015
-732
253
-285
11
-232
-390
138
203
-59
-23
-259
-27
-329
-155
-228
-381
-127
607
674
87
204
615
245
333
73
344
573
583
-12
429
-13
734
-229
715
507
531
524
384
220
739
532
476
253
770
300
527
627
333
-40
678
407
503
405
659
630
4
543
745
679
746
459
679
382
-288
34
685
775
466
711
132
79
642
358
551
706
477
641
404
232
532
156
743
853
187
25
59
562
302
77
731
674
228
380
695
528
550
-317
509
644
458
481
598
370
465
478
27
517
105
556
592
286
2
32
651
448
506
803
716
536
426
459
669
782
582
468
597
402
69
293
423
440
681
519
277
161
524
248
522
512
501
63
-29
278
193
51
518
267
697
410
466
442
546
715
461
442
57
486
325
951
161
-373
763
632
609
597
443
345
456
482
342
691
489
915
906
559
203
-86
15
767
635
344
198
760
490
522
396
766
662
314
452
-41
706
104
433
446
47
466
635
686
424
974
250
302
348
198
564
238
138
-274
381
324
433
790
862
238
230
322
692
790
513
-92
60
364
423
-397
170
627
219
290
369
331
149
80
397
678
239
-307
624
193
402
44
472
986
955
617
845
397
468
561
456
699
826
525
650
240
658
368
71
-33
52
354
553
184
159
247
205
16
-63
242
47
243
261
78
59
277
409
887
305
-163
390
258
541
170
494
597
150
383
-489
-224
72
6
264
96
153
431
519
478
143
363
432
-95
594
472
698
465
-184
655
607
494
535
351
315
424
602
790
383
290
674
-235
112
-113
306
415
37
371
478
576
929
825
603
893
476
688
-115
378
284
498
-214
119
716
768
818
312
457
126
240
191
514
294
630
797
108
-10
146
618
533
46
-112
441
300
926
449
921
570
232
747
-316
757
238
328
365
265
914
515
175
461
218
706
320
417
518
306
877
783
321
2
199
396
182
221
288
966
337
177
-28
551
259
505
345
2
440
-121
-188
285
607
105
176
468
290
695
766
528
579
948
-278
419
-425
139
586
224
316
-39
365
-47
355
243
11
37
171
-7
598
780
531
-15
375
382
48
645
241
633
51
496
593
892
213
333
643
-227
-157
-75
206
584
661
482
369
901
665
451
629
210
344
201
327
388
607
44
442
302
227
-4
421
354
405
536
605
459
212
573
756
225
-373
-144
319
282
444
730
26
249
36
-102
60
329
471
46
-149
560
63
-390
360
349
476
749
42
361
833
466
346
822
271
679
798
297
307
-806
-564
-170
-93
-154
-129
-576
-244
-414
-152
-236
-499
-332
-445
-534
-75
-667
-22
43
538
252
-78
231
254
-76
-87
520
-43
512
-189
-389
362
-956
-107
620
36
426
92
-17
687
232
173
351
11
572
203
444
567
-319
318
411
146
246
407
142
300
686
20
346
128
300
-123
278
681
-518
422
244
215
498
687
153
-269
541
168
146
616
412
401
260
436
-641
25
153
157
450
373
510
270
240
37
6
24
395
-45
505
702
-561
-367
446
515
262
393
267
508
503
467
-133
286
208
291
277
305
-818
310
267
495
207
479
271
387
258
577
307
347
427
730
7
1088
-295
397
-134
-22
340
858
388
-89
434
620
-6
273
134
538
94
1075
-488
195
404
-201
41
-159
-111
730
474
314
5
605
301
97
-208
402
-217
498
203
170
654
207
-153
457
-109
664
90
706
241
-110
108
448
-432
573
252
271
339
406
-131
76
-233
246
489
454
1102
123
-117
492
-430
91
318
-16
52
562
396
190
-72
67
774
276
309
-5
-12
607
-234
-27
39
15
296
84
405
304
206
458
247
17
-31
-55
30
636
-357
419
-4
264
274
92
408
-385
148
343
-213
-652
261
-107
350
558
45
1134
382
974
445
302
934
369
-110
546
471
485
890
329
195
877
271
167
378
137
22
101
-258
-25
447
195
-82
282
353
-202
125
-299
43
269
-441
-51
-292
-255
559
-39
-498
-244
292
-355
84
76
-519
-473
-22
-429
222
-483
156
-86
-251
-286
58
-91
-250
-105
363
-156
-297
-488
105
276
-27
-48
-291
-235
-311
153
-136
193
-217
-355
-542
-565
-259
-402
-210
190
-23
179
33
285
30
-664
10
-233
47
-120
407
-19
-439
-822
-58
-149
-121
-518
-63
-339
478
154
-180
328
-535
-182
196
-161
-278
-211
-37
163
-422
-164
-413
-92
-51
-291
-155
455
-386
-253
-625
205
-267
-284
109
-279
392
292
-176
-677
-146
-337
-493
-392
442
-35
77
117
-992
-758
-354
11
-417
75
233
362
424
-30
-41
0
-354
-210
-181
-88
143
-660
-397
-341
363
-390
-532
-427
157
137
-154
-247
-483
-298
-329
-246
-343
-401
-157
-31
-68
-174
-32
-428
-127
-123
-134
-77
96
-392
-173
-284
-283
-919
-408
-250
-169
35
-158
161
-328
-97
0
192
-361
-591
-43
-39
-270
-378
-153
41
231
165
-132
89
-21
-211
-389
-368
358
-57
-49
201
-492
-340
-45
-89
-211
-24
-24
-516
-247
-135
-23
-182
-139
61
-301
-138
-467
-868
-576
-98
-76
-179
235
-234
-411
-124
-64
-112
-197
-459
-364
-342
-561
-986
-53
38
-630
-111
-651
-579
-25
-489
-751
-513
-343
-611
-446
-392
-640
-558
-36
-3
211
87
174
244
223
-35
328
-87
-67
-6
-70
-112
-5
398
425
327
51
181
68
51
-365
200
443
369
98
251
-184
17
350
418
231
520
-144
174
28
229
449
-24
237
420
190
-99
-48
414
318
737
338
364
53
180
181
370
-576
410
11
44
35
673
232
143
-126
142
622
-120
-470
503
-34
-83
-16
422
152
-286
289
209
-185
0
447
602
-42
-225
721
379
530
-68
-135
159
198
124
-186
108
375
320
224
131
397
634
741
-294
-237
461
674
309
285
313
487
428
287
42
169
493
191
44
-407
-184
550
352
-265
514
878
-164
10
91
-366
452
205
699
542
-123
-45
-123
-49
-367
-214
394
6
280
396
93
286
80
241
280
626
-56
-285
348
328
156
-89
-59
454
277
604
417
142
231
129
131
386
488
590
300
556
-148
203
116
178
141
214
736
373
-140
389
252
264
439
-74
-136
-217
169
-236
46
-93
177
371
360
-282
-282
23
314
163
389
-506
-29
355
155
-65
305
484
3
188
-193
-580
-34
107
610
266
316
203
490
147
153
130
226
173
16
-183
-277
-72
720
181
50
703
574
569
128
316
467
468
349
-30
64
495
670
621
359
442
815
826
297
219
466
355
559
546
322
577
585
592
634
465
214
314
502
-842
-840
-1316
-931
-1652
-1286
-1087
-1021
-1056
-1347
-1085
-1114
-1381
-921
-1382
-654
-1279
-1193
-1531
-1587
-787
-939
-1412
-1667
-1350
-1175
-1297
-731
-1256
-1334
-1072
-897
-522
-1181
-1514
-1480
-896
-1242
-1000
-1087
-1036
-951
-1750
-1246
-914
-1579
-681
-181
-1121
-1279
-1516
-609
-873
-1481
-1288
-1236
-1301
-997
-1454
-1048
-1271
-1078
-640
-265
-758
-1244
-1029
-1401
-1277
-1583
-1312
-1135
-1340
-922
-1543
-1791
-1301
-1156
-1135
-528
-880
-1048
-1054
-1201
-1134
-1154
-1500
-1646
-917
-1330
-1326
-773
-1037
-1095
-1754
-811
-1185
-1275
-813
-984
-942
-2027
-1494
-588
-1027
-1109
-1024
-1380
-1215
-912
-1149
-302
-1026
-989
-1620
-1397
-1269
-268
-942
-1831
-967
-1451
-1538
-1118
-1044
-946
-454
-453
-808
-1248
-1042
-1168
-1104
-1212
-1340
-984
-954
-940
-385
-1166
-1192
-1292
-1494
-352
-872
-956
-1357
-1110
-1140
-749
-1267
-1870
-1185
-1238
-1794
-1265
-901
-783
-1078
-168
-1113
-1007
-946
-1342
-1320
-975
-872
-907
-1374
-1487
-1751
-1309
-827
-1261
-1433
-91
-902
-1066
-770
-1325
-1650
-800
-1344
-1062
-1185
-1030
-1151
-990
-1500
-1025
-1228
-201
-1113
-1172
-1373
-1677
-1387
-1458
-952
-1603
-1331
-1184
-1218
-1067
-1189
-1180
-776
-120
-837
-1112
-1010
-1012
-1156
-1322
-1533
-1628
-1198
-1456
-522
-1387
-1170
-530
-745
-57
-958
-676
-580
-594
-1193
-1111
-404
-955
-822
-737
-1013
-516
-539
-1321
-1261
-27
-381
-180
104
106
51
-144
-214
-360
-26
143
-105
-77
-122
-238
-224
-85
-701
-708
-810
-539
-538
-540
-282
-357
-476
-512
-119
-269
-886
-534
-370
17
-1116
-963
-778
-475
-323
-78
-399
-301
-811
-940
-101
-58
-386
-424
-199
108
-1152
-968
-760
-149
-856
-475
-197
-73
-756
-818
-446
-366
-366
-111
-238
461
-1063
-749
-499
-352
180
-225
-726
-216
-467
-899
-415
-112
-867
-92
-55
163
-906
-370
-935
-540
-607
-681
-570
-520
-157
-368
-381
-985
-793
-846
-316
126
-906
-612
-358
-124
-707
-375
-479
-599
-727
-834
-858
-341
-108
-45
-417
-116
-669
-111
-446
-305
153
-499
-745
-385
-203
-469
-66
-42
-387
-145
-479
-285
-805
-449
-1047
-660
-45
-323
139
-69
-124
70
-433
135
-439
-600
-124
315
-963
-421
-378
55
-29
-401
-458
-108
-119
-367
-265
-588
-575
-103
21
276
-619
-362
-908
-435
-184
434
-60
-647
-345
-241
-14
-900
-209
-139
-59
287
-664
-313
-549
-395
-496
-419
-219
-749
-443
-312
-525
-787
-405
-114
-230
874
-1394
-932
-578
-844
-836
-417
-999
-943
-745
-463
-518
-138
-253
-350
518
660
-791
-548
-901
-561
-550
-843
-352
-472
-394
-26
-96
-435
-836
-275
-104
607
-573
-33
-355
-652
-67
-544
-809
-371
-502
-316
-486
-598
-766
-591
481
304
-570
-387
-112
-394
-46
-32
-320
-314
-649
-50
48
-343
38
-90
-78
291
-216
323
426
119
-147
-94
-345
-30
157
267
439
-123
93
73
-12
107
479
333
447
400
623
543
304
441
168
565
391
478
405
572
581
190
352
954
1501
1209
1546
1130
1073
697
723
925
1191
900
1097
1132
1505
1248
578
1060
1473
1109
810
1132
1204
457
776
1516
1799
559
1402
1210
600
1311
573
983
1394
772
1277
1340
406
662
722
970
1252
798
917
1171
1163
971
587
1278
1476
1298
1036
791
782
1372
1415
1389
914
913
758
1342
1331
554
274
1032
835
746
1169
1492
1504
846
825
1502
1437
1690
1100
1263
1268
761
493
470
1226
1526
1443
996
919
1601
1044
1191
1040
919
1375
1321
713
911
720
749
923
1055
645
1402
1604
1016
1345
1417
1176
812
288
689
1440
1298
613
1312
1010
1721
978
496
1173
1291
1156
901
1333
495
812
1391
1064
1273
514
917
1365
1584
1105
1189
1509
499
760
579
1064
989
1003
1420
974
1090
608
1017
1159
1483
604
502
1030
1670
1111
1257
1524
871
1510
1687
703
520
386
1026
1603
1573
904
975
841
703
756
1585
1280
1193
1427
1589
1308
680
620
978
1423
1016
997
1357
1624
1095
1617
1585
1069
669
1548
1333
637
919
745
1010
996
1036
801
844
1006
1599
1426
1391
1346
641
1098
1185
564
771
51
785
837
1193
1137
969
785
571
472
864
835
1360
978
789
740
573
345
520
690
830
659
749
526
765
759
521
821
411
555
748
577
500
-23
-552
-302
-474
-360
-78
-48
27
-213
-466
-483
-505
-323
-581
-464
-451
472
-72
-364
-5
-728
159
-32
75
111
-396
-244
85
-167
-48
-1099
-229
64
23
-156
-143
-189
108
-456
-167
362
-1
-32
-89
91
-633
-447
-232
254
18
-175
254
-510
248
-335
-130
101
-58
-148
282
-87
-578
-613
-83
230
472
-230
-280
-568
-365
-14
-320
-108
235
19
-237
-581
-448
-749
-300
12
151
201
249
48
-240
-559
-222
-153
-389
-270
116
301
279
-45
30
246
238
97
243
-84
199
20
-668
-129
-98
-86
527
359
243
194
-661
-21
-247
-250
-115
-189
30
-13
138
-9
147
-30
11
-33
-313
-632
-280
189
-68
-63
-516
15
68
116
-393
98
-400
130
-408
-121
-525
-62
-103
350
-220
15
-84
-640
308
347
238
-55
-111
-30
-493
-397
-487
-764
16
211
285
16
402
-142
-270
43
306
50
-111
271
-57
-122
-342
-281
-560
42
-154
390
188
-22
-728
-455
-472
-646
-462
-120
-372
371
366
-370
-30
99
-425
-164
-274
-252
225
55
99
-398
-185
201
207
-373
-510
-424
-53
207
337
176
117
273
679
282
-252
208
-9
198
-380
-135
-504
-786
-381
161
432
218
348
500
740
320
424
430
500
304
337
551
171
-176
-137
452
451
285
418
533
486
856
306
456
502
326
781
712
565
355
529
-110
-245
37
-138
53
234
53
34
-84
-96
91
81
-55
151
-59
495
-309
289
376
408
-568
-88
97
409
117
418
22
-122
-439
555
-255
210
-398
-687
319
236
843
316
-161
-499
75
287
106
287
244
-152
146
298
-310
-58
-334
57
-183
53
-619
19
22
149
-227
-126
-529
-288
52
638
-444
-365
-16
251
115
-461
234
68
-238
-121
-192
46
251
595
200
197
-331
-524
-586
-117
-317
105
-116
-2
748
156
627
-114
66
171
-658
97
-745
41
-53
12
293
-462
366
95
103
190
-195
-107
-680
-689
-556
499
-388
-40
118
143
-262
73
-817
90
135
-247
157
-289
-296
178
-250
274
-763
-286
-190
-414
-491
-378
250
-299
-645
108
-259
-488
-117
-70
56
811
-580
-486
135
16
-416
131
-262
-121
207
-87
-121
-465
-449
-32
20
562
-365
-702
-321
55
-331
-28
8
-197
-403
168
-452
227
474
-24
-249
415
-762
-617
99
-209
64
211
14
233
294
392
315
-474
280
-182
-544
320
-85
108
228
33
-12
50
178
-108
-185
-49
-475
-187
-432
-806
-237
287
-569
-477
205
-300
110
123
284
58
-18
-352
324
-107
154
-42
-225
118
-666
-390
-261
86
-32
-352
-656
-457
105
-48
353
-64
24
450
-284
114
-783
-521
-597
-581
-505
-523
-81
-158
-596
-273
-737
-624
-398
-777
-504
-129
-38
436
-26
384
-30
30
95
217
306
195
88
405
398
781
449
251
517
783
1001
1150
1033
660
229
538
1108
1211
952
1165
1129
605
761
713
514
981
948
1085
1387
872
1130
1006
852
1084
565
1043
1090
1700
1035
938
570
1120
1905
1405
903
848
604
908
921
1752
929
1420
799
1372
701
574
525
1222
1027
1336
1460
1286
874
629
1510
1354
1356
997
1674
823
1443
923
579
1415
1783
1848
1179
1168
1464
1491
1192
1123
1010
1571
1737
1768
1222
1116
350
624
1234
503
1612
1670
1557
1439
1775
1424
1421
1053
1335
1381
810
784
656
1283
1572
1099
1473
1313
1294
1158
1562
1868
1060
848
1249
1115
1198
1295
635
1789
1400
1634
1114
1415
1232
1140
1675
756
1333
1216
709
1096
1092
1079
812
1259
1453
906
1283
953
1219
1017
1274
1534
1563
1680
1560
1132
811
1264
724
1130
1580
1296
1052
950
1126
1204
1011
1351
972
1336
1030
1591
1112
1175
587
1342
1150
1204
1194
1409
1007
2039
1459
1423
1369
2111
1366
843
970
1100
719
1137
1676
1075
1172
1155
1947
1109
1671
1965
1051
1600
796
1025
807
968
909
1366
1686
652
1120
1232
1014
1361
1772
1448
1084
1302
1439
1215
1064
786
933
1022
1431
1304
1037
1166
1089
1301
1054
757
1356
916
1042
1188
1083
1369
372
883
1319
988
519
822
996
713
1414
1198
1042
1251
824
966
1106
581
-401
440
442
642
650
451
806
383
456
509
517
726
851
766
565
715
88
773
1266
956
372
658
1031
217
1276
1330
891
624
1141
490
942
992
-70
539
539
522
1331
1101
64
433
694
963
812
788
1150
1044
874
808
1
982
948
836
777
532
585
1243
503
907
566
1048
381
974
409
413
242
486
501
820
1065
1234
1125
579
787
651
677
759
1197
1051
302
557
267
165
791
1166
912
1199
559
867
1206
660
554
869
611
907
241
1102
-165
558
899
291
1049
953
1183
1411
1087
958
745
329
250
123
673
1075
110
1021
432
1113
483
971
794
626
1015
1116
682
77
290
955
458
1204
244
689
569
625
443
910
852
644
681
496
914
490
825
881
1008
984
-218
1037
1035
801
584
323
527
697
696
1238
947
496
809
719
424
672
205
562
847
770
271
721
576
813
725
1381
385
1047
785
286
489
732
254
483
937
437
878
998
485
613
836
1123
862
918
850
499
455
1042
9
889
233
577
526
911
906
307
856
1039
636
762
610
506
522
569
350
656
376
364
864
829
867
502
647
755
657
809
1033
634
368
739
342
266
202
825
706
641
91
548
21
310
415
423
1051
592
238
978
-127
318
236
-41
-125
141
629
187
428
362
-61
352
503
397
323
0
20
-76
384
290
442
464
320
705
532
573
364
323
315
76
357
547
216
581
1022
967
1096
1279
876
1078
875
1122
1221
1008
1150
621
508
682
298
678
744
558
488
785
1174
1067
699
664
740
593
528
698
548
873
253
561
947
735
705
819
451
541
245
678
645
1062
797
476
-222
-114
280
1279
608
480
441
1121
823
873
253
545
1017
1064
683
54
646
185
467
564
510
687
863
797
567
1002
736
729
232
323
467
504
400
299
359
370
854
602
854
555
459
289
692
-109
558
649
475
212
347
537
435
761
694
674
886
336
569
497
481
519
673
477
738
1036
547
429
580
333
794
858
91
377
632
801
729
390
1205
281
154
626
77
420
249
240
904
177
843
1
798
728
591
836
1038
920
971
81
521
43
39
773
652
614
919
1112
1128
954
399
655
149
374
-114
741
958
71
379
561
182
365
789
770
511
797
790
401
758
779
355
653
618
478
307
192
756
698
922
256
394
456
167
480
787
846
465
748
-74
392
300
461
572
781
1013
758
509
426
133
1021
40
869
516
434
817
-75
509
937
660
248
355
805
837
1041
935
579
730
354
529
480
90
279
218
370
292
385
433
566
454
366
355
209
145
395
260
388
195
175
-63
452
243
90
313
-103
25
403
128
237
481
414
-225
594
562
388
276
712
803
1037
654
508
910
881
1338
942
1139
549
758
637
586
433
-207
240
1107
944
883
1170
788
399
774
983
1038
798
1301
921
1469
924
-8
752
1349
406
807
662
370
806
65
601
457
1186
501
460
1071
724
102
613
925
984
509
372
545
724
167
505
1159
1198
1090
1252
893
188
27
254
1349
880
405
354
707
992
755
842
949
998
682
778
852
708
102
719
1083
793
1335
1130
701
380
1088
568
549
564
1054
1134
1015
598
95
421
952
989
625
777
886
1133
450
506
1131
1026
1011
801
562
198
440
405
612
496
979
480
851
666
882
339
868
477
508
1029
1161
643
-39
593
705
550
1055
1025
918
687
556
195
775
880
480
1131
965
778
190
387
336
1123
1255
332
942
1049
1148
815
669
777
573
1404
670
666
189
-2
815
635
1012
686
487
978
801
1183
457
579
492
939
1392
960
209
350
969
1046
710
1042
698
684
574
296
186
915
320
800
1377
1045
207
776
1551
1075
869
319
402
1329
1232
885
1386
1266
636
395
1275
413
480
469
1021
747
1167
661
476
1023
1148
1102
847
906
594
1114
1011
564
105
13
635
266
364
964
538
311
534
719
585
468
485
361
847
697
208
300
84
268
77
372
487
72
414
449
183
518
704
376
390
110
204
300
269
-107
-236
-391
153
10
62
327
355
163
509
-246
369
189
526
37
151
119
326
-361
235
488
62
323
123
157
605
411
52
-43
465
63
577
451
155
168
1126
287
424
176
421
67
796
396
36
-152
401
-25
155
147
506
870
532
374
474
-214
-92
433
775
-226
194
324
290
350
496
613
526
103
363
84
111
-9
190
329
391
331
565
40
216
-184
474
398
280
584
167
787
206
580
284
-18
19
338
174
113
796
486
528
-237
237
378
498
142
832
390
387
-23
306
557
669
479
378
278
414
657
359
226
307
675
198
56
617
664
535
491
-24
319
557
293
363
542
576
-241
657
232
604
493
570
779
190
-17
291
153
619
31
586
147
353
-9
81
655
195
56
371
543
203
127
345
123
327
-154
-679
463
257
463
348
490
282
279
102
502
443
533
186
371
525
21
44
107
106
516
303
120
312
421
750
203
294
279
10
-20
580
62
538
99
34
430
-69
281
337
325
155
430
608
606
-268
51
332
78
191
154
167
463
506
-94
-293
-179
75
16
-131
81
257
23
332
200
279
217
25
179
337
263
151
125
391
180
24
13
39
104
-54
281
116
489
400
254
281
380
328
170
103
254
321
208
-18
60
307
363
245
475
217
757
-164
613
555
670
439
437
406
446
430
-18
409
463
143
472
543
196
549
493
46
352
187
630
68
331
-169
30
446
615
337
283
-195
394
688
721
418
394
492
240
177
710
-482
-260
72
149
117
656
327
561
-35
498
516
-86
151
-19
480
351
354
478
404
889
300
-75
355
421
50
-1
324
96
530
495
376
294
496
-72
-2
687
-356
431
284
710
382
86
15
569
199
425
676
178
-261
-421
378
-59
24
129
618
35
-89
284
335
57
497
372
102
-61
-224
-245
258
740
-207
868
333
29
89
126
566
51
317
868
34
-77
-267
-553
504
321
468
615
356
278
334
389
845
421
394
91
283
169
-360
-105
715
92
555
17
261
49
52
171
264
331
-111
227
376
51
338
131
60
628
116
240
86
803
90
369
181
205
635
521
103
59
6
-365
47
661
385
307
578
353
600
764
722
75
378
643
-99
235
80
-355
462
-35
302
155
811
428
829
523
275
264
189
378
438
422
-2
54
635
430
631
792
701
873
220
519
675
534
863
684
872
670
488
207
541
481
348
298
236
275
658
620
717
501
456
572
311
105
132
-215
290
279
413
299
184
271
590
0
612
227
333
44
-3
31
94
246
682
329
568
382
189
816
166
529
272
511
221
210
293
287
-152
93
684
269
76
-167
40
39
-53
267
782
503
134
312
-385
114
482
-309
773
419
-123
577
314
-171
405
6
268
266
652
-174
423
477
-487
-226
857
43
232
1
-403
377
84
68
-255
240
214
841
226
-61
-724
353
739
213
308
62
492
-62
-275
98
-103
-169
400
-273
68
216
593
79
677
702
67
583
-381
91
-78
416
70
153
194
282
178
320
-5
39
733
75
41
129
352
-105
252
-104
112
194
72
-144
114
-50
240
71
812
-363
18
394
-311
336
247
446
135
218
11
-229
462
492
-55
-526
973
49
-118
619
-40
343
62
-63
171
434
126
-59
348
285
77
-39
576
14
704
-92
319
117
599
-74
434
36
-222
-5
69
-108
131
-83
605
-75
-7
294
538
277
-181
284
310
117
75
129
-112
268
416
-191
762
-125
188
533
444
244
-301
500
-58
-568
562
211
278
86
-166
-244
858
66
-88
143
309
521
518
-137
211
213
50
-168
179
682
-357
-385
631
329
192
307
599
182
564
368
229
588
182
639
432
173
196
-257
531
229
-336
-403
-278
-58
-38
237
143
-68
-162
54
-107
-33
-366
-641
-260
-769
146
-45
-241
-161
-577
-279
-190
-70
239
-151
31
-160
-8
206
-737
-1046
-1100
-1155
-741
-1075
-781
-1228
-1223
-1103
-1150
-841
-1314
-479
-891
-53
-976
-1196
-1305
-834
-1191
-1188
-732
-1183
-767
-1480
-1061
-1333
-757
-372
-1088
-88
-838
-1287
-1518
-784
-1454
-641
-986
-1090
-728
-819
-1466
-1704
-523
-1391
-1293
123
-872
-1244
-1239
-1198
-672
-1152
-1440
-798
-1120
-886
-1256
-1094
-1379
-1601
-1415
-157
-1105
-753
-1596
-1166
-1165
-921
-1176
-977
-1124
-878
-1047
-1554
-1519
-744
-1121
-209
-544
-1360
-1193
-1541
-997
-1237
-910
-1331
-793
-642
-1128
-1257
-1286
-1036
-1006
-268
-955
-646
-1465
-620
-1282
-1123
-1222
-1178
-1303
-1402
-952
-1089
-1039
-1011
-1304
200
-801
-1290
-1191
-1195
-628
-1173
-887
-1411
-684
-1322
-1553
-1468
-630
-693
-685
41
-699
-1815
-1344
-1287
-1529
-1082
-1119
-1346
-868
-685
-1288
-1846
-938
-1144
-790
252
-714
-855
-1617
-1097
-1254
-465
-972
-879
-897
-918
-865
-1308
-1166
-1602
-1249
-254
-943
-1137
-967
-931
-1445
-1473
-723
-1302
-1254
-1076
-908
-1435
-866
-197
-1098
-289
-825
-1675
-1031
-1582
-1227
-1235
-1000
-1108
-1689
-705
-977
-657
-1409
-655
-862
-198
-902
-882
-1024
-1017
-1448
-1001
-1312
-1743
-864
-1101
-1216
-1163
-800
-921
-1471
57
-1221
-1005
-1609
-1142
-1033
-1413
-1444
-1259
-1240
-730
-1615
-1576
-1201
-1515
-1451
-918
-439
-733
-1265
-971
-723
-1057
-414
-392
-1156
-644
-1051
-616
-830
-999
-969
-422
108
33
534
197
711
614
686
354
614
756
305
405
492
389
379
-50
348
326
453
193
-421
24
405
-161
-154
-9
245
-289
429
-271
253
110
784
407
1062
335
617
881
340
697
427
826
843
1175
483
-94
119
-400
672
6
167
533
1010
468
704
1325
774
441
691
746
352
421
1190
423
812
318
642
754
452
928
658
402
412
495
471
544
306
490
685
426
634
-172
911
979
684
746
-188
293
321
519
568
516
1239
629
216
-46
257
-100
604
628
383
370
164
1131
823
483
1108
530
413
667
602
540
692
722
703
398
309
102
432
1140
1064
513
792
246
221
453
925
47
213
591
804
489
478
577
1342
261
227
985
847
613
538
53
457
51
486
381
335
673
777
-20
414
880
448
417
857
529
423
422
724
-341
791
-73
678
666
758
787
718
318
398
486
478
727
699
359
599
202
502
35
781
614
753
387
448
594
731
626
94
884
576
540
550
-145
376
326
617
500
292
557
595
965
1074
920
700
451
431
701
417
181
526
358
616
248
1109
1021
820
561
16
-64
396
111
204
1066
620
138
706
383
1092
657
717
380
862
777
778
994
1059
914
812
1112
570
156
400
427
798
839
694
524
480
693
391
598
602
636
459
437
553
162
-328
-157
-192
106
-52
-350
-139
-284
-289
-281
44
-21
39
-143
-154
-107
-177
-264
26
259
313
146
479
560
129
324
167
389
777
489
383
-182
128
399
347
430
111
694
591
608
220
253
-2
420
411
313
518
778
-150
246
-35
-15
620
285
499
420
482
293
447
483
-35
169
238
-70
-244
-97
279
599
731
272
684
529
-136
-424
274
132
890
779
676
-136
227
131
192
406
269
227
403
271
697
702
500
460
63
60
257
-328
-121
237
342
461
140
193
256
325
422
564
407
66
229
-76
409
228
188
199
439
498
472
86
699
505
49
-23
315
515
295
475
183
306
126
261
311
289
348
270
-49
502
561
299
705
966
313
329
-45
-202
243
426
442
320
745
161
184
2
73
161
10
554
337
744
570
-178
-282
162
174
-53
151
387
231
796
366
158
-36
113
676
492
480
66
5
268
209
185
181
700
681
195
643
1023
925
158
67
130
-59
137
58
650
183
265
332
-53
-109
-22
475
-237
194
404
477
435
395
176
-210
-65
-82
124
412
-3
392
378
-265
113
27
690
358
162
760
302
71
20
350
245
246
624
280
-272
-192
145
260
-42
-31
-95
61
167
170
757
839
620
454
340
562
481
737
652
753
470
676
646
205
-110
117
-186
218
-42
92
165
122
127
-29
34
10
200
535
346
430
145
396
571
378
198
363
-339
330
109
443
114
240
242
267
514
566
268
763
-83
545
456
770
708
99
292
281
319
455
158
875
427
612
-205
783
398
47
347
310
42
-109
471
333
-42
61
472
489
333
416
-207
1117
496
281
283
273
504
425
414
736
563
-51
206
71
766
-25
-180
669
19
210
826
664
808
520
695
556
120
119
511
286
658
45
286
659
-406
153
122
438
708
601
240
106
357
645
137
-245
-27
447
161
545
906
334
413
-9
527
358
498
1038
363
20
524
487
375
443
-101
590
502
804
105
362
572
260
-226
59
224
334
-209
136
348
859
-13
732
450
-172
158
186
426
585
563
-42
759
67
584
550
18
16
-12
599
489
266
701
-118
875
-363
-17
593
334
308
357
526
549
115
-99
1001
39
-112
-286
498
28
509
82
137
243
362
430
378
250
56
231
1124
267
327
445
160
456
747
628
336
578
169
364
536
36
318
-6
759
312
432
784
563
813
215
275
690
112
590
642
205
598
-60
-361
804
502
307
67
-303
67
672
530
207
381
509
667
560
500
137
-156
505
117
158
183
-23
-337
-175
110
-298
-100
8
-94
-57
103
3
-351
220
74
102
434
-530
-204
-487
204
-268
383
-134
31
-258
17
-632
-680
-212
-447
-384
-1076
-500
-682
223
-1157
-152
-199
228
-450
-82
-737
45
-537
-104
205
253
-524
-643
-535
-368
-445
-610
26
-489
280
-293
-934
-600
-82
-367
64
140
-334
-164
-207
613
-154
-374
-521
45
-123
247
-498
-91
-627
222
-644
-632
-27
-399
-715
-499
-347
-232
-468
-51
-70
-161
-253
-312
-74
-204
-160
-465
-355
-408
-749
42
-803
319
-526
-362
125
-144
-479
-1355
-151
203
-113
406
411
-38
-328
-434
397
-291
-288
-465
-649
-141
449
-149
-602
177
-352
-351
-346
-291
125
-207
-722
-298
-361
-920
-582
-1031
367
-241
-446
-268
-49
17
-280
-172
224
-79
-730
-206
106
383
13
-80
-14
-120
-2
-228
35
-630
-38
-430
-585
345
-441
-554
94
-367
17
-279
-447
-65
-12
25
-267
-327
-60
-75
146
-160
297
-95
-172
578
-281
-981
-584
135
-613
8
-70
-357
-77
50
-310
-299
-290
-333
-728
-915
103
-246
-55
-61
-83
8
-334
-524
-521
-280
55
267
23
139
19
-862
-325
162
-915
34
-499
10
-190
-468
-1083
-701
-202
-446
42
-504
-26
-447
-536
-271
-183
-363
-509
-428
-109
-641
-526
-447
28
-582
136
-115
-185
260
-14
-42
-581
-571
-350
-400
-39
-486
-427
-537
-127
-204
-466
-595
-494
-443
-718
-815
-321
-646
-654
190
12
407
250
37
577
815
128
566
533
738
620
855
344
624
599
150
401
316
-446
33
-333
-531
-74
-558
-117
174
-631
-556
-260
-404
-226
-656
-576
-358
242
-238
290
472
-91
113
1
416
140
95
-657
-613
194
-488
149
199
-214
-546
95
-629
222
16
-267
122
-387
107
-11
147
-7
-339
-202
-54
-417
142
261
-59
480
-110
-58
-56
93
-117
-661
34
17
-765
-93
-399
-81
-349
383
-390
-132
-126
98
-257
458
-115
-123
-260
-86
-4
-255
-186
-2
-488
0
-447
-374
242
-17
-202
-46
-386
-180
-331
23
-80
762
-26
-463
76
-425
60
-277
732
100
-362
-322
127
-622
-30
-301
-311
-89
-155
4
69
268
-285
-547
-220
-216
-51
201
-259
149
339
414
-98
-526
-280
-521
80
36
220
-45
631
22
-207
210
-37
-381
-24
-115
-545
-241
183
490
-225
-69
-71
-125
-293
465
255
305
-537
-473
-109
-315
-472
-263
-589
-349
-811
704
-275
138
-24
-180
-473
-165
266
136
-618
220
-122
-247
153
-33
182
171
176
-210
-3
-140
285
-384
-43
-68
-234
96
-70
113
-350
-295
437
-212
-368
214
-235
23
-97
-115
-213
-648
-222
-10
-415
-36
-854
-482
-88
-395
147
65
-128
-19
-321
-383
363
-111
270
-42
-776
-776
-619
-348
-283
-225
-412
-845
-726
-536
-450
-896
-785
-641
-915
-230
350
-21
-246
-297
-300
-114
-448
-154
-759
-316
-140
-188
-31
-352
83
-426
217
-396
180
-133
210
-112
296
364
345
-26
326
254
163
419
451
355
342
110
831
720
355
422
548
417
334
68
238
464
44
903
-23
129
979
177
204
528
436
944
422
391
1072
504
530
252
632
284
570
165
378
387
613
598
1239
395
426
306
433
-100
1048
357
794
465
433
365
160
140
748
877
591
497
291
642
404
1405
623
351
109
916
110
-601
572
-38
116
522
616
597
849
819
761
1039
600
358
214
488
77
521
491
260
281
569
323
552
600
801
598
235
492
636
643
497
670
238
451
251
509
626
51
184
476
430
184
1032
552
824
611
215
222
-548
989
-299
840
351
850
263
445
171
474
51
445
323
436
231
737
-92
507
487
487
-47
345
786
375
1048
775
271
-86
567
921
195
492
370
493
399
204
1026
196
1088
495
353
682
114
920
492
30
893
281
-4
892
541
1248
186
-55
182
583
-55
426
643
1119
68
474
784
563
-222
738
23
448
269
615
234
291
699
-49
309
201
3
861
396
687
462
504
161
759
1470
374
337
572
-102
644
421
753
774
343
574
911
234
575
688
795
793
977
466
723
1020
1198
985
739
855
968
1001
727
90
-184
26
209
55
177
-301
-120
561
275
-33
-288
16
165
52
-48
-136
-331
163
4
112
-89
-505
415
-317
305
-534
600
-598
-503
-154
-529
-793
-241
-51
-270
-1096
-852
65
-524
10
-868
-324
-799
-396
-635
-880
-1114
-610
-227
229
-462
-582
-475
-483
-709
-236
-421
-87
-574
-282
-603
-388
-629
-493
-547
-322
-1019
-534
-404
-714
-121
-133
-457
-757
-301
-821
-501
-80
-551
273
-16
-144
-313
-356
-467
2
-726
-1273
-699
-365
-65
-202
-304
-720
-872
-865
-701
-579
-611
35
-290
-936
-178
-682
-427
-714
-301
-418
-1033
-1010
-980
-763
9
-353
-1112
-338
-1163
-775
-940
-431
-380
-491
-959
-545
-1068
-654
-451
-432
-690
-179
-335
-681
-312
-441
-463
-991
-572
-482
-642
-305
-445
-933
-1153
-183
-304
-197
-392
-302
-540
-355
-1010
-193
-415
-334
-421
-325
-787
92
-1131
-33
-488
-780
-1025
-655
-1022
-476
-765
-162
-312
-255
-539
-746
-622
-569
-761
-191
-626
-369
-465
-231
-116
-75
-36
-8
-388
-428
-283
-616
-915
-866
-533
-773
-341
10
-267
-48
-289
-590
-559
-513
-504
-336
-787
-297
-274
-900
-489
-532
-395
-401
-917
-527
-905
-571
-549
-380
-537
-766
-305
-465
-121
-558
-198
-304
-874
-97
-873
-337
-497
-56
-833
-554
-606
-962
-641
-724
-841
-509
-944
-418
-483
-74
-187
-192
148
-280
15
-208
-80
104
-109
99
-247
-82
-670
-462
-256
-158
-5
243
-34
189
243
233
-234
158
161
-73
76
94
-8
267
-264
143
-98
-859
-184
-145
-58
-626
-356
-1055
-290
-370
-196
-441
321
222
-63
94
-128
155
-243
-382
-188
-385
-147
-277
-499
-290
-193
148
-319
-182
168
-169
-326
-290
-510
-50
-125
-560
435
199
-199
-404
-139
-264
149
81
479
-235
206
-644
39
274
-48
-23
-198
-22
-257
-525
123
-248
147
551
-358
153
-160
519
306
-169
455
342
-762
-534
-200
-16
-50
127
127
-409
151
-359
-250
4
377
131
-439
-172
-253
136
412
103
-289
-52
123
-56
-32
314
271
28
-441
-545
-15
-137
158
-186
-288
-521
-172
-567
-78
384
-407
-80
65
249
-231
312
-74
-360
-394
-792
-56
-303
319
151
25
-82
161
130
11
117
125
-586
-256
-462
-211
-182
-222
-304
77
171
219
-261
172
130
11
-166
-310
-56
-205
-595
-454
-127
-175
101
236
-249
-124
-289
-220
168
125
-245
-323
-317
53
-109
-154
142
-359
351
-306
625
-330
-280
169
-201
115
156
-540
109
206
-187
-276
108
578
201
-259
18
259
-114
34
182
1
-269
150
51
-766
-163
-303
-55
-270
-424
-37
-451
-56
485
-306
-152
-379
-350
61
-89
-140
-165
-422
-287
-430
-195
306
-403
223
-73
168
-207
-108
46
42
-326
-270
-380
-171
-161
-19
234
-72
105
-288
-230
-45
-166
729
744
869
758
518
897
351
394
330
819
302
644
136
-97
650
518
1053
1018
547
987
795
707
1056
1252
867
561
883
701
322
339
278
96
507
823
1109
816
787
600
657
553
859
500
198
987
840
407
444
751
533
937
371
457
673
-13
364
240
527
381
817
726
346
-141
12
702
524
632
450
947
519
-26
677
358
493
450
223
509
137
152
457
385
256
777
612
100
305
776
1520
684
395
436
403
563
-164
473
412
1086
764
511
254
266
1089
886
211
341
799
305
337
827
515
-182
585
-15
216
931
473
758
128
894
447
697
188
855
530
977
-402
-328
523
119
243
883
477
551
371
486
375
620
725
321
183
466
323
-28
605
300
375
775
178
669
903
1041
369
430
458
-171
350
540
115
100
-58
468
495
622
255
665
377
221
534
551
225
-169
461
517
738
422
515
440
842
353
714
-196
461
221
552
92
924
560
447
445
187
-254
199
509
156
450
481
714
291
873
-261
32
266
553
401
540
840
43
113
701
204
749
690
496
998
456
357
355
496
546
272
938
65
-104
539
787
827
707
744
695
214
696
774
815
380
685
694
622
387
-48
448
439
298
187
234
106
320
474
427
519
348
557
351
493
701
48
787
560
548
709
1024
247
926
745
722
569
993
884
842
947
437
374
902
109
1056
1442
318
1008
670
799
489
1053
874
868
1025
855
813
115
1355
1005
1058
635
1324
1052
1525
419
1400
1091
809
949
1225
311
396
500
1233
517
715
1095
1260
1106
1010
1082
838
1146
1188
946
1021
579
862
212
1456
691
795
1028
1536
792
727
1223
1135
1182
630
1054
828
1254
1191
330
1405
840
1293
1406
1515
656
653
553
1111
1322
883
857
1522
837
546
206
777
543
891
1911
1214
139
850
1411
1167
1495
1554
821
756
1259
359
352
1511
698
1826
987
906
1057
1367
1587
852
1247
1551
873
654
708
1490
586
1291
1184
1260
1503
290
980
1488
1049
747
1434
640
537
1003
1007
670
409
984
896
1436
1189
977
897
1818
1142
477
764
1479
1199
938
1184
1334
63
1158
959
339
1053
1153
721
1180
889
708
919
1066
944
799
1024
747
489
1161
672
1374
1145
936
1141
1105
1182
1422
875
1568
762
991
685
1129
-53
1588
1056
1087
325
1277
1115
1061
1403
964
1299
912
961
949
1125
691
271
1311
1194
1396
917
703
1558
1345
749
1176
1128
893
946
1347
759
1300
196
1267
1139
1189
753
793
1187
842
1219
986
767
669
356
674
780
903
204
804
590
770
697
582
144
631
815
598
510
844
814
406
672
321
-436
-420
6
-753
-871
-236
-418
-191
-174
-314
-305
141
-96
-854
-518
-617
-232
-913
-522
-607
-859
-686
-636
-610
-523
-815
-386
-459
-352
-1116
-422
-882
264
-1015
-632
-217
-592
-833
-511
-617
-779
-841
-980
-832
-739
-372
-980
-485
363
-1045
-747
-1250
-555
-734
-1156
-779
-207
-880
-578
-902
-918
-266
-663
6
268
-912
11
-1527
-649
-765
-968
-1260
-643
-778
-805
-551
-823
-134
-847
-615
-82
-578
-540
-912
-763
-959
-668
-541
-546
-729
-1033
-731
-679
-712
-380
-973
-137
-999
-878
-924
-444
-69
-510
-802
-571
-728
-286
-1182
-1010
-1143
111
-69
119
-597
-1169
-694
-635
-945
-21
-784
-367
-1342
-743
-212
-10
-1503
-1041
-264
640
-887
-893
-601
-722
-446
-552
-529
-263
-361
-694
-669
-535
-742
-636
-148
684
-1338
-964
-602
-676
-785
-447
-296
-172
-759
-660
-660
-512
-702
-531
-59
476
-1109
-537
-807
-508
-434
-583
-865
-520
-791
-797
-1035
-516
-377
-748
-515
503
-1151
-521
-678
-793
-1000
-114
-514
-953
-778
-628
-1067
-1186
-64
-612
-925
341
-1000
-817
-745
-920
-946
-1026
-755
-866
-819
-332
-1074
-558
-1387
-459
-170
285
-1109
-676
-900
-232
-1253
-734
-962
-907
-589
-316
-226
-430
-972
-941
-173
278
-864
-457
-612
-730
-460
-515
-587
-698
-588
-605
-808
-487
-808
-555
-49
275
-405
-798
-189
-102
-368
-418
-62
-275
-372
-135
-343
-157
-134
-544
104
343
550
864
1100
837
773
836
844
1127
928
568
1014
888
884
732
186
58
1075
1139
1390
1484
1123
1287
1496
1391
1502
1071
1652
1250
1307
180
877
519
1106
1763
1242
1170
1542
1483
1266
899
1074
1305
1298
928
987
533
716
177
887
1628
579
1206
1372
909
1502
937
999
1426
1388
1008
856
797
1020
243
896
804
982
1116
1557
802
889
1307
1480
1038
738
836
1047
642
1136
887
1167
1013
1071
889
1415
844
1201
1725
1020
922
1143
1319
1234
945
1043
-46
1106
1292
671
1351
1464
1480
1379
1412
1156
1042
1153
1076
1150
1151
917
30
1359
1174
1077
1486
1178
1044
1080
1080
990
1297
1560
824
1198
670
1101
239
899
1344
1189
1424
743
1101
1376
1246
1298
1122
1304
1328
1492
877
1070
-285
1280
1559
1017
1052
990
1365
1381
1451
1063
1635
969
898
1193
795
974
336
1092
1638
1116
1305
1229
771
1387
1645
1115
1289
1552
750
1126
837
809
289
1114
1609
1405
1249
1294
612
1160
1332
1251
868
1178
705
1130
981
1480
-110
1160
1776
1699
1439
1137
1254
1303
869
842
1229
1413
666
974
1036
885
122
1589
1508
739
559
705
890
762
668
526
1110
811
973
1199
865
618
-14
1074
1422
832
1404
995
1467
1276
824
1200
1525
1168
1173
1019
979
1457
483
377
1105
767
845
740
1064
503
635
753
538
474
621
632
499
729
30
-137
623
544
601
710
244
77
427
162
120
186
311
-225
226
184
-48
-128
572
331
98
590
535
275
892
1099
746
173
523
784
18
71
106
52
922
912
429
193
688
431
272
-46
327
312
483
427
240
-185
153
-348
-245
-34
100
213
516
-12
547
474
759
317
-123
-119
264
155
-134
304
699
409
-98
12
24
213
334
119
-62
-34
293
452
320
-54
-167
-72
19
641
181
-187
193
-119
15
405
207
28
109
-126
-67
29
287
-334
260
120
223
150
-196
523
235
-154
276
287
-78
-220
282
123
-426
-122
-78
122
188
-29
290
-202
283
2
80
174
-367
118
-106
396
-30
70
-67
199
306
624
156
123
227
63
248
-84
211
345
259
102
473
-283
836
-56
874
415
-250
-74
1
110
164
826
-19
-142
348
-183
536
-17
270
24
-82
19
98
209
400
419
152
142
-2
341
400
69
101
-99
281
462
413
154
381
18
298
4
-94
443
488
-547
-442
189
144
-3
405
122
103
512
73
94
44
775
296
-485
260
363
724
-558
-277
89
435
372
260
-173
170
425
117
337
88
311
465
8
718
25
-107
25
945
113
189
364
601
417
356
73
113
21
353
281
145
-375
133
-20
432
-251
38
318
-295
-99
-255
-348
147
-355
185
-110
-186
-426
-142
372
1362
426
498
605
792
589
350
155
599
163
490
664
267
-242
194
9
624
219
281
486
527
295
517
100
-183
-37
296
132
36
-336
227
6
679
-227
301
951
359
919
160
384
605
355
579
655
442
-503
539
-338
537
442
216
366
619
355
414
191
403
285
11
386
20
250
616
386
632
-312
207
336
546
346
426
335
795
450
386
361
186
757
410
-195
475
608
130
299
618
490
393
399
341
450
422
390
168
555
107
-122
570
780
478
222
673
137
336
351
102
315
399
466
465
241
448
-392
314
637
542
479
240
403
79
147
121
333
617
120
425
666
265
-332
223
151
385
360
391
251
390
140
407
483
192
485
128
894
219
-161
701
424
595
143
632
105
386
302
528
488
-223
195
-326
311
288
-94
130
555
558
86
451
372
433
392
205
176
244
803
-260
433
-5
-75
185
669
579
-147
332
278
277
-63
424
279
336
110
39
351
425
10
446
747
541
88
41
753
73
207
-150
482
844
-281
-78
148
503
-218
301
672
560
462
113
58
-143
-49
-224
199
187
116
-197
-52
145
-275
-153
548
194
81
318
-256
204
-40
217
718
-42
346
-98
827
567
-484
-191
-96
76
-78
185
376
57
70
-212
163
46
-310
418
157
733
-39
-480
-572
16
-212
-432
-204
-312
-213
-300
-69
-124
-276
314
168
308
134
45
-67
118
63
-198
-40
-79
159
-450
1
-8
-35
382
350
368
388
930
32
501
534
96
794
328
747
609
301
867
1038
143
428
844
-584
238
554
676
236
999
1268
732
321
541
1141
457
373
3
140
439
173
316
404
176
265
703
189
758
206
502
354
560
389
356
488
692
-169
119
546
-153
506
611
137
425
519
76
509
525
374
410
425
769
-86
732
536
233
140
-15
183
409
393
316
588
95
-135
68
145
647
-146
594
456
247
25
104
170
318
322
166
452
93
748
410
415
931
-189
-347
147
410
418
638
303
374
130
325
110
198
541
406
490
986
-21
495
-70
550
386
9
340
80
271
380
434
217
271
-350
1060
601
-49
348
659
283
372
292
664
530
39
401
523
648
598
446
421
470
-411
85
-172
-269
-27
390
357
209
444
192
698
651
-421
753
457
764
-333
-235
306
218
631
269
342
330
238
400
986
378
203
-204
-43
1169
-203
-91
255
651
399
384
226
117
589
-88
295
482
158
593
-1
602
-117
-96
206
229
136
181
56
54
-28
238
261
-421
557
307
935
679
-386
182
-20
272
294
-30
273
565
226
134
631
627
-33
176
69
693
-317
394
89
4
442
332
344
543
296
362
55
650
255
278
624
368
252
393
68
-680
-42
205
-44
43
-344
296
-283
-502
-81
104
-289
-269
-14
872
544
308
478
409
-80
116
598
-181
357
-252
23
213
-96
185
-81
602
123
16
517
301
144
420
-27
376
214
309
116
-294
-109
476
277
578
-48
99
329
137
346
142
-110
-179
299
43
335
350
606
-91
469
735
297
115
416
567
-97
205
-55
379
238
45
455
330
165
11
-171
182
422
218
145
220
246
-106
-28
80
267
283
-392
-215
169
243
-47
323
237
118
83
-386
32
-44
430
58
260
325
54
348
237
-554
67
228
-195
408
217
119
68
268
405
-44
152
48
340
532
157
-47
-129
322
347
277
230
266
141
225
289
335
544
32
31
268
400
246
-42
231
274
372
47
505
263
344
172
305
311
390
89
-373
356
415
130
245
447
308
740
539
244
230
543
457
-114
332
-44
615
577
-56
-66
265
572
133
-115
431
50
442
621
-35
495
339
-176
359
479
324
-11
218
301
44
-321
-202
-201
320
42
311
296
21
255
-75
420
-261
-556
78
393
290
576
137
533
786
229
639
-175
28
136
238
432
62
-252
-111
-227
-555
-879
-373
-308
-348
-619
-299
-388
-576
-585
-813
-312
-418
-300
166
-187
-379
434
-58
180
318
-27
94
315
-2
-130
230
-170
55
15
-466
98
-28
191
390
123
-75
325
36
648
-37
103
285
-259
-312
-158
-210
146
-135
187
-231
57
348
538
-691
-162
-170
310
535
-724
-161
-73
138
354
347
32
-49
173
28
345
-8
430
295
165
216
22
-87
-75
-129
-172
137
9
222
344
109
83
450
240
325
195
-376
92
259
293
-126
360
65
41
38
68
61
167
292
-68
221
500
-200
-499
288
-190
-77
-165
161
107
210
380
185
265
508
217
306
214
440
208
-72
390
-198
180
280
489
22
449
273
374
89
411
184
357
-155
-65
543
492
640
-161
131
24
322
131
142
373
25
360
-124
217
-112
-727
639
68
259
-159
173
-232
23
336
378
-109
246
165
544
265
302
-223
119
489
-59
-408
37
-20
-5
46
-31
-138
134
-208
222
-94
-571
-218
-185
440
-64
-43
-95
255
49
49
81
279
36
144
1
31
144
-834
-49
334
109
-193
-345
307
252
-93
303
208
-258
349
66
199
25
-771
-159
340
-11
115
248
-161
233
93
13
390
295
496
58
265
59
-235
590
253
-143
61
121
-308
-174
-76
-668
83
-281
-401
158
-318
-386
-1025
95
563
211
405
733
709
709
548
76
311
350
530
380
662
367
152
437
-139
-436
-741
-650
-481
-493
-367
-327
-560
-295
-524
-799
-371
-75
-557
3
-518
-704
-1113
-866
-975
-809
-1060
-701
-918
-954
-448
-778
-1023
-486
-111
-635
-806
-363
-873
-1123
-347
-545
-545
-579
-846
-157
-777
-840
-255
-831
-488
-128
-553
-222
-640
-482
-513
-800
-982
-657
-901
-853
-718
-465
-945
-440
-471
-651
-919
-837
-599
-243
-220
-330
-539
-458
-1120
-555
-499
-531
-476
-464
-312
41
-362
-428
-888
-606
-647
-624
-520
-652
-236
-821
-147
-683
-371
-556
-420
-118
-731
84
-739
-1049
-386
-962
-802
-523
-79
-562
-781
-517
-646
-718
-496
-952
-721
-581
-365
-482
-682
-516
-732
-510
-738
-514
-173
-605
-212
-479
-426
-84
-807
-482
-694
-222
-430
-302
-551
-616
-688
-836
-632
-355
-605
-99
-823
-402
-833
183
-431
-487
-470
-98
-357
59
-159
-107
-372
-437
-744
26
-704
-550
-865
-711
-877
-629
-362
-485
-767
-742
-562
-814
-109
-497
-217
-459
-717
90
-840
-730
-647
-885
-261
-353
-389
-385
-486
-287
-809
-755
-588
-6
277
-129
-541
-507
-173
-397
-297
-669
-663
-297
-1023
-456
-259
-559
-758
-650
-587
-493
-975
-437
-647
-494
-646
-327
-409
-162
-268
-412
-963
-209
154
-549
-349
-591
-722
-500
-329
-1050
-788
-738
-650
-602
-595
-560
-645
-1131
-1030
-568
-258
-236
-465
-110
-614
-399
-418
-551
-598
-548
-734
-479
-707
-654
-786
-699
-831
-280
-76
-363
70
265
99
-376
-8
12
-161
-203
-113
-151
67
-178
-104
34
-509
-298
-30
-153
-66
-220
-49
-92
-342
-153
-327
86
-7
46
167
-44
-583
-399
-637
-211
129
-668
-366
-158
-16
-404
-319
566
107
-426
-254
100
-204
-611
-593
283
285
-618
-350
-474
-62
-137
-681
-105
-26
27
-291
173
-513
-184
-618
-528
-617
-695
-207
-205
-397
-532
-133
-426
-171
-214
-514
-63
-302
-314
-169
-393
-645
-4
-412
-770
25
-371
-416
-729
-185
-445
-243
312
-406
-424
-525
-385
-512
-411
71
-258
-447
-198
-487
-283
-488
135
-1078
-149
-512
-357
-129
-553
-569
-89
-490
-434
-116
-310
-787
-262
-121
-619
-60
-475
-53
-319
642
-255
-493
-128
-257
-260
-492
60
-667
-56
-346
-481
-629
64
-600
-553
254
-112
-174
-694
-262
-326
17
-245
39
-409
-170
-177
-878
548
-162
-170
-417
-388
14
-295
-98
-220
-178
112
-385
-481
13
-228
-380
231
-789
-534
-502
217
-416
-224
-178
-293
-757
-530
-315
12
-61
-409
32
212
-393
-534
-526
-502
-39
-184
-592
-170
-370
-57
-740
-259
387
-475
-564
58
-348
-488
-534
-497
-439
35
471
-447
-284
-386
216
250
-268
-245
-273
507
-348
-260
-657
-806
-653
-89
-719
-214
-358
-1175
-296
18
-657
-428
-1112
406
-650
-111
-571
-64
-36
-258
-123
-279
-238
12
-347
-326
-198
-342
367
206
-316
126
407
120
483
249
82
646
97
-62
332
120
221
59
183
246
182
284
-34
-80
-498
-322
-346
-29
353
-545
104
23
-261
549
-541
-404
165
40
-34
100
-120
-125
-233
-345
-34
-580
-15
-25
-78
95
15
6
-29
-234
-279
-241
-421
-220
-205
137
389
-455
32
-217
-77
-697
-525
-126
70
457
-300
-288
-252
-307
-98
130
-373
-290
-398
193
0
-588
-257
-488
99
-136
-342
60
-383
372
-131
-295
-13
-175
-279
-669
-30
-146
-430
579
-6
-136
-670
-358
-160
-778
373
-416
-91
-226
-555
-178
-727
-319
-381
-531
-297
218
-319
-344
-516
-448
-219
-579
-153
-371
-203
-396
-137
-273
-372
-700
134
217
-168
-345
-308
-39
-174
-562
-307
-131
-538
-263
-60
-224
286
-122
44
-85
215
202
-447
-471
-219
-275
-465
-158
-511
185
-345
-367
-366
-614
268
-199
-292
-275
-97
-112
-180
-426
178
-282
-324
-86
235
284
-481
121
121
49
95
-318
-440
398
-477
-621
-286
164
-413
263
-492
-100
-330
141
208
334
-635
-702
6
-147
-404
37
-27
-356
131
-251
54
-271
-121
-307
-262
-371
-142
-398
-89
-233
-728
-299
-542
-106
-31
-479
325
-573
217
-343
-25
165
-296
-486
5
4
-479
-89
-200
-451
-540
-334
-229
-439
-363
-172
112
-52
-717
-510
-721
-522
-781
-540
-514
-519
-635
-413
-405
-398
-641
-385
-360
-507
-548
-547
-352
-458
-487
-204
-865
-132
-635
-553
-409
-207
-363
-498
10
-131
-37
-380
-883
-271
-449
-358
-340
-713
-555
-560
-205
-506
-487
57
-418
-150
-185
-721
-137
-415
-880
179
-1083
-86
-469
-374
-436
22
-372
-375
-388
-645
-259
-211
-307
-765
-432
-158
-335
-698
-233
-99
-934
-566
-606
-203
301
-519
-367
-92
-570
-264
-741
-524
-261
-515
-429
152
-648
-400
-478
-165
344
-620
-722
61
-555
-227
-273
-210
-184
-372
-889
-204
-416
-192
-313
-405
74
-295
-366
-140
-426
-658
-171
-915
-447
-346
-323
-494
-766
-383
-748
-446
-41
-466
-450
-287
-479
-558
-541
-694
-234
-503
-296
-610
-278
98
-881
32
355
-832
-430
-414
-355
-298
-116
-547
145
-429
-883
-273
-158
-15
-733
297
-122
-386
-425
-47
-590
-336
-517
-587
-470
-587
-199
-366
-365
-421
-1533
-201
-336
-872
-171
-316
-143
178
-248
-401
-28
-289
-756
-11
-180
60
-149
144
-10
-400
-284
-324
-430
-476
-547
-503
-129
-80
-385
-26
-789
-400
-482
-162
7
-156
-334
-638
-98
-406
-525
89
-583
-284
-561
-263
-186
143
-345
-370
-291
-60
-122
-295
325
-552
-424
-304
-56
-329
-558
-298
-227
-377
-380
-420
115
-220
-194
-492
-289
-280
-678
-371
-169
-626
-455
-660
-321
-623
-840
-564
144
-73
-493
-330
-242
-346
121
-153
-98
-291
-133
-19
68
-217
-904
337
-45
417
986
463
686
771
387
583
659
718
485
929
571
598
458
233
-65
300
-121
31
347
-186
223
192
242
173
112
199
-59
-203
-764
-62
-285
-114
419
397
418
680
-43
820
-57
248
527
622
98
199
372
533
211
910
346
552
793
83
664
-13
507
-6
536
338
499
513
-309
-193
-65
538
455
800
486
825
1001
244
549
450
562
45
473
4
-161
188
41
159
418
376
182
563
495
819
360
638
441
673
345
326
575
142
46
-55
309
90
487
881
498
614
610
511
295
477
159
358
-38
-76
128
813
707
587
504
756
612
626
949
511
477
603
468
333
-100
-157
-84
554
1098
969
658
305
633
623
867
803
972
688
700
621
568
480
155
578
731
510
332
790
579
659
745
617
794
681
415
1082
299
581
99
399
808
887
758
934
695
766
564
1058
462
527
561
-88
350
419
54
477
191
784
737
429
478
804
782
741
137
973
720
582
478
-114
-248
383
755
1076
426
361
566
917
523
500
580
610
196
349
266
299
288
401
159
-162
439
341
727
1054
120
314
619
657
759
188
-346
282
24
844
390
621
796
199
210
1
386
292
165
828
321
135
-149
183
281
396
223
133
115
258
469
275
467
193
330
258
490
439
380
231
406
573
545
339
-60
398
731
504
98
543
398
533
505
445
620
74
421
571
889
793
998
476
565
846
340
954
832
476
868
585
707
36
1324
1045
529
701
796
816
820
558
541
510
27
922
450
592
435
206
1033
563
808
1114
728
832
963
933
706
900
833
641
430
1361
792
288
1102
412
646
861
1043
768
792
411
897
1061
784
1039
877
681
814
754
921
1332
688
688
561
739
872
771
637
660
673
1061
1129
932
206
-87
1032
505
879
878
905
1098
599
840
1061
1060
999
517
927
982
767
-89
1248
820
1034
762
643
829
1042
922
787
1109
899
837
434
716
572
281
713
1074
1475
540
665
838
550
713
599
774
253
1016
646
762
-104
719
1109
748
1156
831
1074
810
926
685
1040
910
1091
598
1339
776
1214
593
367
742
1003
863
624
532
608
878
658
907
993
872
722
1075
368
169
1028
509
1104
1220
850
946
1045
728
1187
1017
569
403
930
931
514
-18
717
1008
1270
634
575
873
1100
982
495
1110
307
892
565
379
287
-156
948
844
729
586
404
787
899
1163
1079
767
1149
1614
1067
1262
740
609
561
573
696
565
756
751
828
403
637
553
713
749
850
575
627
162
598
619
603
542
648
573
330
459
523
155
256
273
216
533
104
455
185
488
551
96
458
494
322
473
29
391
76
448
405
-64
-53
165
271
141
153
-137
-191
-233
-3
-121
-66
-221
142
-173
-378
232
-117
-251
-97
81
-476
0
-217
-365
-186
-175
-8
-434
119
-231
-574
314
-442
177
197
-136
127
196
-57
185
477
-98
792
158
109
-354
467
92
-139
410
181
-261
25
-224
-31
59
-108
313
639
-652
-14
-141
364
49
119
-15
-78
299
97
-108
-183
-106
-108
-167
-582
-51
116
-13
-54
-551
98
150
18
117
-252
-184
-372
276
-263
42
-213
-22
-141
-75
77
-250
-763
278
-180
-290
102
-79
88
-416
87
-320
209
-50
-368
-245
-413
252
-327
163
-247
605
-195
92
-186
-28
-14
-377
-228
-292
-50
-146
55
-108
-136
712
-172
-124
126
181
-15
-20
-238
166
-273
-146
-556
-96
555
-350
-155
393
180
321
385
56
-219
-482
169
-79
38
459
-63
140
-228
-248
-226
-93
80
-226
-30
-185
-37
-21
633
-138
-275
-155
115
25
97
190
-394
694
283
460
292
-111
-60
458
-233
-189
241
-173
-185
13
-576
-204
69
233
80
45
-291
-198
266
-20
-444
13
-591
-28
177
-90
116
-278
-104
343
158
-461
-343
-156
-557
-437
-331
-161
-250
-397
-540
-376
-484
-360
-124
-2
-276
-403
-75
-445
-129
-346
-519
-741
-643
-820
-659
-792
-587
-260
-760
-232
-95
145
49
-245
323
377
96
483
289
-21
224
209
61
272
259
-220
320
500
194
613
83
179
722
202
-52
558
-72
-118
99
-264
125
87
-567
106
657
-8
90
232
-335
515
179
380
261
316
-81
8
230
-641
594
489
137
674
-417
-17
338
447
-78
-32
488
316
54
548
-381
86
87
-332
469
382
-623
47
-163
-77
96
217
-257
-73
-274
-327
-52
-47
77
-403
429
74
-152
279
173
-35
419
-320
344
-15
271
144
-306
-41
-334
428
132
-177
29
-108
59
380
334
-60
-116
341
283
-228
-335
180
128
-120
546
-14
42
629
-290
148
48
112
455
-10
-5
-616
232
-234
-236
844
563
188
187
-161
209
-31
151
289
-41
255
-518
41
-215
-469
-336
287
45
29
467
406
283
205
52
-315
-114
54
286
-121
-217
-87
-51
325
592
542
511
290
202
133
352
523
153
260
180
-30
85
-126
-224
-223
84
7
49
-152
-228
148
171
-54
70
374
121
-5
-269
-479
-107
145
351
141
378
177
228
51
82
292
-300
269
70
409
-564
-137
-73
191
47
24
-137
461
500
298
175
-547
230
526
122
-112
-425
-45
11
476
100
-457
48
141
-297
488
-306
327
67
256
299
116
165
-498
-257
378
198
-126
277
200
32
-71
-247
53
-147
-315
115
-92
240
-632
280
519
235
-108
118
201
294
-65
-45
565
-143
416
504
-468
-70
90
287
821
595
834
942
709
241
798
169
680
470
1163
216
457
647
164
633
630
184
738
297
558
275
542
321
1070
609
383
216
137
-12
178
432
269
149
339
-513
318
518
-305
719
-192
255
0
479
603
-234
397
114
385
38
96
151
45
62
606
284
159
258
39
58
-17
552
-341
78
121
255
114
376
573
482
447
142
215
151
271
-76
-643
436
-165
366
53
643
-2
134
435
-273
182
60
301
543
362
450
50
14
118
-71
431
254
144
446
94
103
505
326
171
109
446
-120
543
149
-143
274
118
158
185
333
343
317
151
468
-74
203
-61
58
-431
341
159
338
313
150
379
164
606
68
183
249
534
-3
234
689
-11
359
261
295
398
178
122
188
197
437
333
-30
69
-49
201
379
402
680
390
200
628
615
856
-192
-128
678
202
-54
668
358
273
-49
-415
-22
-88
26
138
-169
-90
-73
250
-38
-145
-175
-161
319
631
-33
230
-82
71
215
185
-322
178
881
73
512
-142
325
512
-44
60
-117
266
532
231
175
227
322
317
200
87
348
287
157
292
187
195
-104
-365
665
-623
511
197
256
252
172
183
-394
-79
70
-166
221
178
130
81
228
-328
-255
-607
-187
-488
-615
-485
-275
-854
-362
-521
-457
-123
-531
-785
27
-133
-847
-970
-283
-618
-891
-610
-802
389
-1105
-25
-576
-681
-236
-817
-760
-297
-504
-172
-494
-271
-941
-707
-297
-828
-646
-668
-149
-216
-456
-246
-188
-104
24
-574
-62
-176
-631
-70
-242
-280
-255
-447
-354
-802
-969
-225
-1056
-724
-423
-650
164
-342
-771
-280
-653
26
-351
-529
-573
-480
-641
-219
-579
-11
-229
-1106
-314
-309
-785
-320
-546
-567
-248
-383
-387
-84
-205
-318
-679
-73
-542
-403
-268
-226
-387
-413
-351
-142
-210
-741
-555
-235
-339
-664
-1218
477
-409
-372
-251
-369
-465
-52
-394
-530
-79
-589
-509
-485
-395
-515
-829
-203
-225
-692
-523
-955
-189
-204
-452
-777
-476
-262
-591
162
-410
-374
-739
-288
-666
-686
-269
-938
-57
-139
-395
-815
-504
-910
-515
-495
-331
-488
-1390
-582
-242
326
-65
-740
-560
-460
-259
-457
264
-56
-418
166
-832
-490
-574
99
-392
-601
-684
-390
-801
-491
-623
-458
-710
-921
-762
-113
-243
99
-1219
164
-156
-337
-358
-265
81
-337
-491
-67
-669
-225
-848
-534
-123
-241
-856
346
-361
-79
-547
-384
-376
-760
110
-693
-634
-300
-281
-580
-883
-864
-1447
-518
-344
-268
-572
-439
230
-273
-326
-175
-374
-399
64
-160
428
-62
-359
86
-105
-484
-374
-75
-58
367
-183
-64
-363
-57
-58
71
-110
-405
-75
-19
141
0
-101
-23
-113
-86
-27
-204
-139
53
-113
-90
-27
-113
13
177
97
74
51
-66
168
46
69
69
54
-43
140
51
145
168
29
50
146
29
-162
-45
-68
-162
28
-162
145
-184
-72
-162
145
-63
-45
-76
74
-45
-141
-162
-159
145
-262
-45
-68
-51
-45
-136
-51
-9
32
46
-145
72
-141
-253
-64
-47
-42
72
-145
-253
49
49
-264
32
145
49
-148
49
-167
-46
145
-162
27
49
-136
-68
-136
49
-258
-47
-126
-10
146
19
-162
-85
-164
-168
-159
-45
-253
-68
-68
-139
46
-159
32
-132
77
67
-45
-136
-68
-253
-42
-45
-168
-47
-258
-68
-159
-51
27
22
37
-344
-162
-253
-167
49
-162
-64
49
-258
-159
-253
-159
-136
0
-124
146
-50
-47
-73
-253
-162
-253
-162
-68
-68
-164
49
-162
-159
27
-50
191
-150
-253
-113
-253
-253
-162
-162
-253
-253
-113
-141
-139
145
145
22
50
67
145
-68
-164
-141
49
-42
-253
49
44
-22
-64
-164
-64
-73
-44
-358
-136
-113
-136
-145
-230
-159
-164
-158
49
-162
54
-139
27
-206
29
-235
-45
64
-77
-141
-121
-230
-88
-73
-258
-280
-264
140
-3
109
77
-161
-49
50
-60
-62
141
47
-41
-3
50
-135
-136
55
141
-149
45
-267
46
28
-136
30
-285
-189
-285
-148
49
-63
-168
-190
-315
-352
-14600
-45269
-5993
13061
-4007
15350
14749
5740
120
21915
37209
-13714
-55638
-3254
29808
-22316
-46964
-3359
-65276
-49558
-47835
9292
-50953
-59123
-8270
-5974
-53511
-12384
-17480
-68185
5045
-45869
-25271
-46994
-47053
6430
-51485
-70233
-58504
-49510
-27308
-33367
-35827
-14691
-68513
-41540
-26506
-65750
-39006
-26069
-49818
-68500
-39207
-32452
-28604
-54590
-58865
13074
-55371
-59394
-15890
-64201
-37040
-36714
-50685
-26815
-33377
-37469
-56987
-65487
-109867
-92785
-14744
-60889
-34870
-27410
-52045
-31526
-50305
-76120
-21839
-68509
-24237
-56568
-16116
-44897
-22225
-26418
-18110
3194
-8029
-38240
-53826
-40772
-54329
-23107
-18842
-10366
-27557
-19842
-12969
-72661
-71672
-42703
-6987
-31802
-72286
-34452
-73252
-42830
-18884
-58055
-12161
-56362
9434
-8765
-71758
-55579
617
26522
-30061
-46246
-38951
-45917
-5941
-20373
-6336
-28105
-1130
-59681
-43817
-42798
-19243
-31240
-21675
-12283
-22155
-49057
-22130
-51262
-70684
-42992
-29600
-47521
-49712
-55608
-16828
-38154
-51060
-86670
-17034
-47353
-34958
-35251
-74386
-42390
-50414
-32301
-24261
-51674
-12360
-45007
-27059
-49336
-46947
-16568
-51638
-12665
-25003
-34698
-39670
-33526
-53995
-4706
-25771
-74595
3165
-60254
-26739
-56220
-50426
-68384
-21804
-36586
-13742
-12134
-59278
-34352
-38494
-71130
-46178
-56010
-5996
-103131
-60685
-49554
-64847
-21756
-10856
-51732
-30291
-45893
-48072
-18895
-91117
-55039
-66781
-70693
-23683
-34033
-25060
-12690
-49795
-23435
-11154
-17390
-69487
-38945
-28091
-29283
-23789
-9925
18180
-47939
-11942
-45827
-75023
-69378
-33587
-32633
-51748
-74788
-48042
-19715
-5369
-2500
-63024
-32654
-39904
-94990
1826
-12381
-6988
-16184
-26783
-57730
-47258
-24940
-16339
-42900
-34729
-25368
-3956
-27038
-22899
-29174
-29382
6199
17364
-17799
4456
-10498
-7252
-48932
-1415
-13086
-32620
-53820
-7255
29062
-4847
-30305
-17879
17511
-53071
6437
22205
41191
15002
43387
39139
-115
-8066
23019
-1013
-22668
32062
-9768
-7405
-32213
35632
26615
-65187
-32259
6525
43136
-7844
16520
99
-20925
-2029
33039
-6850
-4020
-20009
-3466
-16249
-16177
33895
14791
2337
-38257
10255
48150
-26839
-2881
15965
-49540
1130
-4985
-24524
37978
-12275
13450
-19101
4430
24521
18411
4274
-34962
24350
632
-18259
18599
16086
-19342
-781
-495
5523
20619
-29237
-23502
8424
-17743
-34965
22198
-27440
-14277
14914
-9038
-147
-12322
5772
-16290
-22703
-9892
-44986
4837
21216
21612
31623
-38114
21416
52780
-32635
13117
2501
-31964
-26986
-44873
62391
-45231
-29096
16074
-933
-13158
-39942
-11250
6800
-5719
8418
10326
-25330
-19190
10171
39292
-10108
701
23497
-8488
-21563
21652
15232
18613
-7770
-16522
4051
39198
44440
11664
9218
24593
29349
8817
7385
-6654
29791
-6124
11012
13207
11188
20052
14337
-14973
-5278
-9034
-1200
-12009
-13349
6383
13774
-2214
-7441
18087
-27883
-12674
-18355
-17357
28613
2301
-29286
1133
14278
-14455
10745
48442
24003
-25349
43902
-16491
22884
2123
-33884
12659
9880
1791
54994
-1054
-8766
-6880
20738
1007
-27346
46269
11189
1482
4054
11589
4630
1018
-33632
12006
-8842
-9086
22423
-1515
16956
-30624
-42066
-15344
852
10257
-9270
12764
-23210
1803
-1910
-11283
-3005
-53607
-21999
-62100
-9028
39119
43274
20582
-16184
14619
61411
13535
-18900
3842
-48698
19184
-12938
36062
-4471
-18341
-5829
-11491
-6546
87
10407
17583
493
-11339
14205
23850
38733
-29240
4173
-9959
-18844
5222
-28117
10263
1816
12
54
-25587
-877
29600
-25328
-38492
-2878
21150
7646
2155
17213
-22195
-23571
-36108
-20074
-15495
-31051
-15581
-21097
-51381
-62534
-4121
-1651
-33523
-33317
9947
10812
-29024
16350
-8537
-48877
-75426
-9660
-4639
-23508
-41013
2018
-24312
-18814
-32842
-46014
7258
21123
-21350
-63627
-42302
24698
21837
6069
-25918
-36076
-8354
8393
-46963
-24454
-12044
193
-4523
24527
-42258
28531
-11475
-43963
-24945
-48026
-17047
-45455
-17422
-14564
-35037
-1085
-13171
-49667
-23435
27265
-53971
-10786
-4451
-11972
-5775
32550
-5893
-25943
22663
-27682
-35187
-1588
-22374
-14597
2815
-23705
-16866
-26060
-31088
-28927
-14912
-43197
-11823
-34838
-58180
-39173
-15782
-28620
-62035
-18009
-31619
-6792
-16257
-14356
-30210
-35975
17300
15145
-31205
-27533
-34057
-21456
5340
-2528
-19582
-16823
-5725
14925
-3140
-46709
-34554
21563
-31999
-35074
-48465
-5969
-7920
-15091
-23664
-50875
-11152
-483
-19419
14573
-4222
-41905
-44634
-50300
-16314
-59879
-25575
-7431
-26830
-30072
-17418
-22848
-51599
-26607
-11867
22509
-46761
-36581
20255
7709
-28191
-31355
7021
-11516
-33291
-12288
-53455
10947
-12631
-40348
-3322
-111
-34236
-26152
26657
-16700
-47804
-16726
-1789
-4226
-30189
-26234
-12812
-9965
-16206
3879
9153
-20009
22910
-15608
-31378
-26099
1388
-23208
-14480
-84150
-22029
5753
-44887
-1395
-23560
-30190
-1880
13821
38398
-13575
-19592
-17635
-40456
-1152
-20990
-36998
-10056
259
-16165
16317
214
7570
-11367
-29193
-50381
-48840
2538
36357
-29283
-24411
-30982
28292
-1780
-33226
-34837
-20068
-67098
-27142
12112
44249
19683
41606
23959
-19035
-8060
13156
18030
-914
-24639
-27173
16063
45862
2052
28410
11935
-39524
-32481
-49262
1650
-41865
-32293
-33047
-33892
-23660
-27427
-25623
-24999
-49205
-31116
-50137
-12093
20020
-15819
-77022
-27835
-28218
22091
-44048
-20221
-4995
-3931
-15446
17049
-13632
-11321
-20015
-19975
9796
-31065
-39078
12593
-52887
-22217
-44498
-5894
-35816
-48621
-23764
-1228
-67557
-54819
14199
-22841
18458
7991
-34576
-18439
-44355
-18280
-28309
-74665
-34230
3328
-15975
-5574
5946
-58576
-46000
-26740
-4745
6147
-34969
-24367
7418
-5702
-23697
-29125
-19333
-15611
-38663
2591
-4119
-41859
13951
-15196
1549
-13492
14545
11485
-9081
-2750
-49285
-37730
-41356
33722
-18328
-52489
25577
-13513
-45796
-32002
18757
-25477
9936
-28679
22146
-1753
-33395
-28178
25246
4294
-19211
-8133
-35965
-18954
19883
18321
-4130
-74773
-17596
-53708
-6858
-18712
-18788
-19355
-29724
-33009
-13994
-11291
-34064
-29484
-55756
-22976
-11736
23824
-25798
-52690
11952
-16407
-6298
-11994
883
2197
-25367
-24236
-8697
-18640
-1281
-17593
25559
-36064
-18976
14837
9034
-56982
-39531
-8168
7335
-29106
7438
-27182
-23378
-2846
27572
-23992
39346
-5092
-11625
-50249
-27970
-45649
-34657
-28173
20644
-23296
-3607
-23261
-33196
-52587
-41652
-33449
12025
-40765
-4811
17967
7875
-36150
-27759
-10694
3112
-5598
-18660
-5485
-26742
-32514
-13521
-42559
-4388
-62384
-34615
-44867
-35651
19640
-11757
-6971
-7401
8683
5221
3330
-25710
-29832
-3552
-17409
34870
-341
3363
-40234
-40033
-27961
-2957
-36230
-66650
-26071
-13950
-7707
-510
-3401
-21295
-13329
29904
-2265
-45315
-21968
-16991
-43816
-4812
-39002
-23139
-10744
-1713
11837
-19177
-15985
-15134
-41136
-22437
-12563
-21736
-5566
22369
-17217
8061
13525
3788
-29692
-8624
-26643
-4634
-37551
9218
-29504
20545
40539
20245
59304
58325
48629
32509
27504
33039
29414
20324
15223
39650
35239
9488
13526
19578
80717
17688
64480
14545
66274
54832
59168
43144
18520
32652
80656
51300
41847
50243
28482
6340
47342
27892
40378
18775
54480
52182
61505
56688
38902
16421
59598
37760
20990
36929
84873
18609
47367
4724
49387
77856
51575
40113
14941
13423
36141
31790
41484
19313
44075
65736
23215
13326
45223
17664
14758
-5838
39216
17355
24379
23500
25344
47732
8666
66829
36497
6034
49145
19788
-4954
4741
-3796
26154
29581
28261
1399
9091
29142
36007
30529
26682
40769
18063
11310
19743
26178
67491
31325
44307
45544
18101
13452
19785
66905
53720
49063
46152
21193
7083
47963
25272
62613
54594
15298
57345
43355
2121
10830
18413
52398
32179
40825
68886
23272
45776
36223
34393
40297
66285
23358
36017
20267
27881
32461
41012
51443
67728
19186
29748
32569
17572
23061
25090
44934
908
6331
81851
70908
56464
-4837
66728
30156
34985
70507
7656
11655
44730
56634
8156
12270
40207
37280
36682
10021
9699
37302
24612
29096
28051
45012
49754
56801
48141
38146
39133
41642
74248
41747
35951
29378
12784
13933
56711
1935
15208
33933
33554
25717
56258
28734
44615
25461
36471
-14750
3609
41508
37633
36142
46246
30484
53806
25677
9747
18224
-19175
28585
3905
16840
11758
26056
32064
45549
53536
78814
33981
46292
14372
4636
4357
18218
27326
34490
-22359
33573
43824
51672
68398
10656
16947
38224
24188
16704
24671
8053
35122
33244
45973
76922
167
7121
-12646
-38268
-12201
-25845
1068
-24511
-10879
-14756
11941
4535
5881
-22385
-3848
-10498
7027
18064
79161
8925
32262
16066
18676
24440
30537
28842
29532
21810
42008
49667
18717
20815
15351
60907
72148
55492
95247
50582
33750
41532
53961
37453
66307
46295
35740
62420
79227
2816
14422
86336
75601
42941
58520
90361
80464
78732
69847
38801
55529
66645
62902
76801
75874
52382
16519
63946
78848
82949
83697
31003
53465
50551
70103
52552
34164
85817
64785
80149
73628
43180
-7028
84348
32042
42135
82083
75665
73138
97024
81907
65397
85135
68202
74815
79838
61158
67670
-17088
70925
46661
67098
64708
36295
43540
37122
75617
34186
60263
53749
55607
86740
52963
41397
22335
65926
34761
95632
58190
36663
88932
68848
76026
56163
77322
73954
51885
99176
62146
63839
-779
86027
70838
69079
49242
82214
67164
45034
43101
67515
72548
98357
61675
40165
46872
33993
-7044
53790
93502
78915
13625
73642
64442
60121
21576
64663
78277
56436
82114
68111
41496
32479
24369
73346
65779
45563
68035
91886
68643
47383
70763
79846
84657
72045
36017
73324
57624
45848
-19847
79152
54125
34496
57257
65914
52766
67515
49795
98308
62078
70801
51318
63507
20065
51186
-6183
56413
50860
37466
63598
53204
47696
59925
61741
47020
49374
65974
51810
70384
45483
23132
2868
46914
74520
65286
79777
62542
58124
49364
82718
56515
54187
60562
47835
75121
63242
74952
29594
32386
54341
36356
31932
87274
69839
36628
48544
66465
61309
59835
30314
53003
25716
10761
24144
69381
86834
91881
48273
70501
41684
72821
53493
60267
39015
29634
29696
98911
53130
45607
-607
10465
26392
33384
39556
52850
21808
35271
32947
45455
27898
24870
3603
37898
21727
28500
23106
-7905
-21605
-30488
-9057
-47222
-45557
-57845
-65020
-72259
-58038
-22157
9515
-33759
-71590
-40122
-1887
-77270
-13849
-61358
-51384
-68872
-28347
-60040
-88542
-114580
-77072
-50416
-37876
-45584
-99131
-52522
-30396
-79645
-46910
-99971
-47878
-40310
-40813
-53251
-60275
-80284
-43766
-57705
-53591
-73083
-82657
-40071
-44461
-101924
-79635
-70631
-33922
-15854
-26210
-32613
-49078
-82028
-52801
-82707
-107398
-75043
-62045
-48338
-21356
-92219
-35573
-51767
-54682
-43831
-49095
-83230
-108121
-65991
-101159
-108948
-72162
-83075
-115233
-72810
-43425
-53905
-86145
-88550
-57849
-5893
-23751
-63509
-95283
-94978
-101023
-80097
-73162
-108222
-69174
-56902
-73247
-73468
-103248
-67814
-53106
-14350
-67793
-119375
-129152
-98590
-64888
-87299
-98255
-116354
-110452
-102574
-51880
-81266
-133429
-91758
-53423
-55184
-93356
-116372
-81192
-80109
-96621
-70047
-97184
-92495
-86295
-59287
-55665
-103048
-128794
-83734
-92360
-94980
-97713
-83195
-83293
-90156
-99577
-69121
-83180
-77200
-90948
-78800
-52892
-86015
-95588
-70691
-106723
-62342
-89309
-51873
-92874
-102131
-75057
-78645
-55773
-74360
-78901
-32339
-34111
-72401
-62047
-6596
-49239
-88441
-85952
-84244
-112885
-120370
-61321
-52303
-32509
-38156
-27971
-9348
-38345
-480
697
-6113
-53332
-70798
-91968
-104023
-125210
-98341
-48820
-50694
-14864
-7297
-29780
-23527
-3419
41587
-29289
-48153
-44806
-56617
-95975
-96179
-119960
-78776
-40249
-56898
-4575
-39581
-44437
-64013
-4620
-18061
-40047
-41248
-46515
-68995
-48550
-59159
-55333
-61934
-63698
-58140
-34997
-48496
-38349
-24076
-41781
-58229
-35527
-17830
-69955
-66711
-31427
-41900
-71735
-91979
-86372
-49860
-39621
-57670
-38341
-16855
-16237
-34643
-43064
-34537
-74485
-41293
-34980
-42174
-72287
-60715
-42329
-15798
-40398
-27621
-25042
-45332
-43269
-74026
-29449
-67529
-51808
-66551
-50726
-83805
-64766
-72167
-53302
-76914
-74177
-54121
-51121
-67876
-75775
-31424
-93973
-89110
-58766
-46554
-54638
-74097
-34414
-50699
-70246
-78152
-64684
-52004
-32978
-59622
-58713
-95372
-85584
-47214
-72020
-85729
-92280
-53737
-74692
-52779
-89794
-100061
-82311
-58390
-82992
-82912
-65352
-84566
-32326
-74147
-110629
-85904
-54503
-58238
-64139
-31375
-104803
-89718
-33758
-85350
-116069
-57849
-80458
-42419
-71189
-64229
-55273
-64979
-45679
-65074
-31318
-97455
-89187
-74616
-92531
-88030
-56878
-53179
-52042
-27408
-59814
-30789
-61778
-53877
-44110
-43099
-85301
-71236
-65678
-74057
-95310
-78404
-33255
-56639
-18310
-75751
-81888
-52895
-104407
-58355
-28441
-55127
-61409
-71836
-88636
-69212
-86492
-68587
-61729
-57593
-54990
-146875
-67167
-115660
-137662
-79200
-40863
-25365
-100988
-122679
-83202
-97163
-76965
-51246
-84555
-85223
-68585
-93193
-66669
-81131
-91850
-40159
-56157
-34276
-88309
-93344
-75250
-89112
-59395
-34524
-58284
-34219
-57796
-50328
-51590
-54438
-56160
-100366
-55481
-77409
-88574
-76958
-90190
-65327
-42675
-39629
-42528
-47758
-38735
-27343
-33375
-83995
-81113
-62647
-70722
-82753
-105230
-78598
-69591
-61393
-46668
-65331
-77580
-75950
-26377
-53264
-73549
-53785
-31066
-34955
-23318
-95644
-78651
-52738
-73663
-61988
-25716
-84978
-43889
-30107
-23624
-101552
-77449
-18858
-75955
-55890
-35403
-82236
-52903
-69032
-75843
-33336
-62944
-51057
-32828
-43536
-31972
-41076
-11993
-22358
-78968
-68228
-78379
-67627
-91005
-80741
-92595
-53802
-33732
-39239
-28807
-51875
-19304
-56778
-63492
-84483
-82940
-46544
-79121
-62624
-54687
-52887
-42073
-23030
-67676
-28906
-77693
-74843
-53482
-68047
-55045
-39593
-13038
-24269
-33759
-8493
8182
-24346
-24614
-36742
-39672
-56419
-55003
-9478
-24
-268
-58
167
192
-170
-91
-138
176
407
284
176
368
458
125
91
-655
277
200
-802
-67
127
33
-110
-62
34
288
144
-56
-120
-56
266
-557
143
-24
-380
98
-263
303
-99
383
-31
-75
261
-1
-351
72
544
-624
-341
-133
480
339
-132
-376
-465
-731
193
-44
-362
-3
695
-145
290
-350
156
124
-575
-712
-397
-180
229
710
-113
95
540
-169
-571
-396
875
-699
62
-217
687
305
279
-36
-674
118
-96
297
66
-265
761
475
78
-276
402
114
336
-166
-403
-209
315
154
357
446
66
-166
-62
-319
649
-94
-250
223
399
-105
289
703
309
-62
-145
84
71
100
-35
130
224
-485
-807
453
123
-467
-242
85
100
-208
24
83
-498
-83
498
-190
227
-403
309
-312
-477
128
282
-152
143
-207
331
156
235
-129
-134
243
714
-671
-126
470
-29
-189
-402
142
-210
-280
435
255
-31
124
-38
-444
-10
-356
387
-414
-769
133
742
-252
-143
328
103
203
-383
44
-123
-175
301
-187
-95
-414
-94
297
-106
404
17
-36
20
-180
178
226
-160
75
234
-641
41
272
303
-398
12
276
-208
-529
-505
142
376
42
701
191
-69
-686
68
473
218
-301
-554
-214
-64
-320
-44
-40
-632
-519
258
-522
-37
-342
-378
-677
-626
-437
85
-714
-368
-389
225
-417
-97
-46
-427
-704
-171
2
-34
-101
-88
-88
-330
-505
-257
-222
-724
-350
169
34
-42
-457
-288
-312
-1063
-1277
-691
-584
-854
-585
-994
-867
-572
-486
-900
-1021
-1084
-637
-447
-539
-826
-848
-1148
-928
-745
-912
-944
-641
-538
-1080
-965
-740
-1097
-1343
-359
-332
-1012
-829
-848
-588
-585
-972
-1044
-790
-1118
-749
-439
-788
-963
-819
-364
143
-462
-1080
-766
-1325
-867
-374
-697
-1318
-1002
-295
-870
-987
-764
-256
-736
47
-1056
28
-499
-522
-26
-1070
-1186
-720
-607
-699
-657
-554
-688
-864
-382
-89
-473
-956
-828
-714
-834
-494
-763
-642
-727
-642
-791
-1110
-808
-436
-418
-519
-809
-699
-678
-635
-783
-1303
-599
-465
-901
-973
-744
-757
-690
-1192
-533
-174
-517
-1063
-635
-705
-641
-918
-674
-204
-461
-1033
-918
-755
-948
-410
-391
-137
-776
-556
-686
-513
-1044
-959
-1233
-747
-756
-429
-908
-1196
-734
-885
-405
-463
-767
-975
-593
-663
-616
-972
-880
-800
-831
-1211
-686
-570
-738
-980
-395
-2
-1206
-504
-578
-117
-595
-485
-566
-505
-265
-277
-1061
-954
-226
-1090
-497
-572
-653
-698
-915
-841
-505
-673
-744
-662
-693
-964
-1174
-769
-931
-1396
15
-256
-297
-421
-1062
-783
-1021
-966
-936
-1328
-1219
-726
-335
-431
-773
-1216
123
-778
-652
-1447
-654
-728
-815
-678
-855
-950
-390
-809
-698
-502
-1270
-473
-94
-480
-479
-791
-528
-412
-237
-32
-558
100
-580
-276
-459
-627
-664
-265
-175
100
-108
-376
-222
-51
-310
-90
191
64
-74
-341
396
-441
-10
-433
221
-440
-308
-1062
-859
-775
-631
-336
-620
-616
-390
116
-700
-420
-448
-825
-58
-412
-126
-585
-1013
-574
-534
-405
-751
-573
-620
-396
-82
-483
-575
-292
-402
-374
-20
-159
-385
-760
-975
-464
-343
-812
-772
-497
-383
-625
-183
-827
-493
-332
-581
-731
-355
-949
-882
-521
-620
-764
-900
-753
-440
-584
-780
-391
-125
-118
-382
-1079
-638
-865
-597
-859
-626
-439
-900
-443
-632
-700
-435
-843
-554
-378
-208
-654
-642
-744
-464
-349
-420
-692
-602
-600
-599
-405
-826
-624
-388
-193
-251
-499
-711
-205
-678
-564
-809
-255
-536
-522
-831
-586
-599
-824
-337
-284
-586
-391
-617
-646
-449
-458
-685
-497
-617
-513
-854
-514
-957
-849
-574
-556
-518
-644
-802
-641
-396
-454
-566
-822
-740
-732
-833
-752
-797
-895
-256
-472
-558
-605
-874
-490
-702
0
-840
-434
-311
-560
-758
-414
-871
-666
-458
-166
-264
-878
-907
-737
-491
-786
-298
-609
-647
-194
-269
-967
-683
-755
-493
94
-823
-25
-639
-390
-1245
-528
-926
-538
-803
-812
-499
-559
-462
-496
-437
-663
-478
-465
-387
-284
-205
-773
-377
-668
-610
-678
-221
-524
51
-893
-153
-335
-68
166
-933
-184
-758
-338
-524
-922
-949
-771
-757
-290
-398
-568
-329
-397
-342
-200
-274
-590
-402
-950
-775
-671
-602
-719
-750
-1062
-527
-900
-246
159
-105
-226
10
-93
-147
-171
16
-235
-39
24
-266
-360
-313
216
-217
403
562
616
607
289
505
301
346
155
536
601
296
378
462
804
-151
390
688
504
812
551
241
672
792
719
711
120
506
539
257
-97
99
303
1140
335
324
714
424
613
495
358
300
557
242
34
141
127
-88
393
265
238
217
363
889
370
547
415
634
594
360
833
467
62
-303
588
234
728
360
603
340
187
536
323
294
559
706
362
41
234
21
708
492
191
520
702
540
531
309
320
732
1070
566
461
297
-171
132
571
765
406
518
428
56
319
1006
643
776
684
128
395
357
129
88
449
289
236
474
310
258
689
669
727
301
487
449
254
619
735
-276
469
912
1147
195
569
960
450
13
688
341
517
779
629
629
277
146
1035
774
456
546
408
417
433
313
362
497
477
642
428
587
825
195
910
590
562
571
566
507
726
277
623
872
308
385
603
792
264
-68
454
668
146
423
510
483
349
759
670
437
413
648
585
685
-22
39
-181
115
390
129
374
317
559
956
438
497
223
198
-33
271
322
-178
572
822
783
-19
696
308
56
-259
117
-277
539
496
438
331
227
-271
610
521
566
213
880
623
527
377
910
959
1096
632
790
794
42
177
315
145
535
-193
319
155
-289
-148
-22
327
360
-296
290
529
112
-12
11
678
209
491
513
263
-31
208
297
-679
-92
517
404
-108
297
10
77
376
845
790
342
-354
313
513
235
691
596
123
198
528
212
-449
31
245
287
-27
737
1033
398
623
405
673
214
550
627
344
144
599
35
383
716
766
312
198
-188
545
1088
-63
643
967
259
376
505
-159
30
536
270
849
501
374
638
879
396
1062
587
143
657
563
474
653
372
232
70
182
266
614
-43
569
795
56
233
637
96
231
592
252
-106
437
810
536
197
506
1188
241
205
475
514
60
762
473
87
69
61
606
-45
482
784
449
-474
236
377
545
333
690
43
707
806
408
304
707
628
345
36
329
663
285
703
806
679
306
579
149
306
29
103
258
716
766
922
553
782
574
364
511
696
157
467
1015
-51
322
-271
545
294
133
599
223
550
281
477
539
273
745
786
30
968
521
-103
506
553
492
528
469
380
141
250
393
868
555
536
576
177
-279
420
832
663
498
-9
345
513
136
606
419
364
408
149
1090
98
-133
-69
-371
20
624
451
786
72
515
767
443
256
142
-125
-127
-246
-338
-141
120
377
5
128
62
634
1042
471
45
748
410
969
586
403
381
-890
-191
-344
-562
-350
-14
-483
-486
-444
-201
-457
-325
-534
-16
-515
-44
-251
168
17
452
360
320
27
213
142
482
266
399
155
264
-318
412
-31
101
136
148
-19
492
473
28
394
339
178
113
426
352
170
615
-461
165
258
213
477
-98
80
470
522
-60
74
426
367
103
108
708
-349
-5
803
38
436
424
813
182
-24
163
427
112
423
250
374
395
-164
199
585
52
637
108
565
411
-36
168
460
477
272
193
646
625
-440
-145
-53
642
111
155
340
-37
320
804
313
-120
385
214
-82
889
-692
74
-103
98
292
-72
473
154
279
591
411
134
141
355
25
754
-1133
498
146
53
242
550
347
37
228
238
-48
604
-3
386
312
702
-416
231
324
-124
767
798
-24
155
647
437
600
245
-3
260
390
714
-79
65
106
366
164
755
349
-325
458
298
373
293
228
-133
294
285
-372
-299
146
369
531
357
-100
192
364
407
431
113
308
449
98
774
-649
350
369
494
705
440
189
251
219
469
777
358
529
684
-195
680
-739
383
218
-186
-148
132
531
218
224
50
505
237
302
311
-399
273
-288
440
189
451
288
-138
592
252
350
-139
-67
224
535
-438
217
417
-315
409
351
704
843
778
806
746
767
837
113
146
766
433
716
790
-162
131
21
197
-162
-282
-17
232
102
221
-232
-125
380
-225
104
-503
147
-57
-112
32
112
-215
-160
-10
-477
-137
436
-322
-413
-6
-483
-412
-374
-91
141
-495
-363
217
307
-50
-103
168
-141
48
-332
-194
-439
-171
-584
-56
-11
170
41
-439
-497
-305
-58
-377
-27
-230
-49
-148
-242
-473
-33
-374
-282
-579
-432
16
-193
392
76
-98
235
-146
-436
-336
-682
-547
155
-158
-455
-103
-7
-202
296
-268
-188
-58
-55
270
-109
130
-297
-592
-325
95
233
118
-202
-145
-288
545
-231
-115
67
-380
-107
-479
-808
-461
215
9
-211
-59
-150
83
22
97
-11
75
96
153
-146
-135
-218
-583
-255
-125
-204
-269
-270
-620
156
-100
-175
-92
-201
5
-79
-68
-662
-757
-21
-10
-226
-235
-309
148
-270
10
305
-9
-132
-131
-667
-221
78
-384
-236
76
329
-92
-651
-295
121
171
-51
348
50
19
487
-522
-613
-724
-39
-4
-63
-245
-196
-305
-223
-141
158
-451
-10
30
-465
-237
-344
-759
-458
259
-632
-179
226
128
-106
74
56
-59
-109
-159
-3
82
-521
-298
-666
-510
112
-290
-29
217
57
57
10
-71
-445
79
-117
260
33
-1019
99
-40
112
-550
-268
-707
-468
-222
-202
-654
-43
-396
-535
26
-1067
-368
-157
-695
-426
-454
-98
164
-394
-738
-732
318
-406
-709
-354
-454
-574
-599
33
426
-182
233
168
391
205
-57
-104
258
281
194
-38
-32
108
440
406
257
-104
392
534
613
391
537
501
123
445
379
-107
239
400
652
163
180
541
351
-136
-104
139
75
109
158
62
-174
213
332
-11
227
371
460
-38
-163
465
562
592
158
16
103
-116
383
150
-198
150
494
433
174
47
708
529
128
117
-207
-61
117
562
23
379
421
-155
416
328
372
-48
163
55
-54
223
-339
321
682
168
238
25
-341
4
468
309
133
-169
-276
60
88
30
274
192
228
-85
358
33
107
169
506
-252
181
115
31
21
315
32
-124
197
336
-190
75
295
-6
-41
306
769
214
-98
911
657
52
34
453
487
260
362
267
-272
352
287
512
296
661
182
411
268
150
-204
23
268
492
32
465
99
-87
243
221
413
-391
-162
207
817
608
-324
572
-30
-118
254
-203
-50
386
400
399
642
-124
-15
1017
2
-169
144
164
140
184
446
772
596
81
551
324
136
-92
266
284
-113
-72
33
515
254
223
486
119
135
97
-329
-149
438
497
93
-9
-343
-40
244
-189
58
-9
-23
-472
160
-366
472
244
-218
298
297
262
863
1086
597
319
932
762
371
195
247
400
850
711
345
532
353
837
222
233
759
613
342
437
-107
570
474
665
398
372
-750
-1084
-1302
-1336
-989
-652
-893
-1279
-1439
-1614
-795
-1138
-1263
-1020
-1539
-491
-1123
-893
-738
-1045
-1251
-1028
-1434
-1864
-987
-896
-1760
-1123
-1420
-1124
-1304
-966
-648
-900
-1289
-1320
-1147
-696
-1103
-672
-1332
-1483
-1019
-1113
-1157
-1646
-704
200
-945
-530
-1430
-1178
-1143
-615
-1004
-959
-1226
-1591
-1358
-563
-1010
-1327
-547
-300
-1035
-808
-743
-786
-1142
-1139
-1404
-1151
-1940
-1842
-1190
-1458
-1368
-1170
-853
-673
-786
-1259
-1848
-1384
-1266
-946
-886
-1605
-1247
-1672
-1218
-1198
-1641
-1062
-1282
-84
-1100
-1385
-1139
-1362
-743
-1729
-1621
-1285
-1432
-1306
-1318
-624
-338
-799
-1060
-619
-911
-1125
-1245
-1276
-1213
-1282
-888
-1518
-994
-1301
-973
-1341
-664
-604
-699
-599
-939
-1048
-871
-1271
-1111
-809
-889
-1490
-1163
-979
-1183
-1372
-1504
-1056
-1170
-449
-1048
-1235
-1210
-816
-1120
-1202
-1104
-1135
-1602
-1281
-855
-1374
-1110
-1074
-1679
-376
-1025
-1293
-1456
-1276
-693
-854
-1310
-1232
-1694
-1400
-1509
-1337
-1326
-1075
-1218
-592
-1072
-878
-470
-1120
-1408
-1294
-1318
-1507
-1742
-1091
-1030
-1225
-1265
-1505
-1673
-38
-856
-641
-1347
-1170
-1511
-1372
-1557
-1164
-1374
-1413
-1541
-913
-813
-1415
-1157
-331
-1042
-1606
-1633
-896
-1431
-1512
-832
-883
-821
-1233
-930
-1273
-1265
-990
-1294
-280
-761
-1010
-1499
-874
-463
-888
-782
-1093
-883
-901
-863
-598
-955
-760
-885
-464
-268
-84
-31
-141
-56
-702
-669
-32
-124
-282
-103
-383
288
-297
-267
149
-444
-170
-735
-295
-698
357
-208
-305
-291
-433
-206
12
-663
-652
-489
-71
-687
-382
-677
-386
-619
-107
-364
-623
-453
170
-309
-413
-654
-452
-141
169
-1077
-195
-704
58
-545
-27
-263
-533
-583
-423
-112
-527
-445
65
-390
761
-778
189
-351
-208
-750
-6
-427
-854
-807
-552
-506
-472
-756
-76
-156
443
-987
-521
-353
-128
97
-55
-702
-1376
-722
-538
-480
-738
-393
-530
762
387
-1020
-253
-297
-124
-334
-355
-339
-214
-746
-230
36
148
-708
-173
2
104
-947
-138
-711
-656
-137
-274
-476
-41
-278
396
-567
-193
-47
-42
-160
-236
-1091
-337
-715
-249
-358
-8
-106
-145
-18
-546
-432
22
-703
-315
-102
-86
-1198
108
-277
-211
35
-520
-481
-506
-879
-102
-505
-255
-591
-1174
-355
43
-837
-657
-1144
-185
-292
-739
-870
-389
-505
-639
-201
-242
-946
-901
-356
0
-877
-680
-583
-396
-53
-563
-518
-261
-572
-622
-525
-879
-829
-414
-21
170
-997
-460
-972
-358
-865
-382
-452
-702
-5
-67
440
-602
-859
-740
36
282
-775
-133
-533
-686
-517
-403
-108
-551
-270
-524
-657
-84
-109
-415
-346
29
-889
-720
-172
210
-839
-766
-231
-366
-403
-647
-65
-285
-253
-155
202
-112
-538
-76
39
-279
-142
293
-258
-552
-34
107
-313
150
-434
15
340
297
-179
-223
97
7
-7
-18
-559
270
-6
-149
-283
-151
-237
181
414
203
373
65
389
858
786
1009
561
319
471
323
921
346
146
762
332
180
195
1298
1216
1114
556
1037
1305
1108
1117
1202
501
1247
969
1675
1302
925
221
1258
1334
1519
780
1020
964
1285
1035
988
1328
1319
1707
1283
846
957
357
1340
1169
1399
731
1081
1032
804
931
1340
1167
1432
1576
936
650
732
204
1231
1228
787
1218
1153
782
1229
1317
777
1276
1421
1291
778
1009
763
658
1319
1271
1200
1223
1133
1152
1188
1343
1407
1263
1497
844
1683
1262
643
599
1336
1207
1113
1175
991
1470
1342
1219
1637
692
1437
1566
721
793
805
654
1214
1084
1340
1724
1317
883
1468
1334
725
1897
1182
1014
1225
924
668
522
1517
1524
1387
1276
687
900
1220
979
1329
1024
1300
1512
848
752
916
604
765
1039
1119
917
1011
741
1019
1063
1014
1873
1278
260
1564
1283
1007
526
1154
1220
829
1072
954
1598
1294
1048
847
792
1251
1456
1257
1175
677
572
660
1364
1911
1380
1293
1314
1435
1171
1392
1660
1092
1544
1711
1363
452
292
1134
1041
1322
1328
1185
1334
1445
1305
1015
1124
1718
1500
1134
1507
626
365
933
1483
991
1046
1163
1222
1072
1277
915
1062
550
637
1432
326
597
647
980
856
741
915
1133
802
826
1267
803
581
1372
825
843
902
111
69
462
1077
853
961
821
612
918
903
672
620
387
661
950
490
435
-6
-661
-581
-711
-710
-241
-279
-293
-389
-550
-456
-54
-482
-130
-458
-426
-121
-148
-852
407
-390
653
148
33
-439
-407
79
46
68
-157
-536
-419
-312
217
-366
192
-491
-102
-39
-218
-29
-147
-565
-235
-249
-300
-592
-47
-57
184
-299
-7
196
-294
-332
-65
-23
-283
-382
-76
-532
-354
-463
-177
-66
56
-118
-165
-420
35
99
363
-325
-149
-227
28
-270
-250
-434
-228
461
367
37
-50
-81
-75
101
202
-300
-221
-157
297
174
-293
-279
-164
-350
121
-253
86
95
-107
-93
404
43
-203
155
-299
41
-76
-244
-70
260
297
-450
-271
148
144
-141
161
4
30
-588
250
-293
-143
-114
-222
5
96
227
161
-25
274
-326
134
-241
-221
72
170
405
-417
-318
-698
518
132
-433
-503
-333
48
-532
-512
-302
-95
-349
54
-9
-183
-253
193
227
-5
-403
-96
-897
-67
-324
-255
-166
-55
-210
-362
-45
-418
-398
30
-1
-297
-326
-205
108
189
94
162
31
75
171
178
-183
-665
-359
10
53
-38
-599
-95
-372
-151
243
27
156
-171
69
-61
-129
-158
-208
288
14
333
-209
-244
-134
-109
-96
-75
17
-396
-34
251
161
-367
-400
-215
286
843
315
434
502
361
422
657
629
385
512
152
472
35
-220
317
275
329
533
778
701
528
507
340
781
762
428
321
302
316
307
234
-246
-82
449
22
137
-117
17
12
9
310
-74
-296
-66
174
-153
679
-292
-462
-9
242
-256
522
522
537
216
-643
325
582
-76
891
111
510
-405
-16
568
51
-59
406
373
-179
-66
596
-83
25
607
-234
-178
127
-678
-348
-424
12
221
468
-645
-471
145
-295
-134
222
-463
-508
-294
943
-539
24
-88
-110
-298
-565
-154
251
-229
117
223
124
-353
-49
51
-180
-620
-553
-415
-31
-306
228
-1
-19
89
-214
-219
-302
4
668
-541
383
-352
-563
-549
-376
351
-392
184
-219
-352
-183
-217
355
-445
-6
-282
271
-592
152
251
180
130
-205
-598
-53
-216
300
589
293
278
-555
-1170
351
-457
-692
-614
-210
-324
-133
430
405
381
-198
-239
216
-538
-32
181
539
-258
-15
131
39
-293
194
193
123
-294
-16
137
-358
320
364
295
345
-679
-437
-610
648
-183
358
56
57
-376
-311
-112
557
-45
119
-432
671
-477
-275
-22
-132
-21
-229
-131
-21
-482
-264
-137
-576
351
-42
-246
-25
-438
102
-144
404
-122
25
-226
-8
117
642
130
591
-194
53
-733
37
-780
-464
107
-306
-227
444
324
108
593
-393
-486
-593
-104
-126
-57
392
-599
-447
-619
-506
2
-624
-664
137
-272
-565
-31
-505
-375
565
-244
320
-600
-339
-421
-466
2
-464
-377
-702
-907
-453
-103
-284
-403
-675
-567
-33
69
235
88
504
360
936
675
182
461
166
378
486
302
316
210
348
736
456
1216
1137
1360
870
808
999
810
988
850
715
714
375
492
548
335
1305
1354
1336
1492
1431
991
997
1095
1031
1125
1221
1190
1439
1119
1370
972
1402
1364
1524
938
1441
1102
1540
1609
1470
1742
1122
1421
664
1019
869
1179
1733
1225
1448
1267
1473
1275
1268
1173
1228
1686
1617
1486
1275
1077
986
495
1148
1643
1271
1192
982
1103
1303
1615
1513
1536
1422
1018
1071
844
1059
823
1771
1356
1178
1102
1157
1143
1217
1137
1799
1186
1326
1211
939
1101
1166
611
1076
1569
1659
1494
1192
1433
1055
1570
1111
1592
1890
1397
1203
1069
563
778
1525
1661
847
1386
1113
989
1071
1388
1595
1519
902
1409
651
933
1128
708
1312
1424
1114
1076
1384
1217
1267
1526
1867
1276
1439
803
1010
674
1179
892
1746
2071
987
1248
1576
1737
1174
1253
1444
1511
1119
1834
1129
714
1165
450
1606
1265
1855
1059
1439
1499
1757
1300
1947
1392
1194
1311
1454
860
793
545
1419
1870
1764
1610
1349
1126
767
832
1187
688
1246
1611
872
973
725
1110
1586
1340
1603
971
1432
1134
1742
1401
1275
1803
1193
1308
347
765
882
328
1092
1369
1298
1454
1164
1438
1233
1330
1531
990
869
989
506
358
1060
301
641
870
863
538
1129
1334
971
1168
308
568
1033
1176
1263
740
365
-267
638
792
765
495
702
493
469
679
755
404
581
515
824
172
1108
-258
790
1091
1105
841
833
604
919
791
945
991
1033
1008
857
689
767
-40
1099
982
849
445
830
380
344
973
1266
793
600
985
679
567
1015
261
400
71
508
598
881
155
1144
1443
679
704
976
690
468
543
1097
748
960
590
700
736
342
1062
1150
583
864
1073
1063
599
1293
717
391
109
638
691
500
516
941
1049
569
1356
1293
673
826
643
815
12
1093
237
1036
235
697
975
374
849
1100
847
761
521
776
145
56
778
956
323
697
637
1072
880
520
810
729
582
742
1224
602
762
413
678
896
362
606
372
581
399
442
941
944
570
925
1014
1011
223
837
176
1197
190
934
555
892
425
416
870
849
667
596
938
751
806
836
640
862
619
483
520
980
461
1000
955
999
511
680
980
853
1089
655
336
625
-265
735
510
938
789
1015
937
1146
1173
995
793
1066
1204
711
763
660
-32
724
820
913
816
511
651
860
1067
705
790
907
558
901
-273
711
806
1010
466
440
677
687
657
691
778
133
280
887
765
862
133
431
-155
395
284
360
974
336
331
583
491
847
447
185
709
620
187
508
-153
436
319
409
638
709
387
318
415
394
85
197
244
511
-23
23
-97
384
747
808
347
172
422
506
413
470
107
615
407
439
600
553
443
481
938
791
984
401
550
1308
997
1004
850
821
1115
605
951
982
316
420
409
658
342
354
664
848
581
601
773
621
421
929
891
603
413
226
496
-26
162
512
940
813
875
715
600
319
992
590
179
163
363
405
385
801
884
564
896
951
952
543
203
691
688
850
371
192
316
586
256
540
221
333
673
976
508
707
198
393
8
486
396
156
441
748
662
422
304
922
65
324
375
581
753
521
312
388
121
448
170
417
539
1135
398
438
1065
998
593
660
363
521
562
921
490
277
466
335
129
298
909
970
619
784
410
508
569
388
229
759
724
782
649
700
839
387
804
332
747
339
518
456
305
1052
937
232
162
503
623
448
496
606
973
924
600
756
1030
415
714
846
945
619
156
-92
271
725
608
335
-253
531
288
1132
833
612
472
786
485
395
583
228
418
-165
336
17
525
397
501
692
231
616
738
356
533
1100
512
18
499
135
28
537
153
533
259
631
453
878
400
380
730
660
862
287
189
635
688
735
1058
748
334
382
698
866
954
531
509
287
169
646
421
794
393
288
364
236
456
537
466
323
427
322
568
433
83
345
-4
4
-168
235
275
161
364
667
384
69
156
67
-51
505
167
470
660
444
479
1070
541
1093
1540
1279
193
379
1028
850
967
718
1264
210
46
552
693
469
652
1120
1291
587
706
964
599
991
865
658
1207
1065
324
463
1268
1317
926
543
-8
155
-89
623
909
844
521
700
944
799
-158
723
863
941
485
557
962
445
761
546
966
248
1197
922
1129
785
43
-200
548
957
641
910
604
815
566
588
1002
1260
1082
1163
853
763
260
472
776
854
1034
840
600
648
785
1204
999
952
687
743
777
293
98
336
1060
758
930
1187
877
946
1091
910
981
105
627
686
705
569
-148
517
1013
642
1309
720
804
931
1145
1164
241
533
613
479
1366
532
150
526
1454
621
1080
1508
262
289
575
688
861
790
344
1006
871
1029
-160
423
1219
811
766
588
759
717
378
549
179
104
811
81
568
896
290
304
922
553
337
784
789
680
721
1200
997
372
611
603
635
634
-66
164
824
762
667
1051
1292
792
1047
703
726
1025
335
520
706
722
-163
348
925
1092
75
768
589
1214
1023
571
1002
428
1155
1076
1088
800
688
859
1207
1303
454
-44
794
628
378
636
576
1434
1174
552
708
856
169
287
339
459
205
834
405
502
287
252
408
593
747
451
681
411
33
444
285
915
283
181
222
404
340
507
634
367
696
20
370
182
308
575
394
-37
-42
-446
-216
117
389
539
-141
266
153
-326
164
374
492
66
-52
376
172
13
137
765
493
363
666
341
513
988
246
280
437
86
269
438
-82
299
761
798
681
678
152
55
703
269
85
113
629
456
212
265
669
186
428
588
519
199
583
766
213
695
77
20
342
291
348
629
605
49
220
335
986
648
182
214
496
319
74
222
825
266
285
252
135
440
627
511
403
384
227
101
-235
-75
441
290
427
31
403
157
750
132
-34
465
188
336
594
486
920
840
58
97
192
30
402
-53
94
308
-7
-54
513
144
577
388
723
307
-27
410
351
91
59
130
362
256
105
510
813
684
374
145
435
281
-72
99
224
410
475
70
-77
588
727
558
539
371
279
561
521
408
399
364
546
240
-131
605
300
386
474
948
591
740
342
294
190
402
280
258
400
797
329
293
122
334
413
632
297
646
186
150
457
323
454
5
659
101
237
397
890
245
304
471
543
687
438
482
535
-28
-173
317
142
47
576
113
391
538
78
344
565
483
505
170
83
314
293
100
38
218
465
200
292
276
400
186
465
133
190
76
102
315
-92
361
-237
206
-247
77
-138
260
107
43
28
396
161
363
645
41
-65
-76
145
394
-20
306
294
365
-109
438
826
245
631
213
180
217
207
35
-133
333
212
633
71
267
-267
438
411
610
170
242
21
-133
-311
294
191
398
-398
126
-148
274
656
610
879
241
429
-104
164
443
-7
-202
266
476
-269
143
313
288
-90
284
361
787
-109
184
234
548
189
-59
404
564
575
121
518
230
-123
143
556
436
300
352
45
288
146
-329
11
544
154
167
-67
418
633
309
52
207
126
86
593
655
366
-424
-32
667
130
373
400
126
146
294
38
305
48
807
30
204
-377
-260
361
599
103
39
-207
352
74
272
570
154
383
260
-253
-53
322
-21
261
602
417
287
36
393
288
904
73
512
17
275
711
363
-250
-424
255
4
-13
314
9
344
60
290
658
536
315
483
325
502
337
-163
-121
150
250
210
284
273
133
156
430
548
145
78
191
667
-84
-327
249
361
-60
579
-81
295
-119
349
254
402
344
437
384
-138
185
159
593
473
44
324
402
539
680
78
350
770
513
513
-338
-551
312
90
137
586
598
592
810
1333
495
783
791
566
985
479
624
860
147
36
276
668
720
601
672
500
642
447
578
279
156
414
392
625
385
-40
127
332
205
-80
-68
319
405
416
231
100
365
366
252
307
255
309
425
127
213
62
-85
271
357
384
740
331
232
245
412
398
-127
165
595
-5
-230
-25
549
302
104
200
84
-16
136
342
-79
-42
361
-165
418
28
353
-553
4
-228
135
109
98
566
-85
-30
-73
-27
-33
-464
1014
-258
-138
4
355
201
-118
-93
109
-202
-122
153
296
724
-102
-13
848
181
383
409
-25
-105
430
435
15
122
326
-3
423
296
-483
3
952
-52
-120
-244
117
607
-30
49
566
-351
260
101
21
18
-230
-200
872
245
322
341
277
-44
367
469
-285
443
-103
27
-165
472
141
364
660
-131
112
253
-327
497
203
590
285
-178
388
253
-23
250
96
-294
928
236
451
519
-126
206
280
348
229
612
295
159
550
323
-225
-284
707
-425
263
610
-382
311
-284
-110
-354
-174
-58
131
54
342
267
-322
840
-393
-164
-523
143
-479
272
-221
608
382
147
323
152
231
-897
-234
324
132
67
55
10
71
35
705
88
-492
178
105
123
206
-419
32
346
4
258
-344
330
-48
449
12
414
-200
143
453
-161
953
303
-367
564
88
-18
166
496
296
-134
316
162
-160
756
258
260
375
354
155
612
152
-166
-86
80
-251
-121
100
-23
-218
-73
-509
147
37
-17
-345
-84
-473
605
-469
185
111
-183
-313
-35
53
-112
-74
-276
-164
-399
85
-1185
-855
-874
-869
-810
-758
-1194
-1211
-1178
-895
-850
-1029
-1047
-416
-1197
63
-1000
-908
-1052
-722
-1280
-782
-1524
-1493
-1173
-1058
-1033
-1330
-746
-810
-932
237
-1139
-633
-1063
-1192
-990
-1494
-1681
-1327
-697
-1187
-1429
-1175
-1031
-545
-846
-98
-904
-1259
-1139
-761
-614
-527
-1816
-816
-784
-801
-1429
-737
-1176
-1143
-1325
-400
-774
-982
-1371
-1627
-988
-794
-648
-495
-950
-1175
-1126
-832
-747
-1098
-1034
-551
-799
-1156
-1431
-1063
-1030
-981
-1192
-894
-1071
-1279
-1310
-1521
-1214
-638
-1717
-95
-550
-743
-1399
-1178
-1165
-1132
-1313
-1419
-955
-1032
-1406
-953
-1618
-1303
-998
-31
-907
-1216
-897
-825
-1474
-1152
-1023
-931
-1522
-1098
-685
-976
-1141
-1103
-1273
-329
-873
-1350
-1477
-850
-1271
-1362
-751
-1383
-1361
-1091
-1378
-993
-974
-1081
-943
86
-1163
-1046
-1085
-1454
-1369
-1075
-1027
-1180
-1089
-896
-903
-1106
-1329
-844
-1479
-519
-727
-1191
-946
-878
-868
-1057
-1268
-784
-930
-1321
-1408
-900
-934
-1305
-1142
-39
-302
-1165
-859
-1339
-1392
-933
-986
-1251
-1011
-969
-888
-944
-518
-962
-858
-499
-1267
-570
-1428
-1381
-908
-939
-1245
-1739
-982
-1487
-919
-761
-1152
-199
-1254
-337
-1079
-880
-1347
-1691
-967
-1378
-1720
-1272
-1451
-1715
-1334
-1853
-1080
-901
-1068
-397
-330
-611
-891
-751
-382
-837
-811
-569
-605
-876
-770
-1139
-934
-610
-1068
-534
332
535
701
532
316
45
285
537
197
806
326
286
786
118
854
149
308
30
208
62
-37
90
240
-20
168
-84
84
6
-33
-293
224
-103
587
-54
805
670
545
573
1080
871
987
684
617
456
708
686
397
-104
377
273
-44
667
308
1198
1068
1085
894
683
550
789
932
392
500
465
626
625
942
1018
1123
-68
541
562
506
141
684
917
146
389
554
-125
605
609
799
534
216
414
960
429
171
988
269
-108
434
651
402
529
371
49
254
466
715
549
532
702
534
593
586
1382
741
897
743
29
229
435
554
382
537
327
480
850
211
537
666
775
1125
462
595
262
550
403
201
624
996
665
415
446
430
663
606
978
253
957
510
244
397
350
297
484
604
986
499
966
1354
723
456
570
553
907
576
-222
1007
686
334
1059
947
954
693
699
452
718
611
932
420
388
868
62
467
72
821
609
575
775
769
931
569
299
261
510
807
533
724
20
391
635
719
433
744
189
299
363
487
949
414
798
121
300
172
128
598
655
783
278
1031
1454
404
1092
1002
641
456
411
453
180
140
-139
517
-220
937
965
988
866
908
1223
1299
1043
571
1088
101
882
1388
347
523
435
566
659
302
643
314
468
-50
482
555
774
706
194
607
-77
-244
6
-312
-56
-598
-530
-413
-143
-33
-14
-324
-179
-231
-459
39
-243
28
77
218
379
528
104
77
485
462
763
325
333
760
467
524
97
38
426
77
225
18
416
696
845
419
190
615
376
318
245
94
254
-50
229
209
395
242
398
594
543
612
282
377
545
621
750
289
31
70
-11
210
469
590
383
296
310
396
522
388
438
177
451
392
134
-168
528
292
182
202
-98
76
294
436
533
336
85
146
132
385
133
-132
215
292
149
420
523
274
-49
49
16
-76
92
693
734
599
-170
-289
202
433
258
208
157
66
-6
170
270
619
527
662
682
115
-193
40
234
-79
76
244
405
459
303
609
772
287
204
-276
107
657
666
-326
696
601
558
382
450
859
800
564
151
330
295
913
567
240
62
-32
124
-149
236
525
456
693
782
693
410
611
200
134
422
252
26
46
1015
686
669
410
623
11
-152
20
73
55
198
188
500
503
251
-219
20
553
672
378
238
199
452
473
494
876
653
225
441
265
-186
300
98
-52
433
212
-46
415
588
319
1162
205
-94
-255
-128
588
263
-289
67
-171
-18
181
441
282
209
-28
163
183
431
620
307
65
-50
413
481
719
646
634
611
647
717
532
753
620
686
507
697
637
284
253
-32
224
49
355
435
105
201
421
-41
352
121
259
512
245
155
217
336
83
106
-106
53
55
242
-177
108
133
-42
384
170
300
133
637
195
522
27
13
-38
300
117
497
269
180
580
356
732
6
-126
508
286
161
261
621
103
-85
-163
96
672
547
-65
194
88
410
184
667
584
399
18
277
568
439
513
385
164
205
466
14
518
419
-266
806
255
118
444
174
2
213
427
618
422
554
130
630
407
172
-268
1019
248
136
194
385
431
630
412
491
628
518
446
-55
88
249
193
666
325
882
172
303
595
435
676
589
332
497
276
90
-316
451
-336
682
-6
509
615
257
363
269
146
-100
157
-44
136
840
544
72
-190
947
117
-140
274
-112
33
-265
-47
79
255
26
178
-248
642
403
-278
761
286
580
740
491
53
419
429
308
560
405
397
438
244
193
-97
1119
269
53
-3
92
327
153
573
330
848
552
629
392
240
583
-502
525
235
162
260
511
-156
290
-46
424
156
-39
350
952
453
336
166
602
413
695
445
327
641
345
-9
329
56
259
263
523
875
330
98
976
383
663
550
905
421
197
-135
607
480
161
194
-63
133
742
-175
570
118
-167
-159
-100
189
-62
-110
-348
-221
370
71
14
-358
-328
-284
232
55
-78
-397
-465
-41
130
69
-127
-370
-220
-285
-287
-269
202
-602
-176
-689
-549
-328
169
-31
64
106
-246
-325
-201
172
-134
-231
247
-738
55
140
87
-677
92
-68
183
-482
-324
-221
-290
-101
-633
-256
-645
-80
67
-487
-248
-722
-808
-698
-826
-186
417
-99
-195
-11
58
-892
231
-224
130
-682
-19
413
-121
-453
-347
324
-228
-527
-628
-400
-552
-374
-455
-203
-222
87
-228
-228
203
-13
567
-232
-4
-205
-463
-142
-186
-207
-883
124
-191
-251
-420
96
-740
-141
1
-162
-264
387
-215
-434
86
-131
-274
-571
-221
88
-164
-495
-637
-1056
-109
-560
-178
-230
-711
-492
-359
-301
57
-120
-226
-84
-438
-401
-16
-731
-330
-212
-45
-420
346
-209
-284
-618
-286
-565
-253
135
-180
253
-10
-590
-228
-278
94
-228
-230
83
203
-245
-397
-50
-4
-360
-878
-900
-18
-182
-107
-139
-212
-560
-254
-875
-339
-496
-225
-410
25
-328
-152
-383
-182
-254
77
-97
-82
-368
129
-161
-576
-231
-617
-199
158
-400
-530
-490
-269
-418
-143
-291
97
-113
-309
212
-340
-263
-710
-472
112
280
-125
-615
-74
-464
-388
287
292
-449
236
-122
-123
-181
-483
24
-357
-60
-194
-121
-688
-513
-236
338
-924
-293
-888
-377
145
-156
-470
-397
-341
-199
-289
-388
-254
-143
-480
-169
-132
-273
-239
-274
-293
-333
-623
-501
228
911
80
886
444
459
772
832
670
539
525
460
110
420
645
233
-74
-142
339
-554
-194
-390
-367
-186
18
-4
-233
-44
-716
-54
-303
116
-169
-235
-252
-35
-613
44
-116
33
-113
-233
102
-157
355
-167
-30
-414
-382
-153
-61
81
240
-328
-21
-241
-300
-189
-308
-44
-417
379
-132
138
-263
-324
-397
-285
-270
65
795
14
-21
-228
-95
-234
-427
-183
277
-119
-357
-330
-197
-111
-466
78
-119
-242
-59
-5
-76
-384
68
14
-64
12
-209
-56
-164
-146
-330
53
140
-162
-18
-42
-400
-400
-636
-402
142
71
-225
-174
1
-208
-347
-429
-275
469
88
-479
-166
38
-581
-65
177
-30
-110
-634
-25
-74
-326
190
-173
-332
-159
-338
36
247
476
301
-297
-64
-230
-703
-357
-11
-383
-521
-10
-126
-263
-401
-114
-190
300
-428
-42
236
-311
-105
52
-98
78
268
679
641
0
-247
97
171
-46
199
44
-201
77
-203
-720
-305
-307
-408
-238
205
-37
-84
485
-4
-72
241
-203
46
-478
217
-152
-196
-157
-169
-811
-467
-197
-445
-294
-245
-241
-1
-488
-557
-25
-26
247
-7
-52
-244
-235
306
-147
-225
-122
-232
-85
204
-174
-21
-442
406
-298
-146
-18
120
-33
410
-353
-46
109
-145
-112
-261
-79
-130
-680
-309
-839
-632
-480
-672
-512
-730
-640
-951
-1006
-484
-221
-524
-689
-189
254
-236
-555
-445
-164
189
-189
-159
-296
-285
-720
-516
59
-156
175
32
392
-195
-43
-113
4
254
529
318
215
60
-307
173
346
353
-115
118
610
399
441
548
100
886
542
357
181
172
696
545
499
153
165
-27
724
362
1023
627
435
-87
519
355
497
396
546
329
445
1136
429
-313
473
-118
320
802
1291
425
611
178
17
280
672
849
688
468
482
133
158
-26
708
200
-16
952
771
300
147
1173
219
-167
87
510
169
-83
781
82
19
384
647
357
188
420
253
309
35
789
362
1048
502
-229
349
635
583
481
691
859
-57
330
591
272
518
918
861
351
287
85
866
-366
605
1149
540
555
517
931
487
703
294
39
-84
558
209
306
893
270
908
849
384
936
858
572
416
373
472
51
333
840
442
22
599
-2
290
589
552
1069
629
115
90
618
569
635
154
76
730
-67
442
121
681
505
566
491
306
574
721
-141
-357
605
890
403
-31
-169
602
359
798
664
228
79
310
472
516
276
681
823
518
666
365
-343
509
173
397
104
226
267
531
511
181
520
431
-74
279
833
651
-53
450
-103
783
480
696
968
488
382
659
616
429
568
614
692
326
319
664
778
913
881
521
493
437
442
309
599
617
728
666
618
660
96
-141
-13
-90
29
-194
36
-109
-20
-283
41
165
296
81
-56
-289
-684
-102
-78
326
-526
312
-153
22
-583
-238
-286
-302
56
-532
-344
-444
-640
-280
-688
-475
-783
-569
-203
-404
-499
-327
-465
-359
-443
-693
-872
-867
-570
-497
45
-1127
-855
1
-85
-816
-395
35
-449
-640
-592
-274
-526
-714
-308
-388
-549
-890
-804
-228
-484
-824
-131
-276
-472
-809
-136
-527
-495
-562
-218
-506
-311
-131
-343
-744
-721
-222
-348
-1048
-429
-550
-873
-771
-308
-1017
-621
-523
-325
-293
-600
-253
-674
203
-706
-1010
-799
-985
-867
-708
-334
-635
-575
-491
-495
-236
-489
-390
-593
-626
-1092
-73
-657
-720
-568
30
-789
-757
-685
26
-31
-754
-1232
-897
-677
-550
-511
-148
-367
-611
-22
-760
-402
-618
-21
-780
-210
-108
13
-455
-444
-197
39
-633
-479
-476
-785
-404
67
-837
-746
-459
-222
-952
-811
-511
-176
-470
-166
-117
-341
-148
-765
-187
-756
-522
-642
-507
-446
-275
-247
-375
-375
-276
-843
-668
-625
-833
-500
-208
-710
-772
-459
-290
-633
-701
-575
-659
-810
-1043
-968
-314
-841
-324
-363
-686
-546
-892
-463
-107
116
-574
-525
-722
-273
-771
-93
-555
-366
-547
-674
-504
-792
-1000
-258
-404
-792
-924
-225
-608
-263
-374
-547
-475
-575
-628
-271
-389
-234
-842
-743
-334
-129
-238
-10
-37
-465
-129
-179
-442
-281
-142
-218
163
-363
-197
-496
-18
249
273
330
253
-27
-182
-155
-142
-3
279
60
12
198
220
219
-127
-77
-28
-222
-324
-381
-205
-667
-399
-208
-301
-75
-388
-162
-364
199
245
51
-520
-62
-372
-907
-269
92
-193
-205
51
49
-15
157
72
-163
-220
-66
111
75
-474
-46
-245
161
-140
279
-52
-22
39
-31
277
38
-213
-217
656
-80
82
227
-160
52
53
-123
-92
360
255
-266
-233
77
-242
493
-120
2
-522
-79
143
-404
-461
-148
557
-233
69
-308
-345
371
325
89
-243
18
-47
-281
78
163
-6
18
-156
-33
-13
-118
-136
-14
56
130
-125
-69
198
287
-265
-424
-102
-546
-430
328
384
-404
356
-528
162
-33
-81
219
-57
-403
-71
-523
-67
267
439
-207
-20
62
-788
-81
29
64
-356
9
201
-184
-402
218
180
-35
115
-470
-311
-372
141
528
-285
-34
520
-315
-342
-298
174
-238
-288
217
247
116
-47
-334
525
113
327
-370
-251
176
425
385
-223
132
263
55
-219
-167
154
142
65
223
-411
240
240
-150
-371
-381
-135
-395
-166
22
-749
-252
139
202
139
253
-4
-79
90
-181
-227
-20
195
339
-480
-350
225
71
-253
-440
-255
-90
-488
-161
-173
140
-485
470
249
229
-90
85
-119
-62
-247
-89
457
163
-3
-281
-141
-208
356
155
-180
-337
-80
230
240
-384
-117
-71
-538
-61
310
-116
432
-16
-173
-6
97
381
378
419
208
417
386
956
136
224
449
741
214
698
1084
1487
414
633
790
426
1227
704
906
862
1047
384
432
313
1383
555
1189
500
606
253
188
683
741
886
358
956
-21
24
387
521
768
710
943
709
292
704
306
351
210
252
298
136
597
88
347
168
123
359
420
523
286
1088
182
881
26
291
87
1129
435
54
494
295
202
647
700
854
275
217
543
650
0
1038
948
353
272
36
91
236
781
443
612
587
-4
489
357
648
680
565
383
933
236
35
464
1021
170
829
300
899
791
495
492
829
116
337
165
-44
216
-57
501
135
367
656
347
1062
459
595
330
564
699
11
794
975
194
182
518
464
238
1381
630
684
700
690
203
747
24
565
402
441
21
-435
788
384
109
256
473
-140
194
68
252
163
251
678
655
389
326
109
38
302
665
681
371
753
78
480
597
283
687
302
394
637
841
-131
318
259
254
103
467
72
843
756
1010
1342
449
414
186
498
164
335
432
324
213
228
508
638
698
-31
799
104
571
905
-137
519
940
465
483
746
445
279
264
-45
460
327
-25
52
389
359
218
901
306
-180
723
554
415
372
293
443
670
361
259
495
494
744
433
235
393
-203
972
775
841
1394
606
96
571
1007
959
776
654
661
550
1003
649
535
1281
398
909
348
305
581
889
1080
964
527
472
490
949
762
1348
730
1164
608
469
471
762
825
1237
874
654
1015
1086
859
1421
1150
910
438
1379
832
1560
655
1211
1124
1147
1040
1202
893
651
1431
1034
834
614
-117
1257
1092
1203
1603
1052
512
801
1662
1262
968
1610
675
1049
791
826
577
1682
787
911
772
920
1097
1346
1045
1122
1134
700
1103
1352
881
1201
633
856
989
831
1114
1417
1148
1532
1105
931
1262
788
953
910
1534
545
377
1490
691
455
938
1561
1203
968
723
1010
1578
1251
1193
1172
689
944
-148
1066
924
921
895
1036
1065
841
535
824
1091
1054
1345
1093
541
683
422
1042
339
686
1049
1253
971
1423
1342
1111
1100
1170
685
920
1209
666
71
1569
1235
1051
1042
1101
1203
1135
1185
1409
1718
1397
1141
1255
1273
966
498
1117
705
696
892
1465
1313
1437
1121
693
894
757
1584
1171
654
1265
66
1229
479
1413
1037
883
936
1149
1218
1528
1240
1022
1085
1121
816
766
-49
1067
1337
1351
1446
1231
863
852
1029
1285
1258
1072
1249
371
628
269
36
1342
1190
1163
971
1337
1066
966
1322
862
720
1126
879
1301
1222
809
465
797
266
727
567
249
777
612
392
397
291
346
552
371
586
487
82
-662
-50
-657
-250
-58
-90
-567
-463
-461
-558
-330
-253
-1026
-648
-812
-195
-1039
-353
-113
170
96
-376
-529
-142
-752
-602
-459
-1002
-703
41
-486
-12
-1204
-893
-386
-1229
-663
-432
-668
-368
-522
-750
-1207
-527
-186
-838
-653
769
-567
-685
-942
-562
-592
-1370
-1081
-508
-1059
-869
-1098
-291
-705
-498
-457
241
-887
-868
-825
-680
-326
-261
-968
-371
-903
-422
-1061
-760
-901
-858
-426
293
-819
-1103
-681
-1186
-544
-474
-859
-522
-624
-543
-801
-509
-555
-540
-511
120
-1036
-452
-568
-934
-969
-780
-441
-924
-831
-483
-496
-843
-36
-676
-572
477
-693
-862
-677
-933
-740
-451
-887
-416
-506
-1005
-706
-474
-778
-749
-317
632
-969
-803
-924
-688
-584
-369
-851
-539
-761
-387
-818
-489
248
-872
-280
238
-862
-1043
-671
-898
-771
-292
-434
-1076
-1035
-679
-778
-397
-573
-548
-777
330
-1123
-488
-710
-657
-1037
-846
-539
-544
-700
-530
-832
-1100
-642
-945
-765
290
-738
-448
-851
-714
-625
-699
-476
-754
-725
-515
-558
-1009
-638
-816
-77
437
-683
-437
-1161
-1057
-859
-185
-867
-848
-110
-705
-607
-297
-765
-675
-516
563
-1353
-549
-478
-387
-690
-1067
-138
-302
-889
-653
-879
-765
-366
48
-530
-108
-987
-295
-817
-520
-586
-831
-459
-508
-293
-1175
-613
-304
-59
-429
-835
-5
-565
-879
-451
-9
55
-27
114
-296
-78
-57
-63
-116
-362
-60
-37
221
892
455
627
853
690
1001
1152
1195
378
640
714
792
943
729
586
0
1019
1268
760
1128
970
1617
1140
901
1399
1273
1077
630
1136
1066
256
27
1465
1610
1041
666
1692
1069
1491
1428
813
1242
1012
1044
1113
939
657
-12
1287
804
1041
660
1617
1514
1820
1299
1163
1643
1334
1679
1391
600
1174
414
1173
748
702
1089
1637
1599
1127
1616
947
919
788
796
1053
1357
1026
403
633
1378
1190
1485
1515
1097
1418
1563
784
828
1143
1263
1349
876
1129
241
868
1348
1374
1229
1339
1393
1459
1249
1230
1579
1285
1060
1065
1079
1075
136
860
1377
743
1338
1238
1218
1256
1234
1308
1340
795
1251
626
911
825
372
1006
1413
755
1474
1139
1267
950
1367
1342
1049
1334
939
1100
608
1077
26
838
1647
488
1561
1365
1034
1036
1442
1228
1055
1442
1011
1016
830
430
86
1236
1505
907
1430
694
739
1160
1214
603
1421
1061
977
873
993
490
225
1282
1280
1092
1531
1168
1609
1364
1334
1402
1314
950
1190
824
605
390
8
935
1465
1205
1238
1499
987
1108
743
712
654
511
1343
1156
746
531
349
1143
1319
1020
1037
1327
646
792
645
597
758
1120
721
976
338
914
-346
1006
1002
1216
1293
1251
1307
648
1465
917
797
1153
1023
997
1193
914
518
428
533
821
793
886
768
560
728
624
710
873
891
658
775
639
318
354
247
667
327
244
335
331
474
224
71
374
441
155
-51
141
139
-53
215
401
251
349
581
321
553
351
444
652
51
411
658
438
-560
-241
505
792
456
626
243
419
39
1292
439
431
70
170
295
-133
118
184
580
223
-467
602
610
198
762
117
28
639
190
-20
-77
-41
201
-18
174
544
512
-126
315
-344
476
323
465
-84
-208
380
194
442
-201
-406
189
-27
-450
341
324
267
281
190
-225
306
349
89
61
120
394
-149
347
83
199
-93
-93
371
223
308
24
137
-417
280
353
-138
-76
104
85
118
380
-18
509
-95
-39
58
249
-83
317
77
542
-5
-210
143
559
-71
-138
90
115
138
148
81
94
274
164
305
-368
-502
321
90
397
-475
71
169
3
258
418
351
-3
-56
-337
241
462
-529
-202
639
320
168
66
-82
266
-174
513
78
225
499
282
177
344
157
63
-17
565
395
421
135
296
282
163
299
230
-359
346
370
169
-427
22
97
105
-68
291
139
142
388
111
309
190
404
445
374
-448
-179
285
147
456
-40
431
488
234
93
391
783
300
192
509
-203
-97
233
332
291
725
393
140
500
354
-34
160
299
177
370
146
349
377
-217
370
61
1
-306
193
9
-223
63
135
68
-68
-533
64
57
-183
-127
94
16
934
975
562
280
587
638
294
477
583
1065
279
466
416
217
265
153
763
1186
127
398
255
475
446
87
-106
255
146
289
63
10
25
-90
400
646
767
437
91
537
490
559
-140
244
414
444
253
360
571
-245
302
489
491
268
810
268
282
517
-1
918
287
374
96
47
770
179
101
986
332
723
816
292
739
404
360
508
369
565
368
46
269
-129
457
429
515
566
735
173
335
71
69
787
324
647
-146
339
298
-213
603
616
350
573
460
233
177
110
-2
261
433
484
214
92
764
-269
939
505
263
752
212
622
309
299
68
365
364
116
399
486
323
-529
392
517
458
285
446
558
778
347
335
206
642
-253
118
1159
418
-132
579
445
62
340
371
485
322
257
362
152
540
289
164
60
826
-102
692
9
451
146
401
167
-62
240
383
743
-317
540
-87
-189
760
103
911
713
694
352
519
121
153
-32
944
189
-70
680
-238
105
422
305
311
666
861
20
574
167
284
-74
544
227
27
-66
141
836
1022
24
193
419
425
235
203
7
319
163
-147
244
14
-301
264
491
439
-319
-41
377
200
296
1
-287
11
163
360
644
157
356
-417
453
237
-467
-10
24
167
82
182
20
21
123
305
505
123
-150
-162
269
456
-166
-80
-121
82
-279
-173
-264
161
-311
-92
-59
17
-136
198
134
466
-65
492
-125
-132
-221
133
-564
237
95
367
113
305
408
2
-71
239
93
703
178
903
142
279
962
549
663
362
356
493
627
1093
496
361
-550
471
261
315
484
348
334
871
218
614
454
714
313
484
40
547
-137
507
483
124
603
487
53
633
293
732
184
-83
408
48
-176
503
-89
481
-234
-17
187
352
77
210
575
308
505
38
674
288
548
466
-358
702
267
372
377
239
546
353
153
63
-21
225
277
368
584
543
-263
-63
682
617
578
757
-16
424
-7
274
261
365
527
737
718
385
-173
457
118
349
227
646
520
577
506
275
761
371
264
349
93
772
-258
397
145
236
417
356
587
618
634
441
845
101
243
268
403
937
123
254
44
-60
482
399
67
463
444
505
566
147
455
599
483
598
87
111
-106
-315
194
469
-158
359
648
323
-35
292
-30
628
592
186
-160
340
674
23
221
98
780
419
583
58
256
368
231
414
627
459
-322
-152
-63
-29
392
340
615
767
513
120
587
480
42
485
684
437
-187
193
-109
12
200
267
176
372
-189
149
418
50
6
177
1035
407
-36
280
135
295
16
85
-427
-176
189
151
-134
373
561
200
97
492
78
512
473
-155
251
288
-86
220
584
257
-227
206
525
405
699
407
-193
432
-106
-319
-16
-106
-1
-338
-388
-401
-252
-111
-492
-221
223
-46
162
460
366
339
652
298
-30
453
509
137
142
246
70
-67
434
-89
39
612
420
406
208
360
90
324
155
114
376
466
219
-187
-35
402
140
227
25
435
183
-162
-433
-66
35
182
-264
-8
35
-41
57
-65
362
603
542
148
-51
260
253
418
0
79
284
345
91
442
202
-200
321
218
87
-154
257
-53
55
57
427
58
262
311
184
-226
-13
243
118
421
45
17
9
74
19
-140
-108
219
49
119
379
300
-29
-84
-81
-330
481
187
224
76
567
379
111
9
-58
250
107
210
244
-167
-163
106
-9
-161
321
634
498
482
717
145
240
366
328
214
741
98
88
219
292
-111
118
451
138
261
426
274
259
262
465
410
596
343
-290
-465
-85
116
449
693
631
793
-17
-120
11
291
441
503
373
-252
-163
278
603
129
-313
130
209
38
-308
-25
716
10
-201
515
17
-1
-123
-98
226
342
212
303
429
187
194
187
342
240
276
-13
-748
-253
-506
448
305
317
488
490
61
338
135
443
247
6
561
355
125
95
-154
50
-408
-434
-319
-222
-392
-83
-303
-458
-230
-69
-342
-718
-670
-593
-138
-397
-7
-225
196
37
-134
162
461
394
4
467
34
380
-65
-258
-176
188
187
782
332
344
129
-269
133
55
232
140
167
60
-118
93
170
-286
-315
-96
235
-164
66
230
100
-71
-122
45
147
79
-195
192
81
204
216
-352
194
-38
-166
167
382
228
112
142
-357
221
-449
243
-151
-412
183
-55
282
98
-34
-159
92
3
358
192
196
262
-109
219
99
352
143
119
148
406
305
-203
-180
-61
-2
-56
402
87
-444
9
312
-65
517
193
258
70
315
128
457
-153
113
350
227
-358
-287
260
610
256
20
202
30
214
71
235
435
578
-21
279
2
-307
-76
341
82
204
99
193
-203
306
-43
218
15
62
124
536
167
-281
-716
282
268
622
-172
3
44
162
50
552
10
318
414
-198
233
-22
-597
-152
456
276
-314
161
-193
-180
68
393
351
329
270
106
-146
253
-371
393
92
150
311
-97
70
417
-140
24
86
100
250
565
197
-205
-166
376
570
-140
25
-127
115
440
-28
-98
348
394
249
178
-83
210
-250
114
292
-9
-34
44
-93
-67
-22
-137
219
288
-171
503
485
-32
-182
-42
58
434
11
-210
-290
-714
-276
46
-380
-242
-89
-497
11
-295
-690
-124
625
192
559
621
631
487
573
667
580
389
538
563
461
401
275
497
-141
-500
-865
-540
-132
-518
-142
-86
-201
-791
-123
-408
-558
-328
-455
-215
-420
-749
-657
-969
-496
-646
-1111
-1020
-649
-663
-726
-1148
-782
-974
-263
-479
-941
-140
-462
-677
-657
-800
-274
-1023
-918
-1243
-471
-449
-312
-165
-458
208
-779
-286
-1149
-542
-337
-585
-952
-390
-445
-472
-677
-428
-712
-730
-176
-445
-714
-924
-470
-599
-1188
-424
-836
-183
-786
-924
-753
-888
-73
-911
-209
1
-469
-560
-701
-558
-558
-707
-750
-850
-348
-262
-575
-509
-896
-364
-490
-230
-1187
-203
-684
-905
-172
-372
-420
-437
-898
-448
-360
-514
-603
-280
-206
-1034
-366
-718
-1084
-452
-620
-280
-450
-460
-286
-605
-551
-579
-20
-800
-335
116
-1303
-37
-730
-433
-255
-409
-162
-416
-391
-462
-227
-881
-579
-43
-105
-406
-809
-283
-602
-404
-332
-413
-492
-719
-410
-842
-531
-163
-748
-537
-515
-541
-829
-655
-962
-258
-623
-786
-592
-318
-684
-636
-905
-1104
-106
-331
-118
-473
-770
83
-493
-552
-371
-390
-526
-864
-516
-459
-611
-298
-542
-511
-126
-499
-704
-984
-157
-762
-431
-522
-533
-891
-819
-640
-374
-797
-446
-88
-579
-246
-887
-655
-658
-217
-561
41
-335
-708
-206
-253
-375
-204
-551
-109
-577
-420
-388
-719
-750
-958
-920
-1019
-586
-390
-546
-918
-665
-648
-968
-627
-785
-832
-506
-183
-502
1
-500
-589
-721
-348
-618
-191
-461
-343
-645
-904
-740
-511
32
45
213
55
-275
-171
-114
-2
32
102
-288
-125
-212
-53
-451
138
-513
33
590
-341
-54
-154
-127
-44
-452
-426
273
82
-73
-270
-378
-31
-971
-629
-6
-283
-155
-317
-432
-728
83
232
-45
-15
554
-99
-71
-309
-612
25
-773
-654
-579
-883
48
125
-105
-790
-509
-57
-742
133
30
12
-435
-309
-310
-461
-433
-607
-438
8
-363
28
-441
-222
-87
-448
-295
-33
-299
-177
-691
-611
-415
-51
-397
-241
-158
-306
-84
-801
-631
-513
-122
-145
-683
-726
-279
-230
-516
-810
-51
-330
-201
-391
-487
-294
-368
-161
-484
399
-270
-740
-281
-512
-406
-395
-551
-310
-201
-6
73
-444
-124
-445
245
254
-334
-532
-58
-413
-173
-154
-523
-431
-462
-515
-276
32
74
-530
-49
588
-429
-535
-373
192
-355
-490
101
-250
-653
-416
-556
-487
41
-467
-240
-183
-461
-762
-371
-399
22
-106
61
-188
-160
-518
17
122
-369
-609
-659
83
-365
-405
221
-699
-345
-696
-425
-375
-643
-189
-500
-19
-482
-454
281
377
-497
-486
-335
-291
-88
296
-394
-501
60
-246
83
-367
-416
-251
0
121
-483
-313
-394
-317
-192
-80
-323
-446
100
64
-754
-210
-344
68
52
66
-759
-632
-66
-370
-575
-341
-538
-147
-264
-558
-23
-618
-1054
-605
-237
12
-355
-421
-263
43
-546
-414
43
-115
-22
-236
-404
-105
-299
-573
-300
33
-278
24
444
320
429
494
278
-50
372
216
151
474
32
209
-196
145
-200
-26
159
66
-30
-365
-275
92
-332
191
-661
-12
-45
224
-658
-539
100
205
-20
26
-257
414
234
-167
-8
100
128
-86
0
-412
146
-132
-41
566
113
20
285
-443
51
-675
-288
-98
-480
-141
-692
83
-571
-385
-429
-47
-149
-131
-250
-571
-142
79
-770
45
84
-382
-292
-257
88
-592
750
52
11
-350
-499
-399
7
101
-328
-214
-616
206
-513
-448
84
-157
64
57
-155
-461
-56
-712
-413
-362
17
-321
-234
-561
-366
-380
-290
-734
474
86
-178
250
-496
-410
-266
-339
-340
-221
-347
166
-246
-251
-72
-251
270
-296
125
-37
-360
-401
-260
-46
-96
-94
-434
-436
-81
-278
347
63
51
-305
-367
-101
-733
46
256
-64
188
-480
-44
-166
-167
27
135
49
346
-121
-42
547
-346
-433
-725
127
-122
-386
-224
-117
245
-115
695
-57
-305
-11
315
-153
-159
-66
23
-32
-121
-355
-594
-50
-532
-200
253
106
221
-70
-101
-154
-282
-595
-223
-184
-245
-177
15
-131
-584
-400
156
-10
-263
306
-81
116
28
-50
-394
143
-247
139
-576
-552
-22
-37
-489
-44
-168
166
-130
-601
-167
-123
-566
39
-153
-616
-260
-494
-28
219
46
-159
-84
-430
-547
-340
-531
-356
-257
-494
-628
-178
-199
-510
-570
-637
-463
-487
-724
-518
-451
-603
-507
-756
-730
-572
-334
-598
-231
-406
-553
-727
-394
-470
-150
-686
197
-658
-901
-441
-132
-270
-422
-620
-447
-616
-491
-379
50
-323
-423
-895
-219
-476
-359
-312
136
-505
-318
-520
-923
-235
-529
-412
71
-21
-455
95
-452
188
-130
-517
-417
-1023
-497
-652
-330
-618
-121
-431
-952
-570
-124
147
-340
-264
-491
-1092
-715
-224
-572
-203
-535
202
-1020
-250
-353
-268
404
-24
56
-869
-396
-736
-267
-154
-272
-498
-352
-188
-580
-420
28
-324
54
-604
-801
-482
-399
-440
-362
-343
-411
-410
-213
-294
-488
-20
-490
-104
343
-755
-199
-405
-579
-359
-238
-428
-261
-391
-464
-24
-408
-552
-458
-121
129
-1031
175
-656
-713
-553
99
-492
213
-276
-697
-176
-555
-594
-311
-98
-46
-470
-293
-410
-464
-81
-257
-479
-272
-245
-656
-275
-136
439
-428
-342
110
-509
-426
261
-330
-723
-900
42
-198
-468
-154
-541
-82
-323
-226
-236
-540
-281
-534
-81
-556
-78
-183
-519
-50
-760
-603
-171
-66
-360
-774
-353
-280
-1016
-437
-616
-303
-443
193
-449
-346
-223
-488
-238
-138
-353
-645
-445
17
-299
-292
-219
-66
63
-120
-545
87
-275
-293
-65
-762
-138
-578
469
-19
-151
-276
-316
-218
-420
-556
-708
-232
-541
-771
-65
-638
-317
-679
-639
-11
-169
-312
-137
-194
-303
54
-225
-292
-143
-159
-372
-67
25
-557
34
-346
61
254
375
704
669
809
790
605
339
717
565
422
856
253
32
-468
360
152
370
10
-155
21
-214
636
599
203
206
-335
131
-350
71
-396
469
469
296
593
632
401
696
353
15
172
298
343
53
-185
258
4
440
411
512
-53
163
824
310
552
239
554
423
310
181
732
-156
-460
156
254
304
159
878
683
723
708
190
322
563
72
718
131
-189
-184
-385
122
378
533
439
755
852
698
407
455
-51
368
411
365
603
-28
278
376
483
376
441
802
482
740
447
681
358
571
537
38
-120
-44
440
595
296
407
537
824
513
483
464
332
368
910
478
-137
119
361
-281
652
610
752
655
543
580
464
460
333
454
650
137
842
352
-59
94
492
590
781
1243
576
915
646
260
418
583
304
491
489
-152
-259
-158
287
383
209
663
1083
1068
473
302
433
993
791
46
-89
228
244
155
29
683
242
708
832
838
732
799
890
725
289
75
-311
49
-103
728
81
546
834
800
617
866
541
363
577
395
579
-87
184
441
398
680
375
504
510
867
473
718
823
678
618
488
372
-102
116
208
-192
179
21
533
209
538
350
301
333
101
-323
447
612
710
531
211
127
532
339
345
330
91
446
881
274
252
594
85
-105
56
521
468
382
270
121
522
413
276
691
803
247
341
780
432
532
-32
624
66
566
572
830
175
755
416
205
377
572
660
1009
337
489
425
181
223
817
533
548
664
785
349
843
945
403
55
299
683
792
697
201
61
954
264
1076
1172
569
1164
979
925
1186
549
563
746
1030
714
526
75
800
1280
591
1014
863
774
1078
1022
980
366
1071
816
735
1052
586
349
800
667
554
801
967
791
506
599
713
1002
709
1256
1289
728
26
177
1323
940
918
745
515
767
1026
695
525
748
794
818
556
836
531
216
619
882
823
708
1036
471
597
860
1032
467
487
978
1366
725
744
100
401
244
1160
807
1117
1110
881
351
775
831
964
958
1022
895
462
447
821
420
895
1125
1259
757
887
773
542
759
201
966
638
829
304
506
530
895
1057
582
811
1020
1714
983
950
1169
940
486
704
162
726
-11
1064
154
501
1125
1172
1069
1004
996
947
958
1202
1172
1177
544
67
481
685
942
895
601
933
782
1167
574
710
912
628
760
1003
834
419
364
1139
719
990
819
682
1027
775
1004
765
665
1504
698
715
598
1040
692
617
604
710
1118
509
621
676
386
783
382
-12
808
53
1030
671
446
360
453
472
477
539
156
470
36
190
343
377
171
447
190
651
369
-102
545
577
402
433
618
468
-84
252
824
583
156
497
3
112
63
241
-88
151
124
298
-338
99
-81
491
-557
-222
-23
-646
152
-702
150
277
15
81
178
150
-118
-179
-20
-846
45
97
397
375
-22
-396
677
99
-137
62
338
-235
640
-145
224
228
273
140
-330
24
-424
-27
-346
25
-174
-257
76
424
-244
-204
319
-398
-353
-52
267
-10
462
27
265
161
264
-264
9
-264
-479
-60
108
-382
94
370
-21
-70
-699
-120
-257
84
121
356
43
-127
71
-323
-423
32
70
-498
-315
-469
-94
-449
453
-238
318
-237
-188
-10
-526
242
-229
-155
-315
-184
-263
-295
127
264
219
-15
-148
-309
-76
-52
-3
-421
-155
-8
-554
-156
96
408
-554
-359
250
92
-174
150
224
-284
-341
108
286
-187
171
16
55
-320
-515
-150
1065
433
277
-141
162
-201
33
-41
-352
402
80
-208
-103
-35
66
138
174
141
-3
528
9
-251
69
-356
-73
-194
-70
-122
-32
-290
-293
21
491
-50
-142
590
391
223
27
-440
-222
217
-291
109
513
-483
117
150
172
-31
-59
198
-296
-305
-418
-14
188
116
-96
552
-630
-238
281
-275
-125
-191
-374
-94
-189
-938
-11
-378
-322
-505
-305
-500
-368
-545
-324
-110
90
-306
-201
-86
-199
-382
-776
-385
-308
-151
-410
-245
-342
-787
-867
-850
-606
-42
-508
337
244
293
313
130
151
-233
404
33
89
-9
-52
268
-286
-441
433
102
252
393
159
304
253
915
249
223
176
465
-542
108
21
-352
775
13
178
517
278
-2
-38
-837
350
200
381
-80
-217
-103
-353
-362
-528
641
682
-651
-87
90
375
464
-225
-54
471
144
589
-131
-251
193
-16
319
110
-192
804
414
258
-67
129
347
-66
158
129
-136
-64
-317
425
293
220
30
-65
388
432
605
-94
-8
-70
194
164
25
-570
-111
-57
35
332
357
63
-42
45
134
434
306
-31
71
370
-469
-182
26
55
-153
371
-191
36
189
361
35
29
-213
-108
-76
-192
-257
-212
-22
277
39
-21
321
73
305
311
445
-188
-67
284
436
452
212
-276
-51
-264
353
241
46
171
51
126
46
70
235
87
170
313
-218
39
-7
24
156
59
77
300
175
-104
152
-658
-74
119
185
-543
-414
-220
-5
24
399
-134
-62
139
260
56
420
528
408
277
-293
-713
-219
-161
-159
-57
-155
567
697
436
-62
72
383
-160
154
654
93
-252
-485
-220
-155
462
351
-128
-265
-28
-245
39
214
100
487
-113
88
442
-9
-129
-2
185
501
-54
394
324
171
714
-92
-201
681
-199
-275
-205
-157
43
-232
473
209
329
-57
-201
5
154
84
495
-387
-99
-43
-173
-152
-588
-49
825
19
-398
190
100
600
126
261
122
69
-174
240
14
-471
-48
205
895
244
756
483
803
530
741
725
689
1122
895
608
919
-25
226
36
639
261
913
-6
513
291
860
712
306
1107
504
405
-161
-46
-200
462
947
177
417
-4
454
483
-353
50
-174
210
-151
52
147
405
-520
-48
332
179
78
435
-84
211
641
640
407
358
565
-27
281
435
-65
237
312
35
291
471
584
288
468
-63
216
532
-77
775
-258
509
-315
-225
480
352
255
-219
329
-210
315
347
147
280
-235
346
43
195
2
134
312
44
-47
437
259
535
134
300
75
439
299
-77
396
460
116
332
304
218
253
287
370
490
514
-124
159
120
80
162
-47
1132
-262
485
91
64
279
272
98
170
-11
98
165
103
449
805
-476
226
-158
23
104
20
461
295
57
382
-39
321
159
219
-75
-16
-103
566
24
4
385
97
287
286
458
-17
38
255
-24
158
23
-305
130
-110
45
176
491
45
284
337
275
-250
490
375
429
385
-165
-201
-76
208
-299
234
-82
-291
561
535
413
272
180
452
38
344
16
121
226
394
-24
199
486
307
252
2
-29
163
225
687
489
262
599
90
279
172
-69
292
363
87
-48
-209
329
252
223
-42
-110
75
-114
-118
33
185
-289
-468
-487
-121
-182
-432
-84
-395
-694
-515
-517
-645
-390
-368
-377
-173
-98
-1292
-797
-366
-481
-650
-619
-47
116
-672
-848
-747
-8
-193
-190
-562
-79
-572
-250
-14
-122
-319
-477
-988
-1093
-735
-137
-398
-338
-748
-169
-151
-426
-542
-119
-700
-111
-578
-411
-603
-488
-119
-173
-543
-51
-231
-324
-654
-238
-194
-531
-812
-167
-296
-274
158
-787
-722
95
-582
-356
-556
-306
-1071
-10
-816
-878
53
-152
-411
-522
-125
-451
-376
-424
-348
-646
-623
66
-279
-535
-142
-538
-276
95
-273
30
-259
-666
-334
-538
-269
-433
-488
-483
-819
176
-27
-709
184
-389
-480
-308
-47
-245
-552
-323
-663
-664
-185
-131
-714
-183
-393
-482
17
-631
-258
-636
-890
-555
194
-628
-370
-278
-460
-498
-1030
-677
-195
-796
106
143
-556
-692
-440
-249
-395
-439
-553
-39
-498
-573
-327
306
-178
55
302
-455
-750
-340
-586
-778
-431
-964
-542
-80
-345
-574
-669
16
-847
-924
113
-594
-213
-451
-581
-582
-817
-339
-490
-530
-1035
-175
-268
-480
-428
-195
8
-39
-50
-423
-451
-896
-158
-373
-272
-474
-704
-377
-522
-35
-410
-162
-148
-431
-988
-895
-433
-401
-224
-564
-561
191
-820
-626
-1159
-185
-262
-186
-563
-270
65
4
-333
-6
-146
131
-300
-291
96
-223
-446
368
-220
-237
-117
-3
-174
194
-93
-239
-250
374
-64
-214
105
-116
-308
-94
181
172
-148
-91
5
-86
-121
-136
98
-64
8
107
-50
58
64
77
-45
-22
63
-77
74
51
24
69
-45
-22
-45
-22
-43
168
27
145
-45
-116
49
-162
-253
-162
-90
27
49
19
-47
-262
-68
54
-220
-32
-76
44
-141
-67
27
23
49
-141
-136
-73
49
-136
-42
-45
27
28
-162
168
-162
-118
45
-253
-162
-116
49
-66
-121
-68
49
-68
123
49
-35
-26
-40
-144
-68
-68
-45
-162
-253
49
-68
54
-167
-141
-5
-122
-22
163
44
-162
-136
-68
-159
-73
-162
-136
-162
-159
-45
-280
32
-227
-31
90
-159
-253
-68
-68
-68
-258
-68
-164
49
-68
-47
27
123
-50
-44
46
-4
44
-162
-68
-162
-162
-253
-42
-47
-136
-353
-40
49
-142
145
-77
-353
-162
-68
-253
-159
-253
-159
54
-163
-68
-162
-258
49
-23
0
-28
-161
95
140
-136
-162
-164
-267
-42
-164
-164
-230
22
146
-73
-46
-26
-81
49
118
-68
-253
-42
-45
-136
-136
-253
54
49
-104
-45
95
67
-168
-162
-139
-139
-159
-68
-50
-73
-68
-236
-136
90
-69
-41
45
-118
-361
-68
-73
-95
44
-42
-162
-164
-172
-164
-141
-70
123
-136
146
-66
-66
91
-239
-135
-41
-162
50
29
20
-26
-232
-64
62
-101
140
-176
-141
-384
-168
-59
-285
-285
22
-272
-159
-90
-6
-216
-159
-1
