-35673
-69545
-80905
-94781
-90325
-43688
-32688
-92461
-101813
-76082
-95483
-85208
-96375
-88569
-55835
-65520
-9241
-56619
-94939
-99022
-102695
-24422
-40944
-112665
-110697
-7435
-82946
-133341
-107802
-103586
-71787
-69276
-43659
-54936
-73411
-109243
-90778
-38825
-40141
-79374
-104882
-96969
-91107
-113092
-92710
-79753
-56505
-50967
-49942
-57213
-35685
-36831
-59643
-100234
-77889
-103420
-81861
-63055
-55617
-63765
-60025
-57835
-94001
-88669
-31214
-70584
-51130
-58885
-56244
-92196
-87335
-64515
-59891
-69900
-58694
-74511
-68926
-86330
-71149
-71305
-48194
-46590
-40224
-88481
-96085
-63472
-76573
-64565
-60970
-99493
-111921
-71059
-66046
-67190
-29541
-50920
-42126
-79602
-122371
-125733
-91806
-61947
-68553
-77405
-115277
-101887
-85747
-64679
-14164
-29853
-109494
-75455
-73138
-60342
-80539
-128208
-92117
-21279
-74214
-106878
-38702
-42673
-19969
-50423
-38921
-76515
-104174
-100482
-38898
-67029
-74942
-107172
-67373
-92669
-53477
-55819
-45163
-53472
-93282
-76531
-125140
-85696
-51373
-48897
-43631
-71746
-56057
-57041
-59167
-62647
-95471
-57866
-53892
-64580
-100897
-88757
-85767
-90736
-50902
-80277
-44236
-67368
-36208
-95931
-82765
-62246
-87518
-92387
-46398
-63416
-67211
-73672
-113598
-114240
-69889
-48796
-31876
-39966
-75215
-71066
-60724
-81686
-86368
-46843
-60709
-84970
-101966
-77618
-83549
-104305
-55250
-61036
-86915
-58629
-44676
-116726
-87740
-106352
-112549
-36916
-43103
-48552
-36224
-28028
-94845
-116301
-56232
-27179
-29351
-75382
-66011
-99337
-97222
-86191
-66331
-22991
-45489
-59417
-21063
-56056
-61752
-99118
-57477
-61319
-60524
-96311
-87020
-88615
-115236
-93936
-91412
-67988
-73695
-67838
-49866
-45656
-84198
-101003
-82830
-53062
-7137
-22181
-42783
-45349
-16830
-65328
-66716
-28849
-7343
-39516
-63512
-23510
-12347
-45859
14591
-18741
1070
-6309
3543
-10721
-26651
-18146
49
18317
-501
-19486
-49692
35124
-14935
-39409
11302
-9011
-25066
-28756
11227
-14901
-29847
-4622
-9999
-39971
-56013
21446
-29457
-42786
-11545
-4145
-21358
-27977
-18186
-10404
-43892
-45867
-16929
7319
6010
-38486
-16410
-16605
6156
-36990
-35087
-9478
-9515
26904
-39082
2561
-6509
-29003
8240
4685
-14384
-58001
-28008
-19372
-10081
-34635
6745
-464
9800
-29924
-15376
5068
-56930
-10699
21813
-34321
-46892
16651
-16773
-64560
6294
-13310
4275
-24849
-12477
-23011
-44735
-13964
41012
24883
-49161
-28743
-70956
6262
18376
-6496
-52125
-27068
-25284
-30824
-12276
29409
7030
-19305
-72954
-27394
-7901
-32349
-36643
21116
-11120
-24077
-27007
-7643
-13018
-23033
8541
-24839
-30505
-17141
-18037
-49663
-6388
4918
23964
-57992
-38637
-29969
2046
6351
33062
-2305
-28826
-26436
-31224
-1770
5629
-46781
-17856
3165
-18478
-31374
-17939
750
-1301
22239
-62597
-51818
-38294
17896
-29718
-23554
-57564
31127
12862
-40753
11410
-9445
-22403
1251
-24914
-59129
14514
-21508
-2100
-2600
-17526
-7267
-6360
-46329
-7988
-3986
-39812
-21197
-8332
-4390
11774
-41680
-70625
-27463
6965
-10784
-32311
11879
-24767
1372
-18394
-8235
-11407
-22711
-12825
-21294
-33311
-5879
-26498
22886
-24863
-7245
-17644
-16021
-23309
-34765
-10892
-44621
-39844
10195
3756
-29375
-50051
-3310
18491
-57342
9609
-2981
-39349
9107
-3492
11362
-7629
-29137
-53891
3128
1471
-18097
-12259
-17010
-17786
12693
-12061
15083
-21312
-47757
-34417
-31707
-55208
-12380
33330
9641
-29571
-41545
-15538
20563
-49730
1819
-3653
-49490
-31044
15241
14967
-35363
5558
466
-2173
3759
7667
7019
-31311
-26647
-15304
-40169
39674
37382
-50698
-92807
-100641
-75552
-60390
-41995
-85315
-89436
-81429
-61457
-89192
-109701
-74415
-68606
-67462
-62411
-43696
-47422
-51447
-65928
-50241
-20398
-34441
-35330
-24814
-51651
-12934
-24639
-44112
-49943
-25110
-16527
-66826
-36088
-9737
-36440
-35703
-38858
-52969
-60641
-11537
-53858
-86394
-82961
-62828
-42523
-56018
-34301
-30051
-27755
-60215
-52044
-19217
-49768
-76085
-57034
-24205
-67969
-36043
-33963
-6781
-30270
-23114
-12707
-30334
2527
-6136
-24059
-50211
-38523
-62372
-76107
-28053
-32238
-19482
-27658
-24315
-56753
-29088
-41273
-27340
-38468
-92574
-65679
-54990
-35259
-30603
-5648
-49198
-66609
-53870
-52264
-15225
-43480
-52735
-29302
-54312
-7924
-17591
-32733
-41074
-17035
-32370
-51918
-61215
-61962
-44140
-62093
-21942
-46257
-27725
-22847
-38095
-47166
-76237
-76597
-32578
-58681
-48837
-42042
-43936
-13107
-1147
3260
-36566
-47282
-52609
-52785
-44916
-50345
-62547
-17471
-9678
-39137
-33695
1091
18441
-29838
-41521
-58774
-37626
-54635
-28906
-28154
-43300
-21020
789
-37149
-32085
-57719
-41782
-61900
-48200
-76805
-45822
-63840
-102153
-69878
-27476
-5109
-34427
-20331
-39277
-20535
-30050
-28608
-9653
-45555
-62890
-64636
-57913
-42686
-12596
-149
-8576
-50204
-33994
-9402
-37091
-87714
-45347
-56643
-73833
-46594
-11382
4149
-28139
-41952
-73942
-65046
-27758
-23773
-30460
-44895
-49308
-23318
-15605
-43717
-28509
-19969
-24500
-10515
-3550
-38253
-8332
-15039
-9926
-20405
-35678
-60590
-73912
-76403
-95619
-61604
2853
884
-20186
3760
-11139
-5887
-48587
-49453
-32490
-30964
-46874
-46012
-25183
-6793
6646
-26253
-43917
-50554
-47979
-20485
-48329
-39160
-17372
-37005
-1492
-30664
-42104
-53953
-33616
-33555
-60647
-46011
-53490
-52894
-48707
-33162
-42902
-40739
-9100
4626
-37324
-13751
17626
21773
37963
37444
29973
695
17474
56288
24686
3977
19307
16837
24809
8311
3831
37336
40988
35985
5622
40336
23433
-10449
14530
59759
493
5724
38134
29767
36418
16226
32308
2445
32360
9873
19056
50135
2255
18710
27944
73982
9538
27066
23986
64337
18512
20386
23787
37712
36894
-29139
48443
24814
22412
26421
58014
37099
30640
65783
25877
38039
22933
33699
21737
13731
28488
1564
19669
115
58558
33768
58264
-3091
40511
38135
43246
41888
-10127
62294
-8066
30645
35217
18400
28221
41330
-9420
21107
50764
-25154
13408
43397
30105
35794
20128
38083
35542
34203
41312
5219
25327
18670
11978
9979
5320
58684
36450
18445
4038
2471
13634
34913
39132
23426
21203
-15016
49331
80646
-14084
34768
37351
43962
14981
27200
27147
17032
20033
39098
12262
15558
45612
22725
38583
23671
3784
35806
23794
43601
-3155
48563
21912
40779
24717
51298
21693
21512
31303
27524
26565
3624
37859
22407
9751
16222
28940
26428
58011
17064
62204
32347
-12358
25235
39756
-29444
24260
52237
1947
37614
28251
26336
23580
36165
13780
35765
40478
9825
10569
24062
23240
16389
6349
59237
7361
24474
47066
12782
7611
34619
9028
-4264
9964
44990
-18256
26761
31042
-18768
39481
29883
23813
64999
34898
-29905
30271
17065
30464
4392
39667
13929
-1214
6713
35329
41032
33671
28860
25419
27397
-13702
-567
38102
49163
5564
25955
23439
51542
-14176
42359
58857
14062
31025
38407
27187
6014
33987
10511
47173
6099
63281
16523
57626
-5762
738
-5729
22485
7803
12611
17287
25772
26936
-2003
1146
7927
20693
17989
-1363
19140
12153
-15905
15642
28144
31885
11726
28777
35650
16892
15699
13854
46281
31891
52692
22279
36290
49970
33036
10686
5279
9203
11195
26099
36223
-7258
-3029
26784
70940
-1474
19373
66182
64728
34917
22286
22645
42226
-122
27156
52821
25150
27999
33911
3643
21717
79182
41601
22638
11372
7012
17396
-34518
27474
35470
4465
-40530
-34246
31901
17711
21899
19253
11661
-15622
-13209
-22798
-3593
-6307
27394
16893
31230
21201
24288
-9245
20915
33265
-16341
-37264
3170
-2741
937
10638
31175
21556
18143
35525
43884
13347
4309
37194
5250
13837
14464
18918
5387
48520
10238
26335
12390
-7487
-33566
-3695
-2641
76958
93163
58377
31479
27794
40636
68318
34997
12923
-1236
-39598
-25969
16659
16483
61883
63817
37496
37069
35614
-10906
-17182
28955
-7744
10767
-18035
9685
6168
19311
35103
35235
26855
30572
-10232
-13036
7996
38330
-363
-20018
-8858
-14204
26080
4430
86280
55998
19849
-24975
15293
18708
28011
2626
-6204
12526
31061
11204
31532
11790
3664
57630
14045
-6990
-16164
8150
19286
27309
-21823
41366
45595
-2694
28076
48894
-3328
4264
-4799
-1773
30345
46714
44789
23324
36723
5815
60965
-2712
-5430
44832
31998
-18633
-1576
17477
71590
46690
29399
-6204
5491
-21325
46980
46996
2641
23423
34870
49560
31461
12568
4670
9002
23706
26044
11105
67987
36419
9084
35483
42825
32327
12047
37484
-4165
-3245
-1761
1559
-1649
653
7921
29792
-2005
14860
-534
7417
27461
14918
15206
74243
59826
39368
30354
7049
17688
37963
10172
16539
23004
27372
23184
13925
-22149
-35207
-8019
-43952
-28517
-11977
-16957
-54652
-38149
-3480
-11524
-21413
17055
-14814
-51959
-30377
-33245
-39503
-47365
-33870
-37323
-14655
-17317
-39643
-69262
26848
-34864
-15178
-18771
-24177
-4729
-60375
-68090
-74469
-28908
-42992
-83733
-95151
-19103
-53173
-55381
-88115
-87196
-52765
-76013
-57223
-20393
-40424
-91174
-74301
-53281
-26712
-37849
-78135
-22022
-55677
-68820
-44821
-47305
-44586
-37725
-4666
-27138
-35919
-15316
-27829
-58306
-44281
-63772
-85679
-66056
-31100
-63319
-59984
-46066
-67421
-63257
-96049
-1360
-10864
-90924
-81669
-71739
-90064
-74027
-50054
-73192
-66356
-68834
-76797
-66564
-68776
-51440
-72054
5038
-6686
427
-29530
-76366
-77852
-50781
-57453
-99548
-55484
-85734
-77528
-70788
-70445
-35394
-18508
-41403
-35585
-116368
-69990
-59788
-64320
-59180
-35979
-42681
-118730
-36944
-61571
-11974
-69749
-37314
-104333
-17658
-40116
-40463
-37396
-3459
-62251
-10408
-72663
-22004
-22944
-14235
-43305
-60284
-45404
-98934
-44623
-10950
-1451
-70961
-61946
-60116
-50105
-102944
-65144
-68072
-85432
-49093
-61537
-86297
-89046
-42764
-69131
6451
-50789
-58899
-54304
-27005
-67549
-22665
-53034
-23013
-81446
-89996
-73235
-42412
-18261
-29593
-68035
-33347
-38782
-45292
-50254
-76142
-90676
-70110
-70206
-57842
-54826
-36227
-66711
-95007
-92997
-58248
-58115
15130
-6417
-76983
-39703
-13317
-60573
-1596
-49201
-90952
-52970
-62711
-51811
-65811
836
-43296
-65038
-30027
-37504
-58462
-101063
-85364
-100026
-65015
-54090
-44449
-3985
4304
-23240
-23054
-95826
-5476
-82217
16142
15032
-70946
-22091
-38212
-27261
-51837
-27612
-72160
-12142
-27867
-40106
-67565
12610
-61233
-16941
-40415
-74785
-97910
-77250
-86507
-85665
-34157
-65708
-98204
-45301
-40234
-35125
-87285
-63701
-48349
-91306
16279
-1609
-19720
8189
6660
11919
-12403
-4317
-16622
-6647
-17012
-11018
-3276
18707
9169
4402
-13088
4444
21887
50522
48780
17523
26715
600
64298
39304
8647
12416
56424
48335
17951
33957
11619
11595
14319
63533
62643
40481
22908
54304
12627
65530
52734
37808
63163
5294
53704
24826
-635
18998
69633
58311
-7942
46939
56902
63341
8061
66219
5202
34673
22270
35987
40097
-2575
52827
8170
23758
12922
31708
10920
22413
71566
17153
22247
12142
38171
25916
42752
-4896
60569
5498
5274
39525
-1542
43322
28481
67138
17340
51156
32897
46672
31352
11438
47063
57129
38029
-8792
-5943
10773
30267
68315
46595
58322
19344
70059
16360
77672
58814
39428
43932
6322
32835
20084
-676
32554
50312
34556
68044
15429
48042
52436
50714
24063
43224
27221
41815
26186
57666
29335
43382
38689
25559
22365
33349
-9349
20987
-4948
66451
18683
35206
21214
28628
65556
39608
3190
-22251
6817
35361
9283
33517
18293
62834
19772
8900
-18010
30716
67123
54659
38446
17712
18492
8897
39495
9813
23355
23364
30071
58050
56007
44006
39486
65949
21334
38959
28293
70283
-9598
9164
3457
54800
37733
18087
57031
36101
-19347
29472
88255
42154
76328
32933
28954
23980
-3669
9992
40782
-17205
15172
88737
22442
36661
49801
30421
43326
48387
10749
30420
45028
9971
9477
24318
4258
58259
57978
35038
3451
32021
27768
18858
39351
11417
4300
63005
794
52733
-3281
-6433
35013
15660
54357
48395
54811
13501
24996
-1791
14946
-29928
13813
-9689
23661
23500
6415
16635
14199
41720
67881
30207
32868
34008
36303
22891
45985
44914
5938
29463
35926
11082
1885
-13935
26671
19908
-420
-18825
-11227
1707
35965
15860
17744
-18333
52598
-519
20843
-13079
17190
6917
-1811
-7887
1617
-6697
-5665
-6958
22478
-13720
-10956
3128
-8286
9149
-24015
-6119
-9843
37580
9105
10723
9996
-22480
-13451
43422
360
27817
10527
27748
12299
-11227
-12689
-1720
-25559
34536
23053
21008
-6103
-12476
-8586
38872
2524
16325
2443
6607
-7007
28213
-6711
-14278
-11178
38695
-18731
17532
29677
-23730
9636
60475
-11871
-4677
39191
41907
18725
692
-7462
16660
-43046
30546
16881
17792
-4699
-13843
34321
22350
-13786
2771
43391
16456
-11009
8254
25380
-25709
-38007
25613
10111
6775
12701
-671
25020
25620
5388
-22778
-2467
21288
-8820
6563
16677
-4942
-5493
24385
25496
48696
3226
-16313
-9021
17192
4792
25530
-25798
-1977
-24721
18899
30053
14304
-27238
41354
-28437
21928
8747
10379
-9777
-7844
31269
55478
16214
5388
-1577
-18411
35814
-14632
-52766
23475
11200
49989
-630
-3584
14231
21830
4068
2699
-3237
7213
23781
20777
10063
3228
-22622
56786
20270
24655
-23990
-7820
15256
6776
-2626
-8264
18079
3396
4478
12408
5650
22240
-35753
24915
-11248
31769
21793
-6500
21682
12504
-32893
3300
48144
637
37046
35382
-26536
-29390
-23122
46882
-4439
-18120
1440
29588
6460
7728
18131
-9540
42219
16760
-27481
-2871
-16948
376
-6999
39854
-14812
53696
18374
-21699
27733
8905
-29398
-12167
35570
47560
18407
37689
-27300
-21113
-26197
48950
-4599
1451
-1007
7938
29529
-20961
-4255
9461
13004
17837
32769
18496
-6194
-11111
-12550
64198
3431
35121
41491
24034
-15899
-48585
-17466
4616
19564
30928
-7264
56589
-3071
-40755
-17761
39620
-9269
-7904
7736
14458
6924
-282
449
-3595
-16071
17150
24575
23579
14808
-21248
-18232
87
504
354
374
567
507
695
322
604
869
344
755
740
444
308
113
-296
507
-109
137
-78
242
-163
-97
-95
364
-105
-170
-113
253
135
-402
-709
-187
-214
282
501
-166
-529
-410
41
-354
21
280
298
20
2
77
-426
61
30
554
214
-824
-209
-106
-62
63
-3
-277
-237
209
306
-286
-151
623
20
-118
-92
-353
258
588
-81
-560
-55
-112
32
160
-16
-408
-817
-630
-182
337
176
-394
187
586
-77
218
112
-42
220
250
-144
-154
-400
-114
-221
-158
279
304
-399
-267
67
355
508
260
-234
-305
73
-454
-592
-75
-36
-29
-154
87
74
-353
134
-142
55
-388
-359
-23
281
165
-785
328
457
-292
373
129
265
-111
199
-210
-303
164
-184
-1
225
-8
-725
317
239
424
-24
-286
231
-70
304
77
-247
-242
64
-60
240
-43
-542
-240
16
-43
19
-11
48
172
477
-599
-186
298
-122
-101
32
19
-525
274
-115
150
-181
-439
-45
385
-1
-329
-107
275
-306
201
-232
7
-250
-168
455
-171
105
179
31
163
339
-766
-568
176
692
-575
-32
-158
-955
-59
165
262
64
177
-8
322
-479
-368
125
-38
-257
101
-198
-147
-64
365
-131
446
182
406
584
331
180
-164
-188
263
1164
678
503
186
-828
56
-465
-680
-258
-513
-626
-473
-330
-472
-531
-655
-394
-882
35
-23
328
285
-239
-91
164
24
-118
-319
106
295
205
-244
185
-7
-188
-263
577
838
387
426
928
393
-69
804
768
556
620
590
318
390
390
388
531
426
327
808
572
354
-47
248
227
349
290
571
437
656
330
219
710
234
-71
733
293
-71
634
471
2
402
445
761
81
570
-123
314
282
794
552
214
179
-8
1090
627
397
506
145
68
259
54
650
631
141
447
493
590
371
166
411
688
-83
145
356
367
212
203
668
150
-33
275
182
566
933
316
162
271
140
596
516
305
365
598
354
281
313
977
456
257
565
262
-294
171
486
490
801
246
73
-64
559
546
471
645
66
515
468
48
130
327
746
156
-178
452
765
524
874
277
375
686
431
653
281
222
363
237
563
96
659
736
362
536
290
232
595
572
499
604
-95
-84
520
686
-2
-74
732
419
272
252
455
75
282
600
-95
56
254
10
445
907
-94
458
874
740
121
211
443
23
381
757
626
74
275
421
834
379
-45
285
1152
399
485
373
856
205
454
546
7
278
151
513
541
395
-242
-40
826
235
533
62
409
-239
380
1244
28
805
682
884
1137
164
240
577
687
397
221
737
1216
206
441
529
290
524
566
381
83
473
342
82
444
551
408
1198
518
196
986
876
343
730
711
522
559
541
758
678
770
584
723
536
764
76
1298
864
966
825
1277
774
1027
914
952
865
1140
1470
1199
1165
1112
672
1372
1030
1359
1363
919
1027
718
1281
1202
1248
1104
1401
1241
1267
1273
232
1341
805
760
1080
949
1244
1481
981
857
914
1102
1138
594
722
739
235
721
1429
1446
600
964
770
869
736
1012
976
1266
371
985
765
979
395
634
1264
1032
916
881
1153
653
654
1303
828
1077
897
1088
831
702
-174
1033
883
1034
1001
1366
796
1390
1110
1312
1207
1057
943
906
1066
897
341
721
801
1084
1178
1162
1046
594
1140
1246
741
1063
503
919
837
736
86
1042
1239
1632
1144
600
1337
1017
397
889
592
850
1308
1215
1146
1312
-74
1396
653
737
472
752
724
980
617
475
687
609
1015
826
1169
749
217
1269
809
1173
1116
1266
1251
921
1221
896
881
969
924
1341
1007
779
13
1226
886
466
769
911
1030
1195
1067
744
895
1116
548
705
874
1117
110
1011
1231
1529
1561
1170
1379
1205
597
599
1433
850
1245
1256
1302
835
252
1153
1483
737
809
1151
1005
242
462
917
1031
1431
1029
1271
768
852
-170
1324
1532
1540
2127
1502
1053
835
1223
1193
1308
1015
1266
825
1409
776
658
463
542
424
326
650
658
485
804
637
407
412
763
199
733
112
193
-22
-386
-845
-611
-416
-453
-615
-698
-595
-519
-689
-535
-745
-550
-442
-694
-27
-836
-1038
-1207
-963
-861
-658
-1253
-710
-1297
-961
-713
-778
-618
-720
-1087
-165
-680
-270
-1210
-1102
-1373
-1602
-1182
-787
-772
-826
-1284
-474
-984
-931
-1129
-229
-572
-1385
-946
-716
-613
-1190
-943
-1098
-980
-1185
-369
-927
-1032
-564
-981
-101
-641
-1656
-857
-901
-1006
-1088
-842
-1162
-682
-668
-819
-1205
-627
-764
-919
-404
-1185
-1020
-1008
-1089
-1269
-1112
-800
-999
-855
-681
-678
-725
-1389
-907
-993
-407
-555
-564
-950
-695
-1375
-953
-580
-887
-981
-1168
-1149
-911
-835
-473
-848
-370
-559
-1190
-1279
-711
-814
-835
-1032
-798
-724
-1027
-1512
-1226
-928
-1028
-1274
-486
-432
-819
-956
-1100
-786
-824
-927
-392
-1040
-675
-717
-1101
-933
-701
-1033
-173
-361
-1142
-785
-851
-1369
-646
-1093
-737
-1177
-1293
-1265
-1304
-1320
-294
-1049
-240
-554
-782
-657
-863
-702
-465
-948
-1040
-771
-1572
-756
-760
-1123
-643
-1453
-33
-587
-1167
-1141
-832
-1062
-1100
-1175
-956
-1034
-1203
-869
-928
-1377
-826
-962
-317
-980
-1056
-896
-422
-715
-1196
-1207
-750
-1310
-1263
-497
-733
-1548
-671
-1485
-435
-540
-1117
-1352
-810
-1199
-688
-518
-851
-1183
-892
-536
-1092
-926
-991
-1021
3
-868
-739
-669
-930
-1117
-891
-872
-1475
-1025
-768
-1038
-950
-776
-1151
-1076
-430
-866
-796
-1030
-925
-793
-527
-681
-747
-908
-1010
-137
-626
-552
-979
-867
184
17
-46
161
39
119
33
-145
163
491
-47
296
189
-164
156
102
623
194
458
429
460
125
889
348
365
286
28
1008
352
359
531
737
902
404
838
473
168
400
189
459
401
697
763
680
670
838
588
143
743
412
686
511
281
672
842
1005
359
829
209
828
387
337
440
246
194
590
598
376
327
183
735
622
256
755
298
451
221
776
800
1002
984
21
388
444
746
456
416
809
569
509
743
328
980
276
234
138
213
158
543
512
521
525
664
359
733
643
611
833
721
30
317
638
770
209
861
512
629
927
678
1030
124
680
475
310
274
520
652
542
183
326
373
481
203
504
448
784
696
429
209
480
1065
920
774
126
621
815
763
360
504
710
850
229
444
791
875
735
178
508
406
581
709
555
406
721
634
229
922
566
339
527
407
617
441
707
827
485
191
636
606
474
400
315
587
543
585
368
1078
873
600
302
616
341
567
402
562
683
585
778
820
352
987
714
539
238
28
606
635
600
-4
537
592
367
583
533
511
557
512
18
1025
899
725
282
-13
303
105
934
671
856
724
253
191
571
930
377
1161
155
283
484
583
378
483
117
232
730
-6
100
-405
312
156
240
59
520
92
557
-248
256
575
49
-20
-259
-117
280
31
266
78
-137
77
58
8
57
41
-55
726
92
249
84
143
47
201
280
8
63
-35
587
-57
-194
459
-240
998
-323
111
124
-482
209
397
138
-83
271
-252
184
-252
246
-214
-418
713
-94
296
90
107
151
516
-299
-131
-61
-81
12
-253
-142
-292
-373
228
55
421
-597
183
646
249
-251
191
3
-321
-68
33
270
140
-222
616
43
281
-235
291
502
-29
-49
430
460
-80
-78
-148
276
-531
-524
751
-94
260
37
69
200
-34
-315
139
465
-100
28
84
-210
-310
-400
928
392
139
-238
121
263
-207
139
-236
-161
-49
-90
264
89
137
-620
596
-472
153
110
-552
465
-11
-203
-500
-84
-301
71
163
143
-449
-519
1024
-291
41
-58
172
564
-212
77
-159
463
262
-39
103
98
-518
-56
895
-285
-106
-236
16
23
49
-24
-329
688
69
-510
182
206
-208
-18
582
171
377
-159
-175
194
-11
-44
-329
135
-47
156
-122
188
20
-152
678
-61
591
-70
17
50
83
-266
395
674
7
-691
175
355
-100
74
658
-59
236
272
81
188
-398
-203
605
84
48
11
297
-505
295
-5
810
-16
-440
187
-192
-400
-62
436
693
-315
159
-268
-64
370
13
103
685
-249
633
520
153
-9
288
690
316
324
-14
163
439
24
311
19
327
-45
236
-77
-322
-143
161
-121
-47
69
-159
61
-100
14
-165
-492
324
282
610
-129
-310
-68
174
594
-161
318
-127
-194
-66
-307
-192
-475
81
-202
-297
-175
-74
422
29
-600
-367
-173
-138
-87
-198
-226
-205
-190
364
145
-190
-197
149
-254
-86
-135
-28
8
293
-94
32
47
-227
-193
233
274
573
-5
52
-3
-26
19
136
195
-262
-31
-363
-311
-262
-545
534
-301
-192
-40
155
-153
-191
402
-4
-194
-223
-243
86
570
-39
-433
359
-183
143
-316
-122
17
-127
-90
-277
181
238
159
347
-66
-272
-587
639
-497
-366
-25
-371
51
125
130
206
105
377
325
-225
-151
0
-441
257
24
316
-242
17
34
243
257
130
316
-486
-65
12
-261
-87
119
-132
-383
349
700
-342
372
-59
-640
-400
272
103
-65
253
66
-335
-275
40
-179
-384
-490
438
-132
-75
-104
70
327
164
-184
-408
-117
-560
-555
-25
-266
188
19
-199
65
-600
-215
330
-75
-196
-107
-382
-108
-229
-261
258
-248
-98
-151
-125
-268
-112
258
2
-4
-279
-223
-151
-121
-273
-388
256
-390
47
425
-318
501
200
289
620
75
-75
-795
-118
76
-314
-145
-306
181
-84
183
5
-235
-269
-237
-219
140
-745
61
78
424
185
-70
15
129
-139
-309
-245
-223
-70
200
248
23
-66
-221
234
-141
-3
-463
234
97
438
372
295
618
180
158
297
336
499
-240
406
362
106
122
528
860
252
792
1028
1151
967
940
1070
606
917
891
363
832
787
322
240
644
558
876
1029
753
986
919
623
689
821
990
827
1161
588
475
469
324
1194
889
845
680
495
877
819
1047
681
1004
1140
795
464
223
687
417
783
696
901
728
994
434
1252
993
100
679
807
705
389
467
324
679
710
639
645
1088
889
235
490
449
364
1217
670
1098
795
577
30
893
592
573
794
894
880
590
1128
647
791
1015
1029
682
686
284
-276
183
938
938
1267
861
699
608
1072
1461
527
1093
470
391
371
878
664
664
786
897
1583
1150
642
890
781
668
1011
969
1246
732
920
175
-108
549
538
225
916
610
66
489
623
714
1150
675
754
803
501
319
327
542
1195
1157
659
726
812
825
1199
552
796
685
386
403
519
597
141
455
647
472
704
834
1001
1079
584
1236
298
203
686
809
1157
430
419
739
934
363
502
697
910
716
891
703
1029
294
689
442
486
678
566
304
1113
485
831
866
1099
1339
975
1016
279
709
288
495
883
742
490
582
934
895
663
335
1055
647
945
740
1030
591
602
-45
1011
39
250
-116
462
411
115
545
714
790
195
293
728
288
524
348
32
-83
-348
-585
-466
-513
-353
-573
-330
-401
-678
-529
-789
-509
-795
-435
-148
-134
-146
-719
-638
-742
-656
-673
-550
-297
-559
-1054
-268
-642
-367
-527
-511
-155
265
67
-87
-422
65
355
-427
-91
139
-73
-406
-299
3
-345
-36
-240
52
-430
-530
-256
-65
192
37
-48
352
-334
21
-91
-235
-295
-342
335
-24
-113
563
135
-184
-202
-414
-461
158
-191
254
-238
325
-515
57
52
-86
89
-143
-402
-62
148
-379
105
161
-582
27
204
-618
207
135
-287
43
259
-106
-202
-437
448
154
-125
-655
-143
-676
-474
336
-232
-42
118
468
-149
-104
-698
-151
-126
-588
-91
-223
-357
-198
8
-65
32
-319
72
-177
-254
-192
240
79
-97
-402
439
53
559
141
421
42
-439
-421
116
155
-560
6
-141
-340
-665
-282
-67
175
423
-1
-286
-262
-29
156
192
-74
-406
116
-387
223
-492
309
-248
-121
111
-90
-4
483
-205
-58
43
-24
-454
466
77
-349
143
-66
-345
555
478
-46
-328
-127
-285
-27
-489
-216
27
-232
140
-34
241
-267
-94
-502
-99
-299
-365
-245
110
255
56
143
-368
-541
-292
-96
-400
-310
-572
269
-309
781
-369
172
-292
-336
321
150
-154
68
-62
636
69
343
458
555
234
-272
-90
57
42
-115
-238
-262
-277
-338
-322
-557
-284
-693
-574
-455
-564
-285
-171
-359
-434
-276
-478
-520
-232
-136
-100
-870
-99
130
-503
-323
-674
40
-99
-535
-160
-356
42
-1104
27
205
123
-413
-706
74
-71
-126
-823
-121
158
-451
-587
-23
214
-493
706
-246
-105
-195
434
-241
-277
304
203
260
-112
-51
452
-636
-228
-659
549
-229
-54
163
362
-132
-34
-104
-86
91
146
-78
-72
-37
513
-921
295
454
371
130
-361
-308
-340
153
-28
367
67
-145
358
38
352
-464
790
-409
-84
-25
-193
-256
341
253
28
6
274
-305
422
-205
46
-876
-316
282
-40
187
123
431
456
-137
2
-174
-73
484
212
403
360
-572
663
-682
-372
23
348
-37
-290
0
44
328
354
-102
-12
-112
728
-739
-214
180
102
82
-463
-251
-267
255
669
-355
-252
269
404
-223
335
-791
347
159
-35
254
-24
-110
67
396
-212
282
-83
-576
-33
656
721
-1005
3
135
187
233
-378
192
141
206
-123
-231
-94
149
-10
5
353
-703
174
159
27
-286
143
156
74
370
-134
-98
-141
-131
-420
-13
688
-531
680
-261
19
372
-463
213
691
-248
-280
-12
-176
36
124
351
585
-506
344
344
-299
-13
-322
-107
181
153
133
442
152
496
-107
292
262
-761
412
317
-163
34
-68
450
525
-137
27
93
56
87
339
549
446
-112
454
-30
8
-220
264
529
82
-333
-143
-180
49
650
233
178
225
175
893
735
514
533
726
903
856
391
675
817
212
537
658
836
383
-250
499
265
861
567
338
365
890
633
-12
802
429
827
819
742
319
-257
414
-68
508
596
538
298
75
663
-76
891
-15
10
309
76
-136
-272
713
294
41
446
592
51
498
1157
172
366
240
483
-263
449
718
-810
139
519
839
-33
918
-48
-11
185
248
221
670
775
318
721
249
122
489
116
486
203
975
-160
276
453
-4
1034
741
759
702
577
-16
-174
717
-53
605
35
835
82
602
886
240
128
92
526
684
779
535
146
756
68
60
462
266
272
235
732
446
175
635
173
913
272
385
-468
636
65
511
722
215
125
483
264
721
419
421
780
439
206
284
-277
279
-108
350
298
-74
197
529
371
350
625
20
-12
423
535
368
-508
677
394
-47
209
6
516
199
589
369
-169
642
-46
-370
960
103
-415
-159
814
73
153
880
52
24
460
963
89
233
268
271
-23
560
39
77
353
541
616
271
560
516
718
674
173
58
675
-240
336
25
130
365
3
240
216
16
-104
-93
673
790
320
653
631
190
493
14
-247
4
351
-212
1164
-342
493
204
386
566
311
1
784
-76
-62
372
-274
71
-24
-22
-154
456
260
-112
-161
-68
48
99
5
230
131
-36
-328
-331
-883
-841
-456
-118
-323
-1107
-518
-403
-325
-496
-329
-668
-704
-776
-595
-662
-1039
-1321
-547
-553
-946
-984
-718
-554
-1177
-892
-939
-857
-722
-636
-436
-1092
-910
-1002
-227
-222
-981
-618
-29
-301
-892
-437
-588
-594
-373
-212
-242
-709
-546
377
-105
-766
-876
-239
-185
-373
-55
-475
-392
-972
-1096
-470
-396
-721
-868
67
-453
-650
-608
-165
113
-372
-832
-446
103
-432
-327
-169
-602
-199
-951
-936
-892
-797
148
-175
-724
-961
-529
-317
-277
-404
-182
-605
129
-456
-799
-590
-824
-749
-176
-239
-980
-272
-306
-821
-681
-705
-1098
-668
-602
-746
-832
-365
368
390
-168
-128
-128
-830
-728
-488
-796
-848
-450
-382
-555
-436
-896
-327
-196
-1072
-1063
-730
-198
-389
-1049
-360
-493
-1054
-647
-224
-388
-1007
-701
-379
-449
-316
-864
-418
-596
-562
-988
-666
-35
-918
-906
-559
-384
-149
-330
-433
-320
-646
-585
-224
-52
-1179
-414
-1028
-283
-852
-239
-516
-468
-508
-240
-470
-302
-734
-690
-976
-430
-1079
-550
-735
-665
-231
-186
-360
-716
-463
-483
-712
-244
-911
-667
-67
-383
-559
-474
28
-575
-874
-869
-495
-285
-574
225
-430
-742
-651
-1
-11
-196
-851
-725
-669
-477
-980
-39
-412
-354
-975
-921
-854
-1291
-714
-664
-1313
-980
-832
-662
-486
-925
-1190
-861
-313
-207
-137
-820
-340
-296
-171
-465
-286
-266
-593
-453
-584
-962
-680
-693
-308
-18
-318
-342
-177
-45
-293
230
-104
-292
-74
-18
-416
-194
-187
-150
-327
-114
288
-709
-215
373
246
-378
197
-33
-328
-135
-914
-345
131
-266
-240
57
12
-250
235
123
557
33
-34
462
-281
121
-238
20
112
88
168
19
130
-518
15
324
444
184
423
-12
-580
86
302
-365
-28
72
58
51
395
-170
475
29
485
271
364
178
384
-281
-368
-4
-446
-303
72
263
332
-438
-134
236
812
42
192
6
-65
86
-452
282
-36
372
-5
217
43
105
-176
171
316
-53
113
-344
-199
71
-226
-114
553
-352
-111
277
729
289
-137
-257
65
48
-151
-123
-214
-148
348
-300
-39
-533
-9
-104
360
107
86
501
-488
-436
309
35
302
-433
5
-70
-165
-203
55
-137
201
-249
300
286
-85
115
-286
-126
574
306
452
545
-288
-729
-28
-125
-154
-249
-579
310
-298
189
-311
-13
-329
201
247
557
-48
-273
-219
88
-129
252
-219
-299
59
-83
-480
-33
271
30
126
307
123
-337
-124
146
93
85
-416
244
49
-358
-221
-57
117
61
-33
136
-99
-292
-405
108
263
209
196
-140
-256
249
9
-56
-162
39
-75
376
324
-364
-124
71
557
6
454
152
168
628
214
92
493
311
17
823
284
680
144
37
218
-290
-24
218
72
-358
272
266
-282
189
-230
-239
50
-162
-82
112
87
-456
-45
-110
175
-377
-141
-99
-506
-355
-383
-179
300
-432
-11
-593
-329
-1022
-451
-375
-514
-854
-1258
-1150
-712
-647
-477
-226
-572
-306
-592
-924
-398
-931
-767
-724
-1106
-1088
-993
-1014
-936
-859
-858
-1637
-737
-1466
-873
-734
-1100
-1212
-981
-585
-942
-784
-791
-1004
-697
-913
-1546
-1026
-1518
-1331
-771
-591
-594
-1269
-1245
-81
-808
-1252
-409
-900
-1489
-1170
-376
-868
-818
-1111
-952
-761
-813
-1164
-930
-594
-992
-1236
-475
-1367
-452
-779
-634
-448
-771
-1549
-466
-121
-498
-939
-1341
-700
-812
-949
-614
-546
-1041
-757
-899
-1384
-1413
-766
-804
-264
-204
-1411
-833
-601
-1044
-1034
-141
-929
-1103
-1147
-1056
-979
-927
-961
-764
-515
-925
-624
-795
-648
-994
-457
-1395
-566
-808
-711
-425
-843
-911
-1327
-740
-832
-379
-1139
-872
-187
-1536
-1257
-443
-532
-873
-742
-722
-1250
-1373
-933
-622
-765
-1172
-736
-759
-981
-1481
-773
-934
-293
-1486
-1600
-907
-1168
-1466
-1400
-412
-413
-405
-977
-957
-741
-680
-1140
-610
-998
-1280
-903
-665
-1194
-1266
-955
-483
-974
-194
-1095
-536
-900
-1428
-621
-828
-624
-1399
-1162
-769
-179
-811
-1480
-358
-1250
-691
-747
-950
-567
-1112
-1726
-861
-532
-804
-944
-675
-844
-837
-966
-295
-876
-549
-1046
-670
-1394
-1201
-1132
-481
-627
-1194
-877
-1084
-983
-1033
-840
-679
-724
-759
-718
-1006
-911
-740
-359
-586
-937
-1040
-1049
-942
-895
-1229
-301
-398
205
605
809
715
665
442
625
573
501
654
647
682
681
529
868
108
-54
244
540
288
317
371
306
322
-208
146
240
670
571
566
330
358
291
856
949
339
31
319
151
315
419
871
747
979
463
344
312
0
-40
507
541
13
360
1071
799
738
894
1
230
-173
386
120
451
674
-192
514
268
312
236
776
101
140
775
678
149
700
443
209
816
614
223
624
352
686
90
559
39
218
857
1150
763
739
961
19
-149
-87
393
430
322
599
437
418
767
545
267
714
104
280
153
195
847
330
258
916
809
322
-299
-36
-76
10
-144
108
-123
52
438
484
771
261
410
722
237
938
565
116
442
501
616
728
639
756
348
968
459
3
454
-2
326
495
551
510
146
519
466
814
716
632
324
-5
352
479
194
143
11
186
311
486
746
102
-126
-9
594
621
811
673
721
-107
358
438
978
310
206
996
718
-137
503
369
669
511
418
636
325
-150
543
208
491
1011
988
481
-25
150
860
879
286
-251
460
628
566
150
0
72
-321
881
276
-52
326
103
-353
131
603
653
750
383
538
125
389
709
513
918
646
288
436
842
1187
1003
955
638
-177
1036
1129
218
38
-288
-662
-651
-192
-257
-564
-571
-558
-384
-547
-483
-211
-490
-539
-302
-912
-829
-938
-667
-1053
-713
-484
-751
-662
-654
-209
-554
-1013
-702
-457
-521
-445
-585
-287
-70
354
-73
583
208
212
272
-110
-256
227
343
229
283
-236
26
152
110
164
138
401
-143
-391
-410
-19
-390
-178
683
195
62
57
74
225
76
374
-73
108
236
486
20
712
371
808
218
382
-531
15
497
-254
-286
377
143
207
346
403
280
18
-251
-742
619
25
245
78
211
34
50
114
906
635
236
-103
-139
-259
-193
195
-71
108
34
-200
397
-127
183
336
309
175
93
308
284
400
-116
719
119
-71
-533
-484
119
-102
72
422
461
462
480
263
556
637
100
-10
-566
-609
-93
-389
72
191
-159
37
-402
550
234
-103
-325
-184
-628
-354
-75
435
79
-351
289
548
-173
299
626
65
-281
-230
429
-25
647
810
206
-69
-188
88
437
-15
573
446
195
-48
-206
295
572
312
114
89
-198
68
247
-354
26
25
120
201
-36
-89
368
507
-50
-163
8
629
7
-38
171
-39
63
425
271
-34
142
7
-145
242
4
209
102
216
-72
496
204
101
1
630
237
-135
613
-1
355
336
759
-34
-394
107
119
356
-232
-261
-4
532
369
285
-334
-263
-80
10
158
122
-135
167
-358
111
61
209
469
573
659
475
221
737
958
595
655
-177
-25
516
79
804
366
268
-152
-19
-910
-300
-189
-281
-742
-381
-226
-208
-359
-544
-110
-338
-357
-98
-254
-1134
-888
-266
-806
-1437
-1192
-1011
-440
-858
-1052
-244
-656
-767
-737
9
-222
-908
72
-625
-690
-1112
-663
-517
-673
-400
-532
-503
-588
-680
-554
48
-282
-1013
-1078
-652
-963
-1039
-55
-221
-1208
-839
-725
-777
-590
-550
-924
407
-283
-834
-829
-1032
-950
-678
-555
-848
-774
-674
-512
-875
-656
-951
-740
-303
-731
-599
-726
-1112
-763
-618
-315
-927
-670
-768
-371
-614
-1431
-1029
-834
-380
-707
-448
-773
-389
-609
-1219
-515
-740
-813
-689
-899
-962
-1584
-908
-596
179
-365
-398
-610
-754
-499
-866
-851
-1211
-913
-959
-832
-1349
-911
-273
-664
363
-187
-295
-499
-565
-773
-822
-738
-662
-624
-937
-698
-1193
-865
-599
-657
-113
332
-582
-477
-399
-1061
-1207
-466
-309
-1104
-1489
-600
-719
-314
-413
-672
-52
-215
-612
-467
-716
-1027
-851
-624
-868
-1385
-1176
-279
-1041
-620
-489
-720
458
-453
-570
-741
-896
-1062
-711
-491
-959
-1105
-810
-515
-512
-795
-504
-876
283
-70
-815
-1162
-708
-1010
-1158
-408
-896
-1228
-1128
-915
-369
-480
-325
-546
-144
-237
-459
-424
-827
-713
-251
-376
-462
-969
-488
-261
-515
-279
-624
-693
229
-73
-1127
-811
-832
-695
-279
-265
-1135
-844
-1133
-173
-420
-474
-269
-652
-257
-293
-734
-790
-873
-902
-637
-716
-575
-886
-899
-971
-719
-795
-295
-361
-228
-1120
-999
-518
-342
-1168
-666
-436
-733
-402
-1229
-631
-760
-810
-617
-152
144
-1441
-895
-927
-652
-1098
-778
-585
-403
-471
-973
-726
-769
-282
-563
-12
256
-821
-477
-408
-558
-841
-631
-27
-812
-360
-460
-161
-432
-766
-664
-478
-42
-908
-138
-509
-255
-455
-551
-561
-568
-606
-893
-689
-864
-258
-421
-37
97
-1114
-322
-1128
-446
-866
-317
-734
-866
-1085
-284
-62
-414
-723
-1
299
-2
-826
-508
-1070
-118
-733
-642
-647
-313
-437
-611
-502
-786
-762
-673
-575
441
-741
-733
-837
-526
-236
-610
-805
-907
-303
-538
-780
-1022
-741
-575
13
-153
-1017
-408
-99
-532
-807
-621
-403
-1258
-956
-773
-631
-320
-86
22
-187
-26
-824
-446
-491
-881
-507
-1066
-86
-374
-448
-117
-383
-881
-330
-820
-147
269
-1531
-750
-571
-1257
-917
-338
-611
-899
-571
-631
-889
-658
-286
-319
-103
53
-368
-603
-1218
-401
-565
-489
-441
-889
-534
166
-505
-416
-453
-479
-127
-359
-779
-583
-915
-582
-341
-63
-579
-484
-277
-652
-688
-796
-352
-830
-426
-44
-892
-435
-691
-708
155
-764
-572
-491
-85
-641
-580
-777
-322
-579
-198
102
-1078
-864
-303
-621
-583
-224
-921
-655
-310
168
-525
-344
-398
-451
-447
170
-876
-966
-659
-474
-351
-866
-649
-652
-807
-539
-571
-469
-681
-387
-510
403
-345
-538
145
-211
-412
-463
-556
-513
-525
-364
-177
-505
-148
-112
-516
95
-191
151
-39
92
-70
-118
41
-179
-1
-96
301
-467
-49
-397
-32
111
-883
-574
-1161
13
-242
-114
-868
-537
-706
-1153
-681
-850
-499
-719
-252
-252
-762
-825
-992
-718
-506
-1012
-976
-1025
-929
-913
-457
-787
-575
-792
-607
-309
-1221
-784
-404
-824
-524
-1009
-1088
-1265
-1157
-1021
-1076
-794
-495
-958
-544
-248
-1043
-935
-619
-134
-569
-838
-879
-546
-1108
-1217
-1401
-933
-732
-1131
-60
-285
-502
-611
-1462
-704
-719
-850
-946
-925
-726
-1464
-662
-823
-535
-492
-483
-272
-1343
-294
-929
-668
-1302
-754
-645
-827
-538
-894
-693
-388
-688
-831
-506
-131
-1026
-940
-1569
-576
-995
-1321
-857
-1299
-1110
-1016
-753
-583
-792
-779
-630
104
-1115
-1067
-883
-1113
-784
-1336
-1145
-1227
-697
-1038
-879
-1356
-627
-759
-791
-146
-739
-681
-837
-813
-922
-1049
-788
-968
-785
-625
-521
-981
-1084
-592
-182
-403
-1272
-699
-1004
-938
-929
-691
-625
-668
-1000
-643
-983
-422
-736
-1270
-295
-288
-896
-1291
-956
-1249
-795
-690
-879
-849
-920
-712
-572
-614
-1024
-789
-880
-119
-588
-1129
-1543
-931
-1207
-1338
-707
-1179
-1314
-984
-570
-1304
-951
-914
-432
-384
-523
-556
-1189
-968
-824
-640
-880
-1526
-1599
-704
-703
-135
-898
-229
-577
-493
-666
-92
-278
-966
47
-536
-279
-626
-532
-537
-68
-256
359
-725
235
-263
-720
-707
-514
-590
-496
22
-137
-423
-612
-747
124
-477
-512
-537
-260
339
470
1078
373
60
647
929
920
271
204
885
598
12
447
887
420
465
-95
211
-255
355
291
12
115
178
518
-403
-329
682
558
400
281
449
356
468
855
840
684
1199
616
655
392
859
1122
814
897
601
847
344
1021
1161
655
563
490
439
463
1536
754
894
236
679
526
688
372
219
637
270
655
814
434
1206
1092
505
714
832
534
234
777
771
564
-65
430
928
774
420
944
773
730
-31
975
512
836
899
909
1044
580
209
180
427
730
991
1049
838
454
613
714
1263
531
516
174
781
655
-75
759
1142
1014
278
331
1077
1103
827
89
35
684
950
646
1151
802
514
560
1049
435
472
961
245
115
136
508
856
547
496
986
644
594
363
553
521
1001
498
172
960
881
995
1089
492
501
1118
543
513
628
205
872
635
486
522
569
587
683
823
449
604
697
719
803
1427
498
469
509
1022
778
246
939
743
818
111
755
911
827
806
1120
793
437
442
204
592
811
823
854
748
688
1153
708
997
263
819
439
914
536
608
1215
487
1181
680
425
600
831
694
887
185
633
80
810
599
420
474
252
-13
60
458
578
545
689
264
235
454
909
676
558
108
282
-49
435
843
939
1203
690
717
493
566
1356
687
454
756
97
911
340
-438
484
-13
537
-359
292
-81
13
537
-17
432
-393
43
225
-39
212
-720
104
-356
-113
172
370
-59
18
-131
-486
-54
-306
152
-169
483
398
-615
381
-41
-331
21
-324
-248
-526
-73
93
23
237
-262
299
-159
-92
-390
-153
-75
326
-131
66
51
307
-30
39
-316
-29
-315
-700
143
593
-344
-39
-354
34
53
-229
-68
-52
-20
151
223
-81
-273
133
536
92
-197
290
-712
99
34
182
-205
-374
4
137
452
434
217
259
-205
63
-543
-357
-236
462
-78
199
347
-198
-168
-19
86
39
484
593
-230
547
-628
541
-18
-268
-237
-132
57
-8
185
-20
-186
-133
-396
-8
196
539
-471
-2
252
289
73
-270
524
56
114
-175
379
202
543
213
410
-145
-717
93
-109
-585
290
435
309
-79
587
491
123
244
-489
-895
37
189
-576
4
-8
-238
-374
-313
52
-44
-341
-218
-356
88
565
222
375
9
-566
29
-56
-24
41
270
213
383
106
169
-105
-49
-126
-200
-286
80
-458
277
-192
306
816
178
-90
127
311
253
219
-248
-332
127
-171
203
-168
-509
-113
-575
157
-162
208
-496
-642
-405
-340
-35
381
76
69
136
-109
618
266
498
222
286
148
272
714
626
686
-63
372
-125
745
183
-25
-573
-724
-259
-181
89
-360
-631
-634
-667
-106
-205
-161
-166
-551
-431
274
-171
-356
-244
292
-189
-189
183
172
373
95
-30
148
-189
-102
-51
164
-186
414
538
667
-540
630
808
106
60
186
413
281
-38
551
72
145
-485
416
370
437
423
353
501
760
251
354
276
469
397
148
309
325
-144
377
114
-432
454
535
-38
2
-190
283
673
284
307
530
89
-364
770
935
-21
144
316
633
313
534
184
-88
374
-191
197
492
49
139
-164
412
135
517
484
335
-37
110
388
156
101
-229
324
336
91
-125
324
749
124
387
377
331
-420
405
328
334
120
814
110
972
291
587
-587
268
-91
654
-331
441
570
10
30
468
279
125
646
219
59
-57
-250
594
92
-622
519
-511
520
-178
60
-309
529
801
181
53
-262
436
309
-150
575
152
596
208
454
-486
970
640
-163
16
562
370
277
302
-408
82
-179
16
386
391
305
-16
376
733
360
926
336
343
-241
116
-127
252
5
611
685
192
527
180
605
964
216
111
280
399
70
374
-240
509
490
-269
249
638
-147
-37
560
596
50
423
58
538
-75
86
-278
61
-107
119
603
86
-75
-2
139
100
282
-163
-338
27
393
184
501
173
403
410
279
443
-17
416
253
736
-83
548
487
574
536
10
45
768
530
779
621
69
594
327
382
829
589
399
361
248
410
-201
-134
-199
-139
-449
-458
-21
-312
-429
-479
-377
-19
-229
43
-267
-204
510
580
25
655
44
-225
130
141
410
-28
227
247
459
268
373
-174
277
634
-43
349
386
516
885
216
719
40
771
274
91
580
283
-468
67
893
501
300
112
102
486
586
678
396
484
423
29
267
661
15
397
326
16
729
317
215
571
17
180
752
615
578
-56
467
-33
-242
501
817
625
274
413
471
683
-2
134
323
690
672
169
526
444
-101
205
420
471
626
435
42
521
225
446
192
78
-103
258
440
321
-306
756
-17
855
-171
458
497
504
339
535
258
62
984
187
1119
385
-176
793
608
468
473
287
418
599
125
-88
837
429
336
623
800
618
-714
250
714
201
-518
335
253
342
260
67
161
454
720
368
623
455
-505
183
261
663
-127
336
680
381
423
408
230
358
395
300
209
437
-227
606
46
900
828
343
782
799
420
-84
295
768
-300
982
512
471
-63
501
523
-240
449
671
263
372
349
-274
578
1062
551
377
594
167
207
405
708
701
198
414
724
500
498
587
984
369
586
352
706
99
99
-72
176
607
186
560
539
57
169
-515
35
706
173
447
-297
-520
-235
163
753
160
1085
458
883
235
662
641
647
1046
422
707
370
206
142
-112
-225
-309
111
-54
-357
-600
-287
104
-493
14
-244
53
235
-54
355
-42
2
622
5
-318
-259
273
315
114
413
329
414
-195
-66
628
596
124
229
1191
-266
-106
393
1175
-159
163
-232
203
-70
-28
497
393
652
249
-10
605
5
200
610
237
-122
-60
-89
-479
16
102
462
360
733
306
636
435
-360
723
483
-32
258
920
260
188
275
-104
4
301
655
-182
87
31
199
481
186
330
-158
565
481
-28
-219
-573
253
-51
508
-58
-6
734
567
519
46
-39
-384
-394
75
314
275
559
-9
222
562
-165
319
455
-15
198
624
520
128
432
-432
440
640
443
375
531
856
109
-53
772
491
77
595
321
259
44
851
303
-59
331
30
492
629
-23
730
434
-308
58
442
415
223
-196
223
209
542
1182
260
458
1014
322
249
682
283
295
481
99
-359
374
738
927
416
1257
674
637
240
-30
513
178
328
204
580
260
777
368
491
7
189
256
180
570
541
-162
160
676
-50
173
231
341
-101
-227
-116
324
112
382
498
372
592
421
-197
740
242
310
758
746
371
453
459
125
-284
468
722
775
531
114
671
333
522
427
150
21
-168
299
-92
225
395
172
221
620
267
370
725
616
505
932
244
368
757
690
458
396
175
924
615
673
653
-95
-15
-283
-523
-569
-677
-340
-154
-281
-201
-521
-377
-400
-139
182
-283
-75
335
-220
-13
-92
-8
72
-223
21
-33
245
-557
-600
185
269
-591
915
129
-68
157
232
168
305
240
416
-117
151
466
258
70
109
-562
226
395
-64
-121
634
-89
37
-200
-238
89
269
-71
-499
113
187
-397
701
154
-633
341
-588
-281
-11
272
-69
-445
-83
317
46
461
-413
0
260
-242
-308
-89
-344
-374
-325
-112
16
-47
-35
-284
12
-354
-547
-471
502
-161
99
-181
373
-204
-83
-139
107
31
-110
338
347
-20
590
-521
676
323
255
-63
57
29
-325
162
-49
170
-444
-143
-248
392
135
-494
-28
259
-15
-298
427
-205
-109
12
-97
-261
171
293
-225
21
-411
-123
326
-443
-245
-60
225
-154
-462
258
-149
355
226
-407
359
340
34
-365
638
364
210
-456
344
-150
-60
-538
-545
-65
-330
-95
-146
-115
-127
-147
920
264
-356
-84
-105
-116
30
328
-4
-293
-175
-757
-221
-145
-265
-409
418
269
-46
271
15
123
-231
285
58
595
44
410
334
139
17
-25
375
-238
-524
-172
83
17
-152
26
-178
-484
-80
197
-366
302
-117
-573
672
-84
216
-144
-542
-30
-142
164
-40
-428
-4
-62
367
-357
-302
-569
490
-236
90
-13
-375
-319
-208
-243
-420
-102
-159
-224
-659
-51
-548
-204
-432
-310
-688
-716
-598
-337
-423
-196
-374
-458
-685
-820
-675
-425
-350
-730
196
-74
-494
-269
-394
-629
-866
-261
-334
-42
305
-216
-132
309
-333
-196
-32
-135
-440
-287
130
-111
-76
-372
-993
-295
85
117
-329
-42
441
-23
-184
-207
-461
-589
-429
-303
-129
-324
-827
-270
-208
-574
-122
278
-54
-71
-673
-150
-202
-599
-325
-368
-129
65
-967
-504
-586
-556
-225
-516
-382
352
-42
-789
-766
-495
-511
-449
-419
-113
124
124
-294
-193
-62
-543
260
44
-236
-433
-283
-249
-320
-428
-874
-343
-463
-326
-224
-41
-447
-808
-517
154
-194
-876
-164
-524
-748
-588
-625
24
-41
-284
-364
-192
-63
-124
-238
223
-787
-705
-937
-544
-17
-362
-479
-506
-837
-1084
25
-459
-684
-334
-268
-14
-489
-700
-153
-650
-548
-31
-917
-1153
-605
-397
-569
-544
-365
-315
-655
-225
-273
-192
-1126
-510
-204
-274
-340
-389
-438
-428
-73
58
-497
-522
-375
255
-166
57
-432
-378
-783
-469
-272
-51
-229
-299
-291
-244
-27
-459
-753
-280
-416
-645
-1240
-349
-749
-109
-650
-683
-868
-322
-587
-26
-402
-430
-216
-50
203
-377
-405
16
-802
-262
-625
-153
-87
115
-216
-503
-257
417
37
423
33
-380
-309
-839
-793
-423
-616
-431
-494
-631
-434
-133
-312
-820
-619
-390
416
425
219
638
564
195
555
297
246
724
589
481
355
678
534
481
647
-168
284
277
542
169
162
312
265
231
179
270
466
178
-87
-7
176
-871
-67
-156
-341
-729
-759
-540
-359
-574
-389
-81
-695
-765
-450
31
-77
-785
-230
-696
-995
-522
-566
-1018
-498
-405
-911
-325
-730
-457
-994
-698
-296
-1523
-157
-261
-561
-634
-530
-725
-137
-258
-980
-658
-1249
-711
-1057
189
-433
-1064
-348
-1123
-496
-724
-437
-503
-67
-325
-779
-150
-942
-529
-509
-125
-277
-983
-361
-695
-304
-741
-415
-1110
-348
-614
-717
-100
-905
-532
-606
18
-233
-1246
-393
-1065
-754
-777
101
-603
-698
-870
-1002
-681
-581
-595
-546
-65
186
-1552
-562
-965
-406
-828
-268
-579
-967
-254
-977
-1231
-620
-1186
-444
-118
-415
-1424
323
-510
-633
-126
-304
-870
-733
-381
-648
-589
-217
-1004
-513
-538
102
-690
-722
-698
-905
-241
-479
-483
-622
-11
-601
-697
-1097
-1191
-191
-50
-513
-745
-17
-948
-636
-410
-500
-236
-720
-395
-985
-621
-635
-1123
-126
-420
-291
-1330
-19
-709
-904
-338
-928
-208
-1098
-866
-1150
-945
-909
-812
79
-390
-31
-372
-215
-289
-1154
-558
-767
-247
-923
-172
-671
-538
-418
-682
-761
-133
-225
-1002
-255
-814
-331
-454
-341
-722
-802
-518
-600
-791
-340
-793
-1004
337
-592
-776
-423
-710
-1054
-176
-652
-763
-378
-821
-873
-582
-333
-962
-677
-84
-1183
-943
-1428
-1226
-1345
-1063
-1030
-1047
-1326
-1402
-1042
-1214
-1149
-1211
-853
-278
330
-9
130
124
177
52
254
440
-135
82
-95
16
212
-203
-284
-172
295
663
81
169
-195
-272
-247
-367
-385
-274
-113
-577
-578
-80
-116
-829
327
-109
-1113
-301
-355
-728
-472
-908
-675
-670
-261
-625
-738
-911
-543
12
-123
-467
-66
-687
-661
-380
-711
-604
-813
-761
-598
-368
-366
-763
-67
-346
-217
-599
-468
-516
-247
-569
-587
-910
-715
-617
-977
-502
-376
-489
-1158
-430
64
-361
-670
-442
-806
-905
-788
-408
-563
-660
-619
-693
-703
-689
-551
-132
231
-625
-717
-767
-554
-511
-977
-781
-116
-643
-556
-530
-540
-1032
-901
-400
37
-909
-695
-128
-295
-864
-787
-106
-685
-552
-124
-1004
-449
-450
-659
-307
-45
-188
-329
-1111
-547
-305
51
-862
-561
-569
-496
-124
-810
-873
-758
-382
-120
-228
-603
36
-772
-510
-826
-427
-1036
-637
-600
-1125
-761
-280
-158
-445
360
-526
-482
-504
-739
-549
-354
-454
-604
-321
-875
-305
-473
-1142
-976
-114
34
-559
-342
-506
-312
-858
-839
-961
-862
-952
-230
-520
-212
-432
-228
-457
256
-329
-813
-596
-1373
-697
-210
-442
-480
-727
-669
-834
-827
-603
-736
-264
105
-193
-312
-291
-548
-888
-819
-670
-517
-249
-371
-668
-933
-431
294
-298
-228
-240
-688
-999
-783
-690
-826
-276
-432
-938
-583
-791
87
-409
48
-555
66
-494
-240
-467
-401
-549
-214
-684
-480
-624
-373
-288
-531
115
-125
112
-376
-49
-586
-156
-447
-743
-497
-606
-69
-398
-331
-301
-526
-709
-402
-220
-963
14
-726
-638
-661
-808
-603
-960
-426
-1037
-718
-644
-926
-694
-471
-557
-662
-95
-869
-515
-598
-182
-118
-532
-474
-768
-674
-400
-569
-310
-526
-253
-440
-29
-511
-195
-528
-605
-603
-256
-608
-305
-577
-489
-713
-497
-695
-196
-538
-411
-1000
-552
-770
-1108
-717
114
-298
-534
-473
-739
-585
-775
-499
-355
-538
-385
-123
-674
-652
-246
-736
-874
-569
-854
-402
-565
-561
-952
-700
-292
-258
-247
-984
-537
-494
-367
-420
34
-552
-354
51
-411
-577
-152
-41
-661
-75
-787
-470
-246
-212
-561
-597
-253
174
-112
-648
-729
-817
-666
-1117
-244
-557
-401
-1041
110
-800
-704
-745
-186
-482
-721
-730
-405
-515
-363
-750
-119
-422
-784
-1044
-32
-232
-955
-397
-652
-1017
-699
-147
-280
-657
-401
-942
2
-573
-364
-500
-607
-166
-324
-398
-189
-672
-807
-531
-907
-701
-614
-611
-43
-640
-394
-667
5
-1086
-1380
-425
-454
-206
-789
-549
-559
-451
-61
-650
27
-1094
-66
-1138
-195
-274
-493
-18
-30
-105
-334
-164
-165
-433
-152
-245
79
-926
-27
-1163
-348
-591
-632
-790
-338
-1008
-782
-309
-419
-998
-360
-588
-7
-957
-100
-733
-527
-694
-562
-420
-441
-318
-594
-690
-523
-619
-428
-496
-73
-818
-384
-390
-101
-365
-267
-27
-491
-367
-213
-347
-251
-621
-68
-857
130
423
-324
-155
-305
147
-75
80
-88
-246
-166
-249
102
266
110
80
-593
308
79
166
426
159
335
235
204
253
-99
322
205
170
42
-587
-747
613
113
235
37
-644
-389
-365
50
92
135
92
-256
15
-328
-1076
-943
325
-654
-180
148
-31
-101
-116
-137
-102
-56
-237
-290
-379
-145
103
-930
859
271
-286
-100
-416
57
-577
-712
-512
-334
89
-42
109
702
-812
-499
302
-317
-270
55
-634
9
279
-294
39
151
-590
-405
-56
-362
-755
-846
387
-191
-430
-579
66
-11
-318
-466
-421
-226
-127
-340
-690
-477
-121
-563
758
-61
-290
-207
-264
-195
-121
-367
-206
81
-389
-1
336
387
-516
-1017
7
-490
-314
-152
-16
380
205
-775
194
238
183
81
-385
-420
-780
-608
513
-319
-571
-427
-37
-564
-252
191
-158
-170
-434
-906
-258
-368
-478
-798
205
-7
235
-386
-105
-235
83
-843
-250
-275
-639
-270
21
-139
-469
-159
115
-22
-238
-228
60
172
-131
-781
1
119
-43
-51
-430
-737
-538
-1136
490
63
-56
-294
-649
-78
-605
-159
-358
56
-580
-289
-11
-379
-415
-213
336
229
-243
191
-332
-362
-187
-200
-85
-155
181
-93
336
-200
-86
-643
393
-522
-229
-335
-155
-415
-239
-191
-405
-150
-526
16
-580
-127
-911
-334
120
-529
-642
-331
-623
-535
-609
-745
-755
-404
-819
-242
-857
-229
-144
40
-397
-5
-72
-93
468
123
-280
-305
23
83
-159
105
-318
-493
25
56
-668
-356
-43
-310
-386
-471
-315
-215
-170
-162
-177
-418
-75
-801
-524
-298
433
-263
-26
-389
-164
-318
-228
57
24
-196
-120
26
316
-263
-424
-328
631
2
-148
340
131
63
163
401
287
-203
37
-615
-142
283
177
288
-289
22
-417
-114
-536
-431
-290
-180
-197
-86
-71
133
-377
27
-170
-324
601
-177
-103
386
-126
2
-56
-275
7
-50
-92
-297
-143
-295
-86
10
-196
444
204
-262
142
389
235
-447
-333
408
301
-135
-87
-420
-5
-80
300
-373
-221
-126
336
-217
-150
123
236
-233
-547
-466
-432
241
115
-424
129
108
-10
-59
-206
102
187
439
-45
-24
-396
393
32
-176
-251
89
-185
35
-230
0
17
-156
-648
-36
-108
177
124
-396
-109
97
-484
-147
563
-351
31
-290
-41
-358
-3
-251
-579
-28
-264
-354
-295
-147
225
-178
-37
-87
-113
-654
-72
133
-70
-180
-126
-266
-197
-8
122
-348
-287
-71
279
-112
-31
127
-280
89
-113
-132
70
191
49
150
158
155
194
123
386
-639
95
-242
-21
-322
-15
-168
-465
-56
26
301
49
504
-91
-60
295
154
-4
141
-377
-146
437
31
-49
82
16
-48
-100
-245
-4
-17
317
-36
152
159
251
-7
101
-111
-456
-166
-273
209
-345
357
-299
330
-383
-46
-241
-13
28
116
-238
-357
11
43
59
-532
142
126
16
264
-326
-339
400
-351
-18
-93
-284
-266
-125
-50
-379
681
171
-282
38
300
-761
-370
150
-24
-320
-223
220
-477
-146
-288
-523
-278
-530
-573
-432
373
-526
-224
-120
-55
-632
-311
71
140
-565
-288
-424
-348
-485
-30
-18
479
-221
-488
12
-367
-122
92
-691
-436
40
-213
-186
-266
299
-190
-365
-307
-528
224
-31
164
126
-221
-162
-511
-213
-7
-463
-188
-251
-249
-465
492
-294
-605
331
-237
-100
-29
-75
-416
39
-344
-606
-298
-484
-382
-173
398
-807
-174
-218
-42
446
72
-510
85
-255
-370
-224
-300
-320
253
-65
44
-280
-632
26
301
57
-87
248
-483
-81
-236
304
-24
-81
-306
-355
-60
-227
-61
-541
9
-51
-420
-39
-189
-515
-353
-522
-270
-192
-290
263
418
-225
-434
669
-137
-516
-64
51
428
-527
-310
-559
-391
124
-416
-349
62
-347
-296
-72
-137
-288
-104
-732
-321
-249
17
-80
-119
-139
-276
238
373
-761
-121
-229
-57
-309
-302
-294
-45
-55
-294
-575
144
-187
294
78
618
-7
-295
626
56
-338
-208
-646
8
26
-566
148
-495
116
-185
-59
-94
-540
-158
-245
-249
-1043
-647
-231
-208
-311
-380
-177
-542
-167
-319
197
129
-470
-253
-87
22
281
13
23
1
-187
86
-289
141
-289
459
-174
744
343
442
142
384
382
502
168
309
719
591
189
380
534
337
444
469
574
738
1082
659
479
495
213
620
590
358
592
763
164
177
403
271
283
1002
211
534
323
122
373
73
246
547
342
457
336
509
780
86
44
281
334
484
436
653
492
476
575
807
328
312
188
-92
655
-135
-198
315
626
42
498
631
516
314
286
419
716
421
497
100
387
-35
93
517
546
130
466
141
349
221
394
74
-1
367
385
610
424
163
-99
352
432
257
670
634
171
403
222
185
618
661
350
61
362
-130
196
501
438
826
565
243
469
55
333
381
289
35
559
259
578
401
-32
453
515
552
584
358
258
-112
691
749
652
524
536
107
675
173
350
169
611
396
92
355
53
302
438
399
341
285
295
278
486
199
61
621
604
389
163
631
401
338
89
204
4
480
654
399
594
87
-25
541
427
614
556
827
580
438
353
11
159
801
139
758
647
133
-186
494
515
342
152
196
207
607
340
561
504
169
583
295
592
108
-366
1065
699
554
637
572
574
569
366
566
995
475
984
137
840
243
-144
247
732
316
-20
566
173
314
201
388
201
-8
-57
406
817
159
-194
299
180
79
-10
230
-157
-19
128
84
179
-147
333
179
398
11
-280
224
599
346
469
357
215
318
499
-5
208
163
-147
340
238
-42
-40
243
-216
16
-38
-239
-289
81
83
-190
-140
-157
257
-163
-96
-287
286
-82
-182
356
-143
-435
91
-373
-304
-241
-311
27
-687
-325
-247
-127
-251
103
-60
-319
-481
-48
-329
112
-197
-80
-270
-261
11
-598
-214
-143
-235
-297
-323
-674
-380
-167
-170
-623
95
197
218
-405
-221
-84
-490
-316
-445
-19
-348
-643
-108
-300
-334
-602
-416
-280
-324
-28
-91
-190
-388
-333
69
107
-668
-111
-230
-341
-681
-328
-87
-181
-250
-462
-168
-289
-298
-270
24
-429
-299
-277
-276
-646
254
-135
140
-283
-222
-132
-90
-250
-877
109
-285
3
-199
121
173
30
-285
-165
51
-91
-190
124
-615
-539
-214
-637
-139
-611
123
-508
-971
-232
-122
-87
-279
112
-270
41
-179
-599
-223
-263
-454
9
-259
-112
-403
-58
-317
-8
-168
-481
-558
-58
-286
-548
-333
-275
155
244
-284
-108
-171
32
-456
-415
-387
-302
-96
-241
-545
-282
-448
-331
-40
-366
-339
-527
-472
31
-44
-3
-333
-120
-367
-475
-326
-195
-885
318
-215
198
-444
-172
-190
-349
-173
-575
-79
-217
15
-291
-106
-286
-460
-637
0
-422
-30
-634
-386
-338
-325
-280
-248
-272
-707
-319
-790
-179
-758
321
-181
-268
-191
-555
-411
-299
-368
-465
-297
-468
-280
-617
19
-322
-85
-240
65
498
309
207
239
-139
111
356
312
198
492
464
229
679
222
-90
-128
62
-630
-89
-219
-15
-375
-226
-525
-487
-59
-214
-158
-444
273
323
-308
170
347
119
91
411
378
543
-16
239
63
-341
-45
129
1068
341
-14
-234
-29
191
-295
211
152
269
172
41
-50
-308
229
187
598
81
-179
-47
231
-48
-31
249
-82
-430
186
-218
79
383
-82
-93
639
534
57
578
1
107
132
-130
-247
124
-16
254
4
-358
268
233
434
653
-59
-17
-514
-48
30
324
64
-101
479
45
-322
172
25
-72
95
430
-158
25
-22
696
316
-19
17
538
-25
-139
-80
207
7
-345
144
358
-251
-359
372
-116
-355
411
66
-228
165
-58
165
85
-182
6
513
403
65
33
131
37
-473
252
337
-115
-66
-246
-232
206
19
-210
785
415
-383
-120
512
112
148
-61
-86
-90
-220
145
66
140
8
358
561
156
-399
496
-72
-162
31
238
-39
81
268
17
279
-65
325
-43
552
499
-2
-23
219
369
98
-211
-167
23
-69
38
369
28
-39
475
657
42
191
175
3
-73
-77
87
319
14
-120
120
-317
-593
4
137
536
772
202
162
178
269
266
550
-27
-76
92
40
543
103
690
232
666
392
-124
25
272
-93
-60
111
-25
157
64
-156
85
-112
344
282
318
535
256
-283
247
55
-148
325
-191
-211
66
360
264
96
168
157
-94
125
547
333
472
395
135
480
506
319
456
507
472
56
57
550
594
410
599
-49
451
151
268
470
685
189
-16
229
358
-283
235
829
-213
-260
407
33
255
168
546
-74
133
-2
167
-49
172
210
-49
700
-187
-131
747
381
433
229
439
94
37
269
217
598
250
188
46
159
-114
-386
672
162
-50
155
225
7
33
482
252
8
180
-21
278
358
-171
-416
390
-351
281
197
355
-95
268
383
95
20
-50
175
124
248
-40
-344
520
77
512
346
162
550
-97
487
-137
495
-124
289
366
145
335
124
687
236
84
324
199
580
612
-318
-108
282
177
180
297
522
390
307
495
386
57
280
661
464
196
225
143
36
367
200
295
332
400
-178
192
84
489
-197
315
215
125
542
341
-33
25
277
447
-9
112
92
467
146
126
360
16
304
204
-171
88
6
210
220
112
204
14
484
457
24
378
85
53
177
214
-1
-17
211
-259
278
439
136
476
150
610
-80
344
226
95
19
264
109
57
627
-69
-114
780
306
206
-77
596
1
51
468
-77
-201
205
-149
342
279
157
80
434
401
548
-140
459
156
-216
135
229
-203
-12
100
-169
-55
-169
479
38
523
-269
189
-142
-486
-573
-1129
-332
-437
-647
-686
-445
-617
-940
-523
-709
-233
-1089
-219
-436
91
-165
-571
-94
-608
-278
55
-63
-165
-120
-258
101
65
-655
28
-737
35
-423
-14
-132
-458
-70
-395
-253
-388
-73
-433
-275
-94
-336
199
-683
-210
-424
-241
-639
-786
-239
-77
-463
-199
-253
-347
-22
-679
450
-178
-677
-363
-197
-501
-601
-107
-215
-257
-490
-297
-429
-506
-484
-414
-81
-418
-834
-64
-239
-775
-47
-178
94
-246
-206
-204
-197
-148
-497
-239
-576
-162
-594
-373
-295
-412
-108
-77
-610
-315
-130
244
-533
26
-399
-525
-209
-575
-640
-525
-812
1
-729
-296
-496
-102
-373
-189
-313
-266
-317
-566
-217
207
-448
-454
-559
-223
-404
-1055
-170
-499
134
-409
-264
-596
-85
-470
-265
140
-494
-351
-218
185
-417
-315
-581
-494
-553
-493
-421
-370
-177
-439
-203
67
-849
-294
10
37
-410
22
292
-496
-283
-401
-329
-223
-66
-217
43
73
-674
236
-136
-221
-444
-207
-163
-160
-67
-137
-355
-300
-401
-465
-329
3
-1031
-197
-415
-442
-302
-341
-418
-68
-452
-321
-561
-638
-689
-21
76
75
-735
264
-297
-226
-389
-182
-141
-406
-458
-298
-161
-671
56
-510
148
121
-967
-285
-566
-418
-733
-428
-623
-656
-445
-434
-564
-478
-536
-102
-490
16
-468
-288
-134
-338
-420
-255
-312
-4
-281
-415
-451
-422
-397
-44
18
457
0
486
584
-6
631
-206
219
451
404
274
454
453
430
330
333
266
163
695
499
416
898
1
485
210
272
119
209
-3
459
6
-254
289
9
-120
309
554
10
682
134
289
-45
72
302
-471
-241
143
-224
383
243
312
-122
110
-216
88
391
244
189
384
206
199
426
103
-69
44
243
204
-76
248
89
-157
145
35
209
161
-87
271
286
373
-182
-191
172
156
394
-5
-99
-148
-87
159
-86
242
285
-376
-42
139
66
-304
170
192
-356
-112
-83
106
-316
33
-80
567
-185
-122
199
-96
-430
-28
164
48
-222
401
103
-284
510
162
470
227
405
379
45
83
180
49
569
67
53
299
-240
-22
168
146
197
389
131
468
112
2
-350
89
-43
140
41
-297
334
-218
-142
161
152
237
-266
-97
524
-37
-271
-4
-67
-46
-140
573
-8
544
131
43
145
-375
328
93
-100
-105
137
-411
-217
244
410
-24
-70
-55
143
-48
269
158
36
-8
-12
0
-106
336
138
263
-117
197
221
58
-71
75
169
219
254
-283
-5
-70
47
425
290
401
-117
111
125
-209
77
-140
72
486
-127
259
-364
24
-725
0
171
193
-507
-437
-97
-201
204
-208
-287
-108
-609
46
-265
241
-220
289
212
-316
-306
-196
-280
-309
-363
80
3
-118
-72
-227
-64
-234
-45
-257
-536
-549
-304
-244
-429
-849
-757
-82
-208
-239
-265
-128
-84
-251
-117
164
-102
-64
115
-271
-15
-76
-116
159
-196
-280
-463
-395
-8
-652
-229
63
-174
-525
163
-71
-192
354
140
-54
2
21
87
-361
-90
-593
-358
256
-68
-370
374
-142
-318
55
213
-352
-246
268
530
90
-18
100
-330
158
-227
-3
64
-116
366
322
186
-286
-97
56
-70
234
594
-289
-586
-33
-7
-346
-162
424
368
-233
-145
-29
170
56
-221
-291
-42
-430
10
-77
-631
-544
53
2
-216
261
-25
23
-64
257
77
-25
-184
-449
-270
-74
-452
-599
242
389
407
-23
-211
-265
469
201
110
375
-102
-346
-284
178
-262
-471
314
222
-154
-480
-139
-127
-302
-152
140
270
-58
-285
-243
348
156
-238
-91
346
-86
-128
-60
-125
213
197
78
76
428
303
56
32
46
73
-120
-67
383
-46
46
49
-195
136
170
40
79
-70
-270
-223
-213
-182
68
-191
112
-101
-19
174
113
-193
119
-24
185
-32
-172
237
-168
-87
140
143
276
14
-24
-248
200
12
-152
-50
-309
-217
80
106
-118
-398
-164
-44
-223
-32
-333
-396
94
75
449
75
-391
-324
-294
38
-270
-129
381
48
-148
389
504
324
375
-20
363
-45
350
491
-46
438
-475
-311
106
57
-479
-117
-164
-414
-128
-110
-68
-314
-219
-125
-185
175
321
-398
-417
-632
-329
-233
-454
-354
-661
-510
-261
-737
-618
-118
-695
-361
-63
74
-76
2
46
-599
-195
-3
-106
142
138
127
-220
-289
-142
-162
53
-456
-215
-71
-53
-106
-74
-438
137
143
-194
196
-339
-243
-96
-64
-129
-337
-149
-300
-268
-68
-346
-112
-198
-101
-39
-161
-332
-110
-172
-7
133
41
-10
-368
-399
-288
-230
-370
-803
-479
-103
-259
218
-104
-69
-324
154
-236
-346
-333
269
-32
-117
89
238
-89
-493
-52
-343
-88
-305
-339
197
-54
-142
218
-364
-310
-388
-72
-98
326
55
-365
-319
-366
-396
-139
132
-391
-501
-537
-199
-437
-163
-315
39
-397
-283
-271
141
-157
-124
151
23
-342
-332
-133
328
-625
-215
-283
-248
-242
48
-6
-2
-331
-446
-558
-3
11
-133
-25
-141
-74
-293
-131
-429
-236
-339
-619
-371
-17
-288
-138
-21
-226
-220
39
7
-153
359
-170
7
-259
-344
-202
30
-183
-285
-27
66
-289
-102
-128
-95
-129
-278
-56
-366
-135
137
-61
-461
-608
-355
-663
13
-211
-276
-354
-325
-160
-86
40
-120
-63
-627
-270
-102
89
-3
138
282
-14
-314
129
-126
-57
-385
-285
-250
-103
46
128
-250
-192
51
-657
-120
-36
-99
-387
-626
-427
-361
-109
-140
-461
-512
-240
-453
-178
-318
-93
189
35
393
-142
286
130
108
29
-8
-5
-92
-61
258
357
4
126
-152
135
-176
272
150
-199
-95
88
246
91
193
607
-10
-144
200
132
-317
-170
-330
-385
-181
-288
-666
-400
-124
-109
-307
-198
249
-122
-77
381
-795
248
113
-260
-403
86
-252
-326
-504
-97
-236
-54
-378
-929
219
201
-351
-286
-31
-165
-564
-154
42
-366
-569
-550
-690
-488
97
-653
265
110
-461
-655
-566
-285
-476
-205
212
-30
-17
-355
-366
-176
-644
-621
-356
264
-644
-154
443
-275
-214
-168
-147
-448
-662
-331
-154
26
-82
-650
-759
161
-584
213
-429
-63
-275
-313
-597
-481
-483
-306
-508
-650
-289
2
137
291
-961
-265
-241
-173
-408
-304
-185
-392
-325
-102
-111
-761
-322
-861
-405
-305
-229
-407
107
80
-222
-551
-498
-192
279
-344
-261
-593
-408
41
-436
161
-634
-294
-171
-241
-368
-438
72
-230
-427
60
-116
-46
-259
-280
-159
212
-530
-101
-514
-2
-684
-593
-57
21
-356
-190
91
-68
-349
-168
-243
-461
-696
-219
-80
-383
-397
-322
-359
-151
-398
-513
-438
-476
40
-55
39
212
-804
78
-375
-362
-312
-134
-395
-220
-425
-543
76
-247
-93
-400
46
42
-842
108
-439
-340
-404
-523
-430
-133
-238
-506
-393
-222
-284
-437
-75
183
-841
-34
-175
-427
-59
176
-376
-189
-32
89
-369
-178
51
-334
179
-52
-259
-779
-431
-128
-571
-248
-283
-548
-149
-251
123
-358
-366
-337
-174
-397
-9
455
119
136
26
318
384
104
349
175
460
683
398
662
727
227
415
623
368
109
153
401
-283
278
342
-291
399
822
418
335
192
330
-64
1141
599
735
720
358
593
746
422
199
489
157
-142
-230
1024
297
761
270
6
603
115
493
598
612
269
319
200
218
269
579
469
-90
392
-156
391
645
153
524
537
616
637
291
283
420
401
77
212
-299
303
380
849
418
520
561
459
109
-5
165
431
599
505
257
179
161
720
621
255
627
501
586
396
-62
23
276
-30
129
706
1115
379
553
-17
453
80
1104
849
742
515
215
247
386
616
121
586
550
-313
167
445
469
602
573
691
-313
241
198
621
320
621
131
441
435
77
1
580
275
566
120
-62
222
260
401
748
306
222
671
714
639
344
416
115
1
606
466
167
365
570
298
-32
343
166
367
451
659
258
-127
-31
682
294
456
268
443
424
25
359
373
450
754
608
700
809
270
67
428
711
544
628
480
254
624
313
429
905
784
705
813
292
176
463
589
540
760
249
273
371
551
286
470
574
105
55
293
-126
-14
240
538
47
548
566
747
285
152
357
445
509
915
491
-181
552
332
-46
-160
380
113
261
247
-126
185
532
400
388
-12
281
240
-237
0
-374
-290
81
556
88
685
266
218
263
375
412
176
21
132
231
539
34
-446
376
38
73
121
108
-51
431
274
68
577
62
66
-9
235
156
-202
325
91
202
281
207
35
-153
-12
236
7
63
277
-215
-178
216
89
93
171
272
-116
39
149
-180
-215
70
307
529
369
-137
-82
69
-268
-15
26
-350
89
416
173
188
-39
-14
-1
177
344
96
84
-100
85
-94
-223
206
409
64
-43
129
453
338
74
-54
-44
-176
441
212
113
129
17
-106
-240
-604
-75
136
-119
396
219
240
616
-567
125
-101
-92
113
-131
-257
-182
-41
228
89
24
287
274
179
510
-415
-79
411
76
117
-127
16
107
185
583
247
198
-3
-37
70
-205
-274
-113
247
-18
-66
147
102
296
284
403
244
163
-121
-71
37
65
24
46
33
-55
182
178
270
331
128
475
-56
74
393
224
47
-124
-150
-137
173
-11
308
66
91
95
-30
38
599
517
379
564
103
-192
-665
102
279
-342
-53
60
295
349
-52
294
311
150
249
108
-289
-454
-174
155
65
75
70
-201
-37
94
8
-51
367
-310
10
-380
-114
-544
-626
-118
150
-197
74
-214
68
-55
-62
-415
-211
-147
-535
-637
-90
-54
-208
68
38
-181
51
182
253
-56
49
2
355
456
307
-24
120
281
-179
-121
162
388
567
523
962
480
573
465
798
947
582
908
980
923
646
258
352
66
791
225
-72
-161
478
498
505
511
187
538
689
663
525
312
372
290
677
380
804
553
343
354
198
207
436
-83
152
465
301
136
4
318
-2
291
597
116
300
339
61
52
470
-216
-96
605
65
-136
148
-12
-71
286
360
458
371
69
389
637
324
589
272
266
-156
421
-21
154
154
449
386
332
56
283
43
2
330
622
345
131
752
355
344
-475
439
485
342
-255
162
-140
385
15
-262
-66
-86
538
627
-255
-146
4
269
-8
-106
555
162
476
25
415
-78
504
44
-36
453
-26
4
218
200
793
483
588
517
185
-98
524
182
344
354
266
476
315
-20
525
115
66
409
535
324
43
146
304
303
472
378
197
163
210
121
226
334
195
199
14
261
432
517
32
102
169
319
661
167
149
611
103
196
148
220
433
525
131
40
439
105
15
467
129
314
251
-256
276
201
173
42
340
211
-103
298
278
141
450
159
305
474
-40
112
-158
525
493
114
127
481
177
185
494
201
180
-48
977
-36
422
112
124
165
702
506
247
380
315
443
592
529
703
449
453
765
352
70
0
-395
171
59
-487
267
101
-42
-93
-243
422
-18
179
64
-55
-407
87
-154
313
19
191
95
-17
-29
-69
-208
48
-114
-97
-59
363
-341
-1
-71
-195
336
369
414
197
-52
275
-12
290
-236
-116
532
582
-294
459
218
-184
26
-287
68
571
185
150
291
188
27
-510
224
204
-357
579
-1
78
-237
283
-225
-478
-169
-267
207
-58
98
50
254
-94
-391
745
161
-74
190
482
-104
-82
119
148
-126
231
136
-51
610
342
-534
263
-287
140
514
314
-7
0
105
419
-88
-91
100
-126
-258
426
-205
351
285
139
30
22
-86
-99
487
-107
-147
44
-13
-88
596
361
-649
300
82
20
-155
140
210
282
132
-78
538
483
-326
-76
536
5
-98
-65
141
130
-56
196
310
-43
250
-24
-51
-393
219
-267
382
410
-700
-240
183
85
282
4
585
562
314
-44
-97
149
278
141
170
372
-334
168
64
36
118
-130
-160
78
179
54
296
77
-156
-67
332
155
-186
396
-42
-98
61
-20
82
87
342
165
-55
35
100
-181
352
260
-98
-38
-134
440
275
102
285
28
-147
-293
456
-122
46
363
445
-42
-505
132
237
-372
-440
280
-150
-20
57
-195
-71
-442
-176
127
153
694
-610
586
254
169
99
316
-115
17
-25
5
560
126
47
286
608
168
-213
725
448
364
326
462
613
413
363
284
646
161
127
623
570
509
-214
-287
-218
-599
-580
-129
-144
-76
-205
-243
-368
-123
-233
-233
-52
-11
-672
-203
-477
-525
-464
-387
-351
-177
-164
-447
-331
8
-218
-761
-141
227
91
-17
-113
1
-459
7
-225
-366
-131
-388
-296
100
-430
132
-206
453
39
-196
-287
-235
-12
-56
81
-116
-122
-81
-177
98
-17
-503
-23
171
-27
-413
68
284
53
-121
-288
-353
-85
-251
216
-184
133
-60
213
-70
-597
155
-167
10
-137
-20
125
-297
-284
-42
-182
-459
-151
266
-209
272
-354
30
-107
142
122
126
-79
-319
-332
-154
249
194
-376
-249
-163
284
-424
46
248
285
22
-294
-150
-134
-512
-166
-22
150
-172
-110
-379
347
-166
-108
318
-238
-13
-75
-269
-732
224
156
243
97
-237
400
-34
-32
39
-357
-17
-85
-322
66
-51
82
-1
73
-321
244
116
-173
206
-193
-265
-140
-129
-148
76
-26
-83
-146
-320
149
-31
-7
67
-160
-74
394
-210
43
-244
-116
119
100
-446
-53
-43
-305
341
118
37
148
-125
135
-231
-242
48
-85
62
-229
-98
22
62
21
-289
355
-444
435
-5
-144
-69
37
-61
75
102
-119
37
-211
58
-103
183
-66
-49
-348
-20
232
121
-166
233
-221
211
-19
-291
57
125
-76
-35
430
-376
97
-63
151
-7
-131
359
165
-137
121
40
-5
244
115
-141
-179
-201
54
-17
222
865
243
10
123
385
51
-51
164
174
-42
-46
271
266
-138
224
-295
597
70
121
329
-131
-270
58
177
-129
-246
84
195
-602
-48
128
210
1225
448
-34
-97
-120
-136
-151
3
265
88
-132
119
426
-352
40
-420
645
-112
15
90
467
33
-114
-198
113
-121
-3
-32
-476
65
482
-49
688
39
57
-49
-231
-21
-35
104
-14
158
307
265
-189
261
7
-102
684
-98
124
183
171
230
-66
-189
170
6
19
104
-27
-236
-655
-50
678
499
-28
305
212
-244
56
31
238
279
170
9
-377
114
142
-28
473
40
251
-205
84
442
-70
228
353
111
262
91
-62
464
369
-149
208
-14
362
-25
-3
386
-212
688
110
351
-118
-308
-93
-114
-598
-30
95
134
-42
-360
-226
149
77
-159
23
-370
230
242
-22
313
41
14
563
-70
95
-106
41
-241
-17
-259
-102
530
-42
254
44
-199
-273
-554
665
-38
-273
23
88
-71
-262
75
-7
49
60
-464
-283
134
-126
-212
565
266
15
-231
17
88
92
289
-152
-219
-233
119
411
119
435
140
532
-144
-121
-4
-218
-326
-370
-402
-265
4
-454
-11
-393
156
-262
-189
853
-3
281
337
453
362
241
484
702
376
699
465
421
275
858
276
241
-257
-213
-559
94
-203
-407
329
-163
-291
-407
-233
134
-484
-225
-229
-66
-211
-287
-351
-218
-76
-671
-267
-190
-426
-342
-599
-421
-298
-298
-61
-605
-152
-64
-571
-264
-1051
-538
-663
-199
-608
-1189
-534
-767
-477
-226
-257
-529
-442
-556
-1042
-481
-722
-703
-583
-633
-329
-405
-893
-842
-1510
-692
-577
-629
-832
-850
-211
-833
-800
-942
-680
-997
-855
-468
-740
-939
-342
-599
-138
-734
-956
-823
-896
-1312
-735
-267
-936
-1147
-392
-443
-629
-469
-1160
-550
-879
-847
-950
-729
-896
-880
-937
-815
-808
-753
-919
-813
-319
-217
-890
-1173
-631
-310
-815
-568
-1118
-753
-530
-820
-1060
-663
-255
-757
-620
-1019
-410
-871
-414
-625
-1219
-1067
-600
-653
-577
-1515
-586
-379
-601
-926
-901
-318
-684
-728
-649
-515
-1104
-736
-545
-799
-1099
-509
-682
-974
-534
-877
-863
-698
-1632
-691
-564
-868
-604
-559
-249
-956
-656
-518
-850
-689
-996
-680
-662
-546
-866
-589
-142
-247
-1271
-413
-914
-504
-822
-655
-738
-894
-413
-871
-717
-448
-922
-482
-586
-820
-488
-700
-579
-738
-555
-796
-772
-784
-525
-412
-625
-725
-475
-572
-479
-838
-799
-473
-683
-845
-193
-397
-638
-324
-862
-1047
-856
-982
-1039
-474
-573
-934
-998
-642
-675
-1112
-1230
-1053
-798
-920
-815
-405
-1402
-970
-982
-819
-530
-911
-792
-754
-841
-1010
-568
-315
-945
-575
-701
-562
-1150
-689
-1360
-90
-335
-656
-990
-534
-841
-363
-706
-943
-126
-594
-363
-764
-350
-746
-566
-673
-286
47
-22
18
98
-167
36
12
293
-45
43
277
-27
67
33
25
127
154
62
277
103
36
107
91
62
183
152
15
163
-19
222
153
205
170
-33
250
89
129
136
42
164
67
31
277
36
83
266
48
12
280
164
9
249
291
15
42
156
156
176
172
228
255
250
-41
27
54
44
134
153
145
279
82
156
129
15
64
67
42
411
139
64
247
42
-39
156
50
188
249
172
172
165
163
89
42
138
192
34
34
57
129
67
67
134
156
123
205
45
268
318
255
163
211
-100
21
107
194
37
107
181
129
175
45
156
174
187
42
246
178
-3
114
156
178
42
156
135
203
318
57
181
12
219
156
153
57
-57
114
156
114
58
145
277
218
171
277
129
154
225
15
181
156
-48
-19
31
156
156
293
255
42
370
265
159
293
188
42
156
156
142
197
97
277
156
42
42
156
172
141
277
160
141
156
156
156
-75
80
67
156
137
250
324
129
280
163
156
259
153
40
266
162
115
-60
20
156
156
156
94
156
249
250
15
156
172
197
156
93
54
27
23
167
181
313
201
181
217
40
181
162
232
154
56
277
155
197
44
-2
145
277
142
66
64
225
255
149
172
181
171
180
86
-52847
-82105
-66578
-68586
-106238
-82091
-70656
-92793
-101828
-82089
-70199
-134568
-116803
-47770
-78982
-72285
-55146
-85731
-54971
-49682
-67094
-69747
-54664
-102846
-43654
-22919
-46368
-68376
-79954
-59526
-57132
-99369
-28116
-85319
-55747
-64433
-64927
-42610
9258
-70054
-129362
-59909
-39340
-53331
-140043
-90993
-56451
-84626
-46255
-112707
-79615
11018
-49468
-62520
-74274
-84576
-92053
-44977
-30973
-74966
-70675
-100469
-76516
-61371
-4467
-65744
-60329
-83511
-36514
-74595
-94638
-35682
-48853
-105049
-86329
-49761
-46536
-70952
-37908
-52746
-11644
-75042
-91797
-55107
-59262
-50862
-64154
-92487
-126259
-77710
-24526
-54273
-53625
-46425
-77363
-69495
-55129
-75193
-60802
-101247
-44748
-48063
-85129
-72619
-65305
-81052
-71454
-42001
-57359
-96896
-60252
-21889
-24784
-70296
-47687
-28555
-106310
-103957
-68946
-59550
-77806
-76397
-127025
-91602
-69658
-40211
-41022
-72662
-18704
-89820
-116794
-88070
-79773
-74670
-81073
-84416
-55522
-112555
-89535
-98404
-18362
-27814
-83722
-102623
-56303
-97419
-122059
-117896
-75138
-110685
-102613
-111808
-76879
-30468
-84159
-76159
-47039
-81046
-103492
-66215
-38701
-86968
-94864
-96563
-76956
-47656
-74598
-82892
-116505
-76847
-75595
-112379
-88905
-45808
-69472
-94766
-30126
-62346
-33525
-29137
-38068
-61957
-71001
-108926
-120848
-116664
-86266
-110008
-60069
-43090
-110912
-84239
-62424
-101260
-532
-44068
-86428
-92358
-65539
-47339
-84914
-19250
-19565
-89217
-101383
-88031
-54638
-47147
-20795
-64492
-56282
-53863
-50187
-54077
-105295
-107271
-62593
-96282
-67441
-59225
-85176
-41784
-61529
-69243
-20691
-92292
-95631
-90189
-48095
-46352
-94984
-127496
-121908
-74260
-68434
-110406
-67482
-69127
-91310
-103949
-23026
-41224
-35310
-59258
-18265
23913
-6467
-39800
-12463
-33208
-43919
-44374
-33489
-2726
-38797
-11214
4670
-15071
-17131
38728
-29769
-28903
-3770
5903
-5545
-19337
11068
-28252
-19566
-13495
-31634
-23011
-15721
16268
-33119
-40483
-5469
-11924
-10654
-57859
-12626
-26170
-14955
-9937
-10210
15123
-24764
-18500
-62530
-9729
36657
-48903
-55109
25926
-20335
-14200
20177
-130
-67399
-24704
6116
-21212
6546
7525
-14260
-17351
-33689
-9134
-6102
-1244
23983
-32255
-74664
-3844
63510
-19747
-80704
-8270
-11679
-33639
-30724
2168
9151
-20093
-1796
175
-62915
-33777
27630
2413
-70146
-38175
20121
-3703
-8504
16441
-25051
-1638
-42245
11062
4791
-49052
1841
3862
-47040
-26022
3074
-15224
-39260
-8601
23739
-8980
-11349
-47175
-6694
-48524
-24499
548
-16407
-5853
-35579
-21483
-27944
4342
8517
-11120
-78275
30214
-28536
-40761
1707
46089
-26313
-62300
-44132
-7805
-2288
19311
7018
-21932
-44865
-53605
7476
-2530
-17875
-10053
-31172
-16654
-16623
-12193
-8013
-47676
-1154
-41095
-10694
-33213
4255
18967
12554
-37332
-36397
2381
-2720
-77515
-23094
-5984
11078
-25833
-47807
-24110
-20293
855
13548
8492
-51393
-14810
-24055
26
-23525
785
-49291
-44534
-17697
26817
-8622
-5646
-45458
-9632
6140
-75777
11790
37744
-54205
-1677
-25681
-28702
33783
32082
-32824
-39048
5539
-6765
-37560
-23805
-33020
-11468
-9052
-25569
-42774
-43100
5095
1581
-28545
-39532
-28499
-24990
-47777
-20034
28992
3641
-3677
-24230
-50715
14014
-47196
20809
9199
-13574
-6121
-52945
8719
-17940
-23264
-10132
-30666
-28693
-41332
13029
-7959
-2650
-18643
-27376
4616
-25119
-27195
-6303
-54511
10335
-401
-14393
-14083
-30022
6171
-25054
6597
-20101
5574
-27947
-13786
-17708
-19651
16066
-9637
-54032
-9068
34500
-11512
-29893
-13617
25943
-31608
814
-86582
-80833
-70272
-94532
-89214
-82979
-64856
-96564
-71230
-67717
-91516
-100924
-88284
-59525
-74846
-65502
-64341
-63195
-25540
-44574
-40843
-30287
-29880
-61245
-39783
3993
-38570
-24048
-26656
-20050
-19494
-4665
-34005
-14913
-6519
11074
-29219
-26167
-22921
-27873
-37796
-37887
-6787
-1102
-39608
-63573
-73667
-40101
-60457
-44077
-25505
-50547
-22619
-28396
-78696
-42734
-19956
-41205
-64656
-40148
-32036
-26546
-12406
-6730
-28541
-10362
-35407
-19417
-41700
-51816
-62045
-38275
-50532
-13906
6014
-41662
-47050
-18870
-24440
-35847
-42695
-42680
-54871
-88728
-29152
-38097
-64058
-43579
-47655
-54653
-65682
-35123
6287
-7710
-23740
-19849
-64965
-63423
-42471
-1511
-44431
-56136
-40217
-36079
-55774
-28484
-28057
-11297
-32118
-43173
-16314
-16948
-53240
-52322
-49766
-39064
-34814
-33944
-13981
-40109
-48753
-78929
-57668
-46521
-28596
-20620
-18383
-25774
-44553
-36231
-22121
-44588
-50175
-59592
-60694
-45449
-24027
-8193
-45058
-31405
-25948
-32327
-53899
-31267
-76312
-96666
-59011
-46455
-41668
-35486
-65475
-41112
-37762
-21327
-15066
-26586
-15324
-47443
-61755
-36165
-59710
-52945
-53403
-67000
-32472
-30604
-31230
-58476
-66817
-46004
-30782
-11578
-5379
-50535
-71560
-32168
-10892
-17910
31361
3307
-27832
-37578
-35412
-38552
-70940
-51364
-62764
-61261
-56509
-54308
5399
-2256
-54139
-33096
-10759
-17612
-14265
-25696
-35310
-17288
20251
-2204
-30753
-33874
-66276
-39266
-17368
-20470
-41210
-27768
-52469
-63523
-47679
-52900
-77355
-35977
-42584
-9311
-17451
-25502
-10534
-39614
-32099
-29775
-28677
-19503
-53300
-28512
-26786
-6241
-30603
-72038
-80732
-81258
-76429
-76404
-59405
-41774
-59670
-28158
-61393
-55813
-45644
-20001
-27907
-34319
-18619
4932
7808
-1180
-33428
-27079
-13511
-34322
-11703
-4037
17378
51242
14023
48981
33148
10666
11867
50335
36543
-25428
23813
29525
23713
-34500
50603
7214
52972
547
2376
11101
38170
-6213
19623
38721
20875
14023
50814
18947
10279
15687
20603
30536
58433
3574
15781
18016
15708
2776
20509
62102
26660
20877
9032
36254
48674
11547
9595
26526
36820
30699
-10899
18896
49856
-1353
60011
41560
13093
8871
8601
49372
16303
13798
33054
-10747
35819
16401
45362
33965
2112
46760
46517
5589
64585
35556
4264
36512
37369
25787
-28855
51594
46177
49776
22047
49745
21990
25841
29895
31088
36755
4854
47385
34150
10244
21808
41213
-17374
49756
30086
32633
8350
16538
67939
11282
-7276
48621
20425
33091
20197
17124
63652
-10962
15225
22284
28270
24498
7791
47662
18793
12354
48182
10418
27643
35037
-15199
28919
-18294
36852
32330
39019
33323
26348
35698
18836
3237
43716
32359
41584
6590
15219
25717
-12058
3807
52513
19019
44328
21439
35894
45173
36223
26433
8377
13744
12485
44614
31552
29140
-28067
41296
21441
12675
31898
35782
-13850
57188
-9212
51711
16930
46588
42781
7514
64093
10888
13872
33017
18550
31246
59423
36116
8108
5154
42871
16561
56796
787
32973
-1030
-4774
27538
32495
45908
36381
-19107
82312
-7896
8472
26646
36437
25845
16920
48280
11650
-4668
35502
34495
24870
14222
20930
25859
56673
-7704
34205
22994
25379
32179
40426
21843
22552
51207
-882
67383
12501
31300
43590
43579
40848
48088
15607
43700
8774
13328
40692
36196
30260
-29250
59812
31999
37305
-2102
45375
16923
25197
17105
15018
1866
2348
1722
39348
24625
1597
14494
15763
23186
-14430
12271
11144
-17226
42727
9554
37026
12194
24228
17614
24189
47985
37466
34718
14781
70332
37650
19332
31965
26242
25533
-6162
-18535
19588
10110
9337
-2438
45782
-7644
17388
33256
4700
28680
40243
650
5255
28660
48585
25125
33112
46961
3690
-24138
-14902
34061
9979
-18214
4091
65149
56759
22776
1841
3418
27090
46352
-9832
-15442
23003
33191
-2791
34974
27166
-2334
8212
5508
38502
8024
26957
-1280
2576
646
35122
-14679
13488
32212
-623
-17989
10750
65593
47417
3008
315
4146
-16614
-3042
-1635
45130
-5040
2469
23409
-20669
-2339
47324
28503
-15920
-36208
-7421
21117
31858
22062
24239
17105
-28288
9106
23921
8939
26544
30443
1224
6139
20945
-14561
29239
11919
50859
-10185
17849
27046
12628
-34358
29129
38655
38803
27826
15216
6947
31368
34994
24183
3893
-12318
24526
7619
12204
30089
61961
47483
19453
17974
25752
-16316
67361
29932
78755
7427
-8333
12085
18831
56372
37389
16984
59940
22686
60925
27869
29027
40678
-16538
19482
-2933
10410
61631
55687
1378
19863
-3122
31702
-10464
18768
3625
36263
27864
39638
23353
14633
44640
52515
41231
1406
-7343
30908
15529
-13934
-15147
-17927
-23924
-18893
28004
18553
38864
32911
37274
37308
-1744
14706
38974
26045
35091
-6027
-4834
30770
66470
54420
6290
35015
7010
-24379
5658
18398
20132
20179
-1856
-6695
-5897
26879
15721
-8347
6334
32464
47117
21734
38710
36300
811
33319
-8924
-15560
2547
-17839
40571
44290
22448
18320
-16635
20598
41389
43814
19453
14840
50889
-19306
5089
-2534
5369
-4330
-23169
-28787
6135
-309
-18571
-50261
-35121
-36388
-21550
-12987
-39995
2714
-23418
-11817
-33306
-28961
-37406
-34894
-71089
-36639
-36534
-34050
-30596
-60872
-38288
-31344
-26653
-29344
-34461
18082
19449
-56977
-46465
-62040
-30214
-57979
-71196
-57471
-21590
-18037
-45917
-27796
-45046
-1586
-97849
-79212
-28362
-26550
-66518
-47829
-82532
-2580
-70744
-55141
-50278
-51842
-73487
-88452
-10790
-63005
-28509
-32617
-18978
-34556
-7047
-32565
12128
-62656
-50665
-77509
-79156
-31306
-5318
-29553
-70805
-53949
-48442
-74150
2973
-28155
-47339
-35068
-104306
-45270
-81470
-59490
-35033
-40835
-92987
-73973
-1796
-37746
-33610
-27767
-13988
-37465
-70329
-53848
-11109
-104964
-56249
-68166
-89108
-63623
-28430
-12073
-66394
-38938
-8289
-83414
-20272
-61323
-82422
-100010
-64778
-9567
-60848
-68203
-76476
-31863
-101950
-50362
-69163
-28486
-57091
-11487
-7797
-42726
-29481
-34676
-74250
-70637
-76182
-52103
-48090
-66076
-38190
-63794
-67989
-68998
-20903
-24300
-6297
-70580
-91171
-61382
-56965
-48660
-31108
-56641
-68945
-77695
-67650
-8510
-17872
-34831
-60952
-50635
-48073
-61653
-73657
-73577
-52547
-64898
-65461
-82525
-47142
-54778
-47437
-22074
-12170
-45094
-67281
-73908
-3213
-48796
-59381
-29404
-31354
-46689
-31769
-53384
-35390
-65381
-74140
-69457
-56167
-82301
-31834
-21203
-23909
-21544
-67929
-73533
-18749
-30377
-77272
-61222
-86532
-25204
-74431
-35731
-14526
-52471
-60361
-79963
-5831
-319
-77724
-15190
-106093
-62220
-66615
-64458
-44064
-60726
-5254
-53191
-25493
-68227
-47871
3736
-19578
14730
-43790
-25553
-45314
-42183
-10001
-37142
-53310
-48613
-104829
-99886
-61664
-85661
-29775
-52563
-6735
-41088
-85759
-90182
-50799
-81883
-106522
-32053
-38917
-45521
-39084
-40643
-58929
-83861
-96709
-46576
-52679
-16924
-16975
6609
20339
11599
-12789
-30187
-20584
-17004
-32300
-31071
3132
-11503
-23352
-12484
24817
4863
46803
33714
24749
34311
30550
65665
28742
19840
28245
42669
28569
28214
34124
4676
29264
21712
-3668
60584
66989
40903
34771
16828
40658
59064
50475
-13872
71444
48382
45237
-1579
13959
21478
76754
33349
23317
828
55051
17452
41682
18507
5040
28997
6268
-1321
17962
57941
15720
-7318
21637
17328
16220
20624
32457
35239
42746
23631
31235
59918
23997
30576
10874
34610
-10116
14492
29540
26776
-6066
20213
49804
41357
54008
43816
31145
32424
3316
29719
28705
10576
19331
11562
25991
10437
66483
70146
25635
35381
48664
31207
37046
-322
26453
34180
847
35744
-24468
37085
34516
44514
19307
45490
43540
58067
59305
39116
40656
30348
54781
398
35470
13408
28412
17333
54918
58048
60658
34238
39841
33376
9496
27647
69250
44606
42007
43140
-4245
31868
-3675
28340
1037
46281
56344
26277
56438
24486
32939
47675
13560
62410
46178
5987
60073
2789
13076
22839
65208
67186
38393
41378
12254
36175
64021
24498
32552
-22119
-15904
58766
32010
29266
47752
14168
34259
29222
37407
27170
24860
55474
25595
55684
48739
44150
18844
20496
-24650
63473
17994
40230
-9000
28837
-15777
20594
19023
1463
13786
35560
49169
18363
71144
25430
27845
46367
-20543
-14959
65662
-5229
40598
33279
71384
27591
67835
-3313
11274
27620
-6780
40591
51167
5889
17736
-23941
61230
-13420
63148
16783
19714
63823
33889
49474
-1093
30047
27666
40788
-5048
33360
16885
27092
29830
30094
61443
26755
16409
7893
18870
17691
60597
73230
23822
53163
28690
34714
14407
-16717
15581
48331
-14248
46144
16701
-3351
19285
-5925
10274
-33881
53357
11887
41011
21456
43765
3417
-8346
-15250
3642
7779
-16043
17443
-12455
-18369
1267
-2113
288
-23423
-14338
14211
-16850
47539
-54059
12961
61335
3219
-35608
-3256
38476
6116
16451
8174
54638
-3738
-16260
13329
-40350
69118
646
-34929
19254
14757
-9175
14882
42128
-36195
-4815
47751
24268
-3282
-7134
10795
-43666
35429
-15889
4602
20278
24970
1923
2730
18902
2012
-1248
-13818
30697
41313
-2555
8264
-34402
48117
15891
-14898
-2964
6347
23238
26374
6159
13654
-4231
28839
10520
-4672
14754
-7400
-21030
51104
-729
8482
11628
7653
36341
-5581
-12019
19644
-19799
-9476
41006
32845
11091
-6789
-35488
42582
3194
5401
-4647
10034
39677
6663
8010
5900
-14029
22598
-8460
-14563
15238
25967
-18109
47689
-1147
1493
-6548
15290
24759
9474
-986
14466
-3960
-15287
-24178
33487
-12264
3122
-16520
51849
-21326
3347
16816
14609
-7667
-8572
36921
14573
14824
14144
-24023
-11047
8421
-11870
-26285
48989
-720
-19120
29362
29437
-749
-2343
-7131
-7490
31423
1276
-1059
18094
18261
-2002
-39837
74828
-116
-7000
-2936
6265
48096
25474
-4911
-17434
11893
36598
-16736
-17523
35803
18471
-52719
95374
-14156
19757
7127
-9144
18175
7932
38276
-2022
-23488
-3428
9308
9624
29679
22216
-48938
56183
11632
-14197
20668
33615
22290
4498
27198
4595
4261
12013
-3581
4511
8831
-2478
-18416
50590
-17290
-19156
19006
3316
30317
26827
12594
11701
-14976
34190
34089
5925
-28929
9243
-8168
51421
-7847
12048
11578
5022
10595
24994
-11969
-22317
8938
12553
11010
-4584
7260
-13336
-32406
8972
12970
24291
-15305
18074
9719
25694
45683
15179
-17337
2999
33351
-8637
-191
11530
-21965
106
652
448
546
579
440
236
400
813
707
818
468
610
328
392
-215
-743
536
196
-274
379
-17
320
365
-314
-558
54
394
-123
49
-65
-3
-388
-181
64
115
408
365
106
-120
-134
-136
-329
-182
67
-82
221
191
-231
84
-511
-480
-264
-254
-89
707
200
-337
183
526
328
-116
-36
-132
-232
219
48
255
14
-68
43
-81
35
13
-448
-377
292
349
-392
-63
-447
-320
124
267
-106
2
286
430
47
-103
-18
-167
-304
-362
337
-102
-166
166
373
-411
-730
79
344
52
164
617
-154
56
-280
-274
-9
80
-678
-177
40
-36
5
-162
-259
-163
128
371
31
254
-117
-146
140
-806
-164
75
-429
-56
-154
176
44
-200
-132
-102
-106
148
26
497
359
45
-475
328
-320
-95
-40
373
194
-255
-281
240
-283
17
-440
181
-175
72
-695
235
-149
510
-281
-49
-283
-81
-202
-124
160
255
-278
359
346
-296
-639
-203
702
-350
-320
-129
421
305
193
-196
446
107
-299
524
207
92
105
58
289
-186
252
-121
76
237
-30
363
110
-269
-218
140
-314
-53
-515
231
-234
-238
-134
183
90
-350
-372
-242
459
89
26
5
191
-582
-131
731
254
214
391
687
636
154
283
-193
223
337
825
296
594
-104
-338
-283
-577
-761
-405
-434
-375
-381
-370
-354
-564
-511
-732
-276
-144
-207
348
190
-84
-222
273
38
-86
-5
-226
-49
-35
-101
177
209
-310
135
119
893
392
80
1105
970
47
669
626
822
424
820
493
765
420
524
193
703
58
625
522
375
418
374
220
307
147
534
356
-147
74
312
281
632
342
196
197
476
232
-13
714
507
-97
276
476
391
483
397
203
802
790
156
136
614
725
349
659
512
65
640
255
654
498
271
-36
266
360
396
327
810
562
-197
69
182
485
-7
506
665
841
24
263
632
448
-30
403
432
310
232
528
594
79
445
87
501
507
25
334
537
257
195
448
294
200
274
317
370
-38
360
388
326
343
6
576
560
66
149
613
567
61
444
195
32
189
971
142
396
-261
296
748
380
85
538
378
387
376
223
292
-179
364
351
293
246
604
607
41
686
277
-65
974
190
510
525
401
-102
434
195
233
160
410
36
178
768
810
446
749
-606
380
664
354
391
568
137
568
-93
516
545
599
1028
186
328
354
277
666
370
497
677
307
48
481
301
433
764
-93
1099
-573
121
407
637
456
57
434
121
-367
576
440
359
295
403
86
750
-276
686
691
433
247
418
686
713
385
467
543
546
178
541
153
427
425
697
594
175
337
520
912
333
404
537
485
222
473
521
978
733
844
557
911
466
634
697
537
678
426
679
443
368
690
471
1087
1136
891
1338
924
786
371
1201
642
644
1293
1343
1037
1254
1095
466
1101
1165
824
750
1205
774
773
1032
1176
1189
1449
1414
1278
877
1001
82
1715
793
748
1145
1049
831
1222
1104
1067
711
843
926
1183
1428
540
202
802
1209
1278
948
1220
1234
881
801
1289
895
1069
1342
1336
1144
532
-75
1240
421
913
808
1042
807
924
477
879
846
1066
884
1085
885
795
-176
1130
1566
1105
807
973
1115
834
810
1308
866
868
673
738
410
1067
292
1301
898
721
1037
1263
1205
1190
1099
1081
1167
651
1007
894
983
776
441
1847
1057
1137
1150
1204
1318
722
1491
715
1226
1173
1142
471
640
940
378
971
1021
860
1302
1114
830
1464
796
1346
764
1106
643
1224
801
1425
159
1260
590
1188
604
1169
1168
1548
1401
655
952
926
1067
863
1314
1236
59
751
737
507
1185
610
655
1100
1312
1135
847
974
643
1612
1104
768
389
1110
1277
373
989
776
1173
991
586
657
529
926
760
1392
795
1000
83
780
567
456
1166
854
1215
1134
990
1396
893
770
1718
1203
1201
754
575
1109
1044
1602
1240
1743
1093
1308
1531
739
1194
1310
1159
901
730
1135
-20
279
565
768
757
613
393
559
425
623
408
734
669
545
145
295
53
-73
-503
-497
-648
-570
-449
-640
-412
-658
8
-720
-485
-932
-422
-731
-618
-36
-943
-936
-661
-1155
-833
-1065
-966
-979
-401
-1314
-765
-1009
-802
-1200
-989
-395
-929
-749
-1520
-1007
-752
-1178
-831
-802
-718
-1126
102
-552
-1194
-901
-1204
-526
-786
-1035
-892
-869
-945
-842
-723
-842
-943
-1227
-781
-943
-676
-1294
-1227
-296
-553
-961
-918
-683
-487
-1252
-900
-492
-689
-1218
-1024
-902
-1148
-1191
-808
89
-179
-1090
-1031
-1011
-1039
-1106
-919
-633
-727
-1116
-952
-568
-726
-779
-1369
-414
-690
-420
-1532
-998
-996
-1035
-904
-939
-1281
-1103
-1126
-705
-1464
-580
-1005
-244
-936
-909
-1024
-925
-998
-614
-842
-944
-737
-1321
-1086
-890
-1356
-716
-764
-132
-511
-1138
-851
-999
-1067
-1007
-790
-870
-337
-759
-1179
-1498
-990
-1195
-845
-251
-726
-1102
-977
-765
-683
-1311
-1394
-929
-509
-913
-1125
-487
-1054
-699
-1369
45
-609
-476
-1349
-1209
-533
-645
-989
-1430
-1443
-987
-440
-349
-1361
-483
-1300
-436
-749
-605
-957
-192
-988
-567
-327
-971
-1089
-1119
-931
-1345
-688
-717
-1272
-926
-1067
-704
-917
-910
-1214
-1010
-460
-1312
-784
-500
-1447
-825
-898
-786
-1127
-631
-697
-1049
-806
-912
-785
-1048
-1294
-833
-979
-676
-775
-772
-980
-835
-810
-44
-114
-876
-1264
-1206
-340
-863
-656
-1433
-856
-1028
-1105
-1418
-612
-843
-1121
-728
-629
-664
-1000
-1003
-779
-508
-366
-469
-502
-817
-496
-301
-665
-850
-915
99
427
68
119
161
40
-185
-153
319
-3
401
201
341
168
215
101
551
680
117
868
742
427
252
1103
118
682
436
95
249
790
165
607
-77
489
640
513
446
665
294
460
383
435
1088
756
616
359
627
274
820
425
894
730
430
293
477
611
808
635
351
599
588
641
582
443
118
624
330
872
517
502
1197
448
410
188
825
508
368
895
133
633
60
633
497
200
588
749
371
386
580
516
259
576
947
315
492
347
-163
632
558
752
624
151
514
468
667
142
769
535
506
403
235
566
367
553
288
364
522
744
827
487
624
494
204
207
1233
647
341
685
453
526
580
655
781
631
296
913
267
736
80
503
-25
633
455
298
454
654
176
746
381
315
522
502
689
803
594
23
513
683
850
516
436
745
458
982
535
614
790
306
659
587
191
359
702
654
294
264
360
604
779
288
391
246
386
601
546
567
741
531
254
624
820
544
312
668
718
36
630
302
730
918
729
-196
745
190
510
967
406
587
419
455
523
877
694
667
525
470
874
543
-144
688
972
473
46
633
-286
487
696
187
573
806
882
641
694
422
742
535
285
765
727
709
143
377
362
658
167
228
181
69
222
-77
404
-273
128
99
231
164
604
-181
100
106
-105
18
83
-120
-244
58
302
-15
118
-142
136
-130
861
125
-318
358
4
-363
-66
498
-37
-242
156
-77
80
63
338
-641
586
195
96
326
-398
36
243
-425
-70
235
210
-423
-73
210
100
-430
817
-342
116
-99
-189
86
11
-36
189
-77
305
379
421
-186
12
-300
478
-370
84
345
-454
-195
313
-582
-179
-23
567
-29
-237
547
-275
-369
238
25
30
283
126
370
-363
-47
-1
220
236
-175
8
-317
-180
-290
788
67
-176
-15
290
-221
112
252
387
-160
394
190
248
175
-426
-385
722
177
-39
150
63
83
-394
135
-256
90
-1
361
554
198
-371
-245
737
-285
-174
533
28
26
129
-77
-214
-362
67
285
345
116
-91
58
730
-212
507
88
-248
-275
392
242
-171
-170
-138
-307
152
522
194
-551
314
-397
-336
378
55
-171
62
141
290
163
-53
-181
458
316
-232
-294
884
-247
-514
85
-731
161
-190
-401
-32
276
113
-75
170
83
-290
-350
515
59
-12
192
-363
430
109
-429
80
-273
77
350
-46
113
-225
-358
910
-526
756
357
95
-188
227
-51
-133
-200
-214
795
-184
-38
-410
-347
303
-358
399
301
-290
-293
-60
-295
268
-301
6
93
-63
476
73
-305
447
-120
413
497
526
152
184
122
-244
-85
170
-107
264
32
211
-173
159
-270
-285
306
-276
-132
-54
-134
48
54
400
-533
195
-94
-173
-423
28
141
222
-3
324
55
174
-19
130
-328
197
176
-147
-139
-332
-373
107
-413
199
-1
-22
-116
246
-15
-511
-592
-411
-509
1
-143
102
-218
295
50
-165
-190
-78
59
-54
-353
139
-35
499
-591
237
-155
-24
-192
273
75
-234
-78
-171
-248
271
267
-151
-202
-440
189
-50
116
-195
-434
307
-68
83
91
13
71
-86
30
-189
-53
228
-325
98
-100
-317
-267
233
-169
-61
181
-3
-390
-2
299
7
-152
-45
108
-388
-168
-296
-239
387
-49
-31
191
-193
-217
-434
-23
-51
83
57
-430
230
353
-276
-553
-103
28
-220
144
-47
-265
-26
-456
-30
-51
151
282
-87
-64
-29
-494
215
-203
-124
-324
-203
167
93
-59
-477
-196
-43
-179
-206
297
-419
-7
53
180
-161
771
-198
-251
166
85
-235
-446
-462
-39
-345
320
277
-133
-145
-513
-83
702
309
-64
61
243
378
12
204
-93
53
194
-218
29
196
-530
29
-437
-24
27
283
-245
557
168
326
532
-497
-144
-486
-371
240
-74
-331
238
-157
6
334
-502
-767
-243
137
-305
-160
-9
-187
-329
-263
226
166
316
-200
93
300
437
180
-389
256
61
43
-196
360
-444
428
-194
-78
3
-388
11
-341
192
147
261
-166
-170
-73
121
292
-41
-52
196
301
190
144
307
418
267
308
361
265
-12
337
207
143
-10
812
398
1194
734
733
1155
1159
983
862
1303
732
500
907
343
736
666
569
361
347
1171
658
587
908
381
684
1004
1077
741
462
1181
515
497
287
592
1024
649
461
1427
923
508
790
875
303
1138
690
198
868
242
563
866
589
600
383
971
944
832
800
975
1191
937
644
918
712
364
530
783
1035
694
575
1001
352
503
732
1245
346
1245
1123
815
597
271
395
896
265
1256
732
944
407
590
802
1024
598
536
134
1428
856
342
286
402
642
653
1010
819
741
604
1155
796
521
895
1185
412
730
267
568
645
1032
686
497
596
1007
1111
890
864
575
767
1039
860
670
608
554
-52
817
729
874
924
641
698
916
763
839
679
655
761
774
687
510
530
1057
627
963
1346
823
540
733
554
946
507
751
1104
431
545
385
268
889
1029
431
1048
911
854
773
914
947
1311
1197
473
711
287
434
1104
314
274
700
572
844
969
530
734
826
548
563
718
691
380
329
115
955
174
563
857
426
1343
862
501
845
974
961
441
1079
337
650
703
528
741
853
932
775
569
1059
1073
873
699
721
763
-60
1020
234
289
123
82
24
139
432
657
448
-15
519
479
392
540
561
299
92
-852
-165
-768
-567
-534
-238
-561
-300
-594
-482
-404
-798
-1016
-386
-352
29
-38
-130
-107
-226
-145
-12
321
121
-502
-185
278
279
16
174
125
-58
617
366
185
-103
153
226
-253
-158
550
310
273
-129
-240
-123
-295
72
-383
267
-781
43
-17
215
-422
469
155
-229
359
11
109
-416
-160
395
153
-79
-154
307
145
104
-382
-300
-107
-126
-92
-100
605
589
325
107
-398
-97
-303
247
-98
-281
-197
-21
259
187
-249
108
135
26
87
-254
170
528
-195
151
-107
57
537
-107
3
156
210
17
-1162
9
-192
135
153
-316
81
-8
255
62
-40
-251
-363
-453
-476
-73
481
118
192
327
-25
328
204
-83
-401
-178
91
75
471
120
220
545
331
-139
96
199
-415
-247
-78
214
-42
119
108
-176
92
-106
-261
286
-285
-50
186
192
-74
62
-209
397
-234
-158
200
-21
-133
32
171
230
-117
565
282
370
-38
69
209
-339
147
35
-15
-137
94
-566
366
-223
334
-86
13
-105
56
80
-205
-62
154
264
-115
137
-75
165
223
123
264
-249
-143
184
-432
58
-172
-315
-238
-168
-162
177
158
53
277
21
168
-199
301
-272
-238
341
43
-200
94
-38
-14
-148
54
-339
-247
-567
51
-144
-12
110
-21
-96
27
95
42
-207
-36
7
-154
108
-143
32
158
-413
-82
-385
-232
269
89
-36
232
85
-424
-90
-106
-315
51
163
-193
64
218
-303
484
-244
-17
-31
-585
98
-329
-454
-262
-440
-583
228
605
170
186
-331
493
762
-31
-259
289
561
351
-364
96
51
735
-181
313
7
344
28
-486
29
-145
32
401
3
9
327
-236
216
19
379
127
126
376
-569
354
-211
-119
394
42
-270
120
-331
399
-81
581
667
82
365
598
-343
250
94
162
60
92
-212
-174
161
363
139
-616
142
-457
246
505
-517
284
347
224
64
-35
139
147
-170
-258
-216
-1
-118
-206
389
327
-358
192
-76
-435
-75
234
-22
62
-376
143
-159
-22
108
921
342
1023
-462
-177
94
180
99
-101
292
-247
-224
334
271
431
265
-173
226
510
-629
-189
-101
198
594
478
-47
-148
42
617
276
65
167
283
-117
303
-436
214
-197
-169
272
470
-265
-114
-35
-350
54
274
-123
398
123
595
-289
309
118
157
163
-40
-271
-69
191
428
13
173
315
-45
116
524
-437
-137
264
-335
515
-28
104
-90
80
-71
288
-88
81
223
61
138
-297
-389
-132
-160
278
-351
-379
113
-56
-181
247
3
104
29
44
782
-854
-303
221
-26
-315
-39
121
187
-170
102
167
-346
-541
16
335
483
-351
233
14
176
445
450
138
175
185
-239
234
65
260
50
140
571
209
487
946
470
599
710
1076
395
844
474
650
928
615
558
397
355
-25
-79
211
262
740
695
504
273
657
405
124
522
520
729
391
189
41
312
470
217
534
325
883
315
457
463
401
359
142
695
389
44
83
405
822
260
708
353
457
165
1116
513
146
638
453
256
591
536
-290
510
90
444
564
353
162
832
425
480
304
974
385
370
261
135
491
31
627
134
584
480
537
424
332
680
287
-6
878
774
387
218
457
367
352
296
658
-235
61
400
402
510
271
404
243
113
943
401
222
253
210
628
556
432
522
462
476
949
826
426
387
467
107
127
-262
-158
512
407
719
278
491
514
455
546
292
513
391
430
656
394
25
108
540
390
234
893
313
755
227
283
103
536
696
351
938
251
9
442
600
447
451
339
368
368
656
746
252
482
511
490
612
93
-152
241
392
30
811
539
654
689
-100
690
316
672
400
411
1076
188
-403
577
219
79
354
478
714
710
357
162
180
928
480
914
696
228
-70
632
408
247
791
727
189
1059
757
509
401
657
597
251
545
524
-307
-410
611
-61
345
-36
-195
59
-69
415
431
549
253
306
428
154
-149
-194
7
-92
-5
232
-126
-164
-70
-170
-167
-65
485
3
-38
511
-202
-207
205
-257
-373
-350
-50
-420
-191
-188
-419
59
91
-54
-75
-635
-661
-1175
-1227
-1535
-889
-818
-985
-1260
-1324
-1292
-1280
-1512
-1281
-1405
-1187
-792
-273
-950
-1065
-514
-984
-1020
-1168
-604
-946
-371
-1234
-1100
-1168
-1090
-1244
-736
-303
-1006
-544
-616
-410
-950
-798
-716
-827
-1343
-904
-732
-564
-1105
-434
-578
-397
-881
-1003
-1381
-1303
-1180
-554
-638
-721
-1190
-773
-347
-1259
-800
-600
-710
-470
-961
-374
-643
-1526
-1087
-810
-1250
-1365
-626
-334
-786
-1371
-957
-1695
-851
-263
-1224
-866
-979
-1079
-1131
-675
-853
-899
-1191
-1126
-826
-1530
-1058
-166
-842
-445
-586
-596
-622
-1085
-744
-636
-923
-927
-814
-1176
-1086
-659
-775
-717
-1313
-713
-1083
-791
-921
-976
-708
-534
-951
-564
-893
-941
-551
-929
-1225
-1073
-813
-475
-1112
-288
-562
-707
-810
-1190
-930
-1093
-625
-966
-736
-928
-1162
-1272
-594
-455
-659
-603
-469
-522
-977
-897
-528
-1120
-767
-924
-680
-967
-742
-578
-648
-499
-735
-758
-1167
-1018
-1147
-1163
-860
-686
-1177
-779
-839
-963
-1316
-1137
-709
-372
-577
-171
-939
-1193
-1233
-655
-1358
-456
-529
-705
-1081
-857
-756
-904
-534
-275
-824
-824
-820
-1139
-832
-499
-735
-958
-1109
-1042
-1219
-625
-888
-761
-629
-493
-1162
-843
-710
-892
-905
-763
-846
-855
-564
-559
-994
-1463
-1251
-1269
-705
-525
-543
-881
-830
-645
-844
-886
-1142
-918
-806
-884
-405
-741
-833
-717
-434
363
430
295
-167
41
-65
509
169
-85
295
346
358
1
303
311
-112
-138
142
222
-654
-461
-91
-362
-387
-132
-468
-458
-141
-465
-169
-636
-347
27
-279
-402
184
-162
-508
-685
-159
-16
-355
-392
371
127
-554
54
-339
-431
-406
-307
-557
-440
-768
-728
-705
-257
-108
-430
-368
-183
-220
-703
-230
-206
160
-147
-292
-652
-471
-332
-797
-427
-456
-599
-334
-445
230
-212
-75
-197
-169
-306
-662
-401
-420
-459
-755
-590
-329
513
-237
-922
-284
-247
-79
-123
-310
123
65
-178
-621
-228
-225
-189
-106
-255
-337
-164
-399
-753
-371
-266
-247
-119
-95
-467
-407
-502
-202
-636
-399
-304
-555
-64
-310
-79
-91
-146
58
-154
-475
-12
-487
-413
-626
-545
45
-116
-66
-546
-315
-233
-21
-132
-79
-177
-429
-362
-176
-163
-442
-760
-33
-153
-278
-420
-96
-280
-1
-103
187
-295
-388
-563
-289
20
-162
-501
-585
-978
-202
-186
-506
297
-96
-258
-355
659
-433
-558
-1013
-92
-269
154
-331
-478
-414
-461
-467
-371
123
-174
-527
241
-394
-500
-577
-118
-382
-420
-285
-118
-191
-600
-317
-277
-217
-171
-303
-608
-566
-400
-438
-631
-541
-593
-690
-144
-246
102
-372
-179
-108
-426
-253
-108
-469
-204
1
-244
-132
118
-357
-205
78
-131
-30
229
168
-320
-150
-510
-574
-533
-423
-460
-728
-578
-552
-469
-452
-531
-398
-640
-274
-283
58
95
16
393
251
-274
259
158
-170
-200
257
111
-147
-412
-64
-566
-245
-441
-613
-597
-171
1
-550
-730
-359
209
-455
-135
-679
158
-503
-500
-514
-817
-1330
-846
-535
-1101
-537
-273
-498
-1153
-836
-1106
-912
-1214
-363
-610
-1072
-1119
-577
-610
-955
-447
-120
-777
-912
-843
-1035
-962
-1266
-622
-574
-431
-661
-671
-604
-1004
-1014
-727
-911
-556
-499
-467
-394
-1027
-999
-1123
-665
-951
-1032
-684
-759
-812
-1097
-959
-483
-792
-1011
-1037
-1076
-562
-973
-958
-385
-448
-383
-970
-699
-1257
-792
-683
-1100
-781
-873
-781
-937
-978
-467
-798
-631
-958
-966
-717
-417
-364
-897
-1235
-679
-937
-273
-737
-659
-383
-784
-1435
-482
-713
-1026
-545
-464
-747
-391
-202
-305
-532
-807
-661
-169
-1107
-1231
-870
-174
-918
-554
-821
-1150
-552
-945
-463
-426
-818
-881
-973
-558
-645
-747
-1048
-922
-741
-1051
-1040
-770
-1028
-869
-379
-1149
-976
-592
-399
-535
-1249
-673
-1246
-656
-785
-853
-551
-816
-590
-823
-603
-498
-397
-1191
-616
-619
-923
-1248
-1246
-520
-465
-1040
-673
-656
-636
-1183
-498
-872
-1196
-824
-648
-1190
-926
-917
-1024
-606
-928
-782
-770
-1038
-807
-566
-756
-634
-389
-851
-458
-740
-1055
-1538
-876
-442
-458
-634
-1270
-1091
-1131
-1287
-1264
-1263
-834
-1483
-1042
-1054
-1322
-1145
-1592
-673
-737
-708
-761
-1126
-1097
-961
-928
-980
-868
-1095
-1010
-626
-751
-913
-641
-434
207
257
305
172
527
586
502
395
348
520
442
534
-167
208
504
70
52
412
114
200
421
42
165
391
384
168
282
172
261
616
760
637
-48
343
436
656
227
382
181
471
534
425
392
474
368
707
601
426
197
434
-36
82
252
-167
26
565
699
74
417
119
135
-184
-28
263
-378
390
278
348
333
220
102
-347
76
191
107
727
580
261
-6
5
4
282
-89
-199
41
335
-86
122
547
585
-4
-191
218
643
274
643
94
581
633
400
587
350
-131
126
328
-38
270
81
601
289
-177
74
170
159
-470
-167
421
501
-69
435
225
2
45
203
714
534
235
298
-268
606
17
719
885
303
-72
331
587
361
467
748
455
348
178
603
-230
174
-32
-349
377
278
24
568
640
-79
27
-4
196
594
258
423
185
344
-232
228
303
285
455
358
-1
-59
270
122
596
419
307
-7
24
519
396
-25
251
256
306
202
549
49
360
-31
175
326
469
301
157
351
-46
190
829
280
436
360
118
-19
-457
302
75
385
33
-24
154
140
-169
529
99
179
56
175
226
746
198
655
1122
315
371
304
-118
309
-101
381
405
98
-33
623
288
-72
170
100
-17
403
288
323
-379
-376
-502
-199
-456
-524
-352
-486
-404
-333
-474
-525
-622
-677
-764
-328
-263
25
-297
-152
-71
-49
259
246
151
385
289
-228
73
93
279
-69
247
-690
-229
-313
-439
-92
-31
-318
-333
-76
-612
-683
-345
-571
101
-207
200
-416
236
44
-45
-504
-103
48
-89
-309
-374
-74
-376
-138
-392
-629
305
-34
118
270
14
235
-14
-351
-374
-426
-213
-423
-127
-271
646
-110
195
-193
-256
-371
-257
-158
-546
1
-57
-499
-265
310
-210
249
-57
-166
71
-605
-390
-262
-306
-429
-291
-117
-276
359
-174
-122
-247
-620
-291
-483
-208
-24
-636
27
-222
-307
12
177
-114
-181
-225
-551
-736
-420
365
-528
339
440
276
-127
-366
-40
80
-209
-553
-309
-215
29
-154
-504
163
-468
85
-19
-659
-566
-641
-258
-385
-209
-301
-445
-58
-594
-567
-542
-178
-667
125
-151
-348
-152
120
-145
-66
-87
-299
62
-399
-288
-38
-374
53
-198
364
-414
25
-173
-576
-87
-235
-610
-288
-239
-676
-121
-524
-89
-273
-268
313
315
-306
-296
-674
-414
-474
-168
-277
-413
-62
-110
15
-261
84
-428
297
87
72
-263
-498
-372
-11
-134
236
-318
376
360
-160
163
94
-497
325
-77
-195
-340
-742
-38
-388
-80
-253
-511
-831
-409
-328
-463
-348
-425
296
-152
-191
-210
92
-528
-296
-400
-344
-110
159
-22
-14
-75
-865
-402
343
63
-135
-138
136
338
122
132
235
-168
-339
84
211
46
-31
-130
142
-331
-533
-355
-511
-357
-470
-404
-500
-420
-71
-591
-687
-565
-376
-209
-582
-489
-436
-1242
-689
-558
-732
-1162
-525
-998
-610
-621
-573
-964
-1154
-818
-92
-516
-982
-861
-263
-899
-1428
-983
-377
-687
-838
-653
-689
-431
-562
-1028
-195
-710
-1194
-872
-828
-766
-1002
-1156
-1124
-1126
-743
-944
-820
-527
-1203
-601
-378
-619
-653
-683
-504
-844
-1360
-1039
-988
-640
-837
-435
-849
-939
-781
-388
-424
-755
-1457
-1086
-738
-1112
-620
-653
-748
-957
-642
-849
-808
-843
-251
-966
-256
-918
-1122
-763
-588
-873
-547
-696
-628
-478
-1229
-930
-717
-781
-961
-421
-372
-1595
-1163
-1019
-1029
-649
-916
-988
-1486
-1000
-1051
-392
7
-589
-1051
-21
-299
-393
-918
-1080
-540
-887
-798
-1201
-972
-598
-350
-627
-932
-937
-574
-627
-467
-1053
-756
-672
-838
-1074
-530
-1175
-1338
-686
-1337
-677
-927
-732
-1020
-341
-301
-770
-729
-601
-1204
-967
-847
-1006
-444
-1127
-1094
-820
-1074
-1086
-998
-604
-489
-472
-483
-485
-722
-1054
-1016
-531
-381
-682
-607
-1126
-512
-1168
-1140
-711
-427
-1187
-1029
-998
-635
-934
-817
-873
-1163
-898
-876
-538
-1091
-1027
-1072
-649
-442
-475
-1159
-1538
-664
-1024
-1078
-493
-742
-743
-789
-804
-745
-700
-1036
-671
-581
-416
-1052
-901
-464
-750
-442
-361
-731
-1108
-911
-648
-481
-498
-616
-596
-576
-652
-804
-698
-795
-812
-627
-346
-621
-802
-752
-730
-907
-1086
-761
-323
-208
-761
-731
-868
-909
-697
-777
-658
-836
-1103
-469
-1097
-1066
-653
-612
-510
-324
-379
-704
-259
-473
-617
-1049
-292
-538
-497
-851
-398
-877
-484
-848
53
-327
-376
-517
-120
-246
-735
-256
-209
-648
-585
12
-597
-265
-811
102
-328
152
42
-287
-727
-657
-566
-433
-570
-266
-468
-246
229
-682
-173
-502
-36
-70
-665
-846
-516
-259
-518
-570
-512
-365
-582
-163
-453
-334
-242
-275
-358
-107
-456
-713
-578
-310
-789
-395
-433
-196
-275
-697
-621
-726
-240
-229
-282
-86
-734
-412
-267
-519
-742
-725
-517
-303
-684
-964
-738
-330
-569
125
-287
-95
-231
-299
10
-586
-826
-74
-482
-549
-1112
-593
21
-376
-355
-849
-489
-210
-496
-623
-470
-94
-464
-734
-439
-528
-490
-510
-317
-525
-273
-556
-100
-159
-436
-265
-357
-754
-724
219
-358
-675
-554
-570
-336
-342
-666
-537
233
246
135
-249
-231
-363
-461
-558
-407
-723
-824
-310
-650
-313
-319
-212
-328
213
-252
-761
-555
-668
-670
150
-699
-733
-347
-68
-288
-670
-66
-474
-27
-61
-546
-869
-484
-742
-269
-254
-657
141
-587
-789
-157
-4
-557
-483
-117
66
-583
-601
199
-348
-863
26
-587
-793
-129
-33
-193
-552
-248
-746
-114
-322
-921
-271
-285
-454
-159
-311
-803
-637
-562
-769
-304
-819
-454
-364
-505
272
484
28
197
-108
-230
-106
-126
-205
28
-41
-296
-375
-130
-360
-65
59
-582
158
86
-384
-125
76
153
-113
19
108
-75
-38
228
-14
-18
-283
-627
-906
-633
-817
-506
-636
-524
-1362
-346
-343
-1053
-770
-436
-907
-251
-944
-655
-722
-734
-673
-1011
-1180
-361
-1057
-1011
-199
-594
-492
-420
-219
-145
-602
-1178
-1062
-795
-978
-807
-557
-845
-708
-946
-581
-900
-943
-727
-908
-246
-493
-680
-855
-955
-992
-664
-1014
-811
-626
-853
-1337
-1050
-177
-620
-694
-151
-319
-142
-1140
-642
-713
-1167
-1049
-968
-1180
-860
-364
-260
-691
-894
-327
-168
-582
-812
-1061
-331
-546
-717
-871
-859
-559
-387
-262
-647
-784
-1014
-862
-342
-548
-1454
-836
-972
-773
-1033
-909
-794
-665
-1221
-1358
-800
-856
-352
-544
141
76
-1509
-967
-622
-769
-882
-786
-530
-800
-824
-885
-708
-967
-601
-742
197
-767
-825
-1286
-665
-660
-956
-489
-793
-530
-393
-530
-1020
-897
-683
-996
-124
-313
-889
-1014
-1018
-635
-151
-846
-1019
-647
-1133
-458
-790
-1306
-231
-579
-159
-325
-866
-449
-674
-1377
-1071
-862
-1042
-704
-1064
-837
-939
-581
-487
-993
327
-778
-1087
-153
-236
-882
-988
-636
-1054
-564
-681
-457
-1443
-831
-1014
-311
-339
-493
-1154
-1033
-754
-690
-797
-887
-1404
-1017
-898
-471
-622
-1139
-386
-911
-58
-187
-557
-1303
-479
-464
-776
-781
-640
-974
-597
-458
-514
-328
-344
-738
-248
-485
-493
-1100
-614
-626
-628
-553
-184
-676
-907
-457
-862
-651
-511
-654
-730
226
106
314
576
290
179
126
458
237
-17
154
530
646
463
426
547
300
219
264
85
-107
622
662
169
293
180
77
-106
215
6
414
523
267
481
848
434
963
984
982
666
582
399
889
373
410
553
820
313
711
563
348
1000
674
778
756
645
765
1079
561
361
581
797
351
444
474
315
747
832
839
758
-81
584
771
866
263
772
829
219
887
925
345
1196
623
304
548
486
781
931
471
625
429
652
276
739
1116
250
532
585
425
499
423
1199
725
539
421
542
511
420
840
455
389
480
776
1009
600
858
765
708
1121
658
584
551
848
845
559
665
596
546
542
290
363
618
683
628
317
449
460
1011
1136
281
601
431
778
387
563
496
738
873
1052
389
656
871
737
775
590
614
836
478
699
534
625
572
778
777
572
788
25
332
999
687
624
814
725
1094
856
773
728
1132
256
506
476
434
766
1046
942
499
558
49
523
1061
544
89
710
451
649
752
514
709
750
776
574
420
332
1111
950
635
846
699
466
860
957
592
480
533
1117
978
715
938
550
325
283
912
891
265
490
665
672
755
1143
828
736
832
968
785
754
712
919
790
905
311
394
501
676
762
613
562
597
376
551
647
611
561
687
644
456
669
-390
465
102
218
152
229
415
80
357
30
213
338
283
128
86
164
11
-20
519
-181
91
284
439
-159
434
68
95
424
61
127
527
141
0
224
664
153
-24
301
464
44
32
710
-19
558
68
359
411
490
272
-186
-68
-37
108
285
455
197
526
580
89
98
208
-124
-234
-117
-27
124
415
21
617
335
193
53
-27
83
480
329
21
145
-3
-43
-225
256
438
-237
-81
-12
258
209
184
498
-99
-19
519
14
822
827
-141
366
534
166
-11
108
270
438
-118
292
504
159
-212
300
-49
-425
-145
-191
113
101
48
468
282
121
-289
-5
152
20
194
448
-209
84
17
415
474
210
180
648
58
-239
297
330
371
620
225
-189
657
381
-141
-71
460
26
111
411
78
422
131
544
-282
43
129
239
313
56
-202
66
293
42
651
442
190
-53
134
447
158
511
269
375
246
1
-185
510
363
356
189
-241
74
656
335
379
359
-27
99
64
276
578
-109
-99
549
122
496
233
-39
352
150
-310
179
138
172
-48
-74
206
-133
37
260
-42
-7
334
-428
43
381
469
309
249
279
219
264
248
-162
199
619
101
57
306
138
208
279
488
-56
-226
19
734
296
653
184
374
-87
-228
-157
-89
81
-463
-123
41
-239
6
-150
-37
-519
-482
365
152
-83
-56
214
-8
29
25
96
272
410
-452
-118
45
103
-43
284
-211
8
304
-22
39
-130
962
-197
193
-67
36
-435
-3
190
-202
157
240
-22
994
222
-62
13
301
-47
330
667
409
572
333
368
-7
-321
-342
296
455
-133
-55
90
326
398
-159
-35
455
339
146
713
295
39
350
-35
492
-181
232
131
143
267
132
150
273
-302
469
157
324
266
152
-149
106
462
325
342
-263
-89
307
-93
400
204
392
470
-116
7
100
298
389
538
408
702
590
484
256
968
248
359
177
223
321
-260
-218
85
380
342
62
278
-23
614
-614
195
-162
689
-218
625
358
414
435
488
334
44
163
-65
477
448
-77
573
-231
-17
484
538
20
142
357
-18
449
522
80
69
830
197
448
196
61
74
576
-100
438
-107
207
-63
174
157
321
227
411
504
-379
272
-5
209
337
330
415
394
536
55
176
-778
501
525
254
449
552
-340
533
315
352
881
17
188
71
136
423
295
393
660
-305
296
44
517
-96
219
319
-25
-253
548
-556
-132
390
325
-274
169
283
96
-196
73
522
407
11
412
222
257
389
411
673
297
408
779
453
-4
682
289
253
610
669
635
204
61
271
511
617
611
495
165
400
498
248
823
545
333
217
336
377
109
-25
-277
141
-91
-773
-110
-246
-124
-81
-497
-34
-167
-58
329
-289
459
227
-174
-12
-98
-190
294
236
-337
148
661
128
310
-199
130
-744
565
165
556
281
157
115
308
682
27
608
322
233
-87
491
352
-257
710
205
484
354
635
262
24
493
610
340
342
455
711
-146
288
-308
540
374
-25
178
650
420
-225
626
220
538
367
172
717
555
389
-431
375
525
845
69
269
505
401
419
296
309
281
170
856
238
378
-200
634
997
33
112
753
366
318
537
57
474
428
618
191
248
610
-515
492
655
321
532
281
405
502
554
401
906
275
374
340
778
452
-341
1051
88
140
543
586
241
198
839
593
784
392
273
531
402
314
-109
697
80
190
824
563
166
-299
660
297
448
-165
443
191
354
9
-75
710
375
314
-10
421
559
486
292
747
453
186
552
-116
842
487
-276
854
361
350
222
49
770
468
114
240
530
-7
368
378
466
210
-479
706
85
744
602
249
235
763
192
642
-55
553
-16
318
811
71
-225
673
379
951
529
111
157
414
524
772
437
586
-11
132
636
840
-331
442
196
507
612
402
440
398
73
169
429
408
351
201
673
156
-384
485
722
404
548
629
745
282
280
811
455
629
710
561
761
570
-64
257
-189
-352
-93
-60
-52
-315
-120
88
-9
-437
-468
-272
-144
267
362
-81
17
397
720
348
260
290
309
175
463
330
441
350
183
308
779
280
10
1047
417
-32
126
434
-4
-26
586
124
400
880
358
367
444
421
215
607
253
164
774
846
40
-146
225
621
577
365
470
727
327
371
-282
15
-117
221
905
392
55
33
844
680
-31
54
846
824
1091
-105
-197
440
715
642
484
248
315
615
460
251
488
323
-2
509
325
285
164
240
32
72
428
560
724
441
564
259
224
209
259
396
470
-125
472
847
604
-93
71
204
-227
-98
-366
476
-509
473
621
420
752
303
278
399
-26
24
822
188
444
328
-89
495
425
548
372
618
570
439
41
196
422
460
383
228
325
-213
340
212
-64
272
669
25
509
434
164
496
417
428
689
401
674
156
273
166
180
191
539
335
1265
558
505
325
461
-137
333
47
-134
594
270
-14
318
392
581
6
798
386
195
247
363
275
456
18
465
861
523
937
300
478
470
487
341
274
-624
334
104
406
302
159
544
601
-9
384
572
595
1001
74
723
199
-181
662
544
230
270
564
485
246
625
10
252
142
-104
116
496
269
517
1044
525
600
894
825
542
887
1017
524
358
662
716
599
660
-119
-252
-430
-100
-241
4
52
-292
-399
-86
-420
-176
-235
-648
26
97
-227
448
349
354
10
198
220
56
156
12
295
158
-21
-405
-274
150
549
284
-251
-364
115
548
288
-238
219
-164
700
-199
-264
487
312
-533
691
513
-278
-112
123
406
-577
-254
-311
311
-41
-308
606
62
-354
-169
224
-46
-54
110
-27
217
-137
132
583
87
-394
370
245
-106
372
-487
206
423
89
-385
2
-331
-432
263
360
-111
185
29
85
-20
280
-58
1112
608
-31
-448
-151
138
13
-35
-62
-82
8
182
491
352
315
-380
487
-120
-348
-364
445
147
-226
214
-179
88
680
-59
32
471
267
-329
193
-416
22
190
660
88
88
-111
-39
405
-199
127
91
129
-408
-295
398
76
447
340
82
90
-331
-442
-223
-228
53
170
138
-255
-142
-269
492
14
-93
18
-153
134
131
-101
-247
-221
115
-108
-160
141
-147
-491
452
-195
-183
-755
-131
64
63
358
143
545
192
-179
299
204
251
-111
90
48
-48
729
-90
-324
622
261
332
98
512
-194
234
-157
260
-100
464
-506
375
552
-670
285
-104
41
-548
147
228
-27
-692
-186
20
-489
45
-16
120
-473
-231
136
326
-524
101
138
-371
-427
124
275
-63
-42
692
-205
-120
-401
-374
-247
-202
-479
-550
-80
-180
-64
-116
6
-291
-418
-444
143
-468
-684
-92
-323
-330
-437
-13
-832
-189
-481
-683
-662
-373
-516
-396
-125
-1222
-933
-637
-118
-775
-701
-458
-248
-319
-911
-573
-383
-616
-154
-520
-47
-431
-532
-103
-280
-919
-1005
481
-654
-176
-396
-293
-346
49
-126
-706
-247
-329
-529
-349
-396
-763
-393
-136
-133
-209
-456
-229
-160
-243
-256
-469
-47
-582
-519
-266
-409
-539
-590
-367
-817
-466
-455
-185
-398
-264
38
-408
-390
-197
191
-145
-487
-683
-547
398
-89
-98
-249
-421
-644
-180
-375
-484
-656
-1431
-735
-39
97
-236
-151
23
-482
-589
-323
-264
-314
-369
-379
-214
-64
-209
-146
-267
-332
-469
-693
-374
-493
-717
-383
-123
-74
121
-196
-337
227
-896
-1289
208
-479
-439
-452
-254
-378
-1
-82
-1093
-202
37
-205
-663
79
-171
-388
-421
-573
-357
-217
-331
-483
-562
-361
-319
-623
165
-307
-429
-192
-604
-183
-205
-370
-11
36
-239
-643
-355
-21
-178
58
117
-60
-553
-388
-1028
-14
-307
-869
-483
-479
-442
-110
-302
-486
-447
-237
-352
62
-103
-351
-666
-584
-891
-401
-107
87
-176
-383
-65
-422
90
-441
159
-459
-470
-350
-784
-469
212
-328
-623
62
-422
-46
6
-146
-159
68
9
-309
-575
-293
-887
-529
-380
-623
-278
-238
-158
-760
-989
-384
12
-805
-560
-390
431
821
686
487
622
774
358
493
650
480
367
824
690
753
686
547
558
187
-468
180
-54
-40
1
167
-381
-123
383
-387
339
128
323
-18
493
-281
-306
170
-167
-276
-203
250
-919
398
-469
-379
305
-105
149
-485
-36
-1200
-567
6
-585
-1059
-160
329
-505
353
-1126
243
-459
-1338
-173
407
-460
-991
-304
-131
-1038
-903
-42
-36
-893
-616
-768
-499
-962
-1053
-124
-7
179
-862
-1213
-504
-659
-303
-260
-465
-1068
-1011
-476
-740
-1191
-410
-175
-560
-27
-1390
-819
-374
-1205
-535
-473
-625
-1017
-363
-889
-269
1
-965
-507
30
-989
-1203
-205
-341
-1023
-833
-742
-578
-1285
-1120
-535
-406
-726
-1054
-544
-276
-255
-995
-588
-144
-757
-1002
-622
-725
-495
-631
86
-853
-623
-1202
-546
-327
-276
-651
-1131
-665
-1170
-438
-405
-411
-435
-740
4
-938
-866
-781
-393
-97
3
-1144
-666
-272
-939
-442
-834
-56
-618
-518
-243
-810
-797
-304
-444
25
-296
-1047
-238
-486
-1122
-236
-777
-1128
-664
-636
-1091
-245
-1064
-541
-987
-205
-42
-1056
-583
-464
-1083
-268
-700
-893
-582
-524
-441
-897
-1330
-1016
-547
-39
-134
-1062
-1082
-583
-441
-168
-1362
-1424
-354
-832
-538
-941
-687
-889
-864
-19
-289
-452
-476
18
-594
-820
-920
-605
-665
-860
-96
-988
-95
-1250
-629
159
-251
-562
-389
-627
-757
-743
-362
-233
-597
-756
-247
-686
-769
-396
-440
267
-777
-1149
-1124
-1192
-1418
-1288
-1142
-1059
-1503
-1201
-1058
-1235
-1600
-1609
-1344
-225
21
118
22
-265
35
70
-326
-233
-109
74
-79
249
-157
-360
223
-225
307
119
-432
9
-363
-588
-486
-530
-793
165
44
-500
359
-356
-611
-411
-14
-198
-287
-44
-8
-897
-924
-992
-190
3
-546
-405
-344
-451
-335
-387
-224
-322
-297
-597
-625
-349
-803
-538
-525
-936
-466
-359
-125
-800
-65
-440
13
-66
-633
-270
-784
-586
-238
-545
-1105
-778
-715
-846
-718
-487
-513
-222
-251
-1042
-788
-510
-369
-497
-455
-576
-403
-698
-244
-206
-348
-687
-198
66
-234
-510
-1078
-442
-530
-438
-403
-1027
-1038
-434
-771
-588
-225
-331
-791
-585
-440
-453
-316
-323
-561
-485
-621
-399
-233
-871
-527
-213
-596
-879
-492
-273
-268
-601
48
-1062
-553
-688
-931
-380
-859
-926
-152
-496
-1224
-608
-78
-362
-70
47
-549
-688
-686
-264
-285
-591
-570
-449
-268
-71
-342
-279
-222
-75
-606
-226
-486
-210
-257
-988
-559
-675
-565
-647
-407
-839
-474
-907
-416
-198
-35
-1128
-704
-771
-217
260
-154
-585
-898
-732
-828
-425
-896
-217
-517
-422
96
-235
-447
-267
-688
-849
-385
-740
-632
-359
-205
-718
-58
-744
-312
-29
-361
-319
-239
-694
-845
-424
-539
-712
-272
-438
-78
-498
-1003
-553
-83
-304
-277
-544
-729
-358
-209
-842
-332
68
78
-253
-471
-68
131
-125
-438
-432
-373
-512
-616
-447
-728
-416
-99
-148
-110
-319
-462
-519
-438
-415
-145
37
-688
369
4
-165
700
-218
-223
-322
-423
-190
141
-513
-49
195
-71
-402
-915
-25
-1080
-516
30
-443
-401
-381
-466
-305
-605
-483
-7
-257
-1040
-24
-486
-504
-615
-404
-374
-502
-639
-515
-417
-757
-653
-622
-476
-606
-529
376
-564
-500
-268
-380
99
-522
-480
-608
-650
-543
-212
-912
-627
-182
-220
-24
-758
-368
-653
-248
23
-360
-513
-493
-239
-639
-522
-601
-321
-436
-900
39
-596
-435
-500
-533
-938
-410
-248
-877
-378
-634
-60
-550
-647
-972
-880
-134
-897
-392
-129
-254
-615
-665
-974
-586
-900
-918
-70
-395
-20
-501
-447
-328
-761
-524
-919
-496
-426
-457
-295
-532
122
-156
-498
362
-273
-791
38
-481
-1003
-366
-638
-958
-168
-712
-187
-632
-602
-1012
-867
-310
-819
-114
-471
-137
-934
-75
-196
186
-399
-1036
3
-559
-321
-721
-647
-504
-476
-438
-667
-57
-923
-126
-144
-397
-259
-908
-210
-249
-630
-1055
-612
-529
-581
-719
-255
-227
-1147
-429
-1420
-463
-656
-737
245
-293
-595
-334
-18
-65
-699
-593
-216
102
-1127
-17
-840
-802
-510
-894
-1131
-750
-419
-797
60
-561
-180
-259
-248
-116
-1105
-220
-824
-292
-393
-645
146
-245
-375
-937
-526
-797
-513
-720
-43
-358
-880
-565
-1002
-842
-964
-630
-411
-418
-347
-213
-890
-520
-485
-295
-422
9
-662
-477
-252
-114
-256
-355
-490
-321
-445
-414
-9
-86
-300
-561
-370
-130
205
-110
-302
-209
-44
377
211
575
-629
183
180
-29
-315
302
-240
-397
546
2
87
443
100
-104
-58
-563
-466
-126
686
-615
57
530
-487
-813
1160
-361
34
-283
-209
-169
48
83
288
-174
349
-43
20
-455
-462
-668
280
-113
-228
68
-106
-323
-429
-186
-371
-730
-349
107
-641
-569
-578
-443
752
-97
-270
55
-403
-489
-328
-198
-165
-261
0
-237
-60
193
-380
-471
503
-477
-494
-485
34
-119
305
518
-46
88
37
-364
675
353
-107
-347
299
-468
-921
-398
-136
-202
69
-387
-597
-440
-375
-215
241
-356
-545
-771
719
-498
143
118
127
44
-282
80
-186
270
-177
471
-422
13
-533
-369
-9
-946
226
384
-172
-664
-266
106
75
12
-494
-100
-431
-641
-229
-426
347
-34
-208
-94
181
-119
-26
-395
-261
-188
-144
-109
458
-102
-7
-705
605
-584
-473
-489
-213
360
-560
-497
103
29
-376
330
-575
-229
-800
-738
263
-354
-79
-695
50
141
178
-71
23
-704
-803
-510
-454
-612
-618
-593
-3
-336
-92
139
-209
-119
-69
-864
-74
-255
-24
-83
313
-335
-160
-378
533
-182
-212
-329
-502
-44
-646
139
403
565
-118
-201
-33
157
-39
-424
173
-70
-306
-131
51
-826
-634
-212
-113
-750
76
-264
-313
-147
-700
-1011
44
-594
-744
-545
-435
-339
-376
-211
-464
-503
-496
-119
-502
-400
-638
-195
24
-273
199
-33
12
-379
-297
-282
27
-236
27
-258
-521
-236
34
-60
-61
-844
-58
-157
55
-479
-375
39
-188
-119
-491
208
20
-296
-433
-101
251
-651
-454
-284
-660
189
59
-300
-468
-806
201
-199
166
-48
84
-172
155
-392
-103
-263
-572
-176
-350
-363
56
126
28
-731
-187
16
58
-32
-300
-63
-191
428
-52
-114
-489
-195
-112
-387
-391
94
33
169
-77
-391
96
-398
-469
-341
-281
-597
33
180
-153
121
-828
-147
-329
-280
623
294
65
357
113
-450
-339
-358
-533
-439
-722
-360
-311
359
-497
-367
115
-206
216
-913
-145
-637
-93
-717
174
-201
-613
-144
-37
-592
-77
-470
-582
-40
419
-611
-46
577
193
180
-585
-111
-337
-53
-262
150
-184
63
73
4
-296
-560
-258
-197
-447
-339
194
7
-487
-606
-435
-650
-201
-274
-903
12
486
-465
-363
-392
-373
-256
-382
-434
-64
-833
225
-237
-70
-539
-407
-36
102
-150
-146
-448
-144
-132
-324
114
9
230
-112
-127
71
-127
265
-169
-313
-661
-616
-357
-60
-205
450
-164
-172
-662
-257
-241
336
-111
-627
-240
531
-530
-349
253
-850
-552
-379
-282
-510
-274
-470
-117
-963
-498
-239
90
-135
-298
256
-314
-239
78
218
-172
-266
-109
-201
-226
-136
-74
-53
17
628
-241
194
83
73
-166
-98
-153
-452
-22
185
-15
-68
-10
-618
157
-771
524
-414
75
-423
24
-70
-3
-112
169
-195
135
242
103
80
256
-585
-309
216
-195
143
-117
-56
36
71
-344
249
113
39
304
74
-53
-321
-532
-115
213
-83
-200
-46
-448
-338
108
-185
-138
29
32
-366
684
-297
-797
16
330
-191
-162
131
-609
-286
-88
-450
48
60
-247
134
324
-352
-444
94
-389
-117
-311
16
-382
-486
-736
-10
136
-1121
338
153
198
-322
-302
-338
-326
-225
-139
208
123
-626
113
-446
-404
222
-714
-228
440
-777
-711
-154
-88
-363
-321
12
-145
-524
-726
-409
-202
-178
-229
-241
232
-392
-744
-190
-113
-216
-578
-135
-124
-108
-167
123
82
-672
62
-185
404
-969
-540
128
-109
-589
111
-515
-323
-276
-411
-1017
-256
-74
-480
418
327
-671
-583
24
-86
208
-316
-150
66
-327
-697
-209
101
-51
13
-229
557
256
-427
-45
-276
-576
-530
-166
-330
-242
219
-772
-218
-782
-63
-149
609
-453
-579
-359
5
-198
-544
-449
78
-101
-472
-212
-778
-217
-8
-501
331
-492
-335
-691
18
-274
-129
-397
43
-195
-225
492
151
359
-219
-62
329
-468
-350
-611
-853
-782
5
-463
-151
222
-284
-183
-287
-249
-52
70
493
-610
-767
-124
-458
-124
-222
-116
-99
-197
27
-447
-57
-41
162
-458
298
-280
-137
-49
437
178
-75
161
256
166
156
72
-4
-97
-164
-137
512
409
208
73
207
105
99
487
213
77
383
53
9
421
127
-367
494
561
131
518
8
254
-413
351
-233
209
374
-254
709
434
36
-310
463
34
-297
-44
-226
-123
-150
-235
449
600
195
-253
67
350
95
566
183
-208
-533
-1
-616
-20
116
413
539
321
-204
-157
188
213
-135
234
200
-82
473
-98
14
111
254
377
118
349
-311
-355
-231
378
-180
239
90
14
-273
-84
172
-287
-10
-128
132
36
102
-188
-65
71
-1
518
157
-329
-614
-138
-318
-198
274
2
188
96
153
-42
-343
-118
97
315
35
-117
-46
-23
-86
-259
357
-80
349
-42
438
-5
-124
-151
-60
-169
94
-122
96
-440
-167
-27
230
243
406
286
-204
202
84
-300
-103
337
222
478
-20
-216
-354
158
181
202
-234
-267
-548
-20
-216
11
338
473
218
48
-405
-145
159
475
251
-98
29
117
-99
-48
418
-161
472
565
289
-455
201
58
274
73
92
166
263
297
-7
-50
-75
-109
-140
446
-74
-6
117
132
271
-63
245
-65
174
329
-65
301
549
-33
55
534
182
-359
-203
-289
198
128
-150
-248
448
441
-47
182
-433
26
-44
398
21
-32
-9
-464
461
-2
-146
119
180
-313
-170
-131
-197
184
200
308
337
-424
-550
-118
407
-120
-478
121
-162
-92
-125
-94
-68
0
-217
-12
222
-24
386
904
328
6
301
861
184
353
251
-487
736
341
257
-15
359
82
755
421
-2
502
690
419
128
-47
-40
315
830
448
-588
212
651
1
-206
678
-46
589
336
66
574
-1
-62
349
33
600
576
387
-222
-232
-29
123
-485
296
57
549
198
196
-135
-721
161
132
-293
236
49
-637
558
424
739
-348
210
152
-109
115
-364
357
580
-205
-52
157
-2
216
592
-25
-80
-224
248
395
100
-482
-67
-32
261
194
159
294
-190
-334
34
377
-148
185
188
-284
-443
46
139
221
-314
-7
202
-203
222
-348
108
-40
172
-33
76
-218
730
-244
192
-314
-52
-195
43
-120
266
-620
245
238
-81
235
210
94
-166
245
-541
487
123
-409
-270
-30
-73
203
-310
218
-63
298
75
109
7
-98
-445
207
-141
240
-216
-74
-61
74
263
181
-335
91
234
228
-69
-311
5
-290
139
-252
442
-136
254
-693
485
86
215
-184
-148
332
25
-414
-34
164
-552
-237
-35
165
-271
57
221
192
207
-226
169
179
-28
741
19
418
-86
-7
-235
52
-115
-135
-31
-8
110
-268
-307
-342
-221
-274
-30
-37
-318
-199
688
-156
39
-106
-75
-429
-579
-388
-817
-635
-762
-284
-548
-291
-198
-122
-289
-619
146
-68
-542
-43
-251
24
-439
-37
-58
211
-187
-391
100
-445
267
-6
213
301
572
651
436
791
249
78
217
549
436
105
857
-102
270
294
287
-131
179
-257
-193
390
283
66
139
359
222
422
-310
61
14
51
567
-67
-427
528
136
41
-92
-54
119
381
144
224
220
-19
133
610
464
-222
753
290
-272
37
-757
108
123
-136
-4
-96
451
381
-50
258
-277
242
56
-78
-37
-410
-59
244
12
-318
111
191
-111
-438
432
511
271
93
739
-71
-56
274
339
-502
-435
-246
608
-18
36
281
118
772
191
-32
-93
-163
-41
383
323
439
21
84
366
362
-110
-76
377
491
391
0
-46
46
113
354
213
-203
29
124
161
122
267
-128
89
-228
224
-69
382
213
80
351
87
-196
-333
232
242
20
183
-266
189
360
180
230
83
-91
-444
139
-49
99
749
-62
-231
386
-8
-277
-31
1100
474
251
75
105
448
366
558
157
-104
52
495
-310
-62
547
49
42
365
-143
-486
379
-34
287
-452
-216
546
319
353
376
808
-510
288
441
397
195
-49
-219
-80
339
419
248
56
282
-327
126
46
344
12
122
370
75
-93
28
179
-239
-122
-163
-669
-246
382
163
-140
52
244
809
7
154
534
116
287
953
480
300
852
470
177
286
372
685
226
741
887
-53
-299
437
111
203
-30
277
-1
152
175
249
298
-99
316
34
46
536
550
98
167
-51
-202
-168
-238
-578
231
-454
347
251
-55
-239
-184
146
26
813
140
-344
-118
76
404
924
332
666
278
600
61
762
175
89
495
621
493
137
288
-20
327
-133
-185
490
386
-103
329
205
44
350
542
-127
238
166
128
717
143
-127
-306
450
-8
332
434
520
2
632
-330
-98
215
300
396
206
83
-198
-42
-183
-345
144
182
334
155
80
-421
356
234
157
23
136
507
-26
89
6
-150
-130
98
495
165
30
-344
232
-253
-321
13
371
417
140
238
-42
366
464
-147
213
38
400
231
-48
-126
-212
-255
77
-225
62
72
-101
171
73
-133
-104
-152
819
89
-24
71
9
170
423
-319
-169
549
-111
-208
-57
-152
925
-302
124
-251
-34
-71
750
254
166
496
319
278
135
191
342
-249
-61
271
24
67
624
448
-282
-145
-258
271
288
42
-20
125
133
49
254
192
17
210
436
267
-205
289
359
-200
225
186
-140
238
445
172
576
-154
118
-335
-215
228
-86
20
89
35
-2
-11
114
-257
234
195
20
138
-80
-3
-302
110
26
-262
311
410
430
349
0
15
-70
199
334
-360
699
152
209
638
359
379
423
767
408
609
292
661
305
297
489
-35
17
309
389
386
121
360
426
-109
9
592
410
-96
327
602
727
59
-278
-297
-724
-526
-204
-475
-362
-217
-1310
-794
-1139
-995
-698
-1098
-703
-817
-249
-600
-1046
-1029
-520
-1141
-443
-528
-238
-281
-801
-195
-634
68
-763
-401
-377
-294
-386
387
-1132
-602
-745
-528
-361
-312
-435
42
-497
-691
-1022
-503
-648
-612
-128
-216
6
-666
-447
-503
-374
-1306
32
-346
-6
-39
145
-153
-113
-163
-39
-466
-610
-411
-206
-544
-471
-635
63
-225
-691
201
-186
-142
-538
-264
-710
-464
-101
-350
-593
-922
-562
-469
-323
-896
-283
-416
-220
-59
-266
-164
-509
-752
-120
-249
-338
33
-250
-168
73
-687
-509
-854
-82
-329
-404
-107
-998
-77
-596
-142
-368
-391
-591
-3
-544
-223
-18
-352
-464
-94
-283
-87
-734
-710
-375
-79
-324
-484
-1125
-1062
-1454
-223
-770
167
-189
-279
-450
122
-640
-505
-19
-222
78
-102
-180
-175
-378
-584
-290
-559
-107
-651
-323
-636
-239
-573
-179
-506
-533
-410
-169
59
-572
-630
-373
-611
22
-163
-274
-344
-298
-289
-140
-360
-412
-694
-155
-72
-554
438
-383
144
-696
-229
-89
331
-409
-300
-140
-409
34
-683
-410
-412
-439
-625
-367
-260
-115
-128
43
-7
-821
27
-534
-144
-713
-737
-389
-554
-899
-445
-441
-203
-215
-608
-682
-363
-1109
-254
-631
-848
-784
-209
-592
71
-225
-530
-725
-305
-768
-694
66
-285
-183
160
104
-43
129
324
86
106
31
-47
290
19
134
-150
285
212
425
308
254
737
-269
609
347
67
557
304
176
388
394
110
713
392
293
1588
171
57
667
737
439
1149
312
352
455
550
65
165
518
667
1291
182
418
402
666
430
242
642
143
605
270
-173
-278
-92
399
883
550
-144
191
467
659
90
-281
-200
581
98
-156
917
331
49
489
658
383
357
270
348
664
-141
-19
38
839
175
37
112
435
-167
330
420
-64
189
447
418
208
130
572
93
105
40
619
602
85
189
394
1073
427
233
478
274
354
15
555
328
-160
422
475
-81
313
256
609
910
302
275
148
171
482
-128
1
206
596
910
510
201
415
-184
325
584
387
48
10
727
-13
-29
92
821
307
465
106
499
-84
303
217
190
377
1072
192
139
83
-3
449
72
184
630
473
230
69
404
245
373
391
573
672
460
494
297
-495
577
516
177
933
-295
609
-564
601
356
783
88
592
677
-312
29
95
203
142
301
280
-20
6
-77
544
448
426
-345
163
-279
951
-1
941
412
227
427
-36
802
490
91
556
605
495
201
285
-140
-31
193
287
808
462
88
50
265
-327
347
524
286
469
145
-125
200
209
53
366
426
178
268
-133
305
233
141
-27
-167
83
453
154
155
441
338
-72
353
89
-81
1
217
197
-418
-540
-229
-363
-380
-643
-121
-762
-458
-385
-619
-189
-644
-587
-382
-558
-54
-58
-458
-365
-208
-652
-45
-697
-253
691
296
-217
-378
-899
47
-516
-218
42
-51
-97
-185
358
-8
-500
-360
-666
641
-424
-511
371
-954
-202
-534
96
-473
-299
-51
-141
-188
-437
-302
-469
-170
-624
-66
169
198
-148
-98
254
-249
-401
-390
-38
-92
17
-63
-22
-288
-356
-115
-629
-190
-569
-162
-135
2
-12
-284
-72
-28
-268
-190
-321
-354
-39
-65
-640
-154
-1135
30
-34
-524
-639
-72
-144
-90
-134
-20
221
286
-479
-149
-378
-222
-914
-27
-207
-399
370
-169
-396
-579
-98
-562
240
-681
39
493
-441
-518
-369
-151
128
-479
569
-564
-395
-196
58
-82
-219
-241
24
-167
-296
-51
-235
-258
-429
192
231
-132
-435
-277
-406
405
378
-334
-299
-1
-461
-267
-337
-358
332
5
-300
-133
-159
-204
271
-142
-578
-440
-222
4
-473
-524
-66
-115
46
-247
-239
-521
314
-385
-388
-73
-473
17
-146
-235
150
-81
-512
-191
63
-20
-50
-495
-286
-27
-159
227
189
140
-296
78
-388
-106
178
-334
169
-583
-196
-68
97
-659
-33
-107
363
-229
-638
-177
-5
-138
-469
-63
79
-254
309
144
733
595
750
584
631
261
160
350
315
-29
153
157
-223
-374
-444
-350
127
25
-435
-352
23
-297
-464
269
-186
-446
-23
-200
-139
-14
-980
-605
-386
-571
-446
-626
-620
-409
-618
-998
-672
-473
-805
-965
343
-458
-140
-38
-538
-351
-503
-543
-78
340
-406
38
4
-599
-293
-370
-110
7
-253
281
-147
-659
-496
-287
-176
-82
-249
-245
-594
-566
-430
-738
-240
-308
-70
-42
67
-427
-129
-435
-774
-1011
-115
-450
-392
-235
-170
-235
439
-213
-198
-333
-427
-153
-647
-306
-468
-366
-962
-540
45
-478
232
-331
-192
-753
-506
-950
-711
-566
-265
-378
-68
-604
-416
-383
-573
-738
-212
-622
40
-206
-198
-409
-469
-194
29
-424
-153
-276
-340
-269
-321
-609
-627
-571
-31
-38
-171
-403
-225
-324
-680
-478
-147
-109
21
-164
-317
-558
177
-254
-197
-482
-68
-520
-424
-485
-499
-316
-537
-590
-296
-30
-415
-244
-626
-770
149
-58
-685
-64
-281
-155
-625
-327
-277
85
-315
-642
-107
-415
-566
-606
-247
-1241
-232
-466
-158
-523
-295
-134
-227
-556
-155
-186
-746
-665
-89
-455
10
-91
-499
-410
-575
-182
-126
-613
-495
-508
-558
-404
-304
-6
-636
-370
28
-29
-364
-500
-697
-601
-673
-361
-219
-109
89
-367
9
-835
141
-624
116
-251
-334
-217
-338
-185
-451
51
-263
-194
-554
-506
-387
-428
-478
-493
-250
-248
-704
-474
-789
-741
-316
-335
-294
-479
-312
-427
-208
-763
-181
-292
19
60
287
130
530
609
11
-33
184
128
15
95
37
76
625
570
232
-227
-91
140
-109
-532
-520
-259
150
-560
-326
-164
87
203
476
372
-48
338
-102
-547
-199
-697
344
4
-414
326
-365
-157
-363
-537
-431
-146
-340
-802
-265
-267
-857
-1070
-288
-579
-418
-505
-562
-226
385
-96
-574
566
-321
-409
192
-429
-496
-524
-611
-604
-135
373
-809
-815
-255
-520
-476
369
-873
-872
-276
-581
-786
-364
-333
-450
-209
-259
-86
-388
-459
10
-626
24
-369
-171
7
-38
-976
-41
-67
-826
-502
-614
-930
-957
-815
-512
-533
-373
-936
-399
-270
-329
-275
-316
-616
-316
-470
-357
-25
-316
-458
-685
-57
541
-584
-735
-1168
-475
-713
-611
-89
-458
-575
-628
-856
-678
-442
-329
-592
177
-247
-239
-364
-299
-546
-444
-614
-587
-607
-993
-379
-804
-766
54
-435
-99
-523
-534
-395
-336
-789
-379
-409
-560
-491
-480
-284
165
-1494
-746
31
232
-592
-129
-829
-333
-855
-689
-375
-648
-323
-497
-1104
-575
-60
-904
-389
368
-285
-827
-460
-536
-65
-715
-414
-513
-497
-524
20
163
-735
-436
-521
99
-388
-549
-125
-464
-465
-174
-741
-292
-305
-532
-577
-237
-556
-783
-513
-39
-866
-631
-778
-350
-770
-862
307
-270
-847
-1336
-98
-638
-350
-617
-387
186
-415
-430
-618
61
-215
-459
-515
-48
-18
-363
-399
-707
-517
-290
-254
-167
-231
-180
-387
-359
-303
-537
-389
2
215
-244
-294
-284
125
-124
-331
146
-122
163
105
561
387
212
396
524
425
-21
351
10
377
565
506
23
-77
-92
-311
630
581
180
894
469
295
-246
531
-282
-116
360
-159
-354
616
-402
-397
-39
-544
13
-2
78
266
417
-339
-310
337
146
-296
34
-109
-110
334
-43
355
-170
9
356
508
177
-158
480
180
94
124
-359
139
-211
337
274
10
-421
462
942
245
7
865
243
298
786
-20
-170
114
81
37
-13
232
598
69
83
132
166
107
324
648
-176
-22
-121
111
-143
-409
410
751
239
218
489
-94
406
280
-102
139
-138
546
-144
235
68
-392
609
215
0
522
702
425
1066
83
199
59
94
26
-188
-139
-241
56
34
-18
137
456
300
537
474
-13
98
138
-188
-42
613
81
360
874
-389
-366
274
368
581
304
-181
-66
195
-66
287
437
-54
131
-146
-513
-177
250
986
391
23
-103
285
-251
144
606
370
349
-258
-192
-512
-59
354
784
24
175
131
91
331
507
739
141
66
-159
111
-121
446
207
351
254
280
238
640
488
351
387
326
111
164
146
210
348
52
550
48
-62
864
490
-533
-171
-222
3
-41
-211
-15
1178
-176
326
546
82
-47
-120
325
-174
-172
66
255
-32
-688
-60
554
-271
-201
-233
-93
335
206
210
52
228
19
211
-15
22
-265
294
372
-14
-129
-206
-334
-53
481
342
-4
286
294
600
117
65
-20
331
414
64
482
47
413
958
773
602
655
675
1105
653
303
281
919
366
142
725
474
610
372
696
231
705
1015
511
434
294
-20
343
423
597
657
286
511
735
418
305
838
418
851
696
240
238
346
-144
377
517
748
15
650
327
196
949
559
722
649
601
969
720
517
354
784
611
457
-96
444
469
700
758
482
667
978
828
782
508
581
688
656
354
1114
48
45
596
811
1121
1064
702
465
421
704
-49
661
752
1060
664
854
300
176
349
418
176
823
629
171
513
344
466
1033
631
589
965
937
-321
284
373
385
1032
566
768
59
500
359
930
796
310
81
665
362
-9
189
544
463
897
678
436
477
864
549
525
581
237
765
-70
454
352
317
6
821
297
391
920
1011
1237
839
423
817
266
530
630
550
70
525
487
1129
940
657
416
573
450
486
742
134
742
452
805
579
90
202
548
324
687
866
242
656
439
584
705
868
884
656
597
472
306
248
204
621
1032
393
743
760
358
76
74
89
583
-79
104
556
-5
392
441
303
33
-364
309
35
159
-227
224
-18
66
208
76
770
-261
51
166
464
258
533
616
296
70
339
540
769
402
564
712
598
-144
104
83
451
349
386
240
415
387
346
117
228
-188
43
176
-87
451
-223
350
1
130
182
-91
776
688
570
496
129
595
455
817
146
176
-523
381
563
30
556
147
589
30
-50
49
844
1003
227
382
544
601
569
301
476
-332
560
486
-251
613
301
748
258
69
61
435
578
218
-565
-269
-149
350
436
429
294
-8
440
13
-211
224
109
-200
256
385
-394
146
319
526
171
813
410
122
523
39
-30
500
692
357
105
177
149
464
409
-78
-42
558
108
115
-36
403
18
235
590
723
346
594
23
2
-276
-58
-65
109
440
514
474
62
32
-151
206
377
39
414
-14
-107
596
95
191
-5
46
59
-194
199
590
537
-36
-47
173
365
-848
109
-16
716
202
85
38
377
544
414
194
-403
-18
456
-414
58
287
155
523
640
70
-32
259
170
647
451
103
-6
-305
351
538
834
268
293
135
240
497
468
466
339
-246
682
413
107
199
10
146
391
-93
15
-170
-2
506
529
431
567
123
334
417
114
220
242
1004
138
-62
-78
-422
-114
272
34
199
304
-32
-168
159
-42
411
81
322
320
-440
79
554
362
42
-397
193
-21
-216
-537
273
-303
365
-76
639
-139
281
202
76
13
-59
-2
542
277
238
353
208
-26
-202
311
287
524
233
-462
-651
-227
56
-215
93
-681
-12
453
-195
-164
373
203
-297
212
375
-282
397
437
280
168
468
-176
730
96
733
53
197
92
35
4
482
-391
218
-157
377
-72
419
-91
-481
-15
-128
-706
517
-73
-39
9
773
-224
-57
-152
-220
402
-318
-21
-365
-25
-255
-188
-103
-362
12
686
37
-155
-347
-483
-530
-46
-696
-235
-11
-66
0
-298
-897
-549
-289
340
345
-159
347
43
-29
216
95
-175
-120
193
-130
-375
-247
-162
-569
-54
-7
-499
264
-48
205
-368
-403
-24
53
-173
-271
17
330
-432
-43
162
410
-544
37
-89
-540
-279
-311
-100
-743
-373
-157
200
-334
50
147
198
-229
-426
-447
-131
-700
247
-2
-521
45
56
-205
186
13
0
11
77
-208
-251
400
2
-591
-57
-268
58
192
-360
-46
99
277
-507
-549
156
563
-495
255
-269
15
-246
-127
-199
-106
-231
-80
-287
-543
-77
-40
-259
42
74
-259
-113
-724
39
-102
-375
76
-119
-147
159
-226
-329
-60
196
212
237
26
-237
-180
155
-535
139
-107
-269
148
-145
-289
-254
75
267
502
-46
-259
-248
-13
130
-129
20
-109
114
-554
52
382
19
-214
629
-100
-292
-137
-338
-292
314
158
-332
579
382
-257
-49
-32
-342
371
93
357
-172
735
48
437
419
439
341
385
-81
279
79
62
617
146
254
-309
-188
-299
-1012
-134
-794
-265
-523
-342
-449
-256
-559
-823
-365
-274
-438
-558
-1113
-870
-321
-977
-754
-492
-302
-925
-639
-502
-303
-633
-572
-484
-37
-545
-699
-443
204
-634
-1168
-881
-837
-214
-518
-137
-479
-543
-448
-206
-599
-76
-608
-527
-177
-782
-1138
-110
-651
-757
-452
-752
-535
-303
-386
-622
-916
-160
-542
-335
-376
-265
-436
-62
-662
-898
-540
-365
-198
-424
-437
-744
-363
-193
-487
-595
-1287
-704
-58
-278
-400
-420
-311
-166
-192
-757
-327
-755
-728
89
-711
-775
-87
-739
-297
-574
-545
187
-501
-700
-440
-917
-800
-965
-688
68
-827
-829
-528
-325
-897
-679
-258
180
-605
-542
-901
-429
-753
-655
-942
510
-518
-1038
-706
-445
-910
-254
-129
6
-209
-1059
-1053
-530
-188
-760
-441
-116
-327
-320
-309
-369
-532
-374
158
-440
-789
-806
-736
-823
-420
-378
139
-87
-630
-941
-174
-861
-412
-516
-621
-650
-671
-466
-438
101
-11
-507
-639
-319
-762
-79
-528
-456
-636
-507
-338
-547
-916
-831
-228
-20
-497
-749
-950
70
-494
-583
-141
-582
-429
-349
-796
-400
-622
-819
-368
-518
24
-550
-222
-86
-505
-721
-763
-528
-688
-622
-504
-518
-603
-484
-731
-422
-335
-569
-438
-1
71
-138
-352
-397
118
-439
-382
-298
146
-554
-248
-118
-92
-280
-372
-270
243
-457
-104
-59
-124
145
119
94
510
-202
-568
173
-122
322
-700
189
684
334
-73
-473
433
-29
-105
-128
-310
247
346
281
112
549
546
48
591
497
38
662
-120
-488
792
170
153
190
538
-406
632
407
244
-492
735
-32
-34
-267
-438
-189
233
-643
119
-645
46
-266
-106
-87
-331
89
558
374
123
94
-75
-40
-741
-210
-501
89
391
253
-475
42
-126
-187
627
-332
-896
-203
140
47
-304
-125
-45
488
-307
-268
520
239
-34
-237
602
-402
8
222
-91
-376
-689
338
271
-11
-235
-285
-157
-689
-148
-175
396
86
-251
-141
-99
-316
-81
-145
-329
-652
-281
-171
-104
-743
78
-180
557
-147
-56
-287
43
57
-192
595
-271
-231
-217
-479
-60
-108
-260
-97
396
-151
-281
436
-138
-103
-274
-548
-322
-237
-288
637
-41
-114
-21
260
534
-71
-254
-310
88
89
-22
-342
-430
74
87
-183
464
155
-259
-264
363
121
453
-306
-365
-265
-393
-344
-58
-212
-7
-4
-240
-191
-132
-71
427
-203
-545
-361
-344
44
-431
-718
-81
-255
-351
521
-491
-193
-604
-87
470
167
-484
-2
-139
-96
69
-72
-232
-332
47
-359
97
-103
-228
344
635
108
-74
-195
-516
128
-970
-481
-240
-77
-178
33
352
-79
174
-359
455
-180
190
139
-420
211
459
469
108
-21
-139
5
210
-1
259
264
219
28
73
-254
-242
-74
67
-65
-157
-312
-189
-588
-171
-358
-727
51
-432
-136
-662
-632
-485
-313
38
-79
-425
-320
-238
-292
-40
-358
-329
-56
-313
-252
57
-506
-934
-639
-197
-774
-111
-1060
-485
-815
-634
-528
-330
-384
37
-472
-958
-379
-704
-1043
-555
-948
-1042
-935
-1039
-554
-455
-651
-708
-507
-301
-478
-666
-1133
-461
-909
-1015
-586
-988
-337
-1318
-1402
-638
-552
-890
-266
-272
-889
-635
-1056
-265
-895
-938
-449
-998
-664
-840
-229
-710
-971
-464
-1017
-448
-250
-887
-890
-929
-707
-497
-353
-945
-996
-460
-778
-953
-1260
-374
-200
-386
-472
-997
-1036
-794
-663
-662
-949
-893
-474
-835
-678
-1250
-1308
-783
-1000
-269
-1208
-1029
-900
-626
-1088
-490
-633
-628
-827
-1145
-1408
-596
-615
-1054
-670
-579
-453
-533
-935
-1442
-872
-337
-754
-585
-884
-854
-570
-1389
-1074
-105
-203
-501
-265
-656
-973
-1245
41
-781
-680
-695
-703
-1022
-613
-867
-733
-598
-397
-542
-614
-412
-1116
-920
-744
-848
-720
-227
-796
-698
-896
-1171
-725
-814
-690
-535
-931
-1298
-333
-449
-424
-1020
-1290
-1170
-670
-716
-684
-765
-1251
-621
-453
66
-375
-740
-674
-986
-427
-714
-1001
-842
-831
-693
-934
-1030
-548
-679
-292
100
-850
-657
-1014
-836
-550
-1022
-1142
-810
-734
-852
-828
-1245
-518
-2
-939
-239
-620
-1151
-999
-621
-951
-841
-775
-272
-379
-952
-1018
-335
-327
-1412
-802
-551
-338
-675
-747
-569
-543
-488
-558
-578
-197
-505
-1003
-178
-621
-1028
-400
43
117
45
163
61
62
9
25
82
18
3
-125
36
91
-89
-14
217
163
187
208
-48
187
19
169
163
79
188
179
338
201
291
279
86
266
157
145
266
52
157
271
150
156
313
194
179
52
172
221
291
251
141
166
197
271
226
277
176
293
21
166
293
313
200
-74
235
83
163
216
278
179
302
324
255
182
324
277
104
188
45
279
204
33
179
177
324
163
179
256
182
161
226
277
324
179
172
172
211
165
191
141
163
141
136
255
219
255
14
174
179
340
15
-72
64
144
150
14
255
219
163
349
163
128
271
163
386
144
83
268
269
293
179
204
271
172
277
141
277
250
199
45
157
293
172
217
50
368
324
293
293
141
163
277
324
231
123
279
244
188
277
220
136
179
204
293
141
324
163
179
293
297
271
157
163
324
129
29
291
179
199
210
324
293
179
157
226
89
250
188
271
340
180
236
316
20
157
277
163
163
277
277
324
277
163
163
293
213
266
138
280
30
255
266
291
324
163
150
-26
172
244
192
56
179
164
40
303
265
172
58
271
296
148
89
158
156
150
172
148
171
175
170
-36
300
141
310
149
301
49
178
275
301
271
130
171
274
96
142
-25676
-55167
-111265
-67139
-49394
-47176
-93409
-103166
-84268
-63363
-65602
-59940
-104232
-103939
-74053
-48034
-13968
-53654
-45791
-108336
-91322
-64532
-37718
-121221
-91374
-58252
-15399
-50762
-68591
-133959
-100421
-67517
-59694
-42052
-31002
-83438
-85355
-62288
-44159
-27873
-62108
-85950
-81372
-53484
-79947
-83077
-106050
-87595
-26509
-57536
-53896
-34204
-65206
-94113
-47105
-45477
-106953
-110527
-34675
-11085
-70480
-77880
-45780
-62613
-32064
-91980
-101992
-94148
-35636
-111681
-137508
-67556
-78672
-70375
-60594
-56990
-113150
-83117
-54425
-73893
-16646
-68088
-57244
-91269
-109184
-95622
-88631
-64714
-84511
-97698
-44961
-59848
-79592
-49672
-31480
-81187
-18992
-77828
-72689
-64393
-90631
-127852
-101892
-59111
-61289
-90147
-60778
-42209
-38388
-74870
-61309
-49611
-54988
-50717
-67838
-89533
-44372
-85180
-93052
-86095
-99107
-53831
-37901
-32283
-54431
-92836
-64883
-53161
-42575
-104252
-87848
-96847
-46970
-68758
-129350
-78725
-62427
-34136
-42362
-95187
-76217
-31686
-70987
-74953
-29381
-57057
-85732
-100966
-97243
-57847
-75296
-63016
-61758
-83408
-95605
-91170
-47454
-34073
-19143
-86906
-31675
-79435
-35290
-71423
-76003
-44043
-62679
-28791
-59043
-74882
-36536
-47769
-49778
-31955
-32508
-64144
-18318
-62337
-75348
-20224
-38985
-90191
-69052
-32203
-52028
-108108
-100656
-58629
-57947
-27269
-57170
-64817
-15392
-50735
-38555
-42662
-14981
-46625
-77732
-59324
-84448
-94233
-94922
-75041
-30051
-56818
-28700
-81960
-11615
-65083
-82309
-84622
-83215
-85137
-117619
-74566
-55858
-43989
-71030
-55569
-45521
-70691
-71801
-45165
-30356
-79464
-111116
-85169
-90025
-86901
-67751
-48877
-61889
-78343
-68528
-99320
-73945
-66915
-88195
-90640
-9965
-18341
-38116
-49061
-22344
-34927
-58510
-14666
-30006
-32851
-19432
-42388
-18190
6908
1835
-11982
-6808
-34686
-12042
8967
11232
-15914
-9708
-18827
9630
-17393
-7654
-26545
-5405
-27234
23784
2495
10303
-37619
-31128
-18708
40729
-31167
-62447
-24705
-15528
-2594
9264
-35413
-11322
-20832
5471
-11037
-32601
-2534
-38523
-36989
-28184
43063
-12057
-35042
-352
-3068
-13721
-5779
-39448
-33180
-1157
751
-43761
45821
-30407
6910
-16347
-63597
32713
-9869
-13494
-23795
-46982
-23815
-19855
9582
-17800
6371
6910
-13770
-36449
-39134
-8799
-22112
-39495
23227
-48681
-39635
33601
15875
-49817
-21235
-51664
-5681
-15869
-39753
4995
-9241
-769
-430
-35026
-71272
-1798
1928
2653
-35818
-27668
32693
7551
-29911
-10603
-34531
-21124
-20906
-57414
-29495
14456
12303
-39585
-14194
-4676
-47229
-29739
-10951
14048
-8455
-43983
-11733
-7474
-24216
3971
-23510
-27345
4019
5853
-30969
-25282
30727
37823
-35726
-78019
6238
-29134
-3001
-25628
-44419
-13032
-887
-15390
-37749
-13366
-12041
-13414
-5272
-46849
-9925
17332
-847
-35769
1975
-22977
-14787
17800
-44966
-25663
-7435
-1135
45118
-24640
-40193
-13762
-23214
-2413
-21623
8802
-31204
-22647
1858
-70304
-235
2817
-1201
-13480
-15222
-25684
-6510
-17562
-3190
4463
23972
-27944
-30957
-12916
20690
16182
-31532
-23824
-2652
-8543
-26063
-22231
2525
4580
-3494
-51650
-25726
-32293
-28063
-11366
-33639
10748
-3536
-25731
51168
-16312
-62261
-8951
-2001
-31875
-3020
19203
-22539
-30733
-6840
20259
-4155
-14867
-46274
-22838
-48776
-38584
4603
-25091
21442
-9419
-9968
-26805
12221
-6583
-20401
-33032
-32502
-17468
-35570
-20272
-1446
-35503
-33088
50670
6938
-19904
-38150
-33227
-13678
-16057
2883
-9317
3015
-17435
21241
-33151
13626
6408
-22453
-25491
-39724
2627
3922
-9371
27282
-34056
-51622
-73950
-102061
-72362
-67763
-70052
-96098
-53063
-49036
-35810
-60522
-77069
-90406
-81509
-43216
-59955
-25212
-14547
-31515
-55951
-21868
-35508
-28318
-37342
-40353
-34579
-24716
-57165
-32366
-32383
-27935
-70915
-24902
-9307
-19114
-33302
-79436
-38632
-36991
-11791
-24283
-38917
-48801
-52583
-23575
-4167
-48041
-33696
-29267
-57645
-56318
3953
-27895
-30009
-1615
-30698
-36850
-34172
-6097
-43749
-24554
-21922
-34054
-44815
-41023
-39901
-9743
-43140
-23850
-31896
-84452
-61279
-44893
-19879
-54071
-57843
2391
26196
-26653
-29158
-41844
-46841
-49775
-102763
-100757
-25287
-21446
-32107
-36712
-44172
-49804
-36213
-37933
-54401
-53756
-33471
-9347
-6055
-31832
-7532
-15349
-38789
-64382
-48499
7855
-15147
-18608
25419
-6246
-24877
-8249
-36938
-44727
-28574
-44815
-41691
-43737
-49261
-31064
-35136
-14848
-50397
-54487
-56306
-39816
-23849
-6136
-47152
-27156
-60514
-45540
-3287
-7130
-18436
-11084
-20582
4234
-34913
-4393
6709
-25746
-42648
-64080
-42705
-39569
-42759
-49312
-51757
-20255
-24875
-4704
-44927
-63167
-62476
-56581
-51506
-29983
-17993
-13426
-32023
-21424
-42925
12017
6202
-18229
-13920
-10324
-21244
-28799
-29813
6707
4037
-4353
-53105
-47332
-4167
-17595
140
-34567
-27412
-12499
-24888
18
-17426
-31295
-49451
-26034
-25449
-31245
-26920
-31059
-33813
-45604
-12480
-27369
-33364
-10227
-39620
-49415
-52416
-51413
-61962
-6763
-23286
-40652
-64234
-10116
-39899
-41918
-61935
-60009
-54878
-61534
-36210
-14492
-48366
-33438
-22374
-30474
-55584
-56742
-57691
-30351
-62494
-53110
-56976
-54103
-80262
-51461
-45406
-14209
-23780
-27713
-49924
-61116
-54468
-5183
-29620
-20124
-32350
-14698
-39391
-48336
-62614
-11631
-10201
-35410
-45191
-38284
320
7653
-5381
-12553
-25800
3234
17121
28692
39743
13421
7196
31559
38360
27377
10886
1886
5423
10208
22824
29791
914
18977
33156
44041
13105
37587
-10389
4004
29591
53077
20704
11826
17824
26251
78431
28899
-3390
4679
42339
-22855
45281
28652
9982
34196
23075
12658
13915
33425
23479
9579
36421
29850
-5720
30039
40854
7591
68380
32511
25716
19169
-177
19481
26955
37249
-21055
21650
65388
25918
12736
15782
33026
38480
16321
-4279
13934
71389
11765
19261
26908
44271
-17740
45611
52099
-5147
9198
38045
23473
14583
26496
9573
43258
5736
16288
12769
48591
18933
6252
42268
20558
-19316
20604
35875
29416
35335
-27651
47860
8174
35184
17739
-7666
68273
-22698
32676
19374
21549
47387
40041
-13919
33240
7704
42671
32597
15662
26624
47687
-1611
13372
-344
23452
9453
15665
18760
2472
21761
68468
-16433
44798
39951
3473
41229
10947
5985
-6046
2809
41391
41631
12390
19736
9180
36970
24367
36389
40178
3757
35175
4275
6916
-945
7920
21133
22276
-2090
32283
4077
20232
23915
11050
40633
-10358
23068
-3028
45395
33184
-3595
25262
12415
32149
2511
23114
4617
27998
52507
23162
40205
-3908
9084
18463
19703
27107
-30054
30493
38930
21316
3644
15837
4188
34632
12646
43089
30050
25511
45517
26792
56972
41561
3581
39135
17528
23902
-14186
19550
17612
55980
16354
53533
-846
65770
3442
25967
56592
29773
12602
21932
37353
195
34378
48240
50639
20469
26619
14958
15352
13486
12276
44753
13763
52461
-12898
64802
26595
26353
24770
13671
-11472
32938
-12115
6429
25416
11392
26776
6237
13069
8947
5665
18870
11561
8345
8022
-15442
11808
10481
-6788
-7437
31067
70469
41201
8349
3421
40133
50104
39780
60787
31712
52450
67294
71183
55734
3318
8833
-1208
-32546
49597
29855
10283
-7699
31277
39598
30493
-11570
26297
-5011
41245
26524
43890
50716
-5526
16775
35248
65429
38504
-4873
-44373
-29275
22409
41562
9306
5007
-234
54998
28438
8670
7935
26183
-36560
-17704
42167
13275
18228
68443
47984
5450
2873
23229
10439
6430
7859
-20285
14383
28493
43507
31533
22405
86970
38758
30212
14983
27730
7135
21203
-1120
40110
32172
9777
44703
3331
53587
60448
12590
-4145
30779
20719
-853
7913
30168
12278
11894
2272
2779
15157
22754
32966
14242
38753
76670
66873
22358
-20693
18397
34139
-6085
-21970
49335
29037
-4950
60493
32507
42626
57438
-16391
6563
8554
53455
24050
14605
23908
-24650
-12664
10182
34143
22090
4027
33895
37068
24433
14216
12171
43402
44325
16259
11494
3109
40898
64829
24321
19624
6802
15446
18258
20593
23799
32301
35639
34874
29718
32438
25203
23756
27799
-5217
-269
-29152
14690
-732
24461
-3948
-16508
34588
21472
21494
3946
19100
42599
14708
-1766
7690
11817
33414
-32534
25321
35791
51443
6557
-32455
12059
14654
16681
8620
50746
46901
12871
4474
-9005
11379
17427
15155
-1641
-2319
26121
3369
4686
45680
43554
47120
46534
28971
20264
16724
55554
-19889
-10729
-8925
5479
-4168
-11959
-4698
5505
10627
39538
42038
-15641
17807
-2419
5622
2123
26182
-7451
18307
42245
50876
64309
60160
21164
6316
15116
-2939
37131
-7155
8608
-8445
-1703
15825
25203
15024
-15837
-16627
-8971
-51711
-51916
-8775
-17475
-18190
-43861
-18425
24201
15701
2546
-18020
-45130
-42807
6087
-19028
9654
-52419
-11578
-51037
18435
-34915
-18847
-43789
6435
-29380
29999
-33524
-19411
-31847
-72486
-46088
-43131
-77330
-100911
-49558
-60292
4680
-34078
-14799
-75831
-31875
-57698
-43013
7348
-30600
-55538
-22248
-76508
1009
-35373
-76492
-17945
-57416
-17734
-90365
-51628
-66603
-28250
-60518
-12436
-6253
-38997
-19964
-46487
-70862
-6940
-62941
-85206
-54792
-63943
-47014
-37006
-34133
-16749
-25835
296
-50581
-84996
-67782
-80195
-70906
-83363
-42703
-45101
-26236
-7904
-94400
-53718
-74337
-74329
-48205
-22274
-34802
-27143
-20770
-26968
-52296
-24255
-75527
-75031
-31821
-50492
-35587
-39544
1839
-1786
-26551
-13640
-31276
-62786
-52755
-61527
-84310
-34513
-41590
-85917
-22651
-93857
-58360
-70864
-42343
-38319
-64250
-12484
-7071
-19078
-43149
-38923
-46806
-5581
-35519
-72190
-32584
-20687
-27054
-7530
-34047
-61756
-19800
-32554
-20118
-81621
-24027
-58587
-79966
-59847
-58141
-41904
-43337
-50260
-65509
-74401
-72329
-17166
-42335
20155
-26564
-37075
-86567
7710
-42793
-22741
-18806
-24863
-26797
-68337
-53152
-11042
9374
-63031
-64273
-19451
-36416
-35013
-53673
-69946
-12310
9880
-37564
-22707
-35335
-43718
-28650
-58216
-21689
-53358
-34352
-46998
-33333
-19914
-56048
-14073
-61053
-14004
-32111
-77333
-31426
-64995
-50965
-35697
-45576
-55423
-74376
21144
-9208
-35466
-12573
-53610
-36852
-22390
-6696
-56797
-44335
-57547
-25328
-57491
-20412
-62913
-48755
-50521
-54230
-77732
-61930
-113447
-86741
-45099
-81406
-27851
-7463
-58284
-36256
-35899
-53837
-48264
-44523
-6045
-58871
-58174
-92047
-61390
-87245
-62772
-1755
-95572
-34729
-75002
-68938
-68162
-87194
-82233
-51317
-21317
-20788
-5405
6928
-11040
-16483
2261
-11447
-5586
-12593
-24727
-12916
-9477
23447
15071
-5843
7180
2045
23099
23272
37823
28230
31064
27669
37467
70041
1047
28485
14269
37156
43875
34237
21866
12131
-1901
44279
5137
50926
32374
42681
19734
-6846
48675
18538
24820
10012
-15309
68499
-5993
7209
80582
21436
14556
47942
42741
22158
13111
33634
27832
-12417
37988
29221
57283
7450
-12935
-621
39119
-4442
40679
-20119
20853
76588
51231
21845
8081
51710
37083
28713
-11189
48355
-9998
21553
29678
34615
78733
41417
14214
17953
17383
65911
38118
30830
10737
44490
42088
2653
-12390
29685
39816
56638
10339
40494
48267
72901
16364
-22491
12246
52811
7360
48681
23599
18551
16301
21227
11660
4448
35204
41699
48162
2894
47060
29853
73752
-5419
31714
20723
7860
2257
1435
11935
36049
48845
-18934
16768
-3344
33566
49715
-6898
50901
-13757
35017
22388
43690
35174
18782
-24777
32846
702
49885
28249
21778
4831
30885
26001
4509
56422
34336
50528
-3048
10659
13881
10172
53134
-4266
26414
49741
24348
31173
-3361
15989
23427
23521
22699
18757
23853
25310
-22079
20978
-25
40573
20837
-3007
15826
2513
-26646
25035
59713
19533
35963
-2643
40430
5430
46947
44179
-14491
55379
-13456
6968
10305
8161
11712
22859
25958
-14
28882
10509
8180
37949
13237
-13092
13473
13796
20856
41000
31835
16778
63213
13474
39976
16383
46356
35227
49851
17910
10785
407
40723
-3453
48142
34014
2730
38622
6157
10866
38772
14570
26076
-9438
47426
52182
48071
18593
70472
78977
107574
31531
91057
53567
19331
32055
-14711
27212
26029
60864
39989
12269
-10091
87
-2846
9887
-24354
38511
19645
-24362
41556
-46729
52568
31842
25850
29237
28436
3896
32160
8749
8307
29629
-29418
-17721
-6253
28102
732
-7608
-23931
5048
-4641
23665
-12127
-32756
-17610
-8756
6303
65412
10568
-28461
-6706
41600
3562
-32820
30075
-4210
44449
23701
-5315
14028
-46780
23453
5725
14653
27667
13213
-27675
-6697
19703
17070
13299
-24495
28158
40168
14468
-18055
-37915
39850
-32248
30421
18103
11306
41194
17666
1735
-25442
3482
2821
41275
10302
-30357
46147
-22143
43297
2647
27425
13505
10188
-15058
-12184
-5711
52166
8251
-37383
16001
40906
-8380
19711
-18865
40031
16560
3279
-27333
18794
1173
25680
15633
-14406
-8295
9578
23935
8374
-45333
18519
-4549
45418
8434
9044
40067
46119
2404
-50090
1625
27721
7257
-7801
23097
16509
10311
8364
-29748
42704
14622
13543
-1629
-5672
37541
24067
14129
-39302
-14127
14665
-17731
-8773
39676
25438
-31397
29637
6369
24989
24852
5924
39079
-26521
25621
-10196
-12269
46564
-4334
26694
-21146
-25458
-19947
45816
16448
6400
-14729
-11611
46655
5165
-11153
-7030
-16954
-6523
-4801
5234
40157
19137
-34372
38691
23451
23373
-2738
-5828
27306
11517
-13760
33179
41293
-7313
-4896
1428
5052
7942
-12948
67220
82
8203
-17425
-26655
42633
10440
-1668
30054
20116
-22242
-12704
-1370
-4169
49040
-24885
41939
19649
8779
32110
4186
24053
794
1843
12982
31751
-26503
-8987
14722
11970
-10423
-26624
38238
3324
-20079
10421
-1505
14398
17731
13500
40892
17733
-2479
-30739
-3313
41663
26312
-33214
15646
14119
24350
-945
-37922
27393
-8767
4129
44104
-12058
-2446
-3921
10846
20763
-17012
-46085
21898
21162
-2328
2013
29310
-10351
-2671
9237
-4380
18887
36287
15059
-17610
993
12298
-21251
-191
346
398
340
384
263
395
717
593
634
744
154
653
426
522
259
-658
229
243
-108
279
-162
27
140
-109
-352
36
-208
173
204
287
-804
-404
-118
-105
-110
182
148
-19
31
71
-44
-36
393
103
90
-94
366
-794
-408
-493
113
153
-331
77
-259
2
234
40
-319
-172
108
322
-379
-276
88
-38
162
198
29
33
195
173
-455
253
3
277
95
-110
-165
-616
-93
171
-182
83
449
385
-456
86
40
-23
-253
794
385
-140
-103
-200
191
-126
292
-492
-164
172
-68
175
-221
-140
319
-182
-424
-346
-244
-759
-509
-4
-44
293
-37
-391
106
92
65
86
288
-131
184
-171
162
-388
144
386
154
101
172
-84
106
-89
-34
-408
-94
-172
84
386
-133
-668
114
236
61
19
-119
-150
14
515
455
-157
150
-441
-523
278
-626
-818
-308
163
468
-522
-241
80
94
455
-313
322
256
-427
176
229
279
-426
-99
806
433
-96
-189
16
226
43
-145
305
512
-355
21
179
-310
-167
-278
61
-518
-33
-465
-303
305
199
436
117
13
-126
114
25
-110
-328
498
355
45
-55
87
-360
-429
191
455
-304
-284
-452
712
-214
10
-297
835
319
388
525
-209
55
-131
279
-395
675
321
276
454
549
91
-1048
-91
-611
-323
-445
-566
-646
-56
-582
-103
-249
-918
-367
-325
-252
89
189
354
8
121
-167
-13
-301
-158
-190
168
135
134
99
180
-234
37
335
414
382
712
469
650
388
620
650
406
318
714
529
756
524
273
561
321
588
650
552
424
-14
259
455
673
317
324
396
384
480
126
280
153
224
-141
479
592
620
426
107
523
453
299
702
-139
241
74
-62
728
315
416
339
438
317
-199
736
685
630
-134
566
284
402
618
296
803
134
517
62
490
813
108
230
51
381
56
525
614
473
563
160
260
336
773
390
148
636
488
235
503
560
257
135
388
-26
557
214
515
318
277
7
287
205
682
-371
383
258
104
-294
577
547
586
622
465
164
858
114
32
45
381
48
540
129
307
303
925
301
107
142
719
478
586
-165
553
1008
481
557
-218
630
319
-159
188
927
662
-141
315
482
768
852
118
359
463
-10
215
936
730
351
652
112
51
224
716
304
292
231
132
837
313
-144
415
666
96
183
369
498
331
221
520
489
441
9
258
747
343
266
476
354
223
460
190
470
606
203
802
-153
25
95
139
319
526
281
890
456
551
63
93
524
57
630
704
811
625
966
432
1027
609
331
768
118
-29
578
530
648
190
303
480
165
302
373
298
524
527
0
244
530
1196
779
161
477
668
591
906
746
504
657
600
714
645
555
865
533
931
909
468
478
-79
640
901
670
1103
1437
1022
1171
970
1336
1577
690
1266
718
921
1284
412
1121
503
1120
613
1315
916
722
509
1231
1019
1393
656
1484
497
1415
-301
955
844
857
1018
989
1047
1436
1076
789
942
803
1127
822
832
1008
258
819
1344
797
1023
1221
1096
1082
815
1511
1320
1193
1503
1398
786
953
836
975
1015
685
843
689
1429
1280
1353
894
913
717
1253
466
592
692
394
1499
675
1349
1608
1793
1275
1016
1104
594
1276
1445
1371
978
1300
1216
305
782
1255
890
858
685
1005
1045
1183
444
555
597
686
1123
858
1351
300
1667
1170
1415
1591
1338
1416
839
647
1022
1174
1352
1015
868
919
839
209
886
1060
1313
1101
827
1039
1290
689
1276
1124
971
957
623
1382
1312
478
1181
612
1615
312
1281
1287
1025
775
897
1613
1113
1004
896
878
1054
154
932
931
262
421
628
994
1288
805
1369
1579
906
685
732
1101
969
790
1200
1192
747
1394
1432
1410
1206
852
1341
1508
916
1190
1220
1419
744
-11
1222
880
863
910
909
1038
811
1042
1123
928
1208
894
1144
777
959
-174
1115
929
1649
765
1369
1230
964
1468
1059
1010
637
1143
499
1049
1027
150
537
831
482
734
935
539
512
373
290
408
469
495
-5
656
137
24
305
-271
-664
-1079
-821
-602
-646
-411
-789
-600
-764
-429
-221
-916
-655
-1073
-243
-811
-893
-312
-568
-841
-919
-21
-1292
-250
-1335
-438
-880
-778
-472
-1026
-733
-770
-570
-777
-839
-1458
-1404
-1065
-523
-456
-990
-1046
-879
-491
-659
-1333
-705
-879
-1174
-775
-643
-831
-751
-943
-907
-1318
-1115
-954
-1037
-1293
-207
-1539
-347
-948
-818
-1047
-267
-462
-1073
-694
-1075
-1272
-446
-1147
-930
-605
-773
-937
-527
-800
-1046
-1223
-1103
-868
-1048
-621
-1069
-671
-782
-977
-1092
-1234
-1250
-1363
-158
-909
-661
-673
-751
-795
-1293
-1227
-982
-96
-729
-682
-664
-334
-1033
-736
-235
-889
-688
-1083
-1162
-1048
-672
-792
-1470
-820
-1548
-1183
-415
-1137
-824
-676
-480
-431
-1092
-990
-761
-555
-863
-663
-875
-729
-884
-539
-565
-1245
-1002
-1242
-565
-395
-1085
-830
-984
-1283
-1008
-892
-696
-661
-1157
-588
-1307
-546
-420
-870
-163
-1254
-117
-172
-1161
-1045
-1501
-966
-468
-794
-701
-724
-1044
-1040
-684
-1061
-545
-1083
-677
-1275
-1480
-900
-1253
-350
-552
-746
-869
-821
-1200
-1021
-667
-943
-472
-316
-440
-512
-792
-584
-1110
-616
-1140
-1142
-947
-351
-1170
-558
-1056
-1019
-181
-319
-749
-552
-674
-755
-1292
-850
-838
-1083
-485
-808
-1049
-1012
-688
-821
-277
-328
-1191
-870
-1146
-880
-1203
-557
-710
-853
-633
-1449
-1531
-761
-974
-1137
-517
-766
-843
-996
-571
-466
-778
-575
-1050
-481
-427
-764
-1380
-1087
-630
-788
222
345
140
-164
301
-126
71
22
112
265
543
48
676
-62
249
87
291
985
-341
480
557
757
240
769
541
624
116
737
536
288
556
694
518
271
1151
499
721
446
552
157
172
536
869
108
700
684
414
449
594
276
582
636
64
24
354
1135
463
633
719
794
596
478
176
600
-54
833
781
690
778
651
635
360
554
290
601
703
415
901
98
651
430
699
536
417
275
382
293
953
733
301
167
626
344
52
593
851
334
498
413
541
755
534
716
201
711
871
581
734
290
364
441
240
841
195
592
895
552
-168
348
415
527
83
835
327
351
535
423
471
514
450
623
8
1282
652
398
753
-11
627
129
267
964
681
220
386
447
674
1056
585
1052
303
872
501
255
413
785
871
75
705
531
784
282
901
358
766
959
298
713
471
39
262
550
585
272
692
315
127
-6
672
347
205
289
339
883
801
406
72
798
239
475
412
871
586
528
401
81
476
614
254
277
519
501
420
502
501
391
808
192
497
582
346
595
356
644
655
621
399
732
377
556
880
859
-133
375
298
469
552
666
665
564
899
822
582
742
444
-197
238
756
672
1288
519
575
185
5
45
105
-24
358
65
60
-81
-28
857
-318
155
381
226
298
-134
-48
485
205
256
-85
-224
321
209
-52
62
-115
194
103
-157
975
101
-203
-473
471
370
12
-267
277
234
258
-2
-6
-122
299
168
679
59
395
-455
-546
726
199
-212
154
-130
272
2
-37
-376
-116
113
368
-381
269
-397
-214
-141
347
312
345
103
514
94
52
-403
6
514
360
-74
-188
92
352
-105
-32
45
552
-71
-292
690
-83
61
-363
-175
1126
-39
-198
53
-15
301
107
41
153
-357
353
424
-232
519
394
-47
400
59
-158
433
-129
-208
523
211
29
-174
613
84
-422
-347
295
-439
857
-287
22
230
-168
166
-39
195
453
-176
591
-92
520
513
-377
-590
737
-424
-110
317
-152
251
206
-682
681
175
18
-115
454
321
-428
-142
648
-298
648
-319
382
273
-77
-368
-153
426
395
-204
315
63
90
-393
554
-105
80
-145
416
-51
272
108
40
503
125
-70
131
250
-247
-193
583
-37
-443
412
20
237
316
-161
309
43
392
49
543
-139
99
-293
843
30
-736
-18
116
556
-93
-250
404
-194
165
-52
445
80
217
-675
929
-393
381
-114
-153
198
69
66
-122
68
-22
257
-69
-189
-127
-490
841
-642
587
-194
433
-166
359
-400
13
-392
-491
517
258
-410
-51
-629
532
-27
96
547
159
252
180
-96
317
172
-81
462
180
539
80
-210
377
-153
119
-77
-360
-312
-37
235
-158
-417
-8
-187
-188
-108
-113
-79
149
-420
586
-27
45
53
-218
-408
572
-296
263
-583
148
-135
-184
-250
362
123
-431
-88
-101
409
55
34
-110
-449
-73
250
-81
-235
-103
-110
204
-7
-358
-71
-39
122
-304
-277
-21
-346
-180
-83
-101
-190
-261
-81
375
-213
-8
-238
-116
-209
96
94
-394
-218
-58
126
-239
-120
-49
-459
757
-269
-188
253
-81
-31
-86
-320
596
52
-149
274
453
411
-676
-600
206
202
-45
-251
-333
-281
339
-448
-311
74
238
-28
80
59
294
-362
478
-393
-17
132
124
-219
-6
-104
272
-513
129
141
-253
43
-355
-143
169
-92
-10
-445
65
-216
-12
-119
-215
128
-649
-249
-84
292
-61
-394
387
-481
-13
316
73
-227
6
-330
-117
220
-41
-353
145
-623
-35
-424
210
-171
-296
315
-23
-73
-234
-616
118
229
-28
19
-104
-256
-286
-384
183
-483
-213
426
6
-330
31
-94
262
-243
-379
-262
-117
-408
-236
-481
301
-376
1
-464
245
199
-1
-91
237
-262
-347
29
-79
7
324
-434
338
173
342
-3
52
-238
252
-485
74
507
-652
240
-391
180
-55
-72
20
-309
32
-155
-110
-99
210
-482
-30
243
159
225
209
55
118
-375
17
-244
-262
-179
-266
-3
-204
-101
60
-403
69
164
-35
-319
-199
-114
125
283
397
89
45
223
301
73
181
-19
435
98
-73
299
-190
-54
192
574
500
1048
624
1223
709
964
581
858
519
719
521
537
789
164
298
279
556
712
831
737
531
626
904
695
607
509
740
917
171
696
553
326
1039
569
1000
1011
576
655
367
656
786
690
444
717
861
208
649
952
383
760
510
390
685
744
865
1125
788
1299
764
1166
1259
384
216
508
819
537
1045
891
996
944
630
191
1120
811
697
547
955
653
533
633
638
1150
837
640
439
1081
851
767
381
541
1267
1117
801
358
76
428
755
698
161
849
1132
148
721
957
1257
332
-80
867
444
291
491
573
967
1141
635
626
143
588
691
1023
706
865
645
499
216
471
660
7
531
71
355
1032
503
689
964
697
708
893
1003
902
501
430
335
928
476
800
914
873
522
616
863
772
1095
284
547
835
526
304
472
688
691
839
350
1283
703
566
828
790
607
603
698
770
640
268
396
399
859
1132
694
723
802
634
1222
585
1166
562
1029
723
468
643
248
318
303
712
651
823
530
924
852
657
950
981
725
898
558
146
354
15
695
296
669
765
868
450
1248
574
858
1027
1177
506
576
455
395
-9
423
527
533
407
436
343
390
351
419
332
0
530
584
119
11
-575
-692
-817
-678
-984
-467
-729
-639
-479
-813
-641
-787
-669
-232
-619
-454
-341
-35
-90
-328
360
-416
-350
-626
-705
-175
-316
45
314
-787
-245
226
-301
594
32
-121
-298
169
-534
134
385
-76
484
74
-195
462
-73
256
0
74
-352
166
1042
-132
86
-35
-335
-199
94
417
-230
-181
511
87
-174
-129
-444
26
-47
382
-353
-26
112
160
-160
70
-105
133
193
-421
78
-460
375
-33
-43
-323
228
168
142
-149
-308
-301
-223
137
-501
-177
-355
656
13
179
-285
-197
-8
-536
107
-194
373
-107
-281
2
-348
452
3
-343
218
-25
669
-498
-10
140
-405
352
-339
85
259
242
226
13
-249
-777
198
303
-59
149
-312
-68
283
11
312
-142
356
-322
-112
138
-551
232
-301
-103
606
-230
-30
-135
-262
18
-476
271
162
-152
155
287
-470
-300
84
232
19
-253
404
220
-59
-373
206
251
-232
347
-60
231
-119
-58
-236
252
82
-575
-701
-156
17
-9
-631
640
-523
-50
216
-72
-423
-102
-54
-379
434
-371
188
329
-220
-446
542
-554
479
-19
-502
398
-387
-501
74
320
516
128
432
37
-89
-71
-27
-269
-25
18
317
-156
129
67
135
163
197
-166
-8
16
-47
-52
-35
-393
-254
-313
270
192
-537
-19
124
-113
44
299
132
177
265
341
182
70
38
-331
-292
-186
27
-241
-345
105
-378
-502
-561
-553
40
255
-129
-325
-66
437
48
-593
-877
-360
-289
-607
-446
-599
-137
-163
-671
-386
-600
-503
15
-21
1005
-94
214
141
347
-7
-356
-4
-38
-236
205
-270
192
-88
159
789
528
-548
111
-138
-531
-212
300
50
357
-14
-313
423
-106
12
116
-213
276
-629
111
206
14
89
-112
410
-234
-69
-236
477
-418
120
602
471
317
-528
574
-336
-420
99
438
-418
-482
57
386
69
308
172
473
-38
751
-410
33
464
630
321
273
532
-118
490
400
793
183
222
158
-247
-2
-584
-241
-17
-151
-128
-78
244
595
-24
-348
-31
-358
174
201
414
970
-639
75
-277
32
193
75
-218
-374
107
383
-425
-82
382
359
234
786
-78
-41
428
97
-157
371
101
188
-313
501
104
-634
166
339
221
351
-251
189
-646
-6
197
372
453
65
-409
-301
-187
112
15
530
453
429
-736
-122
-20
227
147
86
-70
-126
-79
-10
91
-272
113
189
414
929
-501
-356
695
-142
317
219
117
-136
143
-190
5
649
303
445
347
169
-334
-488
-459
-215
18
-472
-206
348
-93
-379
796
197
20
54
126
755
-859
-12
214
76
354
19
30
493
421
91
-170
30
-240
-108
534
956
-235
93
7
283
463
218
217
-48
-32
-244
432
333
11
170
423
475
118
364
1155
529
722
477
855
963
605
580
347
720
705
463
598
685
-579
726
359
55
402
1284
603
331
387
429
881
502
628
1074
-559
238
-505
268
229
439
375
391
496
409
256
741
1
481
241
367
466
359
-69
889
724
49
986
974
240
403
735
10
361
647
469
623
693
183
125
91
223
549
199
699
400
513
801
837
217
370
-105
773
445
-26
179
891
384
603
665
763
432
880
546
629
487
-26
1244
589
718
184
-76
-21
187
-473
1050
52
522
396
257
79
108
455
427
466
483
127
-312
632
245
981
92
346
127
767
799
535
102
317
1212
836
153
-47
-415
-378
72
270
986
511
689
347
847
1052
217
318
758
444
294
128
43
-232
579
617
-92
1421
-107
259
282
95
1202
423
631
571
577
345
-205
251
278
460
159
356
437
508
567
418
-230
558
615
631
252
231
191
1
404
34
648
772
-109
403
724
996
464
122
928
526
711
388
-489
597
153
199
77
785
180
371
241
766
-161
512
304
1307
159
255
-158
269
643
892
623
874
277
1228
495
430
498
-287
372
277
422
254
-247
45
76
104
10
452
-97
217
231
-178
362
-74
124
800
-2
87
-90
-147
422
324
119
257
-193
54
380
403
280
63
205
41
158
463
-341
-578
88
-415
-215
-520
-581
-186
-381
-432
-632
-343
-618
-458
-542
-585
-924
-1267
-891
-1240
-1159
-1478
-963
-1385
-1153
-644
-850
-1480
-715
-1212
-1145
-1012
-204
-1109
-1508
-651
-1138
-942
-819
-887
-1291
-755
-798
-660
-1223
-1217
-785
-496
-33
-923
-353
-1059
-993
-867
-1386
-960
-1212
-1387
-516
-1125
-757
-1324
-676
-425
-499
-1224
-624
-654
-827
-1196
-690
-603
-1091
-948
-584
-738
-636
-1262
-1458
-1076
-188
-1144
-1208
-333
-1039
-966
-1247
-533
-301
-891
-1360
-872
-482
-951
-1358
-1085
-567
-863
-878
-871
-674
-855
-983
-994
-1261
-1028
-482
-775
-947
-783
-800
-559
-390
-1297
-1368
-557
-649
-767
-828
-507
-1115
-1093
-220
-410
-1060
-1288
-942
-813
-587
-831
-677
-684
-1060
-761
-381
-688
-1127
-1292
-838
-497
-1064
-1310
-1128
-668
-338
-943
-388
-1124
-1061
-831
-959
-423
-925
-1484
-1751
-818
-782
-1336
-1687
-858
-377
-929
-680
-1024
-737
-367
-920
-809
-1007
-962
-1209
-955
-872
-817
-1484
-1260
-725
-1108
-472
-490
-1126
-945
-958
-910
-972
-705
-681
-1052
-936
-1447
-563
-794
-461
-608
-577
-1411
-1045
-1039
-727
-1165
-657
-997
-903
-500
-682
-1143
-898
-791
-576
-788
-470
-617
-728
-763
-688
-807
-797
-745
-884
-477
-380
-1238
-1137
-444
-586
-1041
-910
-1078
-1450
-1016
-712
-518
-644
-788
-1091
-1127
-991
-927
-1674
-551
-475
-188
-602
-633
-736
-829
-799
-812
-925
-849
-726
-838
-823
-943
-964
-622
84
-482
391
267
-46
-130
110
-140
-130
98
128
-6
193
-87
-268
-120
-313
-296
-176
-133
-327
-306
-375
-736
78
-684
-95
-705
-181
-307
-324
-375
-188
45
-94
324
29
164
-69
100
-1029
-40
-223
149
-224
56
438
95
20
-487
333
-646
-480
-3
-226
194
533
393
-297
-183
-246
-392
-546
-50
-194
-191
257
19
18
370
-25
-182
-152
-34
-511
175
58
-218
-12
-372
-22
-161
-653
-294
-307
266
-48
-364
495
130
-2
-502
-60
156
-72
-590
-254
-335
94
336
488
-567
175
205
-517
-274
405
-51
211
-189
-650
-265
-316
-350
-588
-237
-179
297
-337
-5
-264
-402
221
-376
-301
173
240
50
-260
-442
-54
-73
-458
348
252
-74
-540
193
51
-343
87
283
302
-328
-196
-545
-94
-458
-338
-10
-380
-395
-260
220
-71
-128
-151
-667
-214
335
-304
-23
-154
-394
36
153
-57
-454
-317
-273
-453
158
188
-195
11
95
94
-522
30
387
143
-110
-568
-230
-60
-141
-416
-238
117
-600
-228
-274
-25
-175
33
-397
-48
151
-43
-226
379
152
-700
-307
-277
14
-59
-540
173
126
53
-315
93
135
-28
-262
62
-29
-123
-395
-150
-475
-75
-85
-141
-53
604
60
241
380
110
439
362
409
452
-254
-179
-182
225
296
-272
-133
-379
-587
-280
-128
-185
-347
-321
-308
28
-158
-291
-295
-415
-128
-106
-17
-123
95
-93
268
-325
4
373
-295
104
-431
-243
-137
-387
-111
-197
-895
-167
-282
-76
-749
-257
-408
-781
-313
379
-128
-150
-684
-151
-386
-219
-600
-902
-833
-887
-453
-1138
-583
-182
-462
-757
-179
-745
-838
-1156
-224
-787
-949
-206
-407
-674
-936
-373
-591
-1024
-902
-1192
-1218
-882
-634
-732
-494
-410
-389
-870
-324
-630
-899
-526
-1067
-462
-628
-791
-818
-669
-759
-1075
-680
-256
-578
-379
-738
147
-600
-498
38
-675
-1175
-620
-457
-750
-850
-479
-174
-161
-258
-774
-628
-890
-477
-748
-803
-187
-723
-318
-670
-652
-116
-964
-848
-578
-958
-520
-381
-431
-812
-730
216
-759
-625
-887
-654
-149
-401
-1187
-334
-489
-705
-246
-331
-778
-82
-376
-564
-100
-577
-521
-219
-858
-989
-687
-577
-688
-904
-605
-653
-217
-393
-656
-259
-610
-659
-1012
-712
-481
-721
-987
-565
-612
-968
-448
-563
-678
-889
-785
-641
-576
-18
-233
-858
-676
-988
-1231
-360
-806
-950
-682
-934
-679
-783
-766
73
-402
-777
-848
-189
-902
-773
-620
-350
-258
-1035
-589
-489
117
-129
-844
-780
-595
-649
-841
-677
-167
-825
-1064
-579
-965
-971
-441
-715
-429
-877
-515
-548
-540
-822
-775
-917
-736
-789
-818
-541
-431
-947
-740
-1097
-959
-1079
-881
-1010
-582
-1041
-1542
-1384
-1251
-1121
-1034
-692
-693
-534
-575
-933
-636
-799
-894
-877
-580
-629
-726
-765
-927
-1003
-565
-415
414
657
4
477
456
479
368
292
545
1153
494
800
417
413
473
399
-89
402
-290
-49
341
388
371
179
191
-509
-327
1
626
124
525
437
15
662
72
651
246
169
137
-319
113
412
84
742
679
701
314
330
-177
251
72
-76
547
416
291
758
541
-67
76
287
91
159
336
141
-68
847
384
77
683
488
638
353
76
512
85
267
302
333
369
255
221
270
-89
285
89
262
288
230
777
440
361
467
-69
420
774
206
493
891
377
275
559
230
703
282
-182
289
303
423
140
148
501
0
100
397
320
519
276
141
216
172
480
281
-334
-289
252
714
635
661
249
325
99
193
201
525
768
187
435
757
73
356
495
767
376
241
69
454
149
80
208
678
415
505
-39
18
465
225
-31
214
277
321
202
456
150
595
622
-278
478
1023
361
37
516
132
-6
502
178
852
155
346
53
-54
-182
68
222
-32
398
370
289
-151
279
234
277
365
112
681
-435
29
451
295
440
197
-231
121
448
221
369
827
421
270
270
324
72
421
506
401
249
574
113
446
-15
331
25
345
605
364
277
942
78
456
236
241
253
334
24
239
-121
-302
-303
445
819
145
-119
-323
-533
-540
-410
-370
-374
-328
-292
68
-99
-243
-354
-574
-601
-426
-243
-62
331
351
-132
204
230
379
42
102
240
115
287
308
301
-547
-51
-211
9
-656
-291
-216
-115
-314
-358
442
-257
93
-47
-370
-336
-208
304
-167
-285
-375
-443
-147
-178
-789
-113
-526
-609
-390
-772
-277
-169
-457
-148
-379
-423
-546
-235
-719
-459
-84
-542
-137
190
-418
-575
-473
-177
-459
-270
-354
-391
-388
-445
-500
-593
-465
-197
-395
-381
194
-361
-552
-238
-528
157
-475
132
-639
-419
-768
-644
-34
-412
-548
-505
-394
286
66
23
-523
22
266
-598
-85
-441
-37
-304
-441
-134
-176
-133
-369
-124
-266
63
-208
-85
-293
-674
-183
-340
-156
-223
11
-46
-209
-201
30
-620
-1001
-282
-1323
-70
-326
-484
-133
-384
-467
-661
-951
-309
-331
-311
-621
-485
3
-52
-961
489
10
-389
-298
-501
-212
-475
70
-414
91
-539
-484
25
-531
-242
-287
534
-582
-302
-275
-431
29
-323
-897
-121
-164
-264
-366
-388
-55
47
-468
6
21
-286
-266
-402
-221
-414
-328
137
-321
-588
-197
-661
-587
-67
-221
130
-152
-600
222
-485
-267
148
-208
-293
-429
-219
-281
-372
-78
-91
-760
-73
-12
-257
-428
-826
-709
-1186
-720
-495
-216
-859
-410
-774
-677
-592
-640
-31
-253
-696
-619
-707
-190
-229
-502
259
8
-161
-54
-264
-189
-600
-1038
388
341
164
-38
160
135
36
-131
-414
-62
-302
-192
116
360
294
-136
-125
-516
-799
-399
-606
-652
-919
-338
-609
-549
-446
-281
-194
-642
-388
-382
-176
-875
-974
-802
-338
-465
-775
-972
-1254
-1297
-1082
-973
-634
-860
-697
-348
-340
-503
-919
-765
-541
-757
-869
-383
-995
-929
-907
-1137
-1281
-677
-310
-507
-1001
-634
-1185
-1029
-1003
-1115
-764
-802
-780
-419
-636
-639
-1269
-1124
-882
-184
-616
-828
-1015
-938
-663
-325
-1085
-1454
-585
-1171
-630
-294
-580
-866
-572
-428
-375
-904
-950
-1207
-994
-1069
-787
-1087
-1192
-730
-476
-1369
-897
-294
-903
-536
-431
-514
-1072
-423
-1015
-1162
-456
-1056
-1202
-926
-282
-929
-884
-1169
-794
-381
-538
-1605
-831
-960
-861
-1256
-804
-337
-1015
-1147
-1226
-1006
-1061
-948
-953
-481
-719
-1020
-789
-716
-1518
-1146
-848
-720
-914
-844
-1515
-1116
-1045
-616
-1142
-674
49
-969
-1079
-858
-553
-871
-1268
-892
-1367
-749
-1233
-680
-675
-1455
-849
-43
-440
-845
-434
-362
-879
-697
-730
-1280
-968
-1399
-764
-392
-989
-682
-550
-476
-436
-598
-968
-693
-480
-1088
-905
-544
-885
-1545
-1087
-953
-869
-663
-1265
-597
-605
-1255
-917
-935
-1325
-638
-979
-786
-1154
-1070
-897
-1292
-1215
-683
-770
-898
-704
-822
-722
-867
-964
-1215
-1385
-1151
-1392
-785
-638
-899
-1348
-1010
-1239
-630
-387
-491
-542
-892
-492
-783
-926
-691
-1237
-915
-585
-996
-830
-1063
-708
-860
-894
-590
-741
-1140
-676
-612
-516
-623
-1064
-1029
-834
-830
-879
-953
-865
-80
-429
-1232
-832
-1011
-895
-1187
-744
-1166
-757
-1050
-992
-569
-849
-837
-89
-186
-72
-454
-953
-812
-645
-218
-666
-962
-616
-1044
-791
-1477
-530
-393
-721
-298
44
-1036
-502
-392
-292
-1234
-509
-594
-704
-824
-29
-443
-533
-1170
-65
-478
-137
-327
-654
-559
-797
-660
-843
-502
-571
-614
-209
-289
-180
-379
-397
-58
77
-672
-157
-571
-607
-504
-353
-758
-1102
-540
-868
-511
-45
-697
-703
84
15
-242
-1172
151
-681
-356
-406
-838
-634
-262
-553
-538
-330
-496
-643
-622
-456
-984
-634
-587
-678
-289
-675
-170
-474
-647
-741
-353
-985
-1068
-145
-215
-358
-724
-588
-212
-724
-543
-407
-1153
-704
-689
-528
-487
-654
-410
-458
-362
55
-220
-241
-583
-183
-115
-480
-253
-972
-779
-600
-728
-520
-698
-452
-144
199
-118
-514
-1030
-507
-174
-334
-566
-744
-1015
-629
-88
-803
-816
-404
93
-283
-646
-556
-839
-417
-900
-533
-543
-881
-768
-738
-613
-438
-1020
10
-295
34
-237
-413
-279
-383
-982
-540
-857
-495
-314
-240
-892
-159
-472
-251
-318
154
-379
-986
-1113
-773
-1031
-805
-1003
-654
-676
-1317
-32
-653
-906
-467
-488
-39
-603
-770
-165
-204
-491
312
-532
-209
-183
-414
-480
-178
-342
-696
-432
116
-146
-694
-303
-250
-698
77
-206
-1110
-522
-746
-715
-410
-372
1
30
288
-185
140
55
-150
-38
-38
-325
-126
323
19
-33
85
-213
-270
20
87
-669
-128
1
42
-452
155
-131
43
311
-137
-160
-223
-42
685
-37
-319
-751
-897
-644
-1053
-1054
-828
-409
-675
-930
-422
-947
-1176
-558
-511
-104
-235
-479
-963
-630
-337
-417
-765
-389
-484
-964
-259
-1038
-531
-838
-79
-189
-435
-613
-974
-853
-649
-944
-339
-303
-547
-568
-702
-1028
-161
-681
-950
314
-113
-504
-1078
-98
-496
-1158
-209
-474
-734
-1043
-743
-493
-635
-463
-363
-242
-915
-654
-1221
-557
-737
-552
-775
-362
-734
-856
-677
-833
-1252
35
-508
55
-202
-786
-685
-783
-842
-17
-141
-830
-332
-470
-936
-299
-178
-617
-995
-373
-62
-1164
-1112
-944
-342
-860
-387
-480
-604
-1144
-627
-437
-549
-886
-60
8
-215
-871
-964
-1054
-677
-998
-212
-496
-406
-621
-1426
-728
-105
-266
-901
52
-572
-969
-642
-789
-1001
-1318
-241
-594
-359
-574
-1307
-890
-552
-314
-967
-307
-470
-740
-775
-905
-791
-918
-451
-336
-846
-482
-374
-1095
-1199
-548
366
-683
-355
-203
-577
-725
-754
-1168
-490
-784
-960
-747
-60
-469
-980
-677
-687
275
-142
-1096
-463
-118
-511
-1125
-291
-794
-646
-793
-701
-666
-824
-826
-531
-473
-203
-840
-1231
-618
-277
-958
-438
-896
-262
-1050
-391
-435
-570
-277
-1115
-375
-183
-380
-449
-195
-111
-531
-495
-286
-420
-141
-657
-304
-61
-41
-175
-120
-553
-364
-545
-445
-553
-672
-366
-903
-690
-303
-764
-795
-661
-408
-319
-473
61
113
198
309
266
405
-11
562
993
532
358
427
316
116
199
405
135
50
423
35
-59
105
550
753
-7
-255
582
45
385
368
417
-123
357
641
460
380
630
283
712
-89
312
370
706
889
829
-8
234
448
275
1065
739
592
365
651
738
290
814
635
550
229
616
1081
233
808
568
494
502
124
547
1070
340
668
495
583
602
1029
430
492
1100
544
477
83
577
950
1028
110
536
573
954
1344
1068
568
189
673
215
30
526
831
1119
593
163
860
589
995
562
398
448
345
277
-8
810
806
668
895
133
712
473
-13
136
67
802
709
383
599
368
859
592
430
813
542
454
561
1071
325
550
380
617
1010
752
287
466
1017
1146
-158
702
705
142
818
388
1184
580
540
376
545
811
631
824
76
569
467
766
418
839
689
769
457
825
484
677
152
498
687
454
689
1227
534
314
902
627
313
888
399
431
650
726
626
1037
598
827
1124
425
190
646
779
134
991
-64
46
642
451
810
1062
922
1127
235
157
1220
521
119
484
669
413
694
577
711
759
490
546
640
931
453
801
388
255
619
651
595
1018
852
517
620
564
473
472
599
568
430
229
689
142
436
687
863
457
592
725
815
454
751
786
570
465
727
716
673
458
-393
487
84
54
80
401
103
369
553
315
298
9
244
562
-132
183
-325
-25
-128
-224
131
95
174
389
-290
-13
-655
-94
20
279
-100
259
-13
-105
544
654
-113
108
48
52
459
343
2
619
19
477
483
-38
68
199
266
-41
12
449
316
352
162
235
155
-28
243
275
58
-143
115
543
4
-71
605
370
675
-19
232
-95
172
81
678
76
430
366
13
-109
373
-212
431
218
-72
253
321
-66
140
401
-24
260
274
237
-435
406
152
337
598
-34
288
648
50
252
519
197
540
128
-407
23
-72
26
293
250
386
71
55
232
298
327
75
-67
255
636
503
-10
-71
-8
-121
564
-222
647
230
33
253
538
599
44
-79
675
404
66
16
-118
-10
-148
-70
418
271
376
-476
-67
122
473
326
150
78
147
56
-320
169
601
587
167
109
682
266
-25
-39
223
326
344
194
471
-184
156
213
161
128
179
-686
148
575
311
-165
70
119
438
-208
62
207
64
342
322
187
720
0
176
316
-124
432
341
103
383
47
-41
-354
169
117
559
189
397
171
709
-141
-111
569
383
-222
476
-10
150
123
112
421
531
161
586
88
247
558
392
192
326
196
244
730
282
-159
123
318
-160
-202
-34
119
12
252
543
128
109
-97
-330
-290
-390
555
-149
-172
129
277
-42
586
87
269
433
0
407
-75
-94
303
-319
83
276
41
45
-225
300
316
412
-345
395
-94
-269
230
-228
794
219
515
395
738
387
510
16
731
-354
920
191
970
298
629
0
385
-273
152
67
-347
337
353
239
386
1013
305
368
369
244
296
-291
839
365
672
94
729
570
122
829
82
569
47
-68
101
493
458
1273
225
96
284
-181
72
337
14
175
596
851
257
719
-494
298
7
-88
637
270
269
151
200
895
291
171
851
295
718
648
105
634
386
-213
403
123
547
-1
-118
-152
127
749
846
74
403
-625
210
619
307
238
797
160
518
909
773
622
439
354
303
130
579
99
342
430
739
33
271
101
150
409
756
-480
616
-129
532
253
402
790
497
-662
103
266
234
152
324
217
-18
338
319
480
684
110
128
539
708
579
183
588
674
439
-20
664
349
225
508
-291
709
211
608
521
340
122
411
-282
895
76
27
557
188
381
490
260
258
92
864
694
441
-7
410
116
-111
-123
580
137
-200
215
139
43
552
16
-105
575
-56
268
199
146
516
115
400
859
820
467
931
728
879
498
1101
354
182
519
870
641
926
270
387
328
255
305
460
414
503
310
432
349
372
533
509
547
533
318
-52
-375
279
-44
-315
-162
-34
449
-338
-416
-400
-268
-146
-138
17
-295
216
220
527
385
-189
16
120
42
188
421
615
616
79
368
-225
28
424
489
-65
357
509
384
414
288
792
146
213
168
503
282
443
2
440
774
228
478
1007
697
201
43
609
-77
926
278
445
627
194
-258
453
195
188
651
760
70
502
665
1180
626
508
210
247
653
357
-66
398
530
741
401
436
185
261
564
940
740
237
167
656
415
2
-89
867
451
537
-356
420
482
495
-86
362
450
393
-23
95
439
255
76
904
1056
257
513
748
421
153
586
339
422
487
624
675
586
65
-303
605
572
223
168
1273
102
403
188
280
947
350
236
407
154
483
-32
969
456
294
937
-71
381
594
259
107
467
823
323
753
647
205
-461
727
454
420
579
233
388
1001
741
397
584
450
444
350
583
907
-407
629
338
835
148
365
457
24
550
519
503
998
429
353
226
219
-239
502
404
264
659
38
473
818
247
57
741
651
1080
-78
588
209
-92
576
784
615
923
627
111
690
609
390
351
342
368
244
531
735
-4
488
477
-99
360
216
-176
336
-6
460
423
162
685
313
461
75
-357
432
716
719
703
577
549
666
441
630
999
673
454
522
593
630
34
208
-427
-291
-440
-217
91
319
-46
33
-73
-559
-665
-159
61
303
141
165
-280
-107
504
142
-463
-189
-785
-138
-49
-120
-22
-100
504
780
410
-250
-309
-95
-98
95
273
33
665
630
-370
364
172
695
134
666
-3
161
-397
545
392
-240
-290
593
-195
-413
329
319
524
552
208
484
658
223
-537
-28
171
-351
18
159
90
-441
632
518
409
173
239
638
477
-205
-74
712
-443
-203
620
122
94
-211
-52
65
461
-77
-137
-7
720
42
-217
120
154
-126
68
-13
-614
104
259
394
321
-553
-109
757
538
58
-43
297
451
219
66
197
-172
550
-386
562
234
-145
-108
245
319
309
268
526
194
-74
534
159
150
36
-503
514
248
-133
57
558
624
330
-100
-10
279
464
-311
382
206
5
-147
12
-461
215
485
619
282
651
88
340
-33
200
546
382
-192
-170
408
215
-33
559
405
448
760
427
147
-323
563
-31
-183
145
-218
165
-169
-89
534
-301
586
200
780
78
223
-299
222
63
172
-257
-100
245
64
244
119
186
-316
164
157
456
91
36
83
124
-57
550
-336
234
-127
303
283
35
433
396
811
115
-766
249
0
5
237
108
256
312
239
435
513
0
42
440
442
403
429
530
646
1055
988
870
647
887
-42
692
1173
680
619
872
356
-335
-586
208
-20
-172
-11
-609
40
-342
-538
141
152
388
102
41
-29
183
-145
-410
-541
57
-715
161
373
-173
-381
-534
-809
-232
25
287
-98
367
424
-131
280
-133
-190
-358
-266
-272
-160
178
-123
-341
399
-456
-31
628
-224
281
30
-234
314
21
-373
318
22
931
-227
-189
-320
254
-503
785
156
-91
-26
415
-45
-297
201
59
579
64
335
-97
116
-94
-277
267
98
-856
124
-27
-273
245
-348
-408
-96
229
-468
-86
-68
-6
-284
320
44
651
-360
75
2
305
57
514
-82
264
352
42
32
-237
-96
135
275
-416
-20
703
122
-258
-213
-47
624
-311
-146
-92
70
74
-269
-29
354
-570
129
703
194
320
-9
308
-54
-331
-213
455
11
-238
-290
776
286
-470
422
-522
-37
-70
136
275
-286
-295
68
401
-44
-398
-852
401
23
594
270
-193
-150
-326
80
74
-494
-31
-343
263
336
85
-257
326
87
-82
-494
465
-125
-356
259
49
347
491
-136
-14
-570
-39
-313
328
-71
3
406
-244
-197
-161
16
-176
410
78
735
332
178
186
7
62
-611
-285
2
-61
5
380
-108
132
-269
328
-402
115
47
297
-712
477
224
-231
295
71
-291
116
-25
189
-82
189
-2
-146
408
-229
-379
437
-387
-232
157
-448
82
-101
-94
-312
107
-355
-321
-112
19
-624
-606
-168
-660
-642
-893
-364
-231
-412
-471
-613
-708
-443
-818
-183
-915
-453
-295
-425
-282
-462
-784
-655
-617
-14
61
-401
-493
-586
-691
-79
-191
-439
-96
-406
-63
-229
-1292
-492
-420
199
-173
-50
-382
-345
-670
-227
-321
-704
-303
-297
-158
123
176
58
129
-513
319
-20
-324
-383
-291
115
-119
68
-499
-711
-923
-627
-781
105
12
114
-327
58
-10
-216
-158
-123
-236
228
109
-26
-92
-695
153
234
-357
-30
250
-307
-169
-147
-367
-24
66
294
-597
-456
-8
-614
-932
-369
-465
586
194
94
-267
-562
-107
-363
84
66
405
-191
-29
-30
-517
36
-108
-328
-22
286
-189
-868
-463
-238
-359
-107
-37
-326
139
-305
117
-539
-245
-568
-152
-374
-661
-106
-675
-616
-384
-75
214
-478
-76
495
-408
61
11
-123
-196
123
-451
-916
-428
87
-617
-587
-104
-602
-863
-341
-776
-13
282
221
-98
67
-93
-88
-153
-281
-298
-50
-245
-356
-475
-268
-241
487
-303
-119
227
11
217
-140
-31
158
-116
185
-20
-412
-372
-583
-526
-252
-756
-409
155
-212
-84
223
-55
-315
-649
-280
-87
-643
-136
548
-403
-270
-296
-199
-494
-837
90
-106
-1320
-147
57
480
-238
-744
-398
-809
-929
-5
-185
-59
-391
-429
-375
-260
-451
-274
-585
-285
18
272
1008
996
1065
695
617
876
865
496
691
497
742
791
755
651
425
475
-190
-290
-96
96
15
225
105
243
547
-26
101
-157
-463
124
-246
-71
-373
260
196
-216
-288
-379
-966
-844
154
31
225
-442
-676
-319
170
-169
-453
-961
103
-602
-905
-1132
-858
-240
-435
-250
-364
-551
-1018
-219
-215
-454
-909
-622
-355
-450
-1006
-362
-499
-723
-835
-606
-413
-295
-1174
-296
-464
-346
-625
-627
-183
-1437
-1192
165
-967
-676
-1051
-729
-721
-721
-1229
-453
230
-206
-994
-207
-939
-1165
-231
-811
-978
-706
-686
-839
-185
-1287
-1254
-1101
68
-95
-1024
-615
-688
-956
-710
-1158
-819
-245
-558
-701
-179
-459
-1168
-1022
-78
-206
-1219
-252
-810
-688
-1123
-1145
-637
-539
-1345
-363
-858
-23
-819
-732
-7
-132
-830
-500
-923
-578
-479
-735
-676
-144
-776
-84
-875
-900
-1231
187
152
-367
-942
-769
-975
-146
-957
-63
-533
-965
-949
-190
-454
-514
-899
166
-189
-436
-337
-877
-309
-315
-1288
-1125
-764
-603
-512
-590
-717
-674
-681
-1169
-428
-352
-1032
-310
-443
-691
-663
-680
-990
-785
-72
-852
-993
-1020
-707
-1024
-649
-89
-832
-746
-949
-586
-1125
-706
-1015
-937
-735
-1243
-739
-717
-782
-727
-75
-197
-784
-1069
-523
28
-615
-290
-622
-277
-266
-597
9
-204
-1076
-547
-88
-84
-210
-945
-674
-257
-1069
-573
-857
-542
-720
-1344
-285
-824
-708
-460
53
-1073
-1384
-1310
-1266
-1242
-1358
-1112
-1635
-935
-1275
-999
-1016
-1113
-1610
-813
-135
460
-1
-408
-34
498
72
-352
-239
108
-298
2
-101
132
-133
-510
-224
278
-635
-469
255
-64
-275
65
119
39
-188
-524
-135
-113
285
45
-280
-157
-311
-796
-727
-466
-544
-537
87
-937
-762
-933
-921
-294
-248
-85
-192
-444
-587
-385
-221
-674
-835
-381
-848
295
-688
-972
-823
-390
-919
-335
-11
21
-1172
-613
-353
-801
-438
-738
-349
-725
-550
-599
-437
-320
-487
-306
102
-492
138
-1391
-423
-142
-734
-579
-400
-1032
-477
-158
-266
-69
-508
-270
-352
-184
-595
-419
-547
-389
-387
-274
-681
-515
-715
-756
-652
-407
-872
-509
-101
-201
-260
-523
-288
-1011
-486
-754
-1055
-551
-719
-411
-127
-653
-990
-642
-384
-51
-585
-660
-720
-541
-920
-1113
-770
-211
-976
-484
-216
-411
-569
-503
-124
-515
-242
-1000
-669
-392
-153
-1141
-387
-667
-300
-431
-582
-316
-385
-865
134
-108
-1028
-447
-475
-691
-1184
-244
-591
-909
-590
-753
-602
-569
-248
-234
-290
268
-588
-1044
-549
-392
-40
-444
-387
-493
-1057
-708
-876
-520
52
198
-277
-248
87
-968
-822
-679
-1141
-973
4
-1081
-692
-798
-608
-117
-777
-466
-116
-356
-917
16
-74
-616
-342
-854
-1057
-909
-369
37
-1007
-719
-816
-470
-231
-150
-497
-497
-1071
-310
-341
75
-722
-816
-910
-813
-268
-58
-335
-722
-152
-308
-417
-445
-313
-377
-454
-501
-281
-458
-718
-780
-478
-57
-85
-139
163
-521
103
-71
-234
-77
-110
-143
-815
-629
-533
-197
-117
-356
25
-80
-181
-962
-225
-562
28
-762
-79
-180
-98
-493
-729
-576
31
-386
-332
-452
-450
-928
-251
-1055
-958
-348
-1305
-1166
-959
-402
-823
-730
-644
-867
-556
-427
-89
-646
-695
-884
-223
-25
-968
-934
-566
-1021
-229
-717
-509
-507
285
-414
-364
-1083
-635
-659
-578
-497
-1317
-512
-341
-1127
-818
-297
-827
-614
-211
-789
-314
-900
-844
-538
-454
-981
-436
-593
-1060
-655
-152
-843
-781
-243
-406
-633
-107
-1252
-526
-519
-647
-854
-1034
-326
-704
-527
-440
-598
-462
174
-263
-1026
-531
-1000
-975
-871
-1132
-309
-309
-534
-1352
-328
-443
-561
-660
-486
126
-819
213
-1230
-742
-955
-696
-578
-96
-1098
-823
-966
-405
-469
-115
-1148
-521
-604
3
-760
-347
-382
-419
-938
-536
-258
-473
-959
-1019
-814
-677
-725
-222
-816
200
-877
-125
-391
-762
-530
-653
-1081
-325
-840
-951
-1597
-792
-936
-838
-1029
-535
-901
-733
-852
-1261
-63
-53
-391
-118
-1070
-201
-916
-783
-735
-471
-396
-553
-534
-393
-690
-851
-689
-727
-550
-311
-627
-672
-146
-751
-253
-316
-231
23
-852
-906
-810
-972
-140
-1041
-562
-671
-506
-395
-397
-260
-618
-752
-60
-208
-400
-387
-968
-1347
-666
-709
-1037
-547
-517
-1254
-857
-788
-410
-685
-718
-252
-967
-437
-517
-230
-399
-500
-300
-509
-776
-92
-294
-396
-20
-669
-650
-8
541
-230
-247
181
163
26
391
38
-186
47
-664
24
255
235
205
-168
349
388
306
-114
63
378
-320
-360
-80
313
-97
-226
-627
5
51
-326
577
-36
38
-303
-188
534
-284
226
34
129
-126
-180
-285
204
-211
34
878
174
-952
-326
-221
163
169
-63
492
0
-125
-44
129
-269
-615
-255
109
-227
158
241
16
-126
-241
143
-254
-325
-58
168
-178
-409
-425
-388
285
336
-197
-367
843
-360
351
230
-157
-414
104
-221
-153
11
-615
-532
734
-1143
35
-123
23
112
-188
-596
264
-243
-57
-35
-523
-22
-509
-140
384
72
-373
147
-751
-654
164
118
-320
-272
-340
280
396
24
-913
-736
571
-597
-691
-813
-35
192
379
292
84
-257
-727
-201
95
-130
-858
-374
414
-18
-215
727
-37
-4
-455
-183
-713
-274
148
251
-257
-282
125
-581
377
-160
-52
-304
-381
-512
31
238
-189
269
-375
72
-523
-39
196
-921
767
255
180
-203
152
264
-940
28
571
-117
-295
-444
-334
-39
-561
-225
541
-663
-222
136
-331
136
-48
-134
-203
-142
31
200
70
-188
-797
-676
484
0
301
171
-231
310
-57
-263
-4
-542
210
-204
78
212
-421
-118
178
-187
-395
-217
-417
-296
-218
-247
-166
-210
-740
-782
-335
-70
-862
-529
67
-310
-453
-201
-563
-490
-698
-431
-645
-539
-822
-275
-285
-285
-296
-432
-102
-289
36
-88
-4
-180
-175
39
-173
-100
-257
-334
-304
-8
528
-120
-122
-69
-332
-616
-227
-365
-562
8
-281
-11
-398
-524
-743
-808
-407
149
-133
-445
-62
-112
232
-202
342
-404
74
-55
281
-45
-407
-811
37
65
465
-661
-647
-345
-361
-778
-512
-490
-452
273
562
-573
-553
-449
-362
112
-107
187
436
-509
-399
-104
-115
-348
-537
-768
-285
-483
-187
-258
-273
294
83
-415
-404
56
-880
-666
-578
-415
-261
-126
162
33
275
179
195
324
-23
-918
-282
-11
-332
-119
133
-455
-322
-538
115
-356
-662
-396
-724
-37
209
-80
-401
-526
41
-17
-61
-55
-752
-250
-706
-377
-55
-237
-281
121
-437
-423
-1187
447
-534
312
-227
-274
232
-359
-239
-110
-211
-106
-16
-463
423
-181
-485
-402
-141
-820
-454
-554
-498
25
-216
117
-392
-507
-23
-394
553
145
-264
-75
-626
-19
-620
-270
-492
-730
-164
-364
-448
-479
-93
338
-224
-348
328
-196
-163
-467
-608
-96
5
-301
-437
-667
20
-818
-303
-83
-78
-361
-436
-141
-231
505
-148
-637
155
-600
-110
-53
-59
207
305
37
332
-303
-694
-290
-530
-493
123
-531
-334
-41
-310
-448
-242
-676
-306
-225
255
-515
-462
-84
-146
-174
10
20
-267
-48
-25
-119
-19
208
-78
-44
379
-138
-195
-186
-649
-153
-516
-40
-331
-28
-40
-274
85
-187
-273
-183
-452
185
-271
106
-210
-263
-87
-284
-336
-552
17
-379
34
-394
-139
42
-551
42
23
-453
77
-648
-22
-408
-268
137
-23
118
-408
294
-505
-155
-656
-782
-236
134
-109
863
50
198
321
-600
-599
-137
-69
-202
390
37
-103
-1156
-190
-527
-277
-275
-639
-95
-184
-281
-252
-629
133
-319
107
555
-792
-669
-956
408
-457
-541
-354
-454
-604
-325
-554
-550
-305
-207
52
229
-763
-505
34
-841
-297
-558
-662
-342
-932
-316
-57
416
-306
-275
-620
249
-643
-655
-88
-231
-350
-810
-275
-348
-214
-214
-657
-406
-165
-511
-33
560
-669
-973
-714
-432
-692
-726
-589
-689
-678
-721
-359
-512
110
-387
171
-6
-708
-1048
-673
-52
-888
-273
-95
-1082
-326
-805
9
-468
-182
-171
-251
148
-670
-940
-124
-134
-57
-274
-345
-326
-836
-381
-191
-496
-280
-566
117
303
-703
-374
-408
-515
-143
-651
-387
-288
-579
-272
-1274
-777
-783
-163
-426
-194
-235
-744
-204
-539
-261
-250
-489
-399
-532
-296
-774
-268
-600
188
-277
-8
-85
-741
-351
-386
-437
-599
-291
-682
-437
-598
-339
-492
-330
-497
89
1
-411
-596
-758
-252
-858
-582
-459
-288
-82
-632
252
-273
-504
-201
10
155
-408
-573
-383
-571
-974
174
-649
-285
-407
-250
-681
225
-539
89
-262
546
-289
-457
-159
-6
-283
-208
140
-142
31
-185
-135
51
447
81
144
215
211
93
182
557
54
249
53
-24
54
-97
173
-198
72
-105
-245
-8
446
-103
463
280
-132
338
389
701
546
172
113
419
-130
546
136
243
-286
-153
311
-167
243
216
-50
524
573
262
684
-135
44
-103
63
-30
-86
269
-181
12
348
-75
79
65
-357
138
89
-50
16
-217
412
333
129
55
19
332
-173
-41
234
-358
-127
-286
374
97
387
-150
513
-137
-331
-164
168
-19
64
219
175
251
-39
-129
179
309
325
351
580
69
-68
87
-254
5
300
232
110
142
-285
58
66
526
-68
-379
262
192
159
-241
89
135
244
236
-289
50
31
355
59
54
-166
-30
599
-66
47
-54
-68
-375
184
118
-87
126
276
-30
229
111
127
588
112
843
-259
-447
175
-167
-49
-59
-22
232
408
-22
39
63
-63
-296
298
190
-387
356
112
34
172
102
6
544
-112
115
-188
-22
130
-78
868
225
-159
-163
-55
-374
43
102
460
236
116
175
-148
149
-55
-156
-46
151
-295
-196
381
-341
-158
12
63
-157
223
-173
275
116
321
-324
-137
282
-33
182
112
-274
-39
-100
196
-190
-269
-99
-389
0
-114
100
-247
612
-643
171
-21
-134
133
0
323
254
-8
-56
80
47
-117
22
312
398
-371
316
174
30
70
12
-331
-256
-58
-115
-132
-135
-104
-98
587
357
-549
668
810
787
608
545
206
448
331
82
634
385
108
-32
113
280
271
360
475
234
0
1084
485
44
418
313
309
145
-79
1092
788
626
-370
524
678
381
1175
56
563
696
809
517
197
310
714
381
541
496
158
268
-47
458
447
605
552
105
437
662
468
-383
207
-200
708
4
34
193
504
396
-84
90
581
38
92
137
168
137
340
-142
173
600
-184
91
386
125
-127
59
325
189
-458
317
136
231
154
634
120
252
-446
-174
652
465
407
779
216
276
-62
270
59
490
58
457
-107
232
-353
30
261
492
410
340
-91
534
43
285
363
5
84
138
-335
542
-373
-17
509
106
594
75
589
249
84
-422
789
129
238
313
-8
486
-126
13
568
-132
92
210
-10
624
-188
-176
240
294
268
-239
81
670
-347
307
515
450
147
23
351
220
-140
189
101
122
-345
341
426
-61
-136
424
58
97
764
83
-32
657
128
-208
-233
114
193
-443
-77
354
22
4
859
197
227
467
147
-59
202
-222
228
474
-69
-102
402
430
-284
89
-244
-346
145
22
-375
120
-140
136
23
-482
588
278
-50
705
-207
-396
-183
-84
-30
-495
-235
-39
-343
-477
-430
271
-408
-829
24
227
-111
-239
-212
-73
-280
-182
-18
4
-162
4
-265
-179
-201
-145
394
342
249
466
557
240
284
521
18
441
970
287
533
372
206
75
294
129
-513
44
-269
277
84
-408
-112
-52
-631
-74
82
70
-107
222
-285
-8
5
89
145
200
360
70
-140
56
-154
384
-803
45
720
605
240
188
170
179
-170
-273
-356
63
92
7
-30
62
458
-71
-13
-473
-375
215
-154
-290
0
-99
-200
314
-188
-198
-156
-389
40
88
112
-80
381
251
-408
367
394
-93
-120
-201
362
98
-3
305
-449
166
78
51
18
-164
-47
-80
776
-235
357
767
-379
372
108
176
145
219
531
-231
-43
490
-127
160
287
93
60
-38
-11
-44
-72
-343
308
293
-225
-304
-109
753
27
320
352
-193
-22
116
103
-299
-167
9
292
280
297
416
385
321
-59
93
190
124
-321
258
-245
-312
-128
535
297
-194
-117
-2
321
15
25
467
-75
-25
-22
-68
218
-57
230
278
-68
269
213
-439
39
285
-76
-171
-19
-197
-324
271
273
13
-69
-4
363
-358
190
743
782
-132
279
-92
226
164
62
-393
-143
-133
-162
7
-516
617
319
26
32
962
-3
373
-41
213
-158
-8
58
132
273
-195
542
-337
-306
463
387
-238
-73
253
623
773
765
609
231
682
479
252
338
459
845
410
872
407
-12
147
184
-278
-88
-168
-87
31
206
237
147
34
-92
155
81
161
743
-146
-49
-139
-88
32
140
-193
219
186
-417
-383
115
-273
-362
-124
534
258
923
164
639
320
582
304
290
17
183
515
489
122
60
355
621
437
465
627
542
715
179
479
501
530
1151
284
672
-276
809
607
301
686
646
160
464
258
520
75
782
650
320
-338
-34
325
-168
889
174
294
226
18
292
490
534
37
27
-127
64
361
501
-86
603
-21
713
934
334
108
546
-31
442
787
211
-64
156
41
587
100
-44
196
704
291
363
19
-120
306
-150
358
118
172
642
257
-222
245
1179
41
344
168
54
16
336
-184
335
-683
155
13
312
18
-65
-120
862
155
578
45
950
287
114
150
-48
132
105
873
89
511
220
523
542
377
280
-207
-68
297
440
268
305
414
845
425
525
-22
-213
-188
131
492
654
85
118
-133
401
137
297
286
518
-136
76
112
348
152
347
168
689
-327
611
-68
-99
707
80
-210
93
-622
86
373
224
358
221
-292
561
282
733
114
145
362
171
367
463
579
-27
-105
-267
212
-401
-188
315
53
147
178
-84
-40
263
495
269
122
277
-199
273
280
160
148
554
384
335
684
523
354
103
-41
175
634
813
358
604
486
900
640
125
443
340
593
190
89
22
365
467
280
323
135
781
709
361
-15
-508
-973
-423
-813
-855
-711
-1056
-855
-942
-644
-670
-825
-892
-728
-291
-1001
-254
0
-332
-127
-196
-324
-274
-380
-243
-284
250
-452
-353
-946
-181
-288
-806
-187
-462
-493
-461
-860
-257
-208
-499
-137
10
-121
-191
358
-214
-365
-705
-183
69
-98
-338
-761
-714
-272
-711
-804
-355
-371
2
-340
-320
20
-529
-888
-825
144
-924
-37
-341
-190
-536
-741
-298
-432
-422
293
-144
-770
-370
-539
-767
40
-445
291
-154
-488
-477
-672
-315
-383
-433
-129
-523
-307
-421
-453
99
-680
-156
-492
-690
-573
-547
-565
-158
-56
-218
273
-1014
-512
-590
-333
-541
-779
-873
-684
-56
-382
-414
-816
-622
-421
-392
-143
-561
-420
-619
-128
-324
-509
-371
-1317
-929
-621
-430
-676
-522
73
-942
-434
-1187
399
-604
438
-412
84
-621
-103
-379
-46
-437
-802
317
-714
-349
-142
-261
209
-747
-323
-356
-265
-191
-462
147
-213
-254
105
-399
-9
-422
-666
-116
-76
-282
-108
-333
-961
-508
-470
-427
-214
-1160
-508
-419
-450
679
-308
67
-371
-133
-37
-236
-321
-219
-531
-359
-228
-713
-397
-965
-240
-771
-79
-915
225
-615
-331
-577
-203
-203
-919
29
-334
-4
-53
-482
-409
-449
-663
-475
-196
-1027
-541
-899
-1086
-1375
-515
-670
-467
-653
-400
-397
-1176
-836
-819
-1030
-17
-174
200
93
-124
-176
233
69
-16
138
191
16
305
230
106
420
357
63
201
-23
394
705
64
-8
-24
309
173
27
123
-112
172
436
-250
-178
119
354
890
355
725
32
415
495
419
329
140
1209
388
273
116
351
377
415
324
509
14
1106
604
-4
592
71
23
40
-97
170
480
572
-67
658
-188
83
573
224
517
-196
63
-392
723
156
602
81
97
612
752
403
174
225
622
170
222
-68
539
386
316
369
370
-458
79
947
569
295
513
-16
955
95
315
536
191
687
-266
81
429
-23
153
221
381
221
398
309
210
312
651
367
-216
-108
438
268
418
-475
402
358
385
543
499
752
-16
603
652
63
-11
661
103
694
195
-254
198
171
95
92
453
-254
803
273
389
-273
338
361
46
120
29
113
-32
-69
534
-134
210
634
298
421
-46
224
131
376
290
-135
376
40
455
522
468
281
825
-650
329
509
70
91
12
89
-196
87
619
123
13
754
645
581
655
283
307
168
444
54
325
-290
72
350
144
964
-248
340
99
179
45
714
609
-356
795
451
-65
105
92
319
499
270
33
213
245
734
1014
-36
22
255
54
432
-164
-53
542
294
-503
211
493
721
-264
297
124
-113
79
139
-354
43
26
94
-176
-329
-81
823
458
228
36
119
-4
50
-200
-122
247
57
-198
-321
-436
373
554
26
-64
-743
-893
-262
-750
-988
-1095
-792
-1301
-994
-1352
-290
-254
-1025
-853
14
-616
-1076
-634
-898
-1138
-454
-574
-744
-661
-902
-545
-825
118
-557
-26
102
-640
90
-298
-735
-305
-79
428
-94
535
-191
-412
-670
-215
-123
-492
177
-269
433
-905
-740
81
-139
-203
-490
-113
7
-412
-423
-219
-480
-215
-197
68
-474
-528
-332
142
-400
-235
-554
-479
-472
-196
-240
-246
-528
-481
-908
-466
233
-67
-69
76
-201
-228
386
-122
-704
-262
-89
-602
-524
-194
-273
-368
-148
-1111
-219
-127
-133
-514
-537
-337
-704
77
-781
-306
-325
-214
-640
69
-278
-592
-107
273
172
-537
-474
-364
-141
-623
-480
-300
-158
-580
-1165
-306
-65
-1028
12
289
-91
157
-325
-111
-391
-404
-582
-311
-333
-448
-43
49
-461
-539
270
271
48
-97
-190
-367
-342
-226
24
232
-394
-563
-630
-648
-87
-169
479
-804
-254
-545
-30
-286
-211
-554
-370
-300
24
-271
-272
-603
-454
-80
-36
227
-266
-300
-688
-87
-183
-993
-137
-594
-115
5
-392
242
-391
-602
-258
-493
-47
-509
31
396
114
-170
-160
-584
-667
-191
-502
35
-348
-886
192
-132
-855
-317
-318
-539
-492
-496
-575
-464
45
-149
-820
-399
-465
-638
-31
103
-6
729
363
-51
-366
431
77
154
610
346
489
674
32
-162
98
59
-464
-330
-436
-560
-781
-603
-68
-213
-173
-310
-464
-301
-353
-820
-518
-658
-550
-847
-728
-877
-848
-734
-990
-616
-867
-688
-958
-746
376
-215
-150
-45
-260
-16
-109
306
-109
-497
230
-282
-6
-289
-210
-187
70
-159
1
-791
11
-356
181
-80
-386
-342
-357
-257
-751
-395
-931
-600
95
-39
-48
78
-74
-357
-319
-373
-375
-663
-484
-380
-84
-525
12
-372
530
-159
-558
-67
-414
-214
-48
-301
-63
-272
-175
-329
-151
-344
212
-641
114
-477
-8
-216
-115
5
-231
-212
-308
-53
-399
-413
-188
-272
-745
-321
83
-231
-338
46
-230
-734
-29
-236
-686
-347
-545
-386
-370
-541
-340
-792
-80
-242
-407
115
-521
-65
-598
-644
-127
-417
-189
18
-605
-348
-351
-268
-25
-753
-78
-450
-218
-317
-602
-482
-378
-692
-176
-21
-646
-555
-340
-892
-275
-254
-73
-66
-79
-272
-268
-277
-221
-373
-33
-609
-69
-516
-380
-306
168
-426
-294
-170
-73
-444
-281
-351
-233
-468
-418
-44
-853
-136
-17
-528
75
87
12
-465
-322
71
-401
201
-698
-579
-366
-345
-56
-272
-614
-317
-84
-60
-91
-299
-9
-521
-232
-413
-350
-260
-428
-251
-1085
-241
-283
-447
200
43
-465
-279
-445
-424
-185
41
-80
-330
-120
-612
343
-628
273
-607
-120
-521
-534
-812
-646
-733
-706
-874
-631
-415
-362
-530
-804
-549
-431
-57
173
-15
113
660
625
70
-97
-377
-248
-67
139
357
215
565
728
161
220
392
100
137
143
110
-422
126
26
296
-19
-38
-139
57
-298
321
-237
-451
-614
-354
-469
-379
-462
11
-105
-556
300
-280
-784
-133
-512
-650
-575
-385
-68
118
-490
-261
-456
-640
-658
-259
-1134
-100
-46
-75
-104
313
-841
-263
507
-339
-210
0
-129
263
-130
-111
-307
-207
-108
-175
309
6
-284
-763
-564
-271
-472
44
153
-493
28
-438
-573
-613
-306
-106
-818
366
-470
-574
-457
-173
-632
-556
-725
-1205
-1038
-258
-265
-421
-952
-840
-510
-10
-181
-107
-293
-448
-663
-158
-353
-198
-785
-633
-49
-100
-115
-97
-347
-46
-555
-499
-424
-484
-1002
-681
-601
-303
-360
-644
-620
-821
-892
-116
-228
259
22
-42
-586
7
-377
-675
-200
-854
-485
-618
-551
-547
-440
-441
287
353
-580
-10
-830
-730
-312
-149
-695
-108
-535
-103
-326
-539
-939
-374
387
399
-518
-69
-317
390
-782
-552
-748
-749
-822
-402
193
-40
-303
-716
-811
-160
-539
-895
-715
-914
-682
-701
-198
-632
-650
44
-1057
-270
-527
-334
233
-76
66
108
-246
-491
-95
-323
-836
269
-802
-952
-704
-356
-270
-854
-818
497
-771
-613
-1040
-1015
-128
-91
-542
-692
-469
-611
-865
-241
-777
-733
-679
-196
-571
-232
353
-413
-357
207
52
-440
39
-509
-218
-367
-12
-108
-36
-228
-347
-541
-334
-352
-5
-49
-236
-191
-255
-81
-280
-146
-84
-381
63
308
79
18
303
-229
-304
-2
-13
52
-104
449
163
122
-200
117
29
181
-459
-706
7
309
-275
24
-435
102
280
339
419
200
-777
168
-409
97
3
151
96
241
-247
497
98
258
564
125
16
-270
-241
389
-379
19
180
235
256
236
571
-10
418
313
-438
272
410
511
379
458
-194
-372
460
-83
5
261
192
334
69
468
418
-178
363
172
345
445
519
279
132
92
-132
54
62
193
559
-220
515
167
51
274
-197
484
64
-198
376
-80
164
-177
460
549
346
262
177
306
-58
607
829
337
-365
173
194
688
-54
179
211
110
578
689
261
223
-8
561
217
444
-241
-45
547
81
-410
456
379
438
275
108
640
-214
25
632
219
259
-441
259
286
-224
59
110
215
241
-88
342
-5
-140
585
140
436
-87
174
-74
-301
105
297
117
155
-9
278
104
446
850
608
-73
65
-228
-194
-376
362
311
-276
34
-269
-264
556
142
850
585
123
212
-330
541
580
-568
366
62
38
69
-6
276
-50
389
-258
-29
-103
133
241
591
-235
-224
138
-170
-148
405
79
367
418
236
-36
26
567
465
-387
441
-360
407
-43
265
713
405
-235
101
302
284
257
200
121
-366
444
-230
168
110
-177
153
489
-152
478
314
132
283
458
123
-86
256
86
-130
315
96
-86
-381
-396
14
189
364
57
-52
105
231
-162
10
-154
173
57
884
-21
-68
776
270
-2
447
296
83
263
185
291
961
362
647
1105
629
118
608
328
668
77
701
739
18
525
485
779
111
434
366
492
237
222
497
684
485
602
1066
654
48
531
801
605
737
1376
533
148
282
271
506
428
512
817
439
838
343
953
814
707
518
484
748
458
575
-65
112
393
774
534
181
665
726
994
717
223
653
-178
241
370
270
222
493
375
302
786
786
663
655
535
734
417
797
312
615
452
171
367
569
463
348
753
1055
619
697
900
595
681
475
634
926
1067
415
543
62
179
436
1088
584
728
852
951
45
280
498
765
748
261
462
413
130
806
925
1200
332
638
1005
394
770
646
491
818
442
473
359
186
611
910
685
719
427
297
799
827
701
723
673
696
355
24
96
224
526
618
840
788
357
708
390
662
627
509
893
320
300
388
-95
88
-94
800
711
225
1387
316
462
400
628
488
290
882
528
-528
586
279
334
613
501
701
643
463
141
134
972
409
665
148
471
440
838
188
71
366
132
178
298
-171
-136
392
395
70
-120
183
412
-232
-198
-94
655
697
495
189
189
467
550
656
542
133
242
825
545
14
348
101
74
553
-104
-463
263
742
727
474
506
222
438
133
-331
428
-351
576
-17
410
34
707
-780
-197
-592
-557
116
-36
300
232
14
293
292
439
505
161
713
950
49
-113
-239
376
307
853
823
963
290
766
39
-101
-244
-111
129
927
707
333
1020
733
237
313
-20
184
485
553
-67
-135
144
384
-149
418
370
-15
338
321
70
-155
117
457
194
169
554
-46
224
-115
-201
-64
28
-162
130
-168
377
332
93
219
233
-246
-34
183
428
599
117
-106
382
802
609
136
177
675
-573
227
904
219
20
-124
-337
8
415
453
263
-161
136
426
101
58
22
-12
468
249
353
-28
754
377
441
194
-56
486
184
193
-212
207
366
202
848
148
340
186
-9
256
503
490
237
130
394
306
231
341
70
246
361
393
-39
-190
10
212
95
-162
-142
118
265
368
99
707
311
625
407
-19
82
-29
-179
211
217
257
-11
305
154
517
-209
414
339
250
523
-308
-192
96
262
316
964
81
-355
-73
378
-677
136
160
-11
-48
449
444
-242
-60
-249
214
-20
39
306
646
289
37
304
-341
52
-62
640
562
150
257
679
264
514
508
188
-327
501
399
560
591
-128
830
-255
100
301
86
-306
-28
280
207
289
193
169
271
176
82
514
446
372
269
406
-648
-270
-81
-229
159
236
140
-447
-286
-291
43
-40
-86
-125
65
509
-686
139
289
-169
124
-380
831
220
-139
-435
140
24
-23
137
760
240
-629
226
2
33
-443
286
521
274
-205
-315
-68
-151
-243
481
406
522
-643
-531
-20
89
-85
125
12
-131
-208
160
73
-306
-202
-703
-315
200
1
-9
175
74
3
-189
-274
-180
-210
367
-441
-197
-364
318
308
133
-364
-129
-183
299
-167
-198
-13
-149
-245
-112
-451
253
-285
-295
426
18
-742
-234
381
-7
-152
-231
-79
-160
-176
-303
-326
229
-80
-427
127
117
-414
-733
12
-590
-149
157
39
-184
-650
110
-371
497
-439
-500
199
297
-443
-204
-290
-80
477
-28
-320
-175
-24
-305
-347
185
109
-15
60
326
-732
29
92
108
59
-526
-546
131
-131
-370
-94
-187
-142
-320
412
126
-623
118
-65
-605
107
188
-324
-276
98
-691
-309
-428
259
-320
-294
184
-499
199
-65
-418
6
-85
95
63
48
-332
-137
-255
-166
-39
407
387
-819
78
-381
265
-470
149
-572
506
-339
-83
-358
-473
519
-364
-480
416
-1137
-436
66
-326
256
36
32
-297
-738
214
-172
209
-493
-107
292
651
-425
224
334
-84
-270
148
-224
-989
-714
-189
-264
-525
150
-35
275
217
-305
680
302
33
390
748
607
154
82
300
328
271
786
656
197
46
-236
-125
-783
-668
-635
-389
-639
-367
-308
-342
-230
-386
-498
-827
-323
-866
-165
-337
-97
-836
-315
-610
-855
-568
-637
-508
-646
-428
-256
-27
-404
25
-177
-203
483
-456
-813
-507
-226
-224
-124
-834
-529
-88
-482
-161
-163
-780
-437
-807
-477
-288
-359
-210
-227
-378
-340
-456
-496
-406
-162
-304
-454
-442
97
34
-843
-391
-375
-342
-422
-831
-113
-333
38
-439
-581
-419
88
-139
-338
-610
-357
-89
-293
-244
-742
-876
-504
-19
-313
-318
-455
-101
-922
-20
-107
-197
-585
-226
-553
-480
-568
-37
-264
-595
-952
-363
-531
-22
-445
-130
-408
-38
-276
-434
-576
-1027
-527
-469
-377
-74
-229
-452
-400
-39
-364
-278
-266
-373
-155
-407
-466
-716
-374
-674
-480
-284
-423
-375
-121
-458
-445
-308
-338
-589
-179
-352
-590
-552
-299
-387
-253
-147
-246
-342
-551
-727
-502
172
-415
-841
-789
-48
-427
-127
-343
-583
-711
117
-204
-51
-401
-851
-609
-44
35
-111
-106
-621
-785
-789
-547
-515
-166
-582
-579
-590
-340
-981
-386
-214
-129
-814
-360
-663
-414
-332
-644
-763
169
-781
-763
-541
-477
-403
-337
-268
-273
-457
-425
-334
-605
-231
-728
-356
-94
-160
-545
-639
-147
-1000
-521
5
-271
-563
685
110
-545
-296
-12
-31
71
143
-63
-2
-640
687
-848
-199
258
18
60
-319
-230
544
190
-175
-54
-35
-121
260
265
-468
-36
-89
619
775
178
556
199
585
226
236
369
724
-107
333
829
398
342
55
1322
219
465
1016
208
114
178
844
657
476
320
-65
-293
290
109
170
99
348
244
-167
288
45
352
261
314
129
-376
-75
75
790
-115
-327
598
299
-459
-93
-145
60
139
-339
33
-548
38
200
-336
98
292
-296
620
274
62
175
416
-64
-521
86
325
15
93
-345
276
-217
-95
-380
516
-72
85
-648
229
65
-530
-491
76
-137
-579
-298
122
-92
-187
542
381
443
159
137
-247
-495
152
120
-124
-98
236
-388
469
371
139
200
355
66
-392
-57
-421
66
-44
-160
-248
-163
85
472
-53
160
-225
-98
422
470
-148
336
-112
205
262
-290
86
-346
-186
-244
-545
-292
77
288
803
-359
-271
-357
-150
-486
-252
-622
-155
-60
8
-368
-357
-14
379
39
872
268
29
214
-155
-134
-371
200
-498
-117
-391
-293
-463
-453
329
215
769
166
-114
-409
-479
214
519
-603
-87
24
-381
-131
-317
192
-268
-352
512
162
-349
278
239
-746
-185
111
265
-237
-246
444
17
317
843
-99
216
-69
-117
268
-56
21
192
229
-91
-412
516
208
-204
-579
-28
-174
743
914
221
-39
172
-15
227
104
280
19
229
166
-108
444
15
330
387
-412
-486
-592
114
164
-154
-433
-366
-586
-522
314
-415
-106
-444
-531
-360
-218
-346
-332
-367
-182
-302
-1047
-506
-393
-195
-439
-432
-68
-137
-220
-413
-970
-138
15
-566
-640
-566
-363
-530
-614
-820
21
-834
-251
-127
326
-571
-489
-623
-249
-662
-187
-675
-642
220
-1058
-356
-1043
-343
-490
196
-442
-387
-797
-818
-1077
-93
-458
-335
-288
-886
-722
-1162
-596
-473
-340
-433
-15
-407
-897
-1040
-368
149
-896
-465
-334
-825
-625
-937
-741
-171
-753
-150
-669
-647
-670
-128
-982
-521
-680
-644
-329
-373
-749
-982
-1107
-418
-350
-612
-236
-382
-895
-321
-572
-1013
-172
-456
-538
-1581
-847
-449
-606
-308
-171
-433
-804
-466
-853
-724
-105
-669
-672
-611
-662
-539
-1132
-582
-829
-357
-701
-655
-617
-409
-710
-749
-383
-601
-652
-819
-401
-852
-1076
-624
-715
-1090
-531
-1115
-334
-477
-937
-488
-406
85
-618
-1062
-805
-548
-915
-790
-583
-748
-851
-412
-39
-732
-446
-296
-515
-784
-1112
-967
-360
-889
-1074
-454
-675
-617
-979
-662
-178
-575
-285
-584
-213
-1241
-579
-482
-892
-1070
-704
-1333
-759
-802
-618
-502
-518
-629
-366
-438
-426
-743
-1048
-726
199
-564
-860
-995
-926
-628
-168
-414
-850
-934
-1136
-657
-662
-759
-818
-1050
-742
-933
-545
-809
-1088
-592
-813
-369
-240
-818
-336
-469
-1152
-926
-1391
-714
-610
-747
-872
-687
-729
-625
-889
-865
-97
-570
-946
-535
-861
-360
-636
-484
-870
-768
-936
-796
-333
-716
-795
-34
-134
-38
-53
14
32
-357
62
-84
130
83
61
43
21
70
-41
8
-141
155
34
189
139
-49
177
172
19
213
130
86
313
313
202
253
88
3
259
174
324
172
171
128
-7
222
179
226
172
293
108
348
218
343
142
24
99
197
179
210
176
266
102
163
188
324
324
22
122
77
144
226
141
275
251
204
150
188
279
141
340
287
163
158
89
148
92
271
250
296
83
255
266
302
226
340
163
58
210
-6
322
34
291
234
179
188
163
163
163
226
210
166
302
349
179
291
121
316
275
318
340
170
266
188
324
163
163
256
166
302
370
143
313
218
217
192
303
285
141
210
179
277
197
340
36
210
179
266
85
148
56
226
226
293
277
226
324
293
340
188
277
297
291
151
163
-14
120
179
293
157
157
324
272
277
83
210
157
293
340
123
31
200
318
179
340
293
120
210
141
163
141
313
183
293
324
236
17
32
130
293
340
199
302
291
171
271
179
179
296
236
195
197
-39
55
77
340
188
157
163
163
58
36
293
327
324
150
324
143
140
183
40
185
42
145
179
222
89
186
313
219
170
163
166
123
189
241
252
255
340
137
47
298
277
277
226
131
223
298
274
-65
263
-49717
-61717
-51792
-103595
-71919
-62868
-80824
-69785
-100049
-96403
-55959
-35441
-64509
-53278
-61115
-56598
-20034
-74256
-31412
-41295
-82661
-65489
-93072
-50616
-44452
-64918
-49237
-70109
-86744
-99724
-94222
-54606
-40169
-97105
-76238
-78094
-88541
-84538
-83370
-46509
-84980
-96977
-89741
-105161
-100630
-65578
-16448
-43944
-46348
-97885
-86449
-48265
-61823
-55573
-56491
-143568
-105732
-56262
-46507
-73071
-40276
-44142
-51761
-68415
-21852
-44131
-38150
-86988
-74970
-50693
-59247
-94006
-77083
-67772
-61476
-32720
-46998
-70644
-102014
-39152
-13832
-53400
-62128
-83006
-94034
-67763
-42920
-58454
-99810
-73083
-10966
-79515
-78443
-36345
-84181
-108505
-32320
-62896
-43619
-47979
-74696
-80258
-93574
-96797
-60246
-83099
-90169
-56799
-38155
-62324
-124378
-104146
-33924
-89358
-66428
-62805
-91935
-109210
-114988
-118494
-87000
-32483
-29032
-70167
-110822
-83610
-51063
-98093
-30055
-93090
-54012
-58572
-60370
-28178
-64116
-85060
-79170
-78472
-39551
-53080
-73025
-112491
-55121
-79600
-25204
-57600
-94561
-58204
-73497
-87928
-103349
-127906
-108609
-82475
-50443
-82287
-47196
-50053
-84130
-58521
-27470
-67654
-113038
-96965
-58931
-98857
-34196
-31070
-69490
-100692
-82161
-50980
-150786
-94930
-75163
-83769
-33599
-68585
-72514
-83473
-37729
-32077
-42048
-20790
-51965
-46919
-74810
-93248
-55354
-81721
-62574
-89242
-57461
-99082
-76089
-49303
-45397
-95711
-35699
-43835
-103257
-54272
-38765
-36329
-14516
-65412
-87870
-97886
-26173
-81023
-114203
-107389
-84675
-79147
-52966
-68325
-137123
-86892
-29001
-76324
-63617
-58393
-63254
-75855
-36432
-71386
-69554
-67240
-46525
-39860
-66929
-89031
-102205
-84025
-50508
-71622
-75700
-42004
-80720
-91730
-9200
6555
-31874
-20197
-38339
-62391
10464
7005
-54054
-40570
-52131
-34110
-38632
-17677
-41797
-42096
-17507
4774
26948
-43865
-17672
-21521
-10315
33816
-42310
-24925
4157
-2307
-16141
5834
-5218
-9167
6710
-31893
-55631
-20227
11859
19952
-56831
-22442
4127
-1081
-4003
8632
-17259
-4958
-34858
-34847
-27984
-11
18815
-15946
-63155
-32261
6637
-22149
-31033
9547
4274
-54579
-32981
-18030
-13984
-7467
-38309
-22628
-30955
-4443
1093
-25446
-5968
-2897
-24972
-62687
3876
-9347
-47177
1678
20564
9460
-43222
-44078
10193
2826
-6191
-7204
-9631
-60118
-30874
43174
-65754
-28175
49207
-19621
-31739
12638
-4949
2784
-34413
-41516
-12409
-12369
-28604
-3207
-39518
-30612
38147
12836
-14513
-73748
5823
18872
-23045
6526
-33653
-3629
1998
-20928
-26727
-29924
15710
13382
-29482
-34921
-16841
39828
-44854
-42624
-8355
-35724
-10519
-37841
23511
-5586
-40305
-30876
-33272
3400
-33529
-5530
-16476
-26685
-3182
-31573
-26153
-5885
-10733
-20536
-57822
-28187
-35021
523
28560
11548
1065
-50828
-8655
-53769
-1973
-5883
-57534
-25051
9460
25936
-35403
6575
-12684
-52025
-23663
-31890
11606
-25216
-36077
26720
-49217
26377
21855
-32378
-50107
-16507
-14912
-41221
-2984
21577
-741
-14683
-20923
6793
-48983
-18795
-32776
-25035
-37851
29459
-13382
-52483
-19851
-9661
-32728
-32309
-21869
-10167
1254
8117
-35802
-15191
39232
-26115
-33638
-35495
-5511
-36191
-10424
22387
20685
-11343
-28493
-30762
-70073
-36193
25910
-28623
-8359
5211
-29650
-36771
11066
20976
-20255
-62172
-783
10189
-35184
-7170
1626
-3414
-1795
-18626
-73209
936
-23362
-4130
-50143
-19420
9079
27929
-3954
-40172
-28444
-12748
2923
-16138
-44631
-14848
-22618
24075
-45288
15477
2812
-12793
20157
-23461
-42833
-9680
-18618
19396
15100
3145
-837
-26771
-4540
17919
-54619
-74245
-65323
-63884
-51380
-39590
-72476
-73475
-81479
-90692
-77474
-58306
-74175
-67746
-43687
-36648
-30387
316
-3310
-28586
-41373
-65325
-41841
-15959
-58209
-45941
-38841
-56079
-50964
-30828
-5890
-20587
-19741
-52499
-77663
-62815
-29111
-58939
-42062
-39001
-38235
-26603
-40336
-70945
-36861
-29162
-18680
-15922
-70732
-69929
-32786
-66537
-63906
-33325
-37803
-73976
-79029
-39638
-65562
-41253
17845
4385
-37051
-22212
-23348
20020
-11793
-60400
-43660
-11597
-44565
-29937
-25341
-25393
23952
-11915
-15459
-53327
-53464
-26092
-36236
-14175
-25753
-15834
-17073
-12829
-28920
-11183
-7815
-32892
-44543
-33827
-30417
-46046
-58690
-20546
-40682
-51579
-50168
-51682
-50444
-27765
-34532
-43700
-57062
-27771
-29158
-43456
-66254
-59962
-13148
-49996
-35827
-36423
-26165
-15779
-46899
-38187
-83160
-58975
-24362
-3902
-7017
-35750
-49186
-66689
-28033
-37347
-61198
-47733
-40663
-3554
-14687
-13851
-18520
-19821
-2692
-34321
-59325
-55566
-21986
-16334
-56084
-39962
-37221
-27697
-38149
-42848
-38242
-70526
-45348
-17590
-35939
-43040
-48212
-13101
-66065
-48547
-31436
-41339
-56400
-32155
-33022
-44729
-70955
-50333
-59478
-50331
-51426
-46667
-66428
-76389
-37624
-49954
-17100
-244
-47360
-75069
-33828
-19207
-13028
2764
46038
33387
2225
5677
-39415
-68588
-48219
-52161
-73790
-53933
-40407
-35746
-16384
-9257
-14558
-27158
-49549
-60838
-78376
-35978
-11605
-5923
20159
25069
-35717
-42510
-10331
-4343
-21297
-48360
-50231
-6829
-39759
-76363
-53970
-33677
-51475
-26734
-44568
-43462
-71841
-28612
-52707
-43073
-35422
-34328
-48858
-41541
-39626
-46479
-51013
-17681
-23613
-3700
-9598
-23992
-56203
-14702
-12855
-2078
13207
-9890
-17584
10607
-1335
12829
25180
-1774
-27748
-58242
-47347
-44194
-42800
-4274
42250
16549
10651
28904
-23333
31990
15853
9351
21209
35261
12964
31540
46128
21258
29414
14427
11427
15118
-10103
51700
33150
40665
60542
5897
45702
25975
9058
60817
41506
16161
10430
-1706
39643
16614
36140
15158
26162
48485
13289
36746
55846
12802
1549
59575
-574
3517
-10679
18925
66363
39842
-11017
16220
48865
22134
23401
54598
35099
-15828
38486
38149
-1874
5708
45014
12465
60282
-8802
42079
33634
23082
-9933
36539
31870
-1210
28169
8347
-7056
22211
66886
20382
6983
13201
15840
35708
14725
16836
6458
23858
4750
21468
-12239
32765
46867
2328
19155
45958
29980
26704
31009
34417
28997
31374
15979
46788
39213
27076
22559
-5278
10804
32802
40871
9553
24922
37077
23323
22988
16978
24501
1344
33296
26912
-22401
-24431
37365
41696
33519
21903
16115
32969
42537
24975
2742
5988
26933
8582
57878
19950
20873
-2301
1887
34999
42502
12748
37847
38144
52281
44180
26523
44882
11945
53529
37222
26728
21594
45258
16005
31515
33076
65913
19714
23712
26815
21269
38221
19023
45956
26373
12807
20023
29788
8433
-3496
32420
57995
3991
32410
8266
30755
23294
29268
22233
-12352
19065
7647
-2020
66742
19858
41099
23249
14030
5961
-1562
31790
56329
-1949
-13265
8513
12200
17833
-3352
17568
60526
7473
47625
27059
35131
38670
51181
20014
19805
17833
27322
-10584
21068
7154
-17757
70094
25274
2497
-151
18022
-2129
14287
48639
8916
46347
11904
37921
16994
18923
34155
49298
230
40281
-27775
-5547
8867
14098
21409
37027
8571
30548
2534
28977
15191
14302
3156
5442
34913
13244
-987
10919
4664
18555
17636
17010
-28747
21496
13122
10238
42220
38258
54623
74737
36242
61397
63617
18158
-2824
30931
3896
27985
37974
-13413
12004
44602
5585
34535
7132
19947
22844
-4787
-40167
-19486
5561
-4256
19808
34226
19596
48853
77381
33276
-10291
11406
21238
-1010
-2466
35402
24525
32824
29494
41336
34592
-7732
14544
28784
19228
56918
30740
11048
-34031
-9381
79113
21171
30129
25985
-7967
-6350
18361
26063
4146
-24590
-13282
-5182
26428
-10608
-1467
20986
4092
26063
-1115
398
-9037
-5898
23949
48639
-18778
2477
11338
23217
28253
41704
42804
28197
10815
47311
57480
-11296
18494
20192
2075
2730
34643
30004
29950
17475
14125
3788
32701
64902
72643
11448
-12877
32447
28792
37317
-8709
30534
39066
-9288
25661
-12206
9289
10025
33117
38295
25916
38042
881
8682
16599
38559
48089
9377
23810
48709
43081
17913
32743
40210
28716
24442
30448
33369
64196
2051
-598
-8623
56427
9836
6645
193
-6569
55075
7268
37404
28306
-785
34738
57652
57689
30836
28845
14569
-37172
25190
-33096
-21450
-26878
18124
31817
14178
32428
-20274
-37742
-28015
13045
35471
-14727
53723
34692
13571
22251
67152
42384
2015
21178
3412
-39267
-8030
14015
26797
12750
42616
29047
-17341
27835
10376
19908
13691
40833
38509
21694
40291
57706
3251
24431
12428
-632
5045
-4610
-39534
21030
51936
26868
14789
56691
66161
57892
30811
18509
52029
35327
50809
39186
-23150
-20192
3770
5701
5680
-18431
36494
17680
20216
46243
24661
-17743
16878
41144
23919
56072
46629
49799
74851
40094
40008
-5934
-15379
-50187
-42330
-46539
-43887
-11916
-18961
-40344
-11789
-2318
23389
-4474
-16277
-8712
-15758
-20868
-3721
-9583
-49096
-1125
-27886
-688
-7009
-48683
-10692
-12024
-38324
-11318
-11707
-17678
11941
-14524
-35274
-56503
-57937
-24179
-38467
-52655
-32732
-64583
-29242
-66537
-55703
-66623
-95716
-54119
-51305
705
-11758
-50333
-69098
-104715
-73847
-57617
-53423
-58302
-103812
-102619
-115007
-44444
-41537
-11250
-10575
5950
14459
-51783
-35627
-52793
-48270
-98661
-38990
-56874
-57102
-33757
-20646
-45005
-6897
-34039
-27008
-52247
-44301
-39809
-25285
-70843
-50565
-58556
-69904
-59973
-15529
-84815
-74138
-5897
-43597
-39841
-71190
4090
-19672
-62264
-78685
-94354
-14142
-66890
-33499
-36508
-60502
-20189
-25151
-82685
-93275
-49405
-15922
-41054
-8052
-36340
-16851
-28174
-37187
-33645
-41138
-54708
-49935
-60484
-45972
-21978
-32994
-112359
-63651
6961
-76286
-50694
-83420
-54124
-55112
-66124
-15940
-54811
-38043
-64261
-37932
-62518
-68736
-17283
-69282
-4729
432
-60672
-24509
-51947
-32490
-51071
-23200
-21323
-27079
-40363
-76487
-28741
-89921
-36243
-54313
-27963
-41427
-16850
-30999
-36124
-61151
-68799
-103962
-57480
-33728
-56483
-83157
-65816
-17476
-70577
-43513
-21831
-75480
-91289
-45536
-57100
-42527
-45542
-2477
-18889
-20093
-33440
-68490
-63888
-108168
-89278
-94485
-28476
-10812
-79749
-36966
-62464
-67024
-30165
-96500
-70006
-37397
-80136
-33411
-70987
9568
-15223
-34328
718
-34378
-44762
-5395
-45166
-27530
-32161
-51895
-40382
-43562
-66231
-62857
-41133
-67781
-61925
-77609
-23615
-39982
-29761
-40714
-70013
-45406
-42301
-56573
-60614
-61331
-71210
-48672
-48328
-38605
-55134
-52490
-27418
12412
-51543
34646
-52936
3188
-10305
-81808
-28945
14938
-57442
-43790
-65814
-52971
-82181
-62613
-45904
-31430
-13736
-26711
-32326
-41486
-18508
-11616
-12448
2645
13310
11319
27744
23923
110
-11215
27216
-12462
34012
32979
15839
55685
24055
7858
54251
29934
28740
25339
41777
4820
36051
47077
51
30013
47686
31160
6504
32403
8389
31864
10959
-16741
30955
53832
15960
63859
32850
-937
9110
43839
10928
34953
25310
27065
30005
28174
67582
50423
34329
47121
47488
65479
32217
30564
-5670
-38178
58190
48734
65726
16356
69380
46912
19546
54740
43078
67870
31745
31901
20643
-19959
1381
616
14571
-12044
9404
49720
57794
5751
65310
28018
16730
-3415
13278
19459
4253
15135
48503
17178
37305
13825
63774
3374
45349
51563
18966
11318
35676
43409
32801
10632
11424
84552
3028
4277
32159
36986
31788
27949
61478
23940
22785
-5199
2355
21577
63818
50744
49941
34563
14562
26002
8412
9865
24778
22845
7318
12861
21089
40232
60993
14736
-13604
50080
63694
44755
-11442
10078
61684
46300
47552
35353
30745
22681
40403
27761
-1283
9968
70938
35994
-1546
43343
321
-1573
27318
24019
42053
10737
24676
17968
17023
6258
53225
42631
11370
39308
35700
-7959
29362
29181
-1601
30025
14128
21109
14152
41723
10373
21452
14411
55468
43822
64901
44373
53394
14230
42611
66445
44116
35257
10160
41801
18062
35254
11025
31247
7520
25808
26150
64915
47955
20185
-6831
39278
27609
44359
20190
19589
36583
15013
24517
49810
3336
40046
19570
31887
3419
-10979
37835
13971
9059
15217
-2224
32069
38342
56192
61122
25621
737
26702
16741
26395
9614
28252
-30640
8127
8098
42381
888
32487
28951
6935
53233
50785
73090
54421
49705
50584
21446
36449
-15050
5207
-50428
-13516
-22087
10611
9713
5421
-47020
-6067
-35738
-8468
2016
-1918
15033
17835
14531
-12406
4232
12345
-8900
5869
-18216
9985
3327
-23863
-17862
8404
1581
470
14916
-17423
50813
1265
23616
6583
-16974
21080
20637
19435
9789
7591
1307
2757
34987
-21405
-5084
-14891
47323
-30264
-1386
4805
20703
18872
-6609
33063
55306
-42296
-12980
13894
-4492
-2264
-7249
-27435
42419
38209
36536
-12891
-29478
36258
4762
-9007
8904
-3371
35717
-3859
1040
27056
-33316
-19582
58663
9458
16240
10890
14905
-16148
13850
61524
-5785
-39071
31940
1560
-14092
13074
16248
-21214
20779
-15196
43953
41936
-44216
-2128
57124
-7165
-7699
2933
-7167
-1447
-8056
34071
23922
-58903
25458
3925
21084
12506
5615
16464
27573
10263
-14708
-28660
16377
41260
7482
-13262
16880
-35537
49366
3293
-7171
40328
-3981
-19273
23326
5911
12070
6725
-6215
-9504
44472
15323
2136
-40915
26352
14803
-23424
23093
30197
17565
36229
-787
-17825
-36372
2605
53712
13836
1036
19335
-24040
66931
17700
-2159
14495
11970
13084
18830
-1550
7345
45031
-12358
-10465
22837
14856
-1296
-9789
33343
-19584
27414
12804
5252
12613
-626
-5903
12052
12690
20533
5115
22242
6647
3795
-39262
55958
-22998
1496
6069
23385
16830
3813
38591
13477
15183
146
-14157
2778
14845
-9084
-47573
64638
20181
1021
4056
-11141
-11695
-35259
5935
25766
16467
55423
30429
6073
47202
501
-52006
62497
-4684
-1466
-27735
-14032
25364
5069
38292
-3642
-41629
-14599
-5175
-8226
39409
29726
-22835
11369
14171
38341
24623
-18696
-13625
24303
43768
6931
-5398
10235
-11227
1508
35074
-7415
-56436
57189
11813
1841
18976
4360
5174
40931
36574
203
-14945
-7405
-7236
9324
34040
23659
-43836
111
329
553
641
553
177
403
439
651
527
635
377
146
80
389
-154
-303
-113
-199
99
283
65
88
-263
265
133
-347
-279
-190
-27
323
80
-456
-516
228
178
62
-358
94
-29
245
318
312
-289
685
169
25
-675
-450
28
67
-198
-71
209
341
-75
-40
64
-70
-162
587
-275
525
9
-422
-112
-87
-145
-424
-147
137
4
-553
421
-175
-14
-274
-286
395
-265
-139
492
-79
188
65
11
-294
260
389
-241
-190
526
252
-13
323
-255
-675
-300
-112
325
68
-488
-394
22
285
475
-243
-304
-453
272
38
-53
-253
-143
154
111
78
-31
274
309
-128
-48
-231
351
217
97
-346
-39
-369
605
181
-203
100
189
-39
-192
-16
-80
37
-246
-163
-20
209
-278
-1010
-199
-404
-190
-181
112
255
17
-213
59
2
102
-230
204
-123
234
114
149
114
-299
449
-41
370
232
101
-32
131
221
110
209
482
-331
-518
355
3
54
266
78
-42
84
-401
-323
468
507
206
-384
-16
-380
-363
-312
-402
-370
266
56
194
-421
-165
41
-190
-650
-460
-468
45
-113
-499
241
401
262
196
-345
-304
112
-119
151
101
199
-127
-100
410
-85
-498
377
-200
6
127
323
433
374
236
183
178
73
92
426
409
199
-649
244
-762
-225
-261
-743
-578
-206
-146
-44
-963
-459
-843
-635
-146
-276
179
-62
19
362
133
-101
172
22
329
105
-307
-262
147
-13
-379
122
72
857
911
166
849
307
661
323
508
504
318
234
211
722
472
319
-155
634
61
53
368
135
527
260
47
511
191
701
256
315
656
784
398
730
304
816
329
387
339
-61
435
728
-64
244
681
422
577
41
357
652
641
449
303
287
99
642
303
116
409
381
-102
49
657
397
251
514
21
350
190
503
50
505
853
-214
32
336
186
581
91
331
132
452
366
658
490
233
287
545
467
334
24
311
384
-108
193
578
196
598
130
226
-2
266
248
523
482
270
565
334
161
226
464
887
464
800
584
424
485
742
403
483
90
428
-120
211
452
544
427
321
183
326
538
-196
622
285
539
285
-19
734
88
132
431
124
665
-39
187
223
-15
301
178
268
203
-110
68
591
714
236
471
114
635
179
176
200
437
818
482
693
305
426
488
832
559
-107
249
667
562
378
376
559
413
315
-20
184
490
572
376
694
599
423
-16
34
1063
529
173
999
176
580
243
252
510
-256
377
739
249
-157
178
643
1084
93
940
1006
77
1350
239
427
737
400
793
519
729
355
1072
678
871
-27
330
553
213
430
273
256
783
681
586
752
221
266
156
564
488
285
664
585
397
614
508
574
662
771
692
785
609
405
706
553
424
339
1131
1144
884
1112
1120
1252
1304
958
845
1276
971
1322
1087
637
951
94
947
907
856
1045
1156
1242
804
852
934
1005
898
780
902
596
366
349
1226
1409
1244
1195
866
965
760
771
752
770
1026
629
513
1076
1122
93
1200
322
968
1154
1112
448
928
1122
952
663
958
757
915
867
764
199
910
522
1182
1446
615
1186
1263
1309
616
736
673
678
999
1232
844
221
955
1031
1217
1139
1004
1600
1432
1191
1140
643
1009
1001
1431
892
1200
369
1225
1255
1004
1090
1123
1070
1165
963
807
1104
1042
974
1108
1003
1225
189
531
1296
1082
874
1530
1006
1590
1030
498
986
732
1417
1046
1101
1205
566
1403
1098
1363
1017
1367
1333
1678
1131
1280
1607
1233
513
1003
956
1370
26
1209
885
1310
1269
892
1211
414
641
1154
956
1185
1122
1560
1105
802
531
550
558
919
898
959
876
758
945
658
962
637
796
693
1130
862
313
1094
1113
1020
1180
579
249
165
619
1157
1027
1061
1127
554
893
1108
91
1136
1078
468
1298
979
1290
1496
1007
1013
517
694
191
462
397
776
190
1210
1109
1430
1764
1065
1566
994
1318
1196
829
1287
862
1686
1392
1159
-91
616
383
701
772
869
664
403
422
-110
316
523
812
686
1000
385
324
-597
-562
-890
-689
-682
-678
-671
-540
-628
-552
-1067
-491
-576
-472
-886
-615
-307
-791
-637
-1002
-679
-1314
-664
-1058
-1243
-603
-687
-791
-512
-378
-1135
-711
-347
-1178
-761
-969
-124
-955
-914
-1101
-498
-883
-459
-1708
-731
-949
-1170
-974
-544
-571
-999
-1187
-1022
-1039
-568
-847
-1104
-653
-952
-1749
-519
-834
-1174
-1326
90
-421
-1033
-568
-1079
-916
-958
-898
-844
-514
-1442
-578
-190
-864
-988
-1334
-358
-693
-1087
-695
-1092
-908
-752
-662
-989
-1121
-1091
-675
-777
-1104
-831
-1438
-402
-470
-1312
-819
-1119
-875
-860
-546
-1251
-991
-604
-787
-921
-728
-717
-1019
12
-667
-975
-406
-961
-1019
-1097
-1350
-773
-1076
-696
-1161
-774
-749
-628
-1072
-589
-1087
-1315
-743
-1018
-733
-1200
-767
-622
-1468
-1349
-705
-602
-835
-1197
-820
-169
-634
-371
-1167
-1100
-716
-738
-196
-998
-618
-975
-1335
-1103
-623
-837
-952
-389
-434
-258
-1198
-717
-906
-1231
-759
-1088
-659
-864
-987
-814
-1251
-692
-1110
-526
-991
-1193
-1160
-768
-805
-586
-223
-713
-959
-656
-1488
-1177
-946
-890
-1200
-213
-1199
-1114
-1254
-529
-1092
-1481
-862
-1087
-875
-594
-935
-838
-165
-739
-1257
-100
-504
-1031
-1261
-880
-1262
-707
-1152
-1140
-1499
-696
-946
-589
-1252
-999
-1099
-767
-347
-898
-727
-1044
-1167
-996
-362
-1195
-1334
-1132
-1466
-835
-1183
-938
-1298
-371
-275
-955
-369
-292
-588
-477
-446
-617
-287
-1033
-1028
-1076
-494
-459
-891
145
-89
166
297
-91
485
207
-125
320
-161
327
-99
255
-136
295
331
-208
597
823
363
529
32
944
887
651
6
707
240
396
721
756
212
580
357
745
-99
775
874
445
-72
865
412
433
848
525
651
608
729
480
287
673
697
785
159
509
864
641
262
766
201
303
236
206
473
768
817
239
231
564
453
760
369
168
990
829
418
420
277
949
351
66
480
448
879
69
427
760
412
401
644
131
367
576
706
346
277
315
284
972
579
318
577
406
735
443
5
428
627
308
377
467
389
205
792
341
701
766
424
575
313
704
640
857
717
227
745
351
496
237
520
687
693
346
646
582
305
479
478
160
855
578
1133
356
636
770
116
450
424
675
502
681
659
355
595
499
580
516
642
292
215
377
435
877
488
600
876
-58
417
400
505
345
632
660
620
733
306
300
388
636
402
654
481
735
415
852
463
129
988
863
792
435
743
571
596
651
705
746
559
569
677
451
659
446
554
143
433
375
605
388
634
540
648
742
370
474
533
487
725
485
536
830
685
709
526
509
644
349
715
321
423
490
752
711
58
544
262
681
436
579
347
276
469
-5
-311
187
18
17
423
1
47
482
296
243
380
211
34
584
-19
-10
-325
27
-21
-35
142
-333
-215
42
303
-171
-87
57
-107
457
313
198
-85
87
349
-40
147
-123
-281
114
267
-147
-25
61
-121
1066
-21
-56
66
34
303
-134
-288
336
121
228
275
-107
54
304
-523
555
-475
172
344
59
-230
-155
276
242
-262
228
132
-286
0
-73
-229
933
-683
29
-326
61
127
179
16
146
9
551
-493
-114
377
63
-442
563
-311
318
140
-438
-67
242
-135
-102
259
433
-369
940
11
-348
-101
502
90
358
131
-189
81
165
22
204
-258
230
499
-32
-203
137
-328
403
-352
-4
-141
99
183
80
-13
262
233
365
229
-208
22
143
-183
414
-233
534
-268
158
-51
-3
-69
-337
587
-28
172
31
-213
-74
-415
606
-553
138
254
287
-136
122
-102
-93
64
231
116
-226
-84
31
-574
750
-155
-39
298
-222
18
-85
10
322
-69
287
288
-123
150
-202
-311
938
415
368
43
-103
-34
-780
-35
336
-761
-438
590
184
-147
111
-220
271
362
344
-46
-63
403
537
265
-56
-324
-68
27
-134
-561
116
-535
897
-815
-284
358
278
-135
96
82
532
77
126
34
363
39
-474
-507
823
-424
-34
394
230
-214
69
-48
61
-153
316
312
47
-32
-21
-753
646
-141
518
-27
-2
639
145
-159
-284
31
512
728
571
268
-234
-105
83
128
-29
280
-205
-120
-6
105
-162
-13
95
-118
16
207
-593
-293
258
-108
-166
-20
118
-87
-486
186
390
-295
254
-9
-403
-189
27
-662
524
-551
-66
-163
-132
473
684
-447
-336
-83
-146
116
81
260
59
-635
284
-124
28
309
-283
-92
275
-185
-432
157
254
398
169
282
-27
-547
248
10
483
-174
-29
-241
-442
109
-509
-284
58
-78
-72
-270
99
-27
78
170
-279
32
75
9
-232
-229
-117
-311
43
-302
-82
15
15
-211
613
81
-90
-62
59
-207
-124
-530
-87
285
-73
224
-29
181
-85
-171
354
41
302
-366
273
-165
-223
88
-310
141
-137
105
-16
98
1
-327
328
-556
280
23
-138
185
52
-45
-38
-55
-87
-244
-100
-177
-501
-756
326
-183
-128
-82
-219
-210
-372
-365
-198
0
-126
132
-390
-100
-221
-296
418
66
-194
-21
4
242
726
227
658
211
-78
452
-160
-206
-62
-377
163
-350
12
326
-76
122
-195
123
685
-31
-46
460
456
137
104
-781
346
-86
41
-498
-287
-248
-261
-515
-112
-613
-386
280
438
-554
-12
-149
91
-319
525
-437
-501
-111
-88
407
-335
-29
-181
51
-162
-112
-301
-126
396
-286
-412
193
84
65
296
207
456
244
214
17
7
-12
-146
-215
-195
97
-153
-200
-198
367
109
-142
201
-213
1
-190
-276
-507
61
-123
646
-399
299
161
559
768
109
62
764
205
655
202
362
-117
75
-169
599
807
658
951
672
951
1510
801
357
1081
981
572
865
231
624
330
-14
196
545
972
1094
763
466
1171
149
583
497
864
565
1245
648
32
443
951
851
772
453
1019
354
248
917
1058
672
921
1323
1285
614
689
219
757
904
1174
695
570
741
904
769
797
923
505
550
1262
1072
274
392
259
1162
286
601
1032
922
426
848
1125
597
349
588
912
353
359
644
571
988
422
852
1075
863
941
685
518
1027
965
937
408
787
559
522
570
1051
1089
169
871
984
1156
602
734
565
484
305
808
393
298
239
473
864
744
1062
920
652
642
663
793
1616
982
398
633
881
580
516
973
743
794
863
732
925
1085
1057
595
513
742
1028
804
810
348
251
423
819
543
1305
494
710
995
781
963
1179
923
751
385
876
93
-49
116
849
700
758
1126
1127
728
868
809
662
866
596
457
627
855
438
739
738
947
50
-47
790
616
769
565
1809
463
851
1135
605
551
264
-239
649
892
1153
1257
574
872
61
987
310
416
202
1072
1459
121
524
277
1195
711
938
488
1323
739
854
993
401
1008
657
805
369
210
139
-77
277
576
329
416
432
-40
27
6
457
197
246
368
191
55
-117
-575
-457
-631
-614
-810
-309
-624
-719
-134
-565
-448
-278
-694
-758
-256
93
-760
-122
-258
-21
-217
-479
-535
-24
-609
-162
-549
-645
-200
-349
-137
-68
-125
-344
233
-470
-391
-12
173
-673
480
-117
-279
-200
-43
1
90
373
-299
79
-4
134
55
-401
502
119
-444
-8
-492
-136
0
-73
377
290
-283
592
-490
93
-117
149
207
-344
66
461
27
45
-160
-368
324
-267
-12
-358
355
94
62
-252
-539
231
-39
-711
337
164
-135
-263
380
-39
-352
39
-143
111
-295
444
148
-553
92
364
-94
288
-455
229
-131
198
60
26
-192
229
609
-111
70
-6
-305
390
-232
-369
250
568
314
240
-398
126
418
-313
-219
-330
82
100
313
-908
-138
211
-110
241
-27
228
-422
177
-264
33
274
51
324
270
-235
150
20
-172
466
-98
-446
66
30
-49
-141
-73
-18
-163
-251
-481
-353
-97
104
251
-156
-530
281
364
-299
275
-181
-29
-438
470
391
156
102
-146
-620
-276
-315
-140
-66
100
242
1
-225
258
298
241
-183
-180
6
161
370
-59
369
171
101
312
-614
44
69
-413
-97
341
14
-6
7
189
332
601
-16
84
-164
-22
-40
532
-83
-258
108
4
168
-747
44
-17
321
-49
171
186
-173
237
63
9
217
306
222
92
-3
237
221
-83
112
-61
351
-523
85
-219
102
-645
-643
-460
-424
-159
-298
-271
6
-276
-291
-239
-119
-386
259
-583
-249
-884
-899
-376
-31
-706
-399
-105
-708
65
-472
-954
149
-88
242
-197
25
33
284
391
264
-271
84
-377
316
-11
-138
218
297
407
713
-671
187
-109
-378
356
-99
34
113
397
427
-30
452
108
315
170
434
-440
517
462
-406
95
489
499
73
307
358
154
-165
117
262
407
883
-431
-296
-54
26
-157
252
-266
-409
-126
139
-417
-167
-334
587
662
727
-723
174
200
427
372
-19
-12
71
-34
-73
4
271
526
307
-66
490
-633
-157
227
-181
-159
306
504
49
317
277
263
-46
7
470
450
516
-490
-53
377
-30
-173
-34
414
380
-98
-87
121
431
223
69
317
743
-88
591
-203
-680
95
-67
-70
138
-228
7
278
-133
-572
-125
43
164
-428
577
181
-232
459
-288
54
-25
-333
251
90
80
314
570
336
988
-259
-50
-325
130
339
-127
-7
144
172
-221
-340
414
504
-183
362
441
-284
141
388
-441
487
564
479
106
518
-69
110
70
-93
337
491
526
-20
-63
-401
-33
-149
-207
-380
-18
15
30
160
-11
355
211
346
454
-295
-152
-103
-79
-13
-169
238
82
19
352
34
238
-444
-68
581
735
-347
265
166
262
358
325
360
157
324
177
438
-3
184
118
639
555
-116
791
555
607
843
467
581
519
270
735
413
561
521
769
431
868
-183
54
753
488
91
555
729
116
609
370
594
502
99
569
-12
411
-276
648
-551
453
339
-11
801
695
-51
363
768
424
401
307
469
311
34
218
976
477
481
56
31
569
368
497
465
189
422
544
386
500
-508
332
457
33
734
199
-314
327
274
582
137
559
454
230
170
555
-360
557
391
563
454
549
552
525
401
854
-81
506
522
598
226
484
175
-214
906
-374
309
-348
433
520
-47
290
66
319
338
573
744
618
95
210
499
606
711
540
-178
428
134
304
464
386
287
723
229
487
-213
201
117
501
107
248
914
135
342
93
114
445
377
401
120
127
-53
275
385
363
889
-91
200
588
765
172
515
504
666
828
584
129
-337
384
46
215
562
282
696
165
407
431
125
517
236
211
187
288
49
93
562
222
607
273
581
511
311
658
645
-22
835
-227
458
119
-387
121
380
-150
428
163
656
132
-184
532
99
598
-114
670
284
891
-106
168
327
675
386
526
553
206
671
251
579
276
-154
306
-57
40
-534
-293
187
372
-1
-114
-371
-378
-396
-209
85
418
136
377
-42
-285
-106
-122
171
60
140
161
252
-88
106
135
-99
549
-62
75
-311
528
-11
-751
-1054
-167
-378
-598
-408
-608
-946
-306
-748
-99
-750
-729
-745
-600
-949
-1989
-1107
-847
-1229
-1348
-1711
-925
-833
-1409
-884
-1264
-750
-1378
-1137
-436
-522
-832
-567
-399
-1187
-1336
-673
-955
-1506
-663
-474
-572
-1634
-1270
-1236
-890
-391
-819
-765
-610
-758
-747
-1284
-1244
-954
-723
-887
-490
-1227
-1359
-1518
-1035
-765
-1044
-452
-913
-1182
-1146
-933
-1252
-1049
-702
-675
-1484
-603
-1022
-1013
-627
-350
-995
-1044
-664
-645
-935
-1068
-833
-656
-644
-804
-1097
-1165
-643
-989
-1175
-315
-1041
-774
-925
-1061
-780
-502
-951
-426
-1520
-1632
-762
-774
-670
-1094
-1120
-882
-950
-526
-1026
-859
-1071
-840
-627
-366
-1267
-927
-899
-399
-1372
-955
-516
-608
-1398
-1170
-1001
-917
-612
-906
-898
-717
-897
-436
-1041
-885
-1351
-1272
-909
-326
-911
-832
-741
-1061
-532
-796
-1122
-1090
-790
-936
-986
-841
-794
-1233
-706
-42
-972
-997
-324
-1170
-680
-697
-932
-797
-695
-724
-1347
-1526
-815
-1325
-926
-353
-1156
-504
-906
-1160
-547
-923
-1269
-1262
-993
-939
-832
-646
-1069
-882
-1446
-639
-802
-896
-939
-657
-848
-1124
-1405
-1119
-1246
-782
-921
-1401
-1040
-817
-457
-648
-959
-98
-411
-625
-518
-518
-521
-874
-420
-353
-589
-895
-875
-1465
-572
-425
-1024
-595
-543
-736
-967
-1256
-1086
-1125
-908
-877
-952
-660
-1211
-995
-1158
-687
-588
-761
-816
-818
-939
-931
-888
-249
-600
-216
-533
-474
-820
-811
32
15
-194
-281
314
247
-90
304
269
-140
-179
204
406
33
-19
-324
-211
149
-257
-32
-329
-463
-80
-93
-220
246
-287
-262
-139
-210
-174
-15
-262
-356
243
302
244
232
-24
-277
-74
-752
513
5
14
-143
55
-282
492
-185
-731
140
-26
-333
-100
-149
237
-253
204
-421
-601
-170
87
67
-130
-88
-95
515
-97
-2
-378
-105
139
-161
-125
403
-227
203
-266
233
621
-173
84
-190
76
-272
55
-361
-640
68
-21
-254
-565
-303
70
293
74
14
-390
243
-18
-62
109
235
-212
-221
-493
-211
320
759
-428
-350
-196
124
499
-29
-424
-74
46
5
-105
315
-236
-186
-12
194
-206
164
668
-253
-260
136
-123
-375
111
-299
-310
-14
-15
-171
-227
21
-141
-191
-203
-27
-205
-16
-231
-230
-57
-263
-142
28
297
-79
-545
-352
-29
-372
-703
-223
59
518
-283
-129
-73
61
-331
-110
72
-588
-54
373
-270
-237
254
308
-773
144
15
-305
-233
-157
-242
160
196
26
-54
116
-656
-148
-704
-186
-102
-11
0
37
-19
140
-354
-65
-213
-99
29
-482
169
135
-7
-117
-273
261
-99
-503
-501
-61
-142
-419
-126
88
155
391
68
-192
-141
-89
176
194
135
-43
-57
5
-127
-119
-148
18
-216
72
-276
264
-110
-524
-160
16
-244
-173
-295
-135
-255
74
-258
-154
38
-311
-211
-349
-293
183
-455
-143
-69
-9
111
111
-192
239
-203
-417
-95
-391
-486
-92
-232
-373
-297
-182
-593
-22
-237
-302
-341
-886
-424
-548
-407
-569
-957
-253
-62
-461
-918
-95
-511
-888
-456
-446
-315
-295
-149
-592
-5
-477
-1125
-1187
-447
-881
-834
-134
-700
-565
-464
-578
-975
-737
-442
-525
-218
-276
-865
-974
-394
-534
-709
-372
-359
-738
-488
-195
-1007
-608
-580
-764
-1049
-694
-615
-904
-788
-548
-779
-286
-255
-846
-1131
-504
-322
-908
-656
-102
-531
-97
-1244
-485
-513
-750
-88
-508
-414
-645
-712
-1017
-940
-11
-969
-549
-764
-1010
-805
-809
-13
-659
-1176
-893
-373
-964
-789
-569
-710
-849
-359
-901
-643
-239
-547
-1115
-578
-365
-691
-193
-817
-708
-179
-307
-586
-663
-750
76
35
-918
-787
-880
-589
-881
-702
-918
-880
-554
-440
-501
-278
-661
-621
-706
-481
-511
-1125
-790
-402
-230
-1108
-343
-474
-1007
-1137
-556
-662
-446
-168
-226
-566
-500
-924
-959
-421
-462
-774
-787
-1127
-800
-96
-496
-752
-604
-407
-944
-441
-543
-990
-598
-634
-458
-555
-478
-602
-808
-758
-761
-1031
-575
-934
121
-728
-667
-861
-702
-146
-771
-934
-862
-607
-718
-624
-571
-645
-1053
-656
-259
-965
-620
-1116
-533
-642
-804
-1221
-1089
-1160
-980
-1407
-1121
-1207
-856
-1101
-802
-916
-1042
-1561
-1322
-591
-983
-790
-595
-1090
-1011
-891
-702
-974
-706
-962
-388
-653
-449
-1027
-534
-530
415
744
790
370
269
366
544
375
795
677
297
242
610
711
366
46
-56
378
348
-362
129
141
539
398
437
-76
413
43
524
-172
508
42
212
979
201
-280
364
384
609
76
593
600
301
458
323
596
246
202
259
-243
5
154
263
107
322
400
72
0
-179
4
-292
4
236
310
247
679
350
-18
-3
484
534
106
16
-62
482
585
305
59
443
209
21
258
8
455
383
-129
160
743
562
-447
157
205
-54
-35
63
194
197
256
-138
133
286
-68
414
-56
-79
126
491
617
377
87
586
281
-202
455
-180
307
558
672
581
450
-424
324
580
-353
210
372
869
758
-115
160
329
420
-80
53
434
590
12
522
94
392
662
303
5
107
155
741
130
-126
253
362
180
465
478
831
468
526
-54
163
378
-170
343
169
-223
537
564
-193
19
418
-148
-494
-192
457
680
466
459
624
338
203
304
-5
458
-17
28
468
78
434
267
-58
403
-214
-71
97
205
753
70
277
769
610
745
550
491
200
540
208
145
306
770
428
410
550
-5
-57
168
224
329
516
599
418
214
185
346
85
46
784
254
507
-137
133
-122
-105
95
305
-104
-40
69
130
397
-55
334
-95
-375
-135
-537
-501
-405
-504
-207
-100
-303
-639
-469
-273
-429
-222
-220
-5
-33
-422
33
167
89
64
-33
-126
-9
253
413
362
185
-354
217
-457
-321
-453
-170
-179
-570
-653
-449
-208
-619
-204
-188
0
19
-568
-204
-785
8
-153
-74
-304
-582
-204
-66
-779
-599
-507
-866
-6
-32
-56
-454
-859
-270
-73
24
-175
-361
-467
-516
-411
161
-68
-220
-63
-46
-203
-293
-500
350
66
-370
29
-529
-149
-384
-71
-435
477
199
-43
-470
-908
19
-284
245
-650
-519
-566
-79
-539
-482
-298
-335
-64
23
-572
-373
-724
-50
-653
-178
-277
-204
-396
-193
21
150
-802
-158
-621
-648
-325
-458
-6
-250
-670
38
-66
-234
-118
-180
-347
-800
293
-258
-103
-497
16
-392
-556
406
-101
165
-196
-512
-192
109
-78
324
-19
394
-188
-423
226
-218
199
106
-584
-267
-84
-394
-19
-645
-174
-508
-414
-276
-337
-291
-280
-307
-33
-399
-674
272
-443
23
-222
-548
-284
-443
-435
-596
-330
-300
-237
-790
-760
-97
-658
-389
193
-194
-168
-129
-229
-392
-50
-107
-345
-208
268
-93
-166
-93
-734
-36
-23
-363
433
-337
-841
-483
-110
-643
-765
-354
-371
159
-205
-554
-814
301
-282
-289
-401
-689
-320
-72
-47
-795
-105
-677
45
-460
-757
-591
-893
378
-44
74
-371
40
-1
-468
-532
-496
-416
-535
-513
-906
178
-620
-767
491
374
221
231
161
251
226
11
42
-154
345
-92
231
-155
-401
-173
21
-688
-685
-935
-895
-1170
-737
-925
-704
-1118
-285
-621
-752
-874
-1044
-458
-716
-867
-838
-1334
-1201
-1640
-1429
-1522
-1293
-726
-1427
-1274
-1458
-1237
-1286
-891
-525
-1213
-986
-1103
-1126
-1000
-1213
-1598
-1130
-858
-998
-1353
-708
-574
-868
-566
-959
-1171
-1448
-1261
-1046
-1530
-682
-864
-967
-972
-1372
-1586
-1382
-1014
-365
-613
-416
-1220
-1282
-1480
-1371
-1355
-1234
-826
-946
-543
-837
-1328
-1643
-1044
-904
-3
-346
-811
-869
-1256
-1149
-1324
-1408
-1472
-778
-1056
-1363
-1363
-1293
-1161
-930
-468
-1046
-575
-1104
-1459
-1346
-695
-930
-1405
-1284
-1108
-1329
-844
-760
-1036
-1431
-812
-357
-942
-869
-1438
-824
-1270
-1035
-834
-1629
-878
-1479
-766
-1033
-954
-930
-332
-533
-1004
-907
-944
-1312
-643
-1059
-1222
-1480
-1460
-1306
-1213
-1022
-448
-1286
-298
-629
-839
-898
-1093
-909
-730
-1064
-984
-1136
-584
-1215
-1740
-1236
-781
-1144
-651
-644
-829
-476
-1429
-515
-1150
-795
-1373
-1532
-1106
-1032
-511
-1090
-1299
-659
-52
-571
-1065
-1291
-766
-689
-1109
-1277
-1610
-982
-1061
-882
-751
-1123
-1056
-1090
-618
-391
-1040
-803
-744
-249
-1084
-1322
-1567
-1051
-1338
-924
-1586
-832
-954
-495
-776
-327
-1224
-886
-1427
-1125
-744
-835
-1132
-738
-701
-1100
-768
-909
-1009
-1262
-765
-151
-282
-751
-712
-359
-885
-912
-1175
-627
-717
-745
-978
-975
-327
-570
-342
-771
-794
-505
-557
-711
-741
-713
-485
-463
-774
-623
-762
-849
-1082
-511
-49
-709
-1030
-1159
-1225
-1484
-1311
-1551
-1126
-1449
-1067
-820
-1005
-922
-1256
-729
-240
-352
-724
-845
-698
-725
-842
-597
-655
-472
-886
-791
-709
-566
-609
-524
-143
42
-328
-843
-701
-637
-728
-740
-637
-865
-386
-394
-954
-1089
-468
111
-17
-142
-586
-743
-419
-816
-606
-817
-549
-763
-212
-950
-752
-943
-478
-683
-249
-38
-466
-699
-891
-363
-784
-868
-550
-863
-673
-265
-769
-586
-580
-127
-65
-26
-390
-1000
-449
-686
-397
-144
-863
-436
-895
-1010
-570
-821
115
-620
-489
-617
-770
-772
-474
-558
-832
-732
-190
-1099
-914
-815
-512
-109
-991
-310
37
-424
-600
-503
-444
-611
-369
-401
-576
-427
-702
-609
-399
-378
-703
-32
270
44
-385
-564
-622
-1146
-115
-445
-752
-1007
-153
-826
-855
-728
-614
-392
-586
168
-598
-134
-320
-656
-540
-964
-1106
-884
-719
-808
-524
-1113
-475
-528
-147
-248
-469
-918
-526
-191
-13
-725
-669
-567
-358
-701
-458
-326
-416
-574
-231
-185
-668
-144
32
-629
-885
-477
-1177
-417
-138
-649
-523
-722
-853
-934
-445
1
-183
-378
-910
-453
-497
-661
-543
-623
-194
-842
-503
-1171
-550
267
-381
337
-500
-102
-323
-566
-235
-780
-550
-250
-309
-114
-563
-389
-379
-396
-272
79
-534
-296
-102
-405
-543
-355
-286
-672
-393
-404
-687
-270
-513
-249
-666
226
140
27
-122
-201
-209
-39
117
190
16
-161
193
-106
98
-137
-76
46
-464
-407
-181
-26
231
-376
224
-4
105
258
-263
570
-236
-115
210
-169
-458
-969
-884
-735
-958
-756
-614
-491
-1235
-611
-425
-683
-374
-880
-303
-478
-325
-753
-1246
-533
-427
-1194
-1076
-403
-1192
-819
-565
-579
-1152
-863
-245
-668
-1345
-878
-635
-216
-658
-1085
-1055
-721
-761
-979
-624
-604
-702
-689
-466
-171
-1354
-703
-952
-567
-191
-40
-1090
-1228
-1019
-634
-90
-136
-234
-457
-626
-387
-814
-1313
-577
-1356
-1035
-488
-528
-444
-763
-960
-926
-1641
-480
-126
132
-449
-821
-1236
-655
-798
-1054
-1232
-348
-658
-1042
-728
-656
-771
-754
-701
-207
267
-546
-1299
-849
-412
-1023
-803
-812
-285
-378
-656
-693
-820
-776
-504
-207
-584
-922
-1029
-764
-1240
-1209
-687
-494
-1117
-738
-1003
-711
-657
-509
-806
58
26
-760
-601
-754
-1041
-759
-829
-572
-1345
-683
-462
-813
-1253
-997
-1290
-301
-456
-447
-361
-932
-1096
-990
-331
-141
-1397
-722
-591
-533
-943
-543
-573
-120
-432
-694
-1321
-601
-494
-921
-287
-393
-397
-916
-843
-151
-888
-1022
-1083
-199
75
-1392
-780
-761
-743
-874
-1048
-539
-942
-372
-639
-657
-800
-376
-773
-611
-488
-933
-1049
-735
-641
-1067
-811
-1263
-1174
-883
-510
-524
-569
-485
93
-639
6
-440
-1126
-757
-281
-464
-655
-724
-503
-543
-528
-734
-99
-427
1
-264
-631
-469
-889
-466
-529
-488
-640
-408
-773
-729
-705
-856
-325
-433
-640
-244
214
460
291
174
526
613
474
507
165
325
434
120
405
619
754
588
72
2
-64
493
623
351
17
-80
413
609
316
452
311
524
436
297
676
922
618
1040
330
209
947
860
757
542
920
20
742
329
884
304
456
961
267
96
1037
712
713
546
736
792
130
1132
265
792
455
502
645
556
259
1107
338
688
308
861
779
526
592
718
253
887
574
127
240
90
656
469
660
634
966
598
668
1077
528
359
692
103
547
304
351
909
894
631
680
750
780
1060
199
767
770
93
299
885
626
57
438
379
805
497
519
901
666
776
224
557
397
1282
87
465
958
603
651
538
-178
349
1139
668
546
455
697
1056
903
430
310
1139
575
337
377
551
711
1201
509
617
451
575
934
494
417
620
385
1130
1147
510
637
611
594
492
672
497
471
958
603
202
245
996
910
704
266
507
535
842
402
577
740
537
545
251
308
652
672
790
169
555
262
-7
511
468
656
597
577
832
795
799
988
598
6
390
605
487
1093
822
633
784
787
1088
540
515
1010
1056
736
1088
644
710
738
934
404
-80
462
642
736
380
793
832
709
577
87
590
373
901
83
786
363
353
577
610
715
783
576
585
519
604
614
613
635
726
864
642
453
414
-34
-27
56
144
143
264
588
78
774
184
-147
669
75
401
-87
-42
-209
-116
-93
105
154
64
-211
305
-505
57
323
145
104
-480
336
492
147
-215
313
215
226
224
321
232
31
504
161
-112
326
208
177
111
-301
-580
186
449
405
-430
-267
64
701
-73
-340
68
0
-37
204
278
143
312
337
208
-119
447
462
139
-280
182
568
611
508
367
-43
240
-206
-268
306
409
243
76
252
257
198
167
208
-54
84
171
328
125
-89
-152
295
142
299
-59
221
59
308
-162
-133
691
417
470
-23
151
126
223
480
-273
421
698
362
58
-79
596
293
-37
-143
-131
487
49
164
17
136
-52
-154
-8
153
302
275
-54
161
73
-24
572
236
-107
-409
567
-218
-111
456
395
272
558
616
348
297
-63
-112
183
-143
-56
421
-393
353
17
104
87
251
245
-256
5
-27
-44
1051
26
200
328
74
0
-209
32
404
111
390
224
211
194
107
262
53
-313
-284
4
-22
508
49
88
229
181
215
249
366
-249
852
-424
-245
448
632
-200
-91
-20
209
148
135
251
-10
245
-60
80
174
453
434
202
-9
29
9
219
386
-64
115
134
562
108
133
418
377
984
43
387
-117
324
13
-210
103
83
185
75
66
27
-83
-512
-17
-321
106
9
-139
-139
68
-38
-81
28
-197
191
6
467
161
78
-112
382
628
-24
7
-308
188
750
11
307
330
528
111
284
414
268
830
-415
653
424
676
47
147
630
490
763
452
379
799
22
672
93
126
887
-198
60
709
-106
-104
-17
178
-115
127
358
370
676
418
8
376
179
-198
422
-143
372
536
306
605
388
529
565
167
830
0
266
642
815
127
66
494
646
303
330
306
454
-184
490
250
505
366
-64
81
280
222
284
1001
86
175
49
-106
857
557
176
1234
359
92
462
424
431
398
-218
386
-191
194
224
-36
247
431
269
368
407
758
300
502
128
874
399
656
273
11
726
626
1138
19
582
231
-126
345
385
637
603
391
-91
662
579
318
55
-62
563
214
72
602
516
-15
619
157
116
-144
-6
-159
119
463
518
530
667
-136
572
112
216
-3
78
817
1219
577
501
828
-154
-9
-241
297
940
208
207
480
805
504
338
212
467
222
167
138
428
329
620
449
637
674
589
248
701
485
914
-168
418
687
226
-25
-406
408
-10
343
126
87
166
121
331
115
462
49
785
351
590
921
52
578
415
554
681
448
564
776
1195
764
797
1192
332
815
376
970
354
89
702
452
539
450
400
353
371
146
345
733
190
714
341
1009
271
-114
236
-569
108
441
-63
161
3
32
-108
-348
-334
-50
529
439
-270
263
130
271
883
407
407
435
156
706
417
106
608
401
528
692
-474
316
738
-171
396
328
91
921
1090
560
-55
388
418
867
346
657
-447
830
757
794
362
896
742
353
85
630
371
409
451
385
331
-6
-133
403
326
370
447
666
895
-43
261
410
459
160
466
686
614
204
-88
307
688
632
787
533
394
675
543
-126
1079
473
615
497
198
349
-442
528
245
207
155
402
440
393
503
626
224
256
287
26
1166
399
-351
888
441
433
451
1133
767
-137
550
662
807
81
904
464
499
-14
-79
924
149
-185
557
552
95
479
640
391
307
406
637
264
526
54
195
732
390
-13
614
778
208
-49
555
634
287
558
1050
749
738
193
-89
430
562
651
481
424
315
551
779
387
294
593
137
-85
850
530
-143
825
380
406
48
665
615
470
668
227
112
145
150
1165
365
88
-238
733
57
642
243
705
499
318
571
617
779
21
553
587
671
153
-32
453
479
381
578
526
406
647
852
668
525
625
697
398
175
659
-224
629
569
-23
250
424
248
78
-16
102
518
269
317
400
536
560
-267
481
740
394
744
636
515
620
571
584
486
590
357
888
729
580
38
-409
-417
-549
-171
-450
-118
-399
300
-70
-167
-77
28
217
-385
-92
77
183
153
-179
-15
-260
113
-250
-95
-286
12
13
49
-229
-108
381
684
-56
-282
-138
-170
37
270
-322
142
431
-131
134
-582
-181
-229
392
304
260
-124
356
563
184
364
-70
80
127
124
201
440
-184
883
200
509
267
-136
18
-245
86
345
228
769
321
429
134
-52
-177
443
161
759
212
-172
-258
314
170
188
466
105
-58
-40
655
314
-73
-254
451
307
118
-711
-64
390
128
698
130
203
81
11
-92
62
397
275
252
517
31
-517
599
597
-42
279
798
-142
197
299
163
-12
163
329
821
410
-28
544
100
385
-2
254
339
190
412
-106
374
-13
-323
227
1072
720
190
51
203
-200
-125
999
475
-219
-267
-449
-119
6
317
355
583
449
38
-569
422
69
279
503
170
288
-33
593
410
183
-309
285
402
366
292
433
197
611
536
538
562
643
455
253
244
47
394
877
367
519
602
147
490
372
-374
145
-178
540
184
586
299
939
499
160
247
301
534
216
65
213
390
408
379
389
156
-66
-95
-39
154
589
663
424
445
183
167
-13
308
367
580
748
681
421
442
248
273
358
96
336
681
464
1136
712
659
783
1000
698
218
692
627
447
875
618
947
254
-575
-150
-719
-381
74
-335
-90
-390
-97
-201
-88
-597
-634
-316
223
-386
375
-100
-560
-487
-47
-249
-428
-54
79
-65
-256
-320
-75
-148
-250
-192
689
491
710
566
210
-221
-83
-57
200
88
391
-143
107
214
154
35
556
267
-201
-290
41
-232
-239
-372
46
429
33
-168
221
-569
339
-470
879
76
-478
296
-213
897
-182
-249
17
85
320
-206
-16
345
-186
-582
158
-262
-7
462
309
43
-470
225
-793
-241
-231
-45
-143
132
-101
78
236
99
499
-122
213
-86
-191
-30
-471
-238
102
195
351
428
231
-295
352
-18
200
-723
-175
334
89
670
468
-33
-102
335
-469
-159
-110
-322
289
356
-333
-417
-69
293
-10
-226
-152
-163
-124
24
-104
427
-24
-121
365
-78
-488
96
306
156
-614
-164
23
100
-350
-439
299
230
-22
-461
508
172
21
279
-263
152
-5
-309
-157
-313
-396
187
-831
375
-298
-290
681
-110
-23
-225
-289
-1
97
406
-614
-339
-190
227
-319
44
53
143
626
-104
61
-392
244
-147
285
26
-21
529
300
-103
349
110
1
-59
322
-433
-462
76
-410
-159
153
-248
-456
-331
-638
-285
-651
-515
-103
-705
259
-282
101
55
-245
34
-228
88
-212
286
52
39
-101
93
1
-525
471
-282
-299
-334
-266
-306
-595
-654
-610
-542
-404
153
-61
57
-187
-128
-283
-183
-853
-645
-606
-701
-495
-655
-645
-951
-172
-816
-723
-300
-515
-611
-413
-253
-496
-557
-415
-559
-75
-102
-330
-304
-34
-683
216
-589
6
-137
-189
-262
-338
-237
-406
-376
175
-56
-436
-94
-191
-237
-468
182
291
-133
-136
236
-351
221
-117
134
-363
-312
-413
-642
-106
217
336
-658
158
-87
-456
-430
-536
-299
-366
-425
153
-126
-303
-338
-434
-235
242
-126
-110
107
-291
-88
-657
-334
-412
113
95
-210
-501
40
12
-244
-294
-138
-354
177
-486
-353
-256
-940
-522
258
-60
-329
-687
186
-414
-629
-74
-106
-22
17
-533
23
-206
-644
-247
-538
-764
-264
-206
-385
-314
186
-249
106
-425
-340
63
-105
-534
-317
-696
-289
-358
-213
-682
-373
-559
-264
-379
-455
-432
-363
-386
-321
-476
-389
-395
-181
18
-452
-587
-568
-210
-27
-175
-183
-186
-18
-90
-547
-647
-19
-764
-347
-797
-448
-593
-60
-96
-311
-455
107
153
-87
-460
-199
-292
-176
-183
-51
251
-286
-318
-93
-140
201
-78
178
-441
-422
-258
-401
-677
263
-235
-589
-880
-528
-391
-351
-394
-436
-120
-922
-173
-76
-526
-342
-144
67
-371
361
591
216
71
264
-556
305
-141
-176
-26
-47
-319
-577
-892
-689
-761
-547
-559
-435
-511
-580
-224
-310
-149
-396
-363
-476
328
563
713
535
475
704
502
557
905
923
608
662
996
814
812
480
477
242
331
4
77
236
66
-12
9
306
-571
92
5
-392
74
462
60
77
-83
35
-456
-233
521
-121
-671
59
-42
-372
-81
-706
432
189
-276
-679
-862
-607
-438
-225
-422
-825
-339
-754
-604
-27
-776
-788
-715
-353
-570
-1214
-743
-197
-780
-1341
-448
-729
-290
-935
246
-64
-1022
-474
-404
-202
-432
-442
-249
-576
-1351
-660
-669
-900
-469
-421
-1329
-130
-700
-584
-885
289
-208
-417
-677
-2
-874
-671
-514
-103
-831
-176
-1097
-973
-835
-819
-912
-273
250
-945
-1264
-628
-534
-1106
-1124
-583
229
-529
-878
-151
-490
-920
-579
42
-267
-888
-655
-388
-600
-1002
-371
-532
-691
-386
-801
-972
-131
-547
-675
145
-482
-1192
-451
-348
-1299
-733
-288
80
-546
-974
-348
-24
-635
-1498
-985
297
-445
-293
-973
-194
-703
-353
-278
-781
-861
-683
70
-157
-815
-964
-28
319
-627
-740
-325
-448
-585
-290
-937
-345
-523
-389
-572
-689
-726
-1125
-376
69
-358
-953
-320
-909
-769
-444
-1764
-566
-380
-897
-1404
-848
-627
-872
-627
-369
-56
-723
-1101
-1005
-598
-475
-684
-181
-543
-932
-580
-709
-828
-339
-371
327
-74
-1188
-218
-419
-573
-709
-1303
-391
-835
-24
-476
200
-482
-413
-393
-191
-263
-832
-482
-516
-412
-531
-947
-970
-723
-729
-230
-705
-529
-486
24
2
-1011
-1389
-1286
-1179
-1153
-1355
-1179
-709
-1100
-854
-1138
-1203
-1253
-1235
-864
-415
207
630
-7
-265
125
-323
-298
93
12
-485
283
302
-372
-562
119
-275
60
-647
-217
-445
-768
-306
-38
-307
-442
313
-511
-426
-296
-464
-657
-644
15
-151
-1310
-793
-817
-1067
-1111
-834
-583
-468
-712
-699
-747
-450
-300
-134
-144
-339
231
-575
-425
-663
-546
-558
-318
-843
-623
-752
-303
-227
-752
-12
-41
-743
-959
-505
-212
-849
-1158
-972
-244
-653
-531
-692
-363
-670
-223
-247
88
-503
-778
-998
-981
-795
-484
-501
-911
-382
-360
-501
-308
-603
-218
-327
-378
-405
-385
-960
-817
-712
-185
-299
-453
-1156
-343
-78
-1094
-872
-714
-133
-414
-311
-181
-235
-536
-485
-1459
-578
-470
-666
-834
-548
-14
-429
-422
-538
-567
194
-109
-520
-257
-259
-4
-558
-881
-933
-317
-440
-1078
-378
-416
-235
-16
-731
-637
-395
-1075
-842
-924
-331
-765
-446
-894
-1253
126
-739
-229
-78
-407
-696
-835
-828
-578
-718
-292
-590
-860
-402
-398
-416
-591
-604
-143
-78
-224
-380
-595
-746
-1015
-1073
-596
-184
-836
-788
-375
-711
-593
-501
-43
-589
-166
-1083
-453
-360
-316
-196
-534
-592
-843
-577
-1121
-1028
-338
-71
-421
-66
-232
-377
-546
-589
-677
-846
-156
-392
-596
-382
-218
-323
-527
-741
-246
12
-132
-504
-859
-644
-419
-227
-334
-418
-314
-909
-665
-714
-350
-399
123
-270
-406
-353
-558
-542
-431
-382
-183
68
-267
-444
-63
-405
-432
-705
-324
-33
-723
-238
-251
-738
-953
-965
-348
-685
-509
-363
-622
-182
-973
-452
-506
-253
-846
-596
-618
-806
-724
-736
-392
-605
-601
-807
-751
-670
-198
-720
-743
-252
-757
-798
-371
-952
-797
-876
-745
-1033
-679
-1166
-291
-669
-913
-412
-517
-55
-691
-564
-834
-511
-708
-509
-865
-414
-667
-509
-53
-630
-486
-678
-467
-155
-844
-427
-441
-1017
-963
-844
-694
-642
-1098
159
-928
-935
-652
-811
-497
-455
-1178
-452
-875
-163
-147
-557
-704
-531
-396
-932
-522
-291
-706
-558
-600
93
-595
-606
-1196
-426
-568
-872
-895
-563
-887
-513
-1023
-829
-582
40
-679
-168
-923
-558
-556
-325
-631
-375
-173
-179
-448
-892
-663
-755
-882
104
-697
139
-1130
-527
-822
-211
-575
-891
-727
-427
-747
-954
-1268
-721
-233
-1027
-846
100
-1183
-752
-365
-605
-651
-688
-388
-831
-644
-450
-512
-239
-499
-792
-265
109
-1058
-553
-190
-152
-529
-194
-901
-194
-357
-678
-209
-796
-446
-611
-395
-29
-943
-411
-1008
-426
-976
-806
-1092
-1090
-714
-1189
-423
-668
-421
160
-761
-25
-788
-385
-1035
-704
-434
144
-533
-697
-326
-524
-868
-1188
-941
-279
-66
49
-991
-517
-685
-98
-389
-378
-265
-262
729
274
-211
-921
-488
-711
-878
-436
-1609
-42
-612
-548
-556
-762
-857
-878
-580
-911
-523
-1184
-338
-257
-478
-297
-984
-792
-279
2
-421
-471
-697
-427
-468
-322
-203
-304
-264
-433
-149
-334
359
-248
-46
471
430
-300
-356
21
-456
-13
36
-135
319
-192
-291
-552
952
125
134
64
22
10
314
153
218
515
-6
3
-299
741
-666
-774
759
107
85
314
191
107
-322
-189
-60
-836
-47
-429
31
-760
-392
-64
601
-358
191
-401
-363
-412
31
-553
-339
450
-87
6
758
-49
38
-603
493
-50
-600
165
130
51
-389
-341
333
-167
-15
297
-438
-189
-353
-456
510
91
-356
3
-274
-302
-157
255
-592
-288
-647
-1
-3
74
-920
-667
862
-76
345
-269
146
-137
-304
-199
-349
-222
214
-58
-405
-172
-219
-832
615
-671
-627
-488
-675
-199
-359
151
234
357
-665
-192
-3
-242
-524
-361
320
-424
-265
-169
296
-109
393
110
-156
25
-405
-482
-427
-232
-818
-223
873
-448
-163
254
-417
15
-298
-317
-135
-666
-272
-223
362
-619
-686
-335
99
-313
-736
-411
-396
-392
-341
-697
-328
-493
204
415
-607
-496
-399
-249
405
-225
-154
-409
-205
172
-105
51
-309
-382
80
-493
-552
-479
-292
-697
160
-697
-58
-271
-282
293
118
-287
-379
-477
144
-33
269
284
-371
-99
535
398
-416
-126
248
-191
-28
-494
65
-254
651
109
-349
-564
-226
-334
522
-456
-428
-382
-300
-288
-1246
-378
-183
-230
-193
90
-274
-538
272
-456
-64
-528
-802
-514
-343
-309
-203
-265
-299
-364
-274
-259
-393
-32
-655
-76
75
-307
57
214
-367
6
-494
-428
-278
275
87
-294
-87
-123
302
-76
-210
121
-662
-940
-151
-422
-698
-152
-61
-389
76
-358
-499
-338
-423
9
224
-501
381
170
-196
518
476
-542
-455
-231
-99
175
466
297
465
-79
-27
-217
-251
-391
-518
-492
-175
-311
-82
-32
-97
-764
-302
-383
-124
-146
331
-9
-282
-318
-362
20
-539
3
-498
-149
-137
47
-177
-381
-235
-348
380
-590
-112
381
-33
-379
-1033
-250
-145
-303
-550
315
-64
3
-120
134
16
-449
-249
-232
-288
-432
92
-134
-507
-313
18
-196
377
46
734
-118
424
0
-213
-288
95
-356
-395
0
42
-615
-285
-236
-337
-479
7
-109
-590
-353
43
-267
-420
377
-201
-400
-25
-307
-630
153
222
-410
-84
284
-128
-312
-204
-365
379
-438
-847
-460
-412
304
483
-203
51
-62
-460
-207
358
-813
-106
455
-584
42
-398
-3
228
-391
-791
-271
-724
-18
113
370
-23
-445
196
63
-201
-777
-107
-264
-79
238
457
556
-450
-687
-484
78
251
-431
-597
-980
-130
-244
-198
-417
-627
-204
-299
-512
-168
630
-152
66
170
-532
-3
-163
-337
-616
-104
127
-232
193
-842
-506
-342
-540
-143
-306
-3
-482
149
418
193
-42
-34
63
-54
172
438
167
-378
-82
183
-33
506
-289
-273
17
-76
-73
-450
-123
-275
58
-498
324
-324
343
-350
263
-149
80
-167
203
-452
-374
-368
-577
-295
-51
-467
132
-408
82
78
-21
-648
-611
195
-12
-296
-849
-508
321
-388
-231
27
-605
-407
-428
-551
-126
-565
-1073
-43
-244
-675
-620
-734
-662
-593
-564
-614
-87
9
-745
62
463
-258
-570
-414
-291
-481
-413
-80
-632
-173
-603
-74
-296
85
252
57
215
-466
-852
-425
-162
-371
-105
-336
-314
-220
-485
-719
-473
-639
233
-532
542
-1072
-907
-817
-215
-105
-1029
-127
262
-983
-292
-188
-555
-112
-371
16
-198
-728
-1156
-111
-863
-124
-275
-252
-386
-437
-616
-415
-255
-629
340
-579
442
-666
-711
-147
-521
-415
-923
-598
-596
-714
-319
-1096
-543
-182
52
207
38
-890
-963
-510
-249
-54
-266
-197
33
-418
-333
-335
-191
-414
-369
-318
306
-576
-544
-308
-86
-61
-337
-499
-619
-391
-194
-226
-584
-327
-90
-211
454
-717
-1378
41
-29
-797
-409
169
-201
-207
-570
-161
-202
-286
-611
118
794
-598
-864
-430
-517
-10
-535
-1028
-469
-392
190
-499
-147
-118
-155
-465
149
-573
-822
-196
-321
284
17
-39
-657
-133
-336
-700
-1176
-174
50
-56
343
-310
-669
-526
-279
-427
-265
-753
115
-160
350
-208
-106
-425
-530
-204
415
-644
-949
-301
-507
-321
-389
-105
-335
137
-296
-69
-665
-622
-194
13
10
-219
-273
109
159
-184
23
21
772
337
423
38
122
-87
164
-152
-53
504
-200
218
45
360
36
316
-94
-196
-313
47
455
539
89
-176
305
102
383
137
65
74
136
39
-33
-384
142
374
-331
15
-494
635
609
-320
669
597
118
-103
-180
-182
-379
489
444
258
632
105
453
107
559
-25
80
141
79
130
-147
-273
414
-190
111
-113
153
-97
-106
234
-91
-528
-315
-108
-157
-17
-346
-148
-292
-179
79
250
93
179
-149
377
-117
91
299
-6
-190
131
31
-55
22
145
-79
4
369
-333
36
410
-266
-127
217
-52
-130
50
-72
-186
151
-16
-77
33
145
-271
-264
213
-188
-81
-61
70
-61
-226
46
128
-466
-253
-72
-163
-40
75
-148
386
205
-157
258
122
-112
-71
331
-8
114
220
531
-121
239
204
251
-355
355
-101
-18
145
103
-160
-204
414
135
187
206
61
588
179
-445
312
229
-319
271
-28
400
264
326
430
-128
120
741
357
479
91
104
667
391
21
43
-232
150
616
131
203
161
28
57
-203
339
-100
-766
401
211
41
-101
113
182
90
-159
-214
326
42
31
33
98
98
-563
425
372
-270
-299
-220
177
-391
282
215
250
-145
-234
229
105
-273
0
-29
607
-182
180
-168
-234
341
549
-88
153
-248
-109
-188
-67
485
129
274
416
-375
-54
-129
-47
305
-707
-485
-193
-325
-290
13
403
313
-254
61
-46
-226
736
389
921
823
24
768
355
140
342
752
556
438
541
473
-48
-542
493
1012
469
454
428
104
680
380
385
19
463
735
-135
111
233
-315
621
213
556
30
-37
380
-123
411
717
805
1196
305
-499
-185
200
-3
-16
732
-320
769
748
380
-16
295
466
260
364
137
-193
105
536
-725
38
875
441
204
-295
323
110
461
95
675
-71
534
-125
470
751
-124
480
310
66
-424
263
334
282
-85
331
148
435
229
278
-771
390
-52
145
209
-248
506
-428
686
-234
290
22
63
205
-225
-102
116
457
-40
96
-245
267
123
323
77
560
270
316
92
-130
578
-169
-150
898
-367
-200
60
72
182
471
-12
169
139
480
117
175
-139
262
-278
665
53
143
421
159
129
-151
589
53
690
266
85
528
336
-827
439
685
-797
475
65
-69
200
66
256
-40
510
212
462
520
-533
398
429
288
-141
438
-39
509
465
182
185
289
103
55
170
-570
193
52
192
527
-268
230
410
287
56
57
-160
472
33
708
370
168
127
-202
381
285
-657
284
-526
241
-13
484
-124
-70
190
-231
176
-184
-520
678
291
79
-205
217
-65
-201
25
90
-713
-408
-430
188
-262
-90
-140
-375
-282
-101
18
-587
-251
39
189
-548
97
-195
-24
86
247
40
187
-168
328
510
49
696
519
120
865
460
585
293
853
882
137
437
214
3
504
112
-4
-256
-17
-94
-202
148
-367
-493
-3
-255
-168
-238
-62
-498
-259
167
-306
245
-230
-256
214
601
6
165
104
207
142
10
-363
-14
420
695
113
150
1
-98
-44
440
378
-407
105
184
-498
-646
-7
293
1044
716
-213
178
313
-203
273
-213
-155
370
285
-6
-116
266
333
394
-322
83
-116
10
-558
450
-323
213
-291
-194
-200
370
293
-36
-406
-308
324
358
310
-36
-124
-63
316
136
468
100
259
-210
85
-69
-6
311
215
256
-413
-78
346
237
430
73
-75
-40
-63
168
118
314
-23
-217
69
-27
-324
128
165
-215
-133
-68
173
-113
-211
-59
-15
349
-321
385
920
267
-253
573
-251
-161
-187
157
82
-134
-248
408
69
-107
74
275
247
82
-51
237
315
340
-250
-530
258
339
239
-640
-9
-165
-134
368
578
-151
-317
252
-27
16
201
186
-27
-131
-176
84
332
370
-365
165
274
-301
-84
153
-55
183
-162
-211
-281
227
-8
-222
-56
1
466
-253
-172
627
-237
-13
-297
-123
298
-25
-105
-124
-214
-88
-122
171
83
290
-311
-207
240
702
600
960
660
281
739
829
663
823
731
794
750
483
947
504
185
-85
-167
-19
67
-15
221
-36
-344
116
-111
-169
-4
71
-224
224
336
-348
381
198
8
-337
229
290
21
24
239
-92
268
-185
-141
139
249
214
812
143
519
-317
357
-18
-332
-22
573
-285
344
306
-158
74
315
-363
557
161
978
-302
-214
629
261
379
-130
167
867
577
542
-50
490
641
704
632
826
-47
281
382
494
102
205
524
417
-327
-155
302
461
288
-221
240
-321
681
100
251
78
142
28
11
319
138
614
-434
463
174
5
553
56
89
5
-39
29
976
415
87
471
-155
504
241
156
205
887
151
218
96
520
683
-86
265
349
78
175
238
-201
-31
399
438
744
511
449
269
-373
-32
-305
276
65
-448
-67
9
604
14
869
87
349
102
168
169
91
-38
-72
406
116
206
532
-146
353
592
581
85
-231
369
36
712
467
157
423
224
1
617
514
26
-165
554
744
157
-124
466
267
298
221
161
350
11
38
235
645
631
122
-71
394
-57
258
611
721
493
-98
616
-110
713
348
551
-127
340
165
-178
566
568
157
55
-33
307
688
299
97
-262
308
-204
-159
-141
-159
149
506
-67
-13
186
18
-197
409
54
20
211
149
352
210
243
957
134
651
525
610
679
960
338
571
683
916
789
1002
861
723
679
1043
105
53
567
272
553
469
461
-4
342
102
305
390
542
386
365
208
549
-608
-906
-482
-1086
-625
-547
-500
-884
-599
-270
-830
-516
-518
-762
-849
-335
48
510
-240
-935
-332
-368
-209
-332
-263
-648
30
-101
-539
-838
-701
54
-966
-216
-898
-911
-665
-795
-370
-409
-567
-651
-151
-636
-328
-579
-848
91
-916
-643
183
-293
174
-1005
198
-387
-417
166
-287
10
-731
-104
-231
-225
-301
-371
-166
-944
-724
-224
-393
-180
222
-278
-1159
-922
-299
-656
-58
-42
-542
125
-679
-578
-416
-343
-526
-510
-457
-687
-364
-246
-390
-314
-857
65
-73
-53
-499
-508
-758
-377
38
44
-219
-102
-410
103
-899
47
-866
-6
-534
-924
191
-266
-433
-453
201
-170
-316
-338
-110
-336
13
-465
-301
-121
-270
-524
200
-528
-421
-437
-941
-343
-670
-339
-694
301
-184
15
-667
27
-546
143
-237
268
-374
-279
-502
-395
-228
-527
-14
-742
-434
-394
-398
-169
-545
-375
-344
-326
-16
-326
-308
-110
-272
-401
-574
-198
-662
-670
-231
-45
-697
-304
-579
-618
-620
-470
-491
-740
-368
-659
-782
246
-835
254
173
-238
-399
-445
-521
-406
-119
-245
-173
-157
195
-443
-281
-982
-378
-656
-593
-24
-339
-276
-439
-736
-160
-70
-510
-811
-123
-878
-247
-610
19
-557
-441
-73
-661
-410
-1141
-972
-887
-1139
-970
-517
-740
-1175
-473
-708
-426
-964
-416
-542
198
503
-126
230
37
71
135
518
176
205
-22
-13
-308
143
187
294
-125
212
-15
336
141
316
-20
302
-8
214
107
-27
215
54
-156
141
301
646
448
399
664
506
311
351
860
466
-255
1005
38
34
-231
180
203
-30
885
437
311
29
204
-63
624
-72
495
-669
851
-489
358
-671
347
935
839
266
-24
-183
330
585
153
349
433
-211
404
-21
-526
662
432
427
334
-205
73
-38
381
-156
-220
603
-130
505
289
-12
-15
-232
657
-53
95
401
234
-38
252
-350
125
189
559
26
283
-98
-299
897
177
370
177
534
20
62
153
337
-246
-26
80
142
-287
797
-407
245
329
72
271
76
56
-298
145
237
-201
-55
130
182
337
11
216
257
419
7
424
-367
289
377
507
493
356
312
134
13
233
185
304
82
299
-58
111
-427
456
409
58
86
316
-13
-37
77
-215
1030
6
519
212
23
169
109
306
-101
98
38
258
-129
617
-80
524
-107
266
440
-1
410
154
438
-257
403
213
185
72
211
129
440
-159
124
-204
306
235
559
-18
-136
656
245
256
-30
309
-400
-7
313
-152
258
-331
-288
459
306
67
319
635
-173
-446
33
-231
5
406
-188
720
-502
-257
419
489
-39
-147
176
-250
-365
-187
33
136
-397
522
-257
-707
355
199
146
132
-361
53
248
8
117
400
44
-60
-99
71
132
-169
32
344
54
-614
-1312
-460
-720
-1051
-1152
-452
-543
-799
-349
-667
-384
-621
-728
-340
90
-487
-601
-785
-938
-1097
-1064
-678
-916
-853
-142
-1119
-655
-671
-291
-437
-69
-413
-606
-139
-735
-828
-607
21
-826
-646
-178
-628
95
82
-195
72
212
-169
-480
602
-90
-746
-318
39
-614
365
505
248
-622
-852
-340
69
-218
-594
-320
-515
-735
-495
-617
-848
-502
57
-220
-387
-822
-630
153
-617
-566
-157
-376
-374
-679
-157
-1110
-279
-782
-572
-39
212
-4
83
-212
-759
-31
-103
-587
-566
-229
-723
-109
-14
-247
62
-100
-343
-407
-329
-259
-675
79
-408
-517
-10
52
98
-767
-598
-1162
-476
-863
-401
-331
395
-556
-549
-151
-12
-466
-171
84
-23
-631
-146
-59
-182
-229
-657
-110
-268
-698
446
292
-667
-348
119
-662
-346
129
-241
-758
-482
-541
-372
-259
-662
-331
429
-456
64
-453
122
-49
-344
-421
-447
54
-49
-252
-193
-227
-731
-266
-168
290
-529
-699
-480
-236
-300
-175
-460
-411
-343
-221
349
-242
-401
-578
-532
223
-526
-344
-107
-414
-591
-410
-90
-520
-340
-225
-525
-574
-751
-447
-472
187
66
-526
-645
-760
-310
-401
-570
-357
-660
-266
-566
-602
103
-614
-300
-383
23
-8
45
370
332
-26
532
546
239
469
669
7
427
648
497
217
-21
-289
-195
-279
-508
-704
-354
-349
-355
-493
-258
-284
-705
-420
-464
-654
-461
-513
-850
-783
-744
-975
-697
-658
-1090
-726
-917
-786
-604
-732
-897
-764
362
-171
-31
-174
82
-253
173
89
-96
-201
-86
-167
-72
-238
-1
10
-79
-539
-242
184
-469
-285
-238
-515
-428
243
-162
-639
-74
-400
203
-476
-332
-314
-143
-150
-510
-222
-319
-372
-132
-440
-499
-215
-720
-436
-374
-161
197
-365
-423
-529
-275
-345
-119
-450
-568
-276
-28
-578
8
-123
-11
-292
329
-243
-192
-180
-337
-264
-551
-57
-350
-295
-394
-284
-475
-229
-403
-676
-52
-823
-457
-195
-584
-674
-395
-507
-337
-396
-247
-571
-323
-655
-242
-433
-207
-443
-348
-419
4
-328
-209
-51
-444
-556
-283
-117
-84
-514
-128
-696
61
-374
-248
-106
-527
-109
-324
-476
55
-241
-723
110
-556
-416
-907
-503
160
-61
-314
143
-88
-463
-766
-640
-258
-708
-43
-274
-296
-658
85
-231
-2
-273
197
-791
-473
-179
-348
-221
-879
-359
-658
-357
-522
-104
-127
-548
-32
-424
-228
-275
17
-740
-187
-524
-319
-553
-513
-520
-523
-480
258
-44
368
-513
-138
-483
-358
-69
-94
-436
-413
-1
-209
-583
-327
-352
-452
-196
-105
-337
24
-211
-371
-455
-65
-192
-359
-337
302
-67
-471
-393
318
-546
-178
69
-640
-858
-1150
-733
-952
-648
-452
-463
-399
-524
-693
112
-647
-404
86
212
303
354
232
313
72
401
293
238
77
40
468
344
462
-79
-6
646
188
-185
67
452
-8
-299
649
540
231
160
-73
41
235
481
-595
-146
-518
-118
-225
-220
-742
-195
-363
-626
-438
-342
-277
-293
411
-124
-833
-56
-531
-539
-725
-742
-694
-95
-522
-437
-72
-146
-90
49
-503
111
-314
-288
-728
-376
-197
-542
-102
-170
-680
-945
-219
-117
-281
-443
-286
88
-662
-429
-97
-427
-161
-357
-349
-340
82
-333
-981
-163
-278
-508
-723
419
-387
-850
-216
-669
-708
-228
-552
-587
-134
-590
-669
-327
-503
-705
-105
-138
-417
-412
-806
-695
-1264
-500
-601
-249
-593
-282
-379
-138
-539
-254
-227
393
-506
-190
-70
-589
-999
-960
569
-227
-692
-417
-184
-413
-832
-219
-691
-414
-330
-244
57
-312
-43
-776
-1046
-877
-912
-226
-759
-359
-406
-312
250
142
-456
-135
-643
-317
-431
-369
-463
-310
-731
-256
-18
-472
-609
-641
-372
273
-590
-26
-68
-305
-364
-1147
-593
-286
-310
-387
-318
-544
109
-651
-706
196
-352
-704
-83
-495
-647
-276
-447
-707
-572
-166
-371
-405
-117
159
434
-139
-135
153
-500
-276
-252
-277
-828
-436
-506
-482
-494
-174
-211
-818
-407
233
-615
-559
-1001
-689
-382
-289
-520
-653
-573
-823
-963
-647
-677
217
-966
1
-431
-545
-7
-795
-288
-307
-306
-39
-116
-245
-216
-822
56
-467
254
-45
-246
-292
-230
-46
-292
-70
-42
-148
234
143
322
190
-279
259
61
-167
-180
-170
71
-74
-33
351
84
-175
218
464
47
280
26
472
-56
220
-178
-108
234
169
268
46
-228
120
454
-351
31
408
290
555
-84
-159
163
204
-142
187
-156
303
-158
368
-306
-188
104
307
721
215
-288
88
-95
34
-172
330
50
263
983
-109
-249
161
-60
-77
895
423
192
-282
35
401
286
465
22
214
-98
559
626
284
6
556
165
226
-710
-204
-222
66
196
324
239
88
-44
443
74
-157
100
390
405
-295
-691
-71
790
-222
237
534
-50
-92
-171
346
613
-285
-59
273
-18
34
126
-75
310
-81
267
-137
-351
-87
155
249
-109
240
817
154
168
13
-262
-67
22
-261
199
-42
382
136
-55
442
-72
103
103
515
326
293
1
-591
162
487
-74
463
461
543
307
281
669
289
59
210
239
406
-474
-557
273
188
509
514
480
191
531
635
238
33
609
545
-21
-217
-113
-145
167
50
1067
-387
-127
447
460
208
22
225
708
226
245
268
500
-381
-102
43
269
506
322
78
44
-80
218
421
493
134
379
200
-147
89
165
250
24
243
987
872
110
417
381
230
169
386
249
-53
-32
386
-224
241
138
78
120
-3
-180
115
-251
-3
183
409
-7
-539
-192
-181
-311
-279
-4
241
-127
-128
231
13
-148
432
593
207
45
562
326
314
103
-215
10
-203
80
299
212
70
321
266
376
275
318
228
-103
108
56
312
712
444
1018
265
307
1043
889
336
1032
1001
388
335
27
-206
-138
-283
882
415
202
304
262
828
453
478
463
97
533
17
-271
-115
395
344
107
277
968
302
840
663
500
-41
273
754
512
456
283
385
23
154
623
1070
770
1056
530
632
871
494
808
1194
982
876
360
223
125
24
1060
436
831
298
923
779
730
490
479
814
524
268
329
316
-25
575
776
292
180
704
566
669
99
645
521
507
523
700
432
68
404
271
335
65
450
635
730
597
432
982
1404
109
445
1130
97
230
423
716
395
309
819
314
42
834
651
1094
621
23
398
965
-120
570
363
314
35
482
385
120
812
508
691
587
512
578
703
461
277
618
161
337
35
185
484
880
1067
1300
572
1003
458
-18
738
483
-118
146
258
412
588
264
335
934
763
568
550
793
910
179
454
873
40
-37
229
510
133
420
315
693
258
-65
406
372
169
1077
856
347
84
-143
-82
851
327
602
427
825
378
584
692
649
125
413
-28
534
355
257
40
5
457
-274
145
-93
40
270
49
184
-205
-372
-414
-198
-370
-301
-4
386
565
490
867
693
609
436
409
423
480
425
679
0
389
402
-69
347
757
-26
18
185
199
-15
294
676
5
447
523
246
581
649
644
440
196
426
70
-108
258
508
276
-327
354
350
176
-93
25
48
104
-245
-48
-112
488
-118
500
335
207
297
207
144
192
483
-143
-30
185
56
407
111
167
-9
529
241
-110
562
-43
-195
395
6
688
-256
-72
68
103
136
549
560
514
189
593
-42
324
723
657
644
160
644
-172
-107
375
493
-392
127
-69
576
338
623
320
-184
334
391
482
79
278
299
220
186
229
209
745
-234
17
622
337
47
509
387
-146
100
325
124
366
22
469
483
91
695
488
70
28
409
-117
648
113
501
-235
-255
174
90
475
-179
-142
116
9
225
63
406
417
-37
231
202
143
-164
163
343
73
386
351
504
753
31
224
22
249
334
-84
403
6
-40
-129
-7
135
494
308
526
621
166
603
111
198
358
218
604
-64
-308
465
673
118
50
-67
-39
244
145
275
289
-66
110
305
-105
176
380
-8
-48
190
331
514
-173
168
289
188
84
55
-7
-371
444
-57
-682
-280
382
198
50
346
-119
66
60
-440
-51
135
-76
-129
81
348
348
271
463
612
-340
258
507
517
206
549
54
-173
-169
-106
-82
130
278
-116
458
186
181
306
152
375
300
232
505
350
619
735
582
-603
-243
137
-179
-386
132
-171
-584
-93
-68
-251
-77
-41
-44
46
272
-557
132
-377
-543
21
152
-64
-288
-1
-280
-430
306
-329
172
113
327
-873
-266
-137
-84
-346
302
-211
-481
58
242
215
158
-586
-81
215
660
-479
740
-251
-296
-322
30
54
-326
198
-295
-392
-485
-240
116
904
452
-211
52
-268
-219
-143
-196
-337
-417
94
-472
-401
-26
-109
487
-108
36
-196
-374
-337
-462
-81
-528
-190
-432
-68
-344
119
-313
-67
-459
357
86
-913
57
-121
96
-155
-205
-66
-431
-574
-612
-116
-225
310
-251
571
93
-373
-86
-325
-109
-257
-188
-28
-247
450
-247
91
43
-388
232
256
-313
-296
260
-352
-535
77
32
-153
-590
-5
-121
43
-481
-399
-70
726
-233
-719
180
-277
-371
-30
-577
-196
-361
-374
-228
-119
235
-292
-38
-253
497
-844
-287
-87
-549
-283
-317
-375
-159
-4
-387
-452
-108
-280
106
51
-163
-600
-106
-52
-372
-123
-68
50
-22
112
-326
210
-425
-663
-209
648
-167
-573
57
-175
94
-95
-262
247
-505
-115
-2
-335
155
-428
-344
1
113
-620
-127
62
-536
-212
-388
-71
-607
-521
2
-374
-74
383
57
793
147
-115
-108
-92
-117
318
192
-50
11
-212
187
-173
-320
-107
-230
469
106
-552
347
252
220
442
815
501
147
56
-103
102
528
522
467
134
208
-140
-332
-144
-473
-500
-62
-312
-724
-239
-221
-929
-346
-820
-327
-120
30
-524
-848
-304
-399
-907
-504
-577
-472
-1046
-448
-250
-843
-389
-907
-146
-127
-459
-514
-176
-481
-698
-117
36
-594
-659
-665
-7
-629
-307
-8
-566
312
-291
-590
65
-536
-414
-433
-53
-124
-423
-709
-792
-388
-342
207
-284
118
140
-183
-87
-324
-374
-535
16
-477
-371
53
35
-161
-120
-701
-309
16
-289
-181
-38
-660
-357
-219
10
-221
4
-484
-471
-301
-867
-283
-591
-329
90
385
-475
-221
-86
-424
-677
-481
-332
-196
-404
-366
-428
-578
-433
15
-433
117
-249
-521
-735
-578
-400
-449
-569
-409
69
-235
-260
-687
-257
110
-362
-412
204
-437
-580
-502
-696
-184
-391
-411
-204
-618
-558
-30
-665
-85
5
-141
333
-479
44
-347
-466
-388
-666
-651
-41
-459
-314
-998
-29
-461
-333
-120
-255
-619
-372
-9
53
-700
-624
-1041
-751
-406
99
-341
-779
239
-174
-243
-183
-17
128
-383
-359
-909
56
-38
-941
-148
-694
-317
-732
110
49
-293
-249
-664
69
-130
-649
-254
-461
-307
78
-444
51
-337
-596
-59
-363
-236
-357
355
-812
-124
-327
-22
-311
-557
-80
4
-799
218
-755
-110
107
23
-3
-390
-161
-226
286
-121
-171
60
-437
204
445
-563
-274
-87
169
-188
-156
-289
-376
-330
88
305
-193
36
-90
-243
-36
165
562
387
172
261
627
575
441
453
-236
-8
255
392
197
340
120
180
466
251
1162
666
70
23
-131
586
529
265
332
182
-256
358
67
633
567
131
743
19
-104
285
132
7
-437
545
-437
-511
719
-165
189
116
-30
-274
704
650
221
243
-317
-298
13
97
-595
375
-81
-14
171
319
105
503
960
684
377
-480
-252
437
-177
-11
9
-206
-287
-57
-32
-520
-703
-290
808
-53
-441
104
-283
-534
-1008
48
109
-545
-505
-160
-916
-151
189
379
703
-508
-69
72
-221
-210
-159
-52
-669
-193
57
-81
226
59
223
38
539
176
261
-364
-85
158
-155
283
423
463
-193
308
-577
223
302
-148
164
357
-243
117
-13
352
-2
59
-728
-191
-90
12
-293
357
-156
777
865
192
-65
608
515
-69
-509
37
126
-195
-138
-517
37
60
-226
294
473
376
282
229
-458
75
-426
-197
-191
42
199
-387
468
-587
414
-262
802
-285
-191
103
89
-414
44
76
-241
-341
-285
352
-83
-10
148
547
789
42
275
-15
205
344
-101
-18
191
326
641
14
250
362
325
-76
435
-52
319
113
87
-374
-687
-607
-557
-507
-215
383
490
-170
37
696
851
132
-85
258
127
267
364
453
418
220
269
706
-159
334
119
655
145
-394
-143
-262
-335
-504
-149
-145
-663
-179
-445
-660
86
-157
445
-177
-311
-530
125
-535
-284
-269
-605
-323
-561
-381
-268
127
-203
-337
-416
-429
-490
-440
-221
-165
-903
-838
-242
-251
-890
-918
-27
-428
-241
-989
-842
-165
-700
-636
-648
-1043
-569
-617
-730
-747
-913
-531
-665
-548
-100
-1238
-65
-716
-751
-591
-591
-231
-966
-868
-706
-762
-826
-381
-490
-313
-337
-539
-654
166
-1102
-400
-507
-806
-753
-495
-894
-566
-462
-162
-727
-450
-653
-382
-1241
-266
-289
-760
-53
-1133
-1094
-1195
-864
-746
-735
-502
-874
-720
-1099
-1017
-158
-575
-430
-1174
-364
-1111
-1401
-787
-933
-527
-1297
-951
-415
-613
-374
-601
-656
-322
-494
-1142
-953
-836
-1007
-1172
-672
-652
-501
-314
-692
-363
-1150
-3
-46
-790
-854
-696
-831
-628
-629
-591
-378
-1005
-727
-574
-1024
-132
-542
-687
-750
-36
-787
-598
-829
-100
-169
-1103
-595
-267
-519
-611
-1324
-350
-605
-525
-692
-389
-402
-1063
-649
-839
-613
-406
-906
-514
-956
-484
-392
-1159
-336
-932
-762
-441
-671
-1073
-892
-410
-908
-940
-834
-945
-1011
-675
-507
-471
-1182
-938
5
-33
-589
-549
-819
-1124
-461
-514
-702
-1045
-209
-410
-1003
-664
-533
-781
-309
-560
-561
-787
-598
-601
-658
-1059
-649
-311
-962
-645
-921
-568
-767
-1123
-710
-193
-284
-433
-890
-850
-653
-706
-1143
-1025
-491
-1074
-823
-688
-910
-799
-1114
-175
-339
-660
-479
-842
-499
-643
-937
-466
-559
-625
-460
-1129
-188
-349
-376
-104
123
-176
135
-189
-128
160
151
-26
-19
-35
30
240
-98
99
-80
147
217
224
313
199
99
202
97
202
213
177
213
243
313
186
148
131
70
150
271
292
313
161
99
302
213
152
224
-96
188
176
123
17
291
190
157
235
213
291
163
293
318
92
157
271
324
139
274
153
21
130
163
141
164
235
226
170
324
157
340
148
226
191
139
62
133
70
179
197
188
324
204
148
226
340
340
188
197
197
274
277
-87
290
313
163
172
226
226
302
54
226
179
18
142
340
277
-81
-1
291
226
23
104
226
204
277
226
302
188
244
50
284
200
266
275
229
226
408
277
229
197
210
157
157
179
27
36
228
-23
269
164
302
216
208
235
203
277
277
324
142
226
188
277
324
195
156
80
167
45
32
141
226
210
210
210
293
163
129
152
340
43
142
343
164
183
179
226
163
79
142
226
161
210
181
271
150
162
25
164
117
45
255
235
226
179
197
296
25
67
163
327
102
222
-32
179
191
182
321
297
176
340
188
255
340
36
280
7
364
138
265
217
42
199
130
58
184
31
130
56
130
87
95
147
136
205
175
65
204
138
179
301
160
135
214
170
87
277
285
274
-100
124
247
-66650
-76393
-89213
-90338
-69152
-67315
-99069
-104137
-84808
-98853
-123408
-68421
-24771
-54610
-101475
-65655
-13465
-48104
-76799
-77507
-75346
-74332
-79561
-86777
-103531
-59564
-96389
-89100
-59084
-29310
-76543
-97507
-14155
-41005
-129009
-113731
-59215
-79506
-49804
-51751
-60108
-101892
-95286
-83886
-69180
-76179
-57267
-90979
-66925
-114042
-73096
-124010
-92374
-80274
-83742
-76535
-94540
-131608
-120336
-47190
-14992
-68238
-107787
-75668
-66513
-62553
-29947
-70179
-119419
-100130
-94210
-28761
-73098
-114926
-95542
-41802
-72404
-68811
-95540
-107526
-24074
-92730
-105588
-81577
-105769
-90532
-79665
-57489
-17558
-68167
-103002
-111702
-65390
-101331
-87808
-77429
-27106
-124054
-100382
-44641
-52978
-82514
-48102
-61509
-44880
-31855
-47094
-70905
-63760
-87257
-85046
-71270
-2336
-69495
-74112
-50953
-47870
-82875
-50606
-55571
-85265
-46107
-59079
-64385
-74316
-73633
-116006
-54168
-8074
-74608
-139170
-111182
-39347
-28989
-18976
-40908
-63716
-72630
-82775
-71739
-33541
-91030
-55450
-30880
-68227
-89763
-81046
-74850
-71007
-66291
-64191
-40573
-19860
-65397
-104005
-87647
-46122
-60722
-75729
-72503
-37259
-105042
-50060
-124785
-85543
-32443
-45081
-26421
-6122
-60440
-90324
-46826
-90407
-82001
-75439
-60754
-22036
-99825
-102959
-27814
-80220
-44901
-71648
-61705
-46326
-33884
-88404
-56933
-68105
-120163
-123499
-71192
-27913
-52029
-91692
-130358
-84410
-33722
-48701
-112334
-67067
-61361
-42448
-77802
-98203
-63005
-93357
-108081
-24966
-37419
-56850
-103657
-84597
-71083
-42394
-100663
-93618
-47408
-60917
-29037
-10568
-41271
-86463
-114299
-32400
-42429
6277
-77141
-87842
-50506
-56542
-64304
-73481
-55547
-29249
-24963
-29071
-65651
-38492
-74048
-6882
-12540
-51427
3739
-21162
-52845
-26564
15797
-26409
-19472
-28469
-19284
-13588
-15644
-22373
-2442
-2142
-8600
-11763
-33732
18492
-10141
-10541
-7221
-16199
15167
-19044
-8507
-3569
6348
-50885
-2140
-37652
-16731
8536
24
-28689
-9264
-41289
-39544
5823
-39045
-28536
28370
2208
-26661
-17305
-18690
-28818
20861
-24880
-42855
-18768
-24441
12252
-38534
-20730
-10143
22338
-42632
8809
-12027
-18384
-22399
-4933
-3696
-70704
-14008
14739
-31962
-49130
41488
-23638
-57699
-15530
-16667
-35755
15172
-22672
-5819
-56553
2072
-22321
-22301
-15421
10921
-15920
-1550
-55058
-35778
-16309
22635
2058
-58964
-21947
-2295
-26659
-27084
18834
-13073
-52460
-34437
-18296
-18539
-14682
-25189
-3593
17664
4545
-35865
-22725
-33008
-4029
-35876
-31060
-18676
-53014
28964
20292
-62894
15034
5930
-38257
-21226
-7423
-30054
-6733
40973
-36420
-39082
-14557
14602
10112
-23840
7526
-10529
-21170
-11241
-41046
-24575
-24260
-28088
547
-6980
-23511
2202
-16648
-69768
-9826
-7172
-36660
15791
-18053
-11228
43785
-15794
-40170
-51793
-10935
13763
-27316
-22365
-31902
-12227
21063
8226
-2587
-29986
-22055
-63255
-48720
7251
24743
-11082
-38465
-1382
-28165
-25279
12227
-18348
-47001
-8435
-9762
6054
-25355
9923
-15084
-32014
-41431
20105
9492
5543
-28727
-27146
-33042
-253
-4191
1743
-20978
14668
-26899
-40384
4395
9221
-13711
-36476
-44557
23952
-34307
-28649
8136
2612
-16095
-31267
8116
-20574
6650
-41637
-22486
-867
-41689
-35731
7116
-6141
-16901
13901
-40764
-36206
31884
-10287
-15677
-50958
-2791
2660
-28107
-44435
-6240
-20074
26016
-13437
-34794
-43815
19298
4995
-73213
1979
6240
-29361
-20853
12184
-35737
-16761
14103
-29360
-29351
11436
-3406
33721
-46102
-25852
29560
-10228
-44399
7298
1180
14826
3363
-9689
-4799
6695
-55867
13178
-62840
-92346
-79625
-78783
-99067
-86268
-91703
-81354
-71634
-94052
-94244
-53824
-56457
-67192
-76776
-58686
-29394
-15425
-54188
-32380
-4160
-28920
-13381
-18592
-16586
-39176
-18174
-29913
-63265
-64415
-7479
-560
-44756
-51764
-27907
-32359
-42670
-41144
-53185
-40247
-23274
-44968
-52028
-29956
-45294
-44403
-58732
-23097
-81056
-44694
-36256
-53557
-82032
-38875
-39127
-35239
-60363
-72314
-35624
-1579
-2772
-24886
-38053
-29055
-49928
-38190
-52232
-22325
-42579
-82498
-64192
-35145
-40482
-43231
-18320
-31822
-25913
-59255
-58118
-33028
-25373
-19464
-39603
-20102
-61525
-27273
23297
-14174
-44425
-4735
-18060
-83064
-71581
-77483
-51374
-11604
-54220
-58277
-38682
-4631
-32781
-21730
-26127
-43664
-31597
-14555
-24953
-31959
-31638
-40388
-42636
-23357
-35449
-26778
-16878
-33210
-29231
-15863
-43112
-40493
-15148
-26364
-7462
-10997
3520
-43244
-19198
-9081
-53204
-30038
-20533
-15717
-15130
-9106
-25196
-23773
-22910
-90240
-101572
-63535
-40204
-16910
-10411
-646
-72077
-80154
-47054
-56741
-39525
-35960
-34092
-28018
-9242
-15283
602
-411
-54212
-21074
-2925
-19233
-44408
-29620
-33081
8079
-16524
-30827
-26688
-12939
-31225
-72776
-58131
-20852
-4787
-57369
-95288
-41325
-32072
-11128
-15915
-32467
14513
-1029
-17284
-63712
-64951
-49431
-4907
-33552
-74511
-40975
-45263
-2436
-35430
-26078
-56207
-66933
-28031
-36119
-54542
-75321
-74463
-8146
-8488
-38428
-48252
-41496
-51043
-30043
-55811
-45357
-7796
-44562
-51214
-63176
-65977
-65005
-46098
-35351
-16750
-30861
-12997
-6357
-38593
-46392
-15100
12490
-29499
-5121
-4537
-36527
-31935
-13533
-28135
-22098
-6872
9040
-19859
-16698
-41009
-14912
-45469
-36903
-4461
-32184
-35392
-19960
-16870
-9580
4123
-7083
-5763
-20428
-51509
-29346
4686
5229
17534
-5334
42437
11444
21336
30644
30629
19377
-1387
27145
10988
-22266
6858
38086
40485
14687
30370
3801
43302
49524
-11014
10766
37683
33285
16543
23423
24485
-9298
21932
39440
29642
18223
23938
39244
42857
2045
33197
21864
28119
23550
56518
44328
40921
15229
16726
-9514
57599
1705
47185
17052
23608
33210
8840
32826
41524
9385
41339
71479
-1148
-12699
-1289
47595
19971
24968
61316
-10858
47118
30855
34504
46834
8138
8009
34544
42344
-5047
1301
18433
54072
57718
7452
40164
38466
20505
-4744
47119
1029
-12519
28588
26363
37601
16892
41641
8060
52708
22745
9253
20246
72366
3564
-10046
44592
-22432
35890
40789
27834
13835
37040
17918
5527
54460
-21613
18259
53063
32723
38133
37967
16847
24627
6924
29646
13479
5569
39643
27980
38436
33048
41456
-40978
52235
24672
33720
40627
-36038
34523
14383
46586
30788
58545
14747
14635
15759
48935
2418
8633
31941
44752
1750
17584
34713
-12633
8883
639
1642
48096
52129
-10299
10976
17058
5724
23535
56880
16576
29734
5058
-9608
-3695
8079
-6838
29437
52274
38443
31148
11732
19764
46799
1848
33045
21523
-6028
32139
12522
11389
-3618
38026
40298
67540
12747
807
59904
39310
19597
-13517
45390
19915
44231
47386
-6740
12698
46823
51541
32402
10249
26625
29170
37375
-7962
32796
15110
31732
24676
17632
18473
36298
3590
23207
49519
7595
12811
36308
17670
2310
40272
21544
33473
37527
-9096
31200
53379
-3515
28944
37003
22231
6417
11137
21131
16486
17515
40825
50847
10150
7070
8433
22017
2800
22641
10266
5725
5614
14681
-6066
8309
12625
9814
14242
13454
-5801
55685
49518
24434
61187
22180
15412
52313
36665
64377
74412
63934
16081
24135
-1354
29520
6148
9919
19350
11293
-10008
19861
20178
2597
33699
43860
21125
46325
52130
40828
-2774
-3769
22329
16528
-349
28239
76274
45740
52772
-9618
-4765
-3951
64926
-4247
26700
13695
21966
6525
35560
45352
35418
23260
53771
17530
9584
30670
-3488
13101
42036
47770
3511
-10910
20671
44550
-4586
46422
16583
-3339
-8825
67234
37221
10533
-16706
37313
27964
35278
30208
37522
34683
25127
47227
-21152
37027
34917
14608
38042
-6595
16222
48291
-14808
-27998
39523
64445
5855
30854
-20523
-12234
18044
59139
55059
47070
29273
30638
146
27742
-467
-27806
-9142
-7575
31526
28677
42571
-6313
-12059
-13525
1394
29391
-17460
19486
3678
-15059
27830
37235
32365
17777
26316
25461
45773
30321
3827
-12114
35540
47555
23655
-15679
-9205
-10399
4517
51979
12510
320
-8764
22827
-11725
-236
58237
46830
35980
23994
32052
33780
1252
-22530
-42513
-4928
35738
61703
16798
-11989
23515
30240
4087
27420
-19322
35574
51689
34280
55827
21226
30556
14442
-5510
-10743
76961
54931
32942
-19143
2762
34537
82077
1137
24921
1211
31770
12277
10535
-40845
-3503
16421
9508
33375
59671
6799
23947
14895
26382
59419
40143
38372
12997
47802
-12486
-9068
-6792
44976
39196
16439
15723
45311
2863
-37820
-22632
21549
8395
29799
-19215
20028
23663
1572
16116
17550
-38053
308
7600
20916
16639
43075
-10042
-11382
47207
23488
15990
-10661
7773
-1316
-8750
3719
6126
22859
-10118
-5771
-3926
-47846
9541
-12847
-36589
-18011
-4851
-40220
-19954
-26542
-17794
-6864
-4401
-51418
-21019
-38834
-25421
-14713
-21422
-8427
-18496
-7917
-10013
-16619
13274
-41031
-10894
-36348
-26967
-82470
16881
5224
-51231
-56904
-18837
-82762
-82757
-65306
-81954
-17704
-64604
-37856
-13666
-54897
-62970
-62784
-72910
-16690
-49891
-52704
-92169
-19122
-70538
-42170
-41750
-40384
-31801
-55545
-57798
-51781
-49627
-56931
17442
-36549
-51247
-109465
-23137
-46876
-66378
-65828
-85893
-99517
-52452
-60741
-59300
-66248
-35642
-60279
-58421
-18738
-16725
-30570
-27822
-68630
-63320
-38056
-57912
-54860
-68760
-2526
-47406
-31207
-86620
-57232
-42292
-4660
-38082
-53016
-99478
-61995
-69559
-87481
-29673
-51473
-65290
-24517
-40380
-50193
-80359
-47145
-98996
-12973
-26459
-30205
-27391
-57592
-13722
-42553
-34165
-35336
-54215
-46693
-33931
-52725
-24089
-57896
-43311
-42040
-54026
-17441
18475
-33354
-63517
-21220
-79335
-18697
-51749
-81058
-82116
-66931
-87490
7937
-67885
5698
-53385
-109197
-69245
-64794
-65453
-34097
-61642
-34535
-27610
8575
-31666
-34048
-49614
-34334
-20656
9724
-32612
-29852
-49394
33765
-70446
-66206
-81800
-56681
-87693
-74490
-47424
-58584
-38942
-53933
-73146
-31145
-31298
-49667
-43180
-62900
15243
-22433
-298
-56803
-47718
-41355
-21080
-45529
-52377
-16109
-43853
-33119
-44364
-36112
-52169
-10065
-56146
-47108
-43711
-31773
-96332
-39044
-55013
-34855
-38714
-109699
-47244
-32939
-22477
-45387
-21047
-33686
-45109
-52047
-67859
-85812
-89793
-57520
-34732
-84436
-38076
-51667
-21977
-2607
-28457
-55146
-77766
4485
-28617
-72908
-67457
-44498
-71037
-15360
-32979
-28684
-31918
-28695
-83452
9078
-50826
-50390
-38342
-89131
-46078
-59526
-79265
-66577
-29556
-42195
-5392
-54463
-59131
-56883
-51345
-31191
-2051
-9545
-22198
13377
-23142
-6393
-8750
1679
-34455
-5653
-7709
-138
-39888
-2682
-25959
-1009
-356
22852
44605
13365
35733
34815
25690
47750
52496
21555
27683
67714
2551
9977
12905
43860
-1854
17402
14626
56402
20249
15972
59452
-16457
14827
41089
18419
22766
52438
64383
47958
6720
907
17125
70989
43233
34893
31133
16955
37831
50101
-10048
11516
15969
5310
65147
36941
967
22267
69020
15051
10129
49089
49229
13378
40148
10566
69700
22994
16066
45250
34959
397
54164
13447
46839
9806
68542
29326
-10442
77235
76325
26419
24499
76608
14113
30461
34343
45010
-15434
13189
22376
18544
26849
11953
44448
51241
-7934
33564
14059
13906
-599
65855
33647
24784
13367
21089
34706
60228
36476
17650
49744
5814
16103
38233
-10313
110
34591
45727
47923
55441
15600
1549
-2948
19708
4974
-10021
13884
-736
35420
66566
60718
29629
21644
14053
6767
38787
-7251
24780
52192
5038
8548
26188
-6129
55574
2979
28308
352
43166
70524
14065
3858
6279
-1384
31094
61500
47045
38271
72473
-5287
32799
17258
31829
31200
34033
1077
46364
54397
8101
-22922
5433
23027
25800
-17092
-1852
71014
35743
73761
35389
20102
33790
61255
4729
25916
25328
36498
21997
38136
28673
29713
3149
-22275
-4957
14505
10396
40489
43031
7666
33277
38056
23570
39375
5134
-3343
37299
9921
60497
15737
39332
27493
75650
34186
52176
25506
4320
57374
43217
18117
-14338
23915
-1650
19471
17286
10938
38752
68978
56876
39561
19882
24567
11406
20701
12130
-10043
32404
17112
47728
36390
-1576
65563
29488
24142
25918
25223
21888
34486
-2282
1160
45962
-17669
-30129
12799
18300
-11298
2841
2246
23631
14206
4898
2808
-3494
-2714
610
21048
16710
22779
-2912
-15533
-2647
-5774
-3679
-9157
5178
10496
-6795
-14955
-8038
-18759
-32084
708
23530
-13602
35038
11550
5893
25564
6324
139
40902
-23900
16628
53426
-5568
-51968
18379
16123
23337
-47397
21354
14745
43820
-1039
-16882
11036
-15899
32096
38026
6933
-2609
-3275
-538
15859
-623
-41404
28284
22021
-4985
4151
7771
26136
-8732
-6972
9793
62009
-23158
-21437
38747
5682
7512
-29486
59316
-5572
10544
61600
-5588
-44727
9610
30753
20290
11204
12885
-41120
-8965
57719
4326
-62868
59736
5890
3731
1751
33074
9374
-12997
-10876
43919
15632
-7872
-14527
15907
26967
-5174
-26344
37516
22041
7512
19500
28475
-40311
-20289
26817
22376
-13445
28936
37500
11725
42700
-33039
-59038
57259
26382
463
26814
13264
-6972
12
10353
31280
18606
12904
-9889
29163
30266
-8363
-43573
50286
9157
-14690
15778
1915
1056
18618
-4147
3047
4286
2720
14501
4539
32567
1680
-29210
45824
-4419
6261
-6335
6744
-18982
-21707
9992
24943
72898
7004
-22070
2131
26527
-39826
-28755
56172
18206
-3224
-20221
-282
34462
-9390
-7828
-1529
3401
7862
37306
15777
-8070
-35546
-19147
66514
3758
4870
-986
-9783
-7666
19320
-19785
18902
54463
2737
-14196
33578
39439
-2658
-58937
30213
6521
21797
-14030
8000
2911
18309
10026
-5196
-3447
28954
17769
3833
24143
2152
-66309
35002
4059
34257
20628
-30592
-5679
37847
39808
-28706
-32736
10291
55703
12845
16213
16029
-55257
36480
-8948
30541
23529
-3780
26465
-2225
15870
-22487
-9442
14652
45515
-20646
22919
43603
-35192
3954
-13870
41730
21084
-14045
9422
32603
10009
-1730
-14539
-13603
9621
14011
11405
30084
1377
157
744
647
305
482
634
508
590
305
541
545
398
380
978
572
-88
-365
476
177
59
-212
208
52
-98
514
149
-285
100
-472
-303
60
-136
-663
144
-348
76
-151
121
325
-178
-384
-414
235
-191
-108
-261
242
-149
-598
39
52
258
78
-136
-311
487
-241
203
44
-81
-320
-329
-162
339
-702
-177
-95
127
-388
287
205
15
-248
282
302
292
-333
-250
220
-99
-321
-7
-68
-88
445
15
-399
-180
190
-11
-155
421
138
-253
323
5
-588
148
-154
-88
35
99
-166
-353
90
-225
459
8
-307
133
12
171
-352
-200
-449
-403
56
717
185
69
-114
544
53
133
94
-156
641
154
132
723
178
-5
-112
365
-256
464
-380
-306
-82
207
-225
-130
-34
-109
-571
164
135
-442
-34
287
418
-181
-452
-65
-420
328
-75
146
99
-222
-483
-118
207
-101
-120
-338
-9
-309
-86
118
-163
-57
-345
165
256
-204
-591
484
191
155
-62
292
-100
-128
-128
-213
533
-330
97
296
49
-225
-517
-448
598
125
6
-219
360
9
193
-172
-54
57
118
673
325
-277
-483
432
182
-238
185
173
-236
76
307
248
-178
-185
-118
9
241
-129
-270
-117
502
737
-51
450
189
782
473
-265
-524
94
27
-114
314
135
-659
179
-688
-492
103
-687
-657
-141
-455
-80
-751
-423
-581
31
-435
58
221
236
-60
-82
-92
-191
-204
204
218
-69
48
44
43
-47
130
89
823
888
424
450
302
624
403
785
570
694
585
1038
127
-69
842
581
415
44
91
241
467
208
189
-66
-14
716
31
386
201
465
113
740
394
142
611
647
340
431
546
-118
46
355
255
467
498
353
491
296
392
893
161
9
472
352
72
232
882
220
1100
341
-173
26
487
427
-58
927
-43
344
714
522
347
776
-79
440
606
161
112
410
145
345
232
401
222
1284
453
362
331
681
-68
18
370
-154
-22
689
358
21
432
548
211
499
103
149
277
-21
-15
685
813
135
193
527
943
106
223
327
92
295
275
709
614
-142
526
533
292
546
433
674
630
458
320
405
534
345
458
39
14
-41
607
343
868
479
-26
531
661
43
385
665
-56
494
159
-77
441
492
253
255
704
277
109
221
347
131
354
651
305
438
487
464
-76
568
104
168
386
244
-78
685
260
417
226
1021
248
120
668
420
-106
763
268
42
16
965
243
1012
148
482
78
103
755
294
719
325
261
561
719
38
158
413
62
759
367
661
821
724
32
626
997
649
473
496
610
-87
672
765
555
47
399
507
454
421
558
484
139
-218
934
375
420
455
71
152
470
559
710
173
519
906
353
483
646
517
677
628
415
416
457
503
471
521
677
225
1563
1188
1253
1173
1132
1449
1148
956
1261
1718
1010
1312
635
1129
738
515
1038
1097
1295
1091
876
1033
649
701
1062
874
586
852
890
851
630
611
1202
914
1004
1167
1580
1292
1516
536
1172
894
938
160
823
667
1340
31
1119
784
818
1134
906
846
726
760
1138
682
1331
680
1106
1313
778
687
850
1211
714
801
1152
939
562
1276
803
1151
974
1146
1151
1278
780
89
1128
903
1120
1548
801
894
654
1243
742
655
1115
603
1399
811
933
-192
1247
882
782
1013
837
769
1500
868
1213
1288
1109
1301
868
1395
1162
48
1190
587
1091
849
840
765
1048
607
625
791
1093
983
811
1160
470
43
932
863
966
1004
564
1072
704
820
1142
768
1295
582
1205
1186
894
262
1307
1439
986
716
916
987
1010
772
593
816
1226
1158
1284
840
783
36
1595
697
1116
272
1037
785
674
1389
1012
1364
625
826
713
1559
674
225
1138
1199
1384
1510
985
940
798
1761
1048
581
815
1318
1052
1009
918
439
1166
790
1126
1349
1274
880
1084
1036
896
507
1186
965
700
1150
1064
311
1021
369
882
1011
1034
978
1404
938
1078
839
1302
1229
1328
1064
1245
-173
295
453
286
499
588
641
664
391
63
210
184
297
736
467
102
-259
-202
-369
-539
-967
-475
-708
-410
-623
-566
-1024
-1134
-845
-324
-737
-672
-622
67
-583
-852
-866
-368
-723
-859
-899
-503
-751
-753
-920
-1323
-1234
-561
-591
-465
-464
-875
-896
-813
-834
-1363
-976
-728
-858
-727
-775
-1632
-1049
-765
-1126
-535
-589
-738
-943
-921
-822
-757
-1056
-914
-599
-717
-970
-1004
-763
-754
-906
-167
-1091
-1133
-477
-703
-1275
-644
-983
-661
-1125
-515
-1138
-741
-1159
-767
-922
-339
-503
-1297
-945
-831
-1216
-725
-1545
-758
-781
-295
-1012
-1184
-1111
-929
-666
-380
-483
-1314
-652
-1153
-818
-907
-1139
-785
-997
-333
-652
-670
-1306
-722
-1205
112
-832
-979
-564
-747
-323
-1248
-1148
-694
-849
-834
-735
-866
-707
-554
-1392
-251
-783
-425
-1292
-820
-713
-468
-532
-1265
-1358
-1172
-1077
-791
-803
-794
-656
-146
-998
-862
-1307
-1438
-1164
-1087
-880
-1136
-293
-862
-1200
-1127
-898
-1079
-950
-447
-581
-732
-751
-895
-700
-969
-1516
-974
-1373
-710
-420
-675
-987
-1194
-1316
-55
-957
-926
-1206
-638
-1229
-347
-1304
-1004
-1065
-737
-1026
-874
-870
-737
-1295
-226
-817
-1077
-954
-964
-1248
-989
-616
-991
-802
-646
-225
-1151
-844
-800
-1181
-477
-748
-772
-560
-1058
-728
-1178
-599
-1085
-1106
-1622
-908
-1231
-133
-769
-1270
68
-1219
-706
-664
-793
-1043
-1534
-868
-615
-1256
-888
-200
-951
-365
-1143
-1043
-400
-288
-1015
-936
-536
-818
-679
-691
-335
-857
-980
-878
-731
-588
-887
-564
323
-172
395
88
227
-289
30
499
-136
409
188
-157
303
301
354
303
400
412
309
82
664
621
891
304
325
650
463
272
183
388
-40
568
494
298
888
232
784
772
269
819
690
499
16
568
469
663
806
795
336
971
633
419
434
360
622
353
303
462
600
355
433
553
659
230
951
230
595
527
663
539
533
477
826
347
267
517
776
442
730
629
-286
715
562
197
412
796
654
649
787
644
478
543
212
635
258
547
455
786
704
709
1233
102
394
834
831
399
122
613
761
338
517
287
490
921
-105
944
259
558
592
157
138
912
774
488
784
165
657
527
245
298
399
905
1025
629
442
602
1044
835
553
884
424
864
422
550
784
367
904
286
681
451
294
597
49
584
1163
0
730
541
565
846
58
693
463
1022
132
937
644
26
813
798
648
440
853
49
518
295
646
353
330
580
879
311
334
482
447
627
793
615
377
293
330
170
749
456
166
259
263
653
221
571
451
594
221
875
780
477
394
483
426
533
622
791
668
820
772
668
349
844
815
874
417
499
1036
571
725
340
339
431
983
585
247
625
737
643
442
1086
678
555
310
570
112
-143
263
132
331
-220
213
197
430
-133
561
-97
304
242
317
210
561
113
244
-24
-124
215
-131
-198
91
102
254
469
-50
221
-123
-96
1035
-56
-144
-247
177
316
-117
25
-421
629
-60
70
430
382
-91
-325
897
-471
393
139
-104
-91
179
-303
153
37
-491
161
475
-7
-119
-103
703
-248
176
-168
271
17
-91
-89
224
-349
-24
-74
146
130
-112
-562
854
-27
-138
-396
451
38
-7
269
117
-383
-268
349
95
317
-242
-550
113
-34
82
132
-48
158
-318
316
-553
-216
-314
85
609
165
-346
-414
602
-530
-9
164
-111
-181
532
56
-183
112
-291
148
-118
268
-277
-191
746
-436
-150
99
-421
-352
869
-240
-361
636
-21
-232
102
-466
-453
-84
594
23
239
382
115
-41
-107
-188
346
132
248
111
-32
-291
-461
-332
598
121
61
142
-39
563
264
294
-113
-241
-181
-124
521
-30
-289
-160
624
-277
-56
116
23
266
298
168
635
457
-475
-496
273
-19
269
-105
677
-323
212
345
46
-59
-392
314
-37
150
-29
95
-34
23
-163
-288
1014
-327
-660
466
82
54
-107
23
203
-85
-190
138
-115
-109
-401
-492
723
-234
366
47
139
246
113
-281
42
301
510
125
-246
-23
80
-410
810
-32
-164
168
254
-72
376
-328
30
298
-35
-244
528
-355
-54
-662
158
-160
654
-34
14
192
449
-53
-249
199
387
303
-7
237
-391
-394
415
-273
62
-47
-115
69
129
-18
-182
-49
-216
-312
-312
331
-368
-148
-236
150
369
-75
-214
139
50
-60
-171
-68
-123
-126
-62
155
163
-618
180
-19
-196
-17
-98
-170
97
-280
270
-174
-474
-298
502
-30
-237
-479
-60
-393
145
-110
102
-272
-90
530
-361
-343
-157
586
-137
312
-464
-86
291
-183
-74
-107
0
104
-108
410
-15
188
-228
296
-143
-408
-375
-484
217
95
121
-259
-253
252
-20
-93
-116
-405
-161
321
481
-161
-384
-397
505
-152
-158
153
172
-246
-310
-363
-10
283
-503
371
304
361
-444
-65
381
336
-357
-383
-234
-93
596
273
-118
-102
246
-281
24
-396
144
-278
121
260
-162
-45
-147
99
28
514
-139
-151
-178
-376
50
-112
101
-592
80
8
155
113
-513
-259
-252
-83
146
-399
-233
136
-253
-208
-485
-676
259
-411
-128
-11
-236
-302
326
23
-583
39
-429
-124
168
97
-400
-331
172
65
-461
-89
-339
700
-554
117
-217
-75
510
-283
-324
50
420
-32
411
-87
116
-157
-354
-304
108
167
126
-66
-73
-116
21
451
367
-151
229
59
203
-155
245
-38
26
-110
-81
17
-108
80
-71
-307
320
-416
4
60
512
-28
-134
323
266
-68
112
298
-53
-560
350
-260
186
-107
-162
-159
-177
-273
-226
63
-15
-96
-329
267
24
-805
-279
426
41
-182
48
43
399
219
172
262
308
213
351
187
-13
569
646
-8
298
-116
602
563
817
820
1098
777
839
801
943
663
733
739
1454
492
404
294
928
-67
464
475
759
998
901
1159
623
640
472
1061
503
353
676
279
33
444
751
855
764
1007
528
450
1204
531
650
1118
1439
563
957
405
499
814
978
816
743
294
846
368
626
465
829
882
523
797
784
148
906
514
105
1154
1270
885
851
1072
509
1003
855
914
879
561
869
683
275
546
662
694
508
199
1145
1187
340
615
1182
874
334
585
222
461
604
209
1163
680
801
1015
683
638
769
620
206
553
919
739
548
454
430
131
599
742
74
1207
387
48
1268
585
170
1217
368
713
745
154
324
9
938
262
552
140
307
799
1049
1032
547
646
773
421
922
437
982
674
521
689
480
831
402
490
698
679
668
987
588
512
1129
516
366
473
814
1099
628
297
1313
895
1478
736
263
522
750
1123
585
528
562
523
677
1022
1151
1107
783
1013
535
757
966
996
684
850
827
446
363
911
645
410
715
724
698
757
616
732
881
477
454
814
289
628
320
822
482
463
731
915
931
955
1072
752
1398
456
328
1014
822
535
342
-263
610
261
-59
626
483
318
358
143
317
750
479
327
521
184
-300
-552
-60
-8
-579
-664
-861
-295
-554
-820
-456
-1123
-689
-433
-965
26
327
-659
-428
-770
-325
-184
-602
-288
-184
-393
-184
-382
-348
-211
216
56
-444
-49
-267
-749
-378
105
-219
-574
-386
310
-479
-24
156
64
-268
-104
460
-224
111
110
-75
-259
-163
218
501
6
-105
287
-179
-171
-317
-16
124
-387
-66
-471
148
18
-372
343
-343
26
258
-443
714
77
258
102
-108
-75
-268
-187
332
519
-135
-205
328
-379
-450
-117
-769
272
-486
-283
98
-38
157
-8
-608
-468
176
49
-368
-267
-319
-38
159
-251
-37
522
339
-217
-130
-230
-36
145
-389
-179
179
-69
197
463
-221
-73
-229
11
-310
-507
334
-116
-274
-460
296
226
-408
-238
-365
63
-76
-312
-388
394
372
-339
226
-227
-182
-56
-207
133
1
665
344
12
-455
-133
-105
-539
245
93
-303
127
-424
400
103
198
116
-466
-455
374
-668
243
-150
-309
150
-685
294
332
-306
136
-117
228
-328
-410
132
15
101
-263
310
326
37
17
-373
-496
-74
-118
-105
-229
222
196
484
184
-479
573
-31
-144
260
-487
246
-4
-262
-297
119
-174
-131
379
-16
-114
-100
-627
255
558
442
-13
-416
-34
-11
-305
-78
-43
158
135
-98
23
40
471
-85
80
195
-45
361
-61
-5
439
301
60
-157
9
382
0
73
220
17
-164
-360
193
-454
-189
-393
-200
-184
-23
-249
-461
-581
-191
200
-210
-422
-147
-473
108
-416
-922
-627
-465
-250
-321
-505
50
-135
-676
-287
-628
-237
328
-970
278
-211
-529
-195
-137
-274
-293
24
-224
-298
167
389
-39
375
689
-165
-494
-264
-104
-231
-60
385
108
39
-88
-469
208
252
332
302
158
-665
291
78
-52
-121
65
288
626
-39
-55
47
447
37
-58
171
840
-330
368
9
-96
-62
144
377
-246
97
-176
276
-76
-59
462
587
578
-368
39
-208
52
-101
-35
143
168
-348
-194
-171
237
282
89
445
479
-581
-73
-84
-501
11
413
216
-163
-129
243
446
202
-478
-5
165
594
-689
168
817
256
172
121
-164
-82
-147
448
120
-460
-88
-159
393
607
-386
327
-37
460
-97
507
-408
318
367
-246
-115
216
-192
-102
365
583
-716
294
321
-112
5
-202
67
-134
66
1
-377
-133
-114
36
-151
702
-227
61
-319
157
-70
-85
12
-88
67
-229
169
305
212
-6
317
797
-395
312
164
-215
-84
699
179
-65
609
-24
52
-24
-75
560
830
921
-589
-307
913
-287
-913
-346
-83
28
-140
-59
-373
-106
257
267
133
638
-324
-213
-274
-98
31
-157
-452
-93
458
-25
366
-25
12
-205
-19
248
-316
-117
193
89
-102
346
198
410
310
238
323
496
-150
-73
502
794
-12
569
432
643
549
484
415
1052
603
587
735
354
392
847
950
431
111
-210
249
-67
398
246
175
-22
403
-84
336
719
591
513
335
526
-416
754
281
545
233
474
49
835
144
600
231
388
58
1002
-93
719
-58
154
522
254
129
465
104
418
714
404
68
459
538
-35
27
-192
-240
221
97
524
858
417
-644
385
612
29
232
11
974
-63
142
-26
-7
269
238
170
481
158
257
213
407
633
288
289
-47
819
-344
336
312
-345
724
-101
583
-35
473
509
167
82
755
174
265
276
891
154
-412
199
504
198
279
419
292
409
79
85
508
206
319
418
512
-227
-361
-291
269
48
213
110
144
283
491
42
356
367
-93
192
108
495
223
-183
488
-121
523
83
37
47
206
-205
712
317
376
272
387
225
-127
474
322
64
33
495
434
481
877
77
225
163
-71
702
-181
162
-122
70
680
57
-293
746
392
476
154
66
480
-46
125
596
771
196
-653
367
514
-253
459
337
341
-382
631
193
-105
461
-29
876
-195
329
-296
-33
793
924
-114
89
834
200
-229
589
769
-396
472
39
108
62
-256
0
205
-118
331
-58
-18
-58
55
196
290
-468
-211
485
-182
-317
32
-81
398
-31
-65
239
272
-58
138
-243
-7
-62
-166
708
-244
352
-211
-212
-631
-561
-469
-570
-856
-486
-186
-408
-911
-447
-420
-454
-1099
-466
-907
-1189
-1278
-1455
-1251
-1331
-1200
-974
-1146
-1372
-1026
-944
-797
-1400
-904
-610
-373
-970
-1201
-1119
-1040
-800
-1232
-1294
-653
-571
-797
-914
-886
-1088
-1254
-1225
-701
-1138
-1042
-385
-975
-1195
-739
-1167
-1055
-1261
-1038
-490
-1553
-972
-877
-925
-644
-1009
-1020
-1298
-760
-947
-1066
-1125
-1584
-871
-418
-455
-1265
-1008
-1136
-691
-294
-1179
-970
-653
-1215
-1087
-1189
-731
-1323
-1184
-443
-762
-1272
-1238
-1134
-859
-578
-1376
-755
-437
-1261
-1096
-562
-752
-871
-1038
-824
-473
-983
-946
-608
-372
-762
-1066
-1129
-1296
-609
-936
-702
-995
-947
-698
-1196
-928
-735
-1082
-1910
-1042
-373
-1062
-1197
-824
-899
-881
-738
-1045
-1181
-610
-837
-900
-1146
-1078
-1083
-835
-392
-635
-844
-888
-551
-488
-1232
-925
-891
-905
-570
-715
-1284
-1148
-1010
-935
-609
-957
-1182
-566
-542
-760
-524
-942
-841
-772
-1094
-863
-513
-595
-1206
-755
-174
-961
-1488
-1054
-1086
-922
-767
-1185
-1190
-73
-939
-1457
-1078
-1479
-1048
-1009
-453
-702
-1312
-1104
-260
-977
-1093
-1170
-828
-908
-510
-939
-1203
-934
-1255
-813
-385
-503
-788
-566
-391
-1063
-1018
-1063
-425
-728
-928
-527
-347
-894
-1438
-705
-330
-904
-1142
-1245
-861
-837
-1195
-1470
-1515
-835
-797
-739
-802
-1280
-780
-904
-418
-490
-796
-914
-871
-527
-921
-676
-812
-816
-545
-442
-670
-551
-610
-495
-4
36
-77
-20
364
-112
-262
203
-1
-14
186
-341
-2
199
-72
221
-224
11
-23
-466
-494
-297
-415
180
425
-443
-399
-31
55
-622
-80
347
-292
-465
-655
-130
-133
-222
-314
-278
33
585
-118
261
-194
-368
44
146
75
-404
-544
-61
101
22
-245
-126
-204
199
-400
13
-219
-368
-243
-460
-423
-10
36
-284
-119
-233
-207
-312
-370
-439
732
113
145
-148
-125
-193
-314
-48
-462
-139
118
-256
75
-597
-279
70
39
78
-231
-234
-240
-251
-283
-206
-400
65
68
-150
-212
-648
-424
-69
-359
-437
138
-76
83
55
-164
-178
-94
-807
-262
460
-96
-118
-586
-169
231
49
-55
-536
-354
307
-264
-107
81
194
-133
-164
-291
100
34
-262
-729
-262
-233
11
-211
-115
172
-169
449
-90
-685
-114
-7
-73
295
324
-250
-5
-722
-99
-61
-252
-53
-153
-366
518
291
-209
-133
-81
-331
160
117
101
173
235
223
257
214
199
-663
384
-85
-85
-323
-169
-458
-395
-21
-181
51
-260
383
288
-47
-155
-73
-328
-466
-64
155
-318
167
-282
-127
-14
-817
-154
205
132
-119
-548
1
68
-356
-375
-487
-73
-129
-10
-195
-386
-218
-170
-328
-45
-207
299
405
-72
-349
358
88
76
58
73
-138
266
-79
-341
-215
-78
-534
-281
-460
-165
-220
-368
-389
-235
41
-206
133
-469
-559
-290
-646
-170
-76
11
23
-429
-434
103
-283
-188
186
-524
-268
171
234
-294
-366
-129
-584
-406
-392
-611
-85
-540
-196
-438
-1099
280
-568
-964
376
-265
-220
-573
-329
-1244
-283
122
-282
-1060
-501
-220
-403
-644
-730
-357
-552
-945
-754
-543
-447
-421
-210
-752
-467
-822
-111
-64
-753
-494
-77
-739
-813
-1339
-452
-326
-662
-184
-762
-902
-595
-608
-627
-378
-174
-1003
-556
-228
-1033
-951
-1311
-441
-485
-385
-492
218
-449
-1453
-418
-583
-838
-1273
-418
78
-285
-859
-672
-554
-739
-63
-909
-909
-872
-319
-579
-616
-619
-304
-344
-341
-241
-543
-793
-468
-708
-919
-1061
-419
-564
-723
-844
-195
-550
-57
-675
-985
-665
-499
-1097
-111
-202
-527
-461
-1368
-911
144
-619
-659
-745
-699
-348
-46
-984
-1075
-1108
-635
-884
-489
-1185
-555
-506
-497
-648
92
-630
-762
-1083
-560
-990
-755
-856
-54
-670
-817
-823
-866
-695
-136
-75
-460
-407
-44
-744
-674
92
-789
-901
-607
-595
-456
-751
-1001
-500
-299
-298
-796
-325
-510
-858
-712
-799
-466
-762
-471
-335
-878
-711
-475
-330
-504
-438
-40
-542
-600
-166
-615
-531
-1094
-813
-289
-701
-604
-479
-578
-1166
-333
-918
-689
-723
-605
-932
-710
-1028
-367
-829
-409
-993
-1055
-1012
-1191
-1109
-785
-1188
-1223
-1221
-1319
-954
-1110
-1335
-936
-1509
-803
-585
-888
-901
-498
-892
-676
-984
-795
-548
-1035
-937
-618
-384
-910
-475
-394
303
526
731
796
398
528
815
484
617
670
187
486
681
1002
94
156
-39
29
-50
-130
66
420
147
111
-378
-9
975
-140
-218
311
694
332
12
385
176
442
242
125
136
-165
29
439
223
-4
437
464
844
358
230
514
662
91
-264
-124
93
574
288
341
-36
432
152
351
10
302
150
675
428
-71
291
362
-308
71
596
486
118
239
981
299
363
-76
69
556
194
-197
507
23
-112
809
773
-124
-277
-488
872
849
306
240
567
362
439
-19
-456
-236
638
225
298
-5
-326
-182
521
603
369
23
115
392
-162
-201
347
581
237
87
332
498
997
206
418
452
100
322
133
401
449
273
-381
204
334
283
-8
62
223
4
266
-30
162
116
232
52
-53
85
559
425
263
-99
329
583
332
153
431
426
495
-252
352
386
409
491
28
42
220
68
-15
-8
440
286
353
67
-271
16
252
393
350
321
107
45
20
648
712
92
-82
351
186
-275
423
374
150
727
454
-233
-342
351
408
430
711
-181
223
354
301
1159
633
425
-310
334
86
580
6
-162
367
607
121
-442
369
377
-74
-273
22
365
-65
-238
242
233
-115
-414
-441
130
-103
347
38
508
50
88
217
-398
-204
-392
-703
-239
-490
-531
-192
-269
-342
-254
-234
-466
-684
-456
-469
-245
-94
-202
2
275
79
100
208
280
-52
326
-110
-115
320
6
520
-237
209
-568
223
-262
-63
-671
97
-242
-699
-106
-167
-194
-305
-533
239
-850
490
229
-362
-303
-67
16
-689
-155
395
-406
-279
-305
-249
-336
-370
-822
-335
-31
-161
34
-23
-505
-367
-82
-405
-305
-190
-480
-462
317
13
-190
-241
-301
-666
28
-330
-218
-601
-382
-168
49
-1046
161
-137
-302
-344
-727
-107
-320
-128
63
-385
-347
-267
-32
-468
-299
-331
-449
-218
-742
82
-565
-212
-255
65
-446
-323
-424
-824
-22
421
-337
-580
377
-117
-4
-40
-272
317
-88
-1037
-376
-262
-639
-400
43
-270
-566
-158
56
-854
-355
-624
-418
-38
-502
-237
-461
-191
36
180
13
-276
-156
-459
317
-83
-110
140
-726
139
-93
-552
80
-274
-482
-631
-181
-68
83
-106
-25
-31
-651
-514
-1066
15
-371
427
245
-35
479
204
-115
-231
-321
-96
-31
106
-32
218
-768
194
-145
407
-406
-316
-349
-533
-269
-286
-106
493
-123
-936
-424
-261
-790
-170
290
-250
26
-102
-130
-565
8
-466
-183
194
-763
-106
-292
-422
-674
-130
71
-378
-377
-570
-433
-321
-777
-607
-468
-451
123
-279
212
171
-428
614
340
-53
-552
-65
-315
-162
-362
-502
-368
6
128
-308
-236
-298
-888
146
29
242
210
-219
-33
-251
77
156
96
115
110
132
283
207
-371
165
-200
-604
-1091
-915
-960
-865
-884
-1146
-797
-837
-478
-355
-687
-665
-466
-377
-1331
-1636
-1332
-1269
-1479
-1607
-974
-1445
-1432
-992
-1032
-973
-1421
-1156
-877
-341
-1168
-1448
-1268
-1080
-1058
-1818
-1907
-1082
-1662
-807
-608
-959
-1256
-1282
-183
-473
-824
-1097
-1327
-1058
-1236
-939
-1205
-1671
-904
-1220
-1007
-1039
-956
-1062
-493
-630
-931
-1173
-1221
-1500
-991
-969
-793
-1160
-831
-1284
-707
-411
-1099
-963
-746
-560
-1253
-699
-1093
-1257
-1299
-749
-1301
-928
-1695
-1137
-1497
-1224
-1209
-740
-612
-663
-1038
-1476
-1580
-1335
-883
-954
-1682
-1162
-1306
-1300
-1115
-1509
-631
-870
-271
-164
-1275
-1134
-1165
-996
-998
-796
-1184
-1595
-1020
-887
-1282
-1542
-1692
-816
-691
-564
-889
-805
-1499
-1556
-1077
-1158
-1080
-1146
-1278
-1061
-1355
-1175
-1219
-708
-1002
-707
-1149
-989
-829
-1293
-1232
-1499
-1343
-1122
-572
-1024
-1341
-1409
-1345
-1570
-545
-183
-1672
-994
-1551
-523
-718
-1236
-1153
-1968
-1565
-1178
-753
-1170
-1187
-860
-600
-726
-650
-1172
-1011
-1131
-1026
-1668
-904
-1243
-1439
-1349
-1022
-1647
-1236
-946
-393
-318
-1091
-1243
-1165
-1288
-960
-1338
-954
-678
-1119
-1297
-1255
-1091
-1513
-702
-813
-547
-1412
-545
-1417
-1324
-750
-1178
-1319
-901
-1001
-1521
-565
-1622
-793
-444
-501
-381
-731
-822
-1084
-891
-982
-855
-1145
-700
-1064
-688
-666
-317
-674
-1023
-604
-571
-716
-777
-828
-651
-810
-1157
-842
-718
-172
-580
-868
-495
-680
-879
47
-374
-1019
-914
-1257
-1284
-1278
-1308
-986
-965
-1360
-648
-1488
-765
-1055
-700
-195
-396
-952
-1179
-924
-976
-677
-1161
-1107
-837
-1169
-1003
-460
-524
-1010
-455
-59
-348
-610
-833
-586
-524
-707
-689
-676
-652
-18
-473
-923
-745
-105
-12
-243
-336
-992
-832
-649
-824
-915
-882
-540
-393
-488
-1248
270
-703
-770
-615
-431
-36
-333
-623
-666
-1007
-841
-557
-505
-1246
-669
-164
-752
-390
-1139
-102
-161
-242
-224
-876
-837
-680
-605
-742
-758
-648
-564
-1080
-786
-704
-190
-593
-85
-510
-805
-1351
-532
-935
-596
-101
-653
-1095
-224
-706
-530
-792
-700
-554
-438
-209
-630
-584
-811
-660
47
-741
-1438
-1213
-118
-717
-435
-449
-1079
-787
108
91
-733
-835
-537
-37
-757
-1491
-882
-472
-237
-880
-1126
-669
-801
-676
-108
-82
-678
-398
-647
-495
-387
-705
-694
-767
-303
-968
-448
-410
-634
-297
-495
70
-361
-969
-213
-774
-873
-1069
-128
-741
-579
-942
-512
-1061
-1212
-670
-416
82
-630
-889
-716
-604
-474
-494
-483
-1060
-590
-539
-782
-481
-818
-325
-149
-486
-536
-1150
-201
-529
-1003
-841
-744
-601
-1026
-761
-275
-965
-282
-186
-32
-34
-154
-238
-578
-578
-844
-382
-257
-805
14
187
-113
-18
-970
-258
-154
-94
-458
-322
-642
-612
-658
-578
-840
-553
-197
-371
-510
-509
-446
-26
-365
602
43
-324
-58
-20
-83
27
-124
29
31
-172
-453
-37
-217
-207
-299
-188
-317
-218
-152
-182
-347
-336
-186
302
-223
-108
-65
204
-269
148
393
41
-185
-431
-1117
-871
-1061
-528
-714
-727
-365
-935
-999
-394
217
-700
-710
-974
-1108
-963
-1222
-1097
-750
-896
-1131
-896
-953
-288
-379
-742
-694
-518
-245
-303
-970
-1165
-903
-962
-724
-486
-1046
-1586
-471
-963
-1377
-929
-826
76
-187
-174
-783
-823
-1250
-776
-627
-720
-983
-853
-739
-573
-638
-547
-754
-485
42
-749
-673
-909
-972
-715
-878
-797
-621
-597
-875
-410
-8
-1015
-1381
-753
-273
-578
-775
-879
-242
-720
-1201
-1452
-449
-596
-856
-1348
-918
-412
-992
-842
-32
1
-1374
-1237
-659
-893
-1332
-789
-921
-538
-415
-854
-1038
-658
-685
-140
-391
-360
-801
-703
-613
-764
-478
-665
-1312
-1578
-989
-847
-1033
-729
-933
-838
-585
-7
-298
-989
-918
-1000
-385
-955
-416
-405
-926
-1227
-900
-717
-546
-787
-178
-465
-751
-567
-1323
-745
-469
-741
-1168
-902
-444
-875
-1067
-462
-897
-280
-268
-407
-1096
-706
-664
-529
-1535
-875
-727
-1205
-894
-615
-1047
-575
-1039
-1346
-179
-332
-1016
-1140
-988
-697
-527
-1207
-958
-1196
-752
-895
-731
-769
-610
-676
-499
-139
-1044
-769
-849
-838
-616
-850
-478
-1150
-1386
-1020
-697
-830
-753
-437
-589
-208
-74
-507
-686
-692
-609
-534
-87
-655
-1099
-592
-382
-498
-522
-252
-456
-702
-382
-490
-562
-640
-526
-653
-528
-609
-558
-830
-604
-450
-831
-419
-426
139
388
766
566
516
1001
506
337
738
643
392
286
77
235
525
250
873
404
-113
251
628
51
369
358
-53
-92
318
408
384
157
928
309
-59
311
818
532
455
511
1084
165
682
450
611
51
884
804
566
411
286
348
842
526
1118
623
371
1136
627
968
646
1068
383
849
777
349
507
602
277
1058
419
1361
513
691
556
1189
112
127
462
621
600
235
862
454
376
700
923
555
414
475
1111
494
349
1173
992
723
726
173
804
817
920
846
580
604
920
718
588
601
680
346
283
242
647
384
223
818
458
536
825
627
500
712
541
567
489
1133
802
920
929
574
529
530
910
852
631
120
567
1269
746
1112
698
97
964
605
671
-148
420
525
502
722
382
515
749
382
133
293
528
1230
746
548
570
309
677
463
1147
764
437
751
55
1305
818
899
909
672
366
244
902
19
496
618
956
784
701
912
653
564
942
643
854
947
895
877
583
505
540
900
808
823
911
799
336
437
237
306
642
421
805
439
1179
211
308
809
564
833
138
364
662
636
952
1050
296
801
855
-31
919
253
332
534
640
516
1251
616
841
902
146
623
848
757
497
1132
869
323
419
761
633
673
534
796
513
625
635
796
882
418
707
419
245
588
-639
241
335
105
-6
280
172
450
373
367
-93
355
732
99
27
341
12
360
-110
-319
-211
54
-3
171
-242
205
-86
-124
-330
26
343
331
100
-653
76
146
47
157
151
-161
450
128
-96
88
427
97
124
223
-386
-41
-190
102
-97
213
-55
157
254
-46
662
276
-46
209
-133
78
-52
328
-128
-171
108
188
-9
267
69
409
189
432
-165
332
98
285
-106
-340
-315
3
311
218
443
-20
245
107
457
29
187
122
322
-175
3
-324
607
-6
-175
725
95
-30
-310
-458
310
342
-396
139
-92
-159
23
-57
-153
-153
664
211
-309
190
334
23
649
338
91
202
49
621
-137
150
396
321
193
68
385
-45
261
-299
-219
22
-147
-60
155
-27
-180
176
40
255
-402
-180
176
22
372
20
74
250
-112
427
75
-197
249
78
190
-184
-102
218
353
259
-181
-33
494
-175
-340
-23
-191
24
-318
-201
279
443
244
229
134
-181
230
-182
-172
470
-55
377
288
247
205
28
182
-95
279
462
-53
96
262
295
485
-9
380
207
442
-245
-349
-40
373
12
-318
-119
551
93
206
-19
181
166
-681
-96
-278
442
157
202
6
227
534
230
-30
-62
975
-154
32
427
-85
432
300
-19
231
-145
-66
12
96
232
-44
-69
-106
2
-173
381
-181
-182
-470
-366
348
-189
-375
280
175
-224
8
6
-422
-251
451
-114
340
14
449
-253
522
378
517
299
559
6
476
282
924
188
183
-173
93
476
716
310
162
286
844
-149
326
492
451
233
555
653
551
499
467
403
867
65
-357
443
79
471
576
759
349
487
239
465
-469
251
538
787
251
89
532
514
372
669
103
-264
172
1169
-37
648
-28
344
548
289
1300
136
138
452
377
626
147
521
140
200
985
558
586
48
650
97
236
281
-34
113
512
-8
602
-71
433
556
219
353
161
540
492
227
-366
-170
302
628
-217
470
320
293
504
129
435
964
533
433
397
43
547
-24
302
1056
384
672
382
704
486
219
276
-7
139
605
450
790
196
322
414
-195
566
337
692
231
358
656
301
754
583
-218
626
357
302
-160
137
495
97
699
212
145
128
381
610
824
300
977
793
34
667
254
114
356
652
566
553
-65
-90
442
-24
103
575
107
697
-90
320
35
316
494
-27
259
943
274
343
482
409
477
501
569
702
731
366
11
-280
327
530
373
-246
188
731
152
-50
415
285
618
876
549
637
110
569
611
226
977
319
336
725
1242
531
580
519
353
710
263
752
384
25
765
773
384
458
416
417
560
623
571
489
267
395
303
453
423
43
69
-516
-128
268
95
80
100
9
-99
195
-527
-50
-54
208
85
97
274
662
195
725
218
538
172
622
352
566
159
472
508
456
228
342
708
1002
308
383
823
529
815
881
662
423
630
257
1197
-311
59
601
110
534
821
583
265
832
414
290
406
614
94
569
499
809
240
585
351
397
823
957
878
174
53
484
980
329
283
790
950
375
35
768
517
480
525
548
564
952
10
541
677
264
772
256
101
350
363
641
577
428
151
826
301
129
473
765
625
590
528
652
306
995
164
472
1355
707
950
691
299
108
820
731
760
89
326
780
434
586
-385
603
392
308
191
-11
563
539
510
289
644
853
111
888
918
496
101
791
503
372
650
251
838
340
605
823
340
489
807
666
643
284
49
681
389
693
843
354
357
589
222
335
644
632
383
390
802
462
67
640
372
757
598
307
646
687
411
392
792
1061
307
542
875
652
-276
467
409
627
-12
968
587
448
698
690
680
300
486
1013
628
302
-69
943
174
343
792
-2
675
759
552
300
375
218
220
288
355
441
-62
385
156
402
337
156
270
317
472
281
147
557
306
158
444
134
-364
508
305
705
634
379
1090
585
618
635
685
526
872
349
575
506
142
27
-155
-179
-435
-257
58
158
-340
-272
-226
-83
171
-11
-562
-86
-29
-39
-508
173
423
28
-42
299
-238
-330
404
-115
-126
26
153
204
382
-104
-165
-53
-265
168
243
246
-338
251
-109
323
168
375
247
480
308
18
75
-215
75
481
221
-128
125
54
500
-64
-114
335
244
838
488
-163
189
-134
-249
-221
149
344
361
296
426
46
476
-96
448
305
566
-71
-259
230
642
-86
333
1061
453
-36
-105
-515
182
-280
-91
657
37
-178
167
-187
-239
133
762
-119
75
15
9
-77
10
430
843
454
629
324
-159
392
321
-102
-366
509
280
286
151
154
679
185
448
3
416
331
210
-311
375
114
784
107
-450
-120
-10
-64
523
42
188
560
510
164
230
561
465
-88
-162
102
380
701
654
313
559
10
-3
-83
423
422
-238
645
707
569
-266
-104
390
-159
525
292
361
167
-327
476
-66
170
360
232
265
-31
397
126
195
52
-338
-88
141
6
403
643
903
147
-151
-122
129
391
-312
186
507
-113
119
41
850
782
-44
502
430
687
101
-127
486
340
333
103
-209
501
409
675
705
267
70
748
905
289
-142
224
165
-385
131
188
86
160
703
238
247
-147
67
444
413
776
559
641
730
686
395
767
1002
985
587
408
938
554
559
632
365
-332
-307
-363
-598
94
-216
-59
-445
-385
-420
1
138
-127
-14
46
-16
-149
-226
-88
-317
-141
-396
-266
-110
-129
-489
-275
-404
228
-150
-31
257
431
-614
-108
645
-274
-145
218
67
-67
162
115
-201
74
922
132
-16
573
-457
154
-91
-354
132
-37
34
-22
364
837
-142
233
-240
7
-447
347
152
295
-56
-498
377
262
-512
121
33
89
-396
220
38
306
-349
483
157
-116
-498
280
409
340
278
-147
81
-538
587
-97
311
147
532
392
170
-238
42
-131
-50
-307
-213
-335
20
268
431
-37
-504
471
7
109
-277
82
-36
-229
-98
-375
-69
547
351
221
-523
248
186
82
-466
180
347
-184
-363
-145
-212
-203
-253
250
-339
195
-357
-160
114
106
-472
256
338
-34
48
-421
-243
-214
177
-90
-119
-374
-118
-51
-366
340
-525
524
86
-269
19
-411
-23
477
-158
322
182
-298
-66
-191
-143
67
-219
408
-400
-414
-440
-81
717
92
369
-296
-419
35
385
282
508
321
-285
323
-263
383
198
-240
4
-27
17
311
-49
-472
-159
-497
160
-53
-177
52
-14
-424
-273
-430
28
-614
-47
-263
308
-207
-375
22
-618
-259
-1230
404
-92
-275
396
-255
-78
655
-41
-207
-552
395
-128
-189
221
-241
-339
688
50
-201
-163
-13
-261
-135
188
-180
121
-188
-44
-153
-132
-330
-362
-71
-271
-901
-1187
-347
-838
-890
-520
-407
-458
-438
-754
-1022
-578
-364
-657
-265
-338
-678
-548
-742
-446
-740
-824
-485
-672
-379
-207
-403
-454
184
-20
-35
-182
-284
-824
-721
-365
-468
53
-156
-528
63
-275
-421
69
403
-89
-85
-65
-436
-476
-623
59
-101
-132
-505
-350
46
-268
331
-340
269
-130
-184
-739
-599
-522
-329
-678
-221
-368
-56
71
-637
-858
593
93
501
-245
-382
-351
-343
-121
-177
-585
-670
-234
33
-196
-566
-927
-124
212
-287
-288
-672
-143
-385
-325
-313
-288
-442
182
-555
434
-93
36
61
-27
432
-118
-682
-475
-212
-283
-99
-430
-389
-97
-186
-402
38
-534
9
-781
-24
-655
-599
-32
-709
-475
-90
-276
-9
-82
-797
-268
337
-598
-508
218
279
-81
-100
-29
-298
-422
-374
-405
-528
-440
-535
-374
-330
9
-86
-302
29
45
-325
-194
-274
144
-286
39
-456
-516
-388
-497
-324
-114
-137
-149
-296
131
-324
136
192
-551
-305
-454
-486
0
-252
-207
-124
-755
-214
-47
36
-111
-388
-117
-587
171
91
-542
-503
-437
-323
-501
-514
19
377
90
-203
-589
-517
-233
-122
137
-21
-514
-1038
94
-63
-90
-15
-4
76
-13
-75
-283
-541
-1042
-926
-470
-650
-437
-201
-146
-453
-898
-10
-804
-516
-300
293
-234
349
598
760
939
903
990
776
1003
841
1165
575
637
1149
1052
549
295
586
47
466
426
53
135
105
235
401
203
114
-469
400
-376
-113
259
-410
138
-45
-50
31
203
377
-294
-241
-29
-834
-471
623
149
228
166
-730
-550
-159
-532
-108
-334
-348
-125
-833
-369
-571
-323
-37
-1104
-836
285
-47
-683
-247
-410
-366
-917
-33
-794
-893
-275
-397
-321
-425
-978
-378
136
-188
-611
-424
-439
-457
-739
-488
-276
-766
-140
-1044
143
-637
-673
-16
456
-602
-593
-322
-238
-721
-662
-583
-436
-382
-103
-401
-658
-739
-922
-537
70
-104
-400
-372
-479
-687
-618
-530
-585
-613
-263
-388
-372
-444
-1207
31
-274
41
-982
-644
-334
-766
-99
-241
-489
-608
-928
-972
-75
-341
-729
-565
325
-389
-791
-53
-589
-1032
-505
-585
-898
-323
-283
-540
-231
-390
-582
-544
79
-545
-1112
-957
-539
-675
-519
-800
-534
-398
-337
-656
-867
-968
-743
-80
88
-276
-531
-597
-951
-659
-835
32
-483
-599
-750
-537
-507
-518
-711
20
-3
-135
-880
-560
-539
-480
-457
-381
-88
-840
-582
-1065
-97
-96
-562
-145
-446
-65
-919
-884
-581
-620
330
-84
-587
-842
-729
-587
-397
-652
-1124
-459
256
-296
-699
123
-663
-704
-465
-240
-395
-1233
-757
-469
-576
-575
-667
-151
251
-266
-974
-941
-218
-140
-227
-836
-944
-642
-742
-1001
-389
-451
-868
-297
-124
-907
-1301
-1375
-1332
-1507
-1120
-1303
-1435
-1212
-791
-1425
-1047
-1018
-1816
-1025
-385
67
257
-311
-3
203
225
-120
357
20
61
317
180
-680
-624
212
-500
258
-388
300
-371
-242
-205
277
-859
-341
-159
-569
-561
41
-301
-1461
-626
-149
-340
-218
-379
-898
-789
-575
-452
-1109
-633
-644
-633
-1401
-774
-573
-269
-100
-389
-398
-1072
-925
-459
-888
-699
-1255
-811
-92
-1156
-563
-892
-659
3
-378
-712
-1232
-653
-1095
-807
-189
-912
-557
-594
77
-852
-719
-744
-544
-273
-380
-792
-417
-822
-564
-600
-490
-696
-675
-445
-705
-1011
-435
-231
-598
-207
-560
-185
-553
-1382
-817
-452
-223
-540
-501
-1116
-381
-779
-239
-927
-379
56
-503
-874
-492
-109
-659
-1048
-581
-450
-640
-783
-1339
-486
-550
-419
-634
-163
-97
-705
-1028
-675
-1007
-483
-306
-659
-297
-479
-9
-399
-634
-394
28
-270
-251
-530
-1012
-410
-926
-664
-900
-147
-1037
-879
-568
-512
-308
-813
-746
-204
-571
-636
-756
-723
-341
-306
-978
-949
-446
-701
-1010
-846
-378
-962
-564
-132
-112
-436
-573
-1131
-749
-286
-244
-293
-292
-760
-428
-942
-958
-1170
-488
-249
-387
-688
-981
-335
-227
-1133
-488
-604
-660
-789
-1117
-823
-494
-125
-518
368
-189
-143
-1240
-521
-431
-7
-941
-815
-369
-291
-459
-685
-451
-320
316
54
151
-857
-292
-419
-576
-496
-725
-471
-674
-650
-361
-356
-773
-724
-468
59
-326
-698
-783
-362
-499
-671
-432
-425
-425
-305
-283
-956
-578
-272
-227
-75
-444
-696
-607
-306
-318
-451
-584
-656
-680
-274
-741
-426
-782
-296
-838
-562
-791
-774
-749
-576
-698
-406
-404
-467
-974
-1056
-756
-414
-1049
-347
-820
-223
-894
-413
-529
-989
-1115
-463
-1162
-609
-929
-860
-64
-978
-558
-883
-768
-42
-895
-214
-1274
-372
-1215
-61
-567
-659
-1016
-868
24
-311
-93
-471
-687
-98
-1049
-892
-494
-711
-496
-954
-116
-576
-576
-760
-1060
-1091
-726
-524
-622
-228
-1103
-599
-868
-954
-818
-522
-1293
-1088
-500
-625
-397
-1337
-592
-147
-215
3
-884
-662
-655
-400
-636
-699
-469
-220
-1200
-391
-575
-647
-707
-375
-202
319
-754
-773
-1172
-796
-1537
-128
-346
-486
-891
-693
-1086
-457
-242
-307
-392
-253
-1168
-610
-743
-506
-1041
-1305
-954
153
-741
138
-151
-634
-518
-859
-995
-167
-1013
-858
-792
-484
-26
-833
-516
-1075
-1141
-335
-668
-1111
-515
-677
-456
-167
-1135
-512
-1158
-1052
-671
-721
-853
-924
-1027
-804
-778
-411
-795
-10
-482
-54
-1331
-785
-1092
-708
-297
-915
-233
-333
-577
-770
-859
-1084
-567
-802
-1070
424
-755
-60
-744
-672
-766
-446
-246
-830
-563
-150
-271
-1003
-722
-433
-293
16
-1098
-279
-821
-517
-517
-713
-1026
-565
-520
-966
-461
-621
-978
14
-971
0
-439
-876
-1097
-873
-265
-756
-1094
-963
-533
-939
-495
-1049
-617
-1110
-1025
-407
-791
-331
-320
-399
-561
-208
-194
-369
-356
-246
-379
-423
-45
-694
-289
-97
735
37
-346
-247
-80
-231
179
9
-132
-83
-263
-152
-438
230
218
-588
673
-531
52
-242
437
-106
-239
-254
354
-129
-464
-321
222
223
-461
-644
-8
-180
8
627
-399
-541
-33
383
-155
-48
242
-80
476
70
-389
-510
1006
153
-2
-369
-306
-362
335
164
-222
-422
251
-501
-342
-768
-249
-284
562
-871
-329
-328
-192
130
-12
-198
177
-860
472
-152
-291
-243
-376
-354
529
166
43
-240
-483
-43
-26
-125
-235
-63
-288
193
-418
-260
-710
6
665
-497
-678
-166
-4
-97
-529
-127
414
-405
-326
166
74
-437
159
-596
889
-575
110
217
-575
-720
-379
299
-1
-131
-401
-452
-424
-394
-592
-589
414
-229
-77
-757
-72
-14
-40
-310
-135
-604
-245
-21
22
458
-600
-560
269
-313
-539
-364
-694
-332
212
-7
-278
-188
49
-282
-215
-310
-450
-541
253
-357
-162
148
-74
287
180
-220
155
69
-477
-226
-459
-135
-380
-146
969
-620
-102
-598
-189
-523
69
-455
1
-147
204
0
88
213
-508
-677
372
-622
-315
-662
-570
218
-363
-265
-431
-170
-264
-78
-948
-554
-781
-325
630
285
-185
-361
-135
621
313
-361
258
-206
42
242
469
-1
148
-335
605
-446
-129
-365
305
-183
-357
-384
-415
167
-41
205
-244
-521
-837
-910
-153
-432
-539
-330
-658
-521
-438
-264
-206
-341
-256
-364
-393
-418
-153
9
-211
-554
-135
113
-440
-124
244
157
216
-350
-110
-42
147
-193
155
-81
-266
-909
-481
-441
-20
-770
-550
-544
-709
-710
-84
-731
-111
-80
5
-233
606
138
254
198
348
-96
628
-282
702
170
-94
-668
281
176
-67
-49
-101
-388
56
-57
-549
-424
-273
-82
-124
-146
-44
-296
-159
-262
-160
-147
38
-594
285
178
63
167
-48
61
-573
-189
357
118
-391
-98
107
199
267
-389
-73
-576
-514
73
-183
-336
-271
-425
-454
555
-4
-107
-161
158
209
110
12
-610
-481
-347
-405
-112
-328
-244
-300
374
-35
-444
17
-392
362
-456
-423
-34
82
-116
-106
-635
-87
-340
422
-272
-214
-180
179
261
-331
-243
51
-172
-305
-266
-470
1
571
-354
-424
-53
-332
148
-262
60
103
-407
182
-402
-269
-531
-398
320
-61
-186
-189
-476
-45
269
384
-330
147
-476
-250
-12
-438
-293
270
-277
-329
-87
-237
-345
121
-344
438
-90
127
-457
237
-179
-127
263
-634
338
-316
-263
67
611
-351
-115
-201
-358
323
-578
-693
-21
-73
68
-95
-48
258
-261
281
-279
-601
-211
245
-166
95
-152
-31
-809
-1087
207
-452
-87
-324
7
-656
-248
-378
-650
-45
-257
193
115
-242
104
-29
-260
264
-96
312
-19
173
269
152
-37
-43
-156
-69
152
50
-359
-194
-273
-311
-130
-457
24
-68
96
-101
-317
-416
199
-563
18
-372
-253
40
325
-342
20
-70
-295
-395
-124
-381
-583
-557
120
-538
-857
159
-403
-62
-598
184
-538
-330
111
-400
-422
-402
-463
-937
-362
-424
-738
-103
-364
-765
-372
-536
-348
-547
-405
-143
-695
-503
-496
-299
-41
-658
-448
-286
-929
-538
-832
-236
-585
-322
-870
-314
-593
-51
-273
99
68
-686
-748
-354
-111
-228
-40
-263
-370
-888
-243
-783
-334
-889
116
-1042
480
-668
-949
-282
-609
-253
-968
-662
-215
-436
-521
-231
147
-134
-545
-60
-167
-753
-1038
-181
-542
-656
469
-656
-178
-484
-558
-351
-512
147
-830
407
-211
-534
-1098
-529
-190
-353
-855
79
-641
-570
-570
-591
-731
-748
307
-70
875
-809
-929
-280
-752
-741
-696
-36
-505
-92
-80
-635
-120
-635
-172
49
-30
-605
-624
-889
475
-430
-299
-772
-630
-730
-244
-509
15
-305
-372
-367
365
-436
-979
-252
-160
2
-438
-939
-456
-931
-280
-199
-796
274
-625
-102
694
-544
-1239
159
-767
-537
96
-827
-417
114
-241
-603
-213
-1129
69
-16
188
-634
-760
-649
-379
-322
-650
-743
-309
-450
178
-464
-929
-148
-531
118
442
-555
-886
-723
-269
-762
-494
-341
-627
-86
-689
-138
-477
51
-224
-202
369
-110
-677
-463
-268
203
-310
-451
-362
64
-127
-466
279
-771
-814
-713
603
-191
-468
-31
-399
-365
92
-298
-182
-440
397
-225
-233
13
-443
195
224
179
-527
208
-296
26
-179
502
324
-202
145
214
361
21
231
13
133
207
289
565
-275
30
-38
173
303
177
365
-337
207
-85
54
338
-19
249
-205
-104
-136
-60
-127
578
88
113
-220
308
156
137
37
-97
314
-181
-133
-962
15
-17
328
-89
-134
-556
63
443
23
-506
-243
-262
229
-388
-241
-257
0
103
-21
-100
-264
225
325
193
-187
-263
313
694
341
-209
-73
89
-211
582
58
368
119
184
-18
589
-396
600
-63
178
209
-348
55
-122
302
-199
82
300
-105
166
261
-264
-131
21
-400
221
377
-33
-50
491
-60
309
349
167
314
-23
-25
-340
-154
157
-503
-76
-296
0
-96
-548
-150
-175
340
-451
-117
-101
109
357
61
190
100
-91
710
-247
295
287
6
-130
102
285
302
-27
3
43
-262
323
-34
475
752
-178
-254
98
147
74
325
-222
-169
-185
-44
-274
-96
-4
-186
381
382
-117
-194
-98
-360
100
-68
15
408
204
51
-255
-264
-1
4
285
107
10
-121
224
79
250
332
-245
-60
-151
412
72
305
128
-334
88
143
175
-49
129
-533
242
170
-58
96
-173
276
100
173
6
525
203
262
-249
-246
-59
-40
90
368
1
126
208
150
304
351
256
779
206
673
-121
-86
-58
-503
-329
-590
-656
-243
-459
-174
-317
171
-244
-63
536
216
-259
550
163
766
813
503
469
565
155
425
549
319
-94
648
-100
-2
-245
544
527
3
812
-246
409
193
962
647
56
386
263
-62
576
339
-260
832
1012
534
270
386
804
287
145
144
903
87
403
-49
-107
106
-191
300
-105
133
291
791
-104
225
21
814
473
21
191
-107
106
823
-440
259
191
405
273
-1
-6
193
50
100
332
216
250
132
342
326
-125
180
-124
257
539
218
135
278
-169
218
609
12
204
120
43
844
-348
-270
186
-6
-73
353
200
-99
310
221
-16
-21
139
-183
445
119
-211
291
471
-341
300
283
165
540
-199
-30
-667
-204
533
-273
-62
402
-556
308
-297
38
-173
473
402
9
272
-204
622
-208
260
-344
-719
134
-470
63
307
-444
431
475
91
115
-141
338
150
219
252
-85
714
307
-489
15
116
267
-227
206
76
-150
478
-47
-175
650
26
-43
143
470
-309
-302
22
-135
661
-142
21
689
-157
8
161
-327
457
-29
1
46
-357
721
541
-92
106
310
152
-202
290
564
-27
459
111
-203
-560
513
-50
212
-783
-337
464
120
-153
-16
-321
63
-398
-360
397
-199
-485
320
-195
210
243
-133
-99
112
56
-492
-382
162
110
549
-87
237
-230
201
93
-561
-437
-134
-111
-416
-219
109
38
54
-86
115
89
-10
156
218
127
579
733
663
174
214
503
381
557
345
431
472
128
724
687
559
-124
207
40
-442
59
-425
-188
-438
-600
175
-263
-139
234
-83
167
185
-103
-21
150
264
13
-43
239
472
222
-224
116
319
-6
468
272
568
-461
340
387
-350
-122
-100
-148
-402
53
39
-158
-86
283
295
210
382
5
-335
6
-248
350
-80
504
-269
143
-148
-310
-493
242
306
210
101
-96
195
16
-72
237
-176
53
-78
-189
216
672
55
-180
-167
-113
569
-267
-100
36
-193
-186
-165
-118
-125
322
152
-203
75
-106
148
378
270
140
135
-6
173
-178
308
-311
456
344
-16
-220
-212
412
146
-127
506
-464
-229
451
-77
585
-125
318
-366
-315
-85
565
166
-153
-281
540
173
-296
147
386
172
235
711
-154
-169
357
-84
-26
243
292
252
305
157
-290
170
370
400
133
-174
70
-24
226
-44
152
231
520
62
-54
144
-392
183
41
64
139
252
-132
49
311
187
-125
-48
29
-232
-10
312
260
-110
25
134
-142
-585
-46
-32
-466
157
-155
-65
-221
263
572
100
89
273
-310
-267
240
404
-178
-534
94
35
77
-211
31
614
214
-59
206
117
525
1025
698
193
476
813
540
379
397
909
601
663
905
801
47
221
-11
62
-224
-240
65
-58
-1
121
-46
-258
-353
214
-231
-34
415
19
16
-246
51
-67
-373
128
67
-20
203
133
45
-92
-53
-235
277
33
927
304
273
157
201
18
179
98
101
133
140
-303
-39
-235
273
749
-219
320
-19
680
58
303
189
367
-66
-119
102
-97
529
465
246
408
320
290
-118
169
261
490
493
73
661
238
-15
-145
482
40
-4
48
565
676
294
-1
364
-85
231
689
771
342
144
-18
327
390
117
152
642
167
-62
-139
-90
385
628
263
331
-58
603
192
949
-166
602
-114
62
317
146
734
-32
400
148
-78
-15
653
-519
73
501
-191
480
-71
-380
873
68
791
211
-211
-26
307
621
254
-68
-111
616
59
228
-201
772
-138
447
99
252
208
154
502
-467
-94
294
299
676
43
290
-8
-52
337
25
202
575
300
230
263
351
53
211
371
-25
54
543
350
328
145
360
-120
-151
493
24
-63
312
35
3
-459
532
422
531
111
36
339
-53
359
-145
-164
317
327
-423
674
-168
141
542
477
870
30
-227
202
405
342
-376
254
24
146
12
165
149
-278
73
161
328
-128
55
327
443
9
229
23
229
50
124
232
208
-234
608
262
446
444
666
228
800
668
615
334
441
479
595
554
475
626
408
314
56
477
411
75
204
621
284
113
-28
670
195
731
855
731
129
768
-496
-1086
-479
-876
-828
-784
-685
-1077
-673
-868
-373
-1025
-430
-846
-469
-680
-50
-62
-169
208
-112
-55
-312
513
-186
10
-108
114
-628
160
-755
-773
-291
-253
-817
143
-650
380
-1107
43
-922
-646
-848
-58
-808
-492
-571
-271
-514
-626
-533
-433
-314
-481
-508
-267
-409
-1171
-521
-1079
-462
203
-627
-180
-142
-346
-105
-248
-103
-409
-459
-348
-868
-426
-317
-744
34
-412
69
-126
-336
-570
193
-525
-315
-746
-307
-126
-218
-484
-200
-913
199
-397
-369
-525
-203
11
-484
455
-321
-373
36
-61
-359
-523
-715
-640
-1000
117
-835
-33
-173
-598
-423
-198
-719
-76
-334
365
-780
366
-526
8
-310
-530
-438
-418
-314
-418
-373
-421
-21
-477
-364
-492
-695
115
-601
80
-201
-87
-678
-102
-229
30
-391
86
-209
-301
-116
-565
-129
-887
-155
-838
-173
148
-534
383
-743
-455
-581
-311
-576
-484
-104
-701
-150
-136
-177
-552
86
-116
-428
-497
-329
47
-39
38
-261
-156
-475
-559
-329
-129
-377
-247
-667
-292
-680
-404
-28
50
-333
-473
-476
-375
-63
30
-405
-458
117
-491
-93
-35
-663
-495
-608
361
-407
-380
-415
-512
-480
-489
-256
-428
-58
-344
249
-119
613
387
-287
-603
-776
-869
-943
-572
-1093
-603
-324
-417
-912
-1362
-815
-900
-1247
333
-115
251
-2
259
497
387
31
265
226
236
178
408
131
81
544
360
-343
44
-74
116
-237
-123
49
60
310
216
107
-467
714
51
120
-8
175
296
259
137
653
333
277
181
115
211
462
225
119
100
-325
254
128
128
326
309
94
11
-348
290
471
556
-790
197
-356
-408
449
-73
376
152
1075
203
-8
35
87
866
468
-403
353
-51
308
-408
745
115
128
227
514
43
-319
174
-14
357
-514
816
840
244
-468
616
-623
455
153
-262
401
-24
-64
275
230
-76
178
489
-170
-267
80
452
408
3
502
63
125
-44
524
-39
433
-378
-25
-129
437
129
296
413
-60
455
748
-42
369
473
77
-157
302
-260
-78
85
214
273
-36
-6
-89
320
330
-20
247
78
-356
354
-85
133
-229
269
-566
-39
303
-231
327
234
450
-195
537
-253
623
91
40
-386
676
67
-225
36
-44
523
-715
-146
-32
202
288
19
-92
108
359
-196
164
-74
361
-729
441
179
-172
-247
200
121
-76
366
-248
83
523
-359
168
272
188
-72
236
-184
-207
56
397
435
-527
4
-35
437
66
-23
157
-264
-129
224
95
-260
487
-145
369
175
290
297
-19
316
-420
36
-149
-38
-148
-50
479
-399
-393
455
581
0
-238
36
50
153
-450
-64
-45
167
-178
-331
60
-452
-6
-289
222
-112
-341
-97
40
-140
220
-135
266
-336
114
-67
288
94
254
100
-1167
-1050
-717
-570
-1040
-851
-677
-925
-619
-1123
-856
-457
-104
-706
-103
-258
-716
-373
-913
-524
-759
-564
-646
-585
-964
-1256
-380
-655
-676
-608
-780
-642
-34
-213
-527
-1084
-592
-267
52
-235
-530
-637
-128
-651
-358
-121
-40
393
-13
-38
-393
-590
-320
-31
-328
-245
-317
-684
-200
-674
-338
-435
29
-629
-179
-494
-680
-463
41
-117
-1158
-424
-691
92
160
-607
-263
8
-612
-344
-97
-924
-59
-65
-320
-331
-120
-27
-115
62
-433
-663
-674
334
-307
-83
-519
-697
-410
-396
-574
-171
-612
-342
-198
-296
-441
-528
-260
-6
-329
95
-191
-193
450
-597
-1
-488
-427
-9
144
-461
32
-617
-341
-420
-957
-469
-318
-933
-169
-511
-105
-268
-423
-284
-673
-401
-594
-69
-264
-433
-359
102
-273
-329
-114
-108
-215
168
66
-292
-73
-110
-115
-14
-139
-180
343
-325
-130
-863
64
-368
63
-89
-483
-558
-499
-671
-141
-652
-214
247
-544
324
-745
-641
208
-216
-242
-540
46
-249
-57
-577
148
-631
-625
372
-367
350
-151
-180
-699
-643
151
-435
-460
-281
-648
-763
-468
-459
-663
-185
-35
-141
-221
-412
-375
-341
225
-268
-603
-466
-571
-458
-259
-282
-599
-579
-352
-186
279
-637
-141
467
415
283
159
373
553
97
89
-138
45
-415
325
24
-89
-270
-771
-562
-682
-608
-429
-571
-338
-433
-299
-559
-388
-494
-64
-463
-240
-1079
-658
-799
-652
-835
-878
-692
-1125
-900
-496
-1224
-622
-956
-979
-1201
-17
-291
202
170
177
-214
23
16
-116
-191
-270
191
-185
-183
-36
-420
-390
288
-118
-369
-568
225
-437
-338
-287
-561
-225
-343
-834
-868
-124
-515
266
-749
-138
-558
-446
-492
134
-620
-497
-337
-194
-281
-164
-272
-464
-21
-260
-173
-285
-429
-289
-390
-234
-542
-578
-148
-109
-570
67
-227
58
-322
-13
-433
-651
49
-658
-386
-470
-568
-364
-491
-781
-118
-272
351
-210
-174
419
-322
-527
-206
5
-574
-854
-133
-323
-712
-308
-709
-854
-970
-36
-226
117
-598
-191
-554
-761
-206
-447
28
-571
84
-535
-85
-477
-322
82
-747
51
-68
-548
-778
-236
-482
83
-771
197
-502
-441
-270
-101
25
-625
-147
-45
-639
-474
-29
-507
-133
-596
-141
-589
-709
-412
-798
194
-235
-141
-358
-508
-455
-707
-430
-431
-187
-494
-743
-644
87
-616
213
-461
-550
307
-626
221
-419
-50
-303
-448
-187
-700
-12
-847
-697
-313
-350
-617
-695
-417
-850
104
-400
-90
-428
38
-321
-375
-504
-447
-755
-451
-407
-550
-294
-431
12
229
-284
-368
-360
-230
-190
-297
-387
-81
-182
-30
-173
-203
-292
307
-502
-203
-513
-902
-792
-396
-672
-627
-759
-819
-261
-756
-396
-1011
-690
-829
-506
15
74
200
309
108
215
230
168
-4
-162
167
-229
-33
139
557
125
159
6
-36
54
84
206
376
321
266
491
302
540
-92
-117
-327
604
-331
-403
-536
-774
-805
-557
-352
-677
-852
-45
-617
-448
53
-91
-280
-382
24
-572
-50
-578
144
-420
-447
-339
-661
-666
-467
-222
-454
-177
-724
119
-693
-111
-288
-173
-284
-166
-336
-236
-564
-316
-419
38
-1083
-692
-477
414
-403
22
-233
-995
-681
-333
46
-350
-463
-824
-804
-744
134
-50
-579
77
-395
63
-362
-426
-137
-578
-207
-661
-602
-267
281
-449
-58
-611
-792
351
-886
-378
-293
-372
-702
-535
-177
-468
-464
-261
-755
-317
-429
-100
-676
-159
-624
-538
61
-197
-912
-137
-3
-734
-626
-526
-768
-662
186
-407
1
234
-109
-681
-207
187
-626
-782
-358
35
-833
-534
-566
-619
-691
-297
-367
164
-545
-159
-451
-1020
-140
93
-246
-588
-599
-537
-416
-339
-154
-546
-649
223
-364
-367
226
-97
-796
-617
-589
-362
-342
-530
-178
-701
228
-371
-842
98
-187
-920
-840
-401
-434
-251
-137
-981
-529
-243
-628
-317
180
-140
-258
27
-270
-572
-166
46
-888
-721
-801
-360
-339
38
-120
-559
-270
-134
154
-73
-638
-556
-541
-572
-636
-618
-892
-386
-787
-395
-619
-551
-1067
-216
-1017
54
-227
-117
62
-159
30
282
-329
165
-598
-341
-279
-305
257
-668
310
-10
-324
-315
-219
-99
-154
-347
-249
-106
52
21
-396
-188
-431
-312
-25
102
-437
-252
453
235
-450
304
-122
-134
63
-210
39
79
-5
213
-131
257
-479
-536
-127
-335
-299
-199
-63
-311
254
153
246
197
406
531
33
-75
-27
19
-17
-112
38
-160
2
997
394
367
535
-29
227
143
-434
-211
-220
-89
329
-163
22
-65
492
453
103
-355
-55
340
267
-466
-367
499
561
67
343
-235
419
105
615
370
531
258
205
-12
-65
-175
-93
-126
138
-232
124
132
535
181
469
492
-124
320
582
170
-321
-56
-370
-162
-231
-407
-165
609
-100
-363
358
361
364
703
-97
400
-83
255
-238
-56
139
116
16
290
-205
376
267
423
452
-92
-151
-131
383
413
-501
-108
303
-211
252
359
276
33
182
364
-88
130
189
125
-76
95
-21
67
301
637
60
165
487
295
778
39
511
-281
-30
187
25
555
-35
-151
190
85
536
369
7
613
17
223
489
152
192
-124
497
727
207
-447
-64
213
260
65
31
433
215
-64
281
336
-181
-301
118
351
116
-97
-86
-206
433
-9
34
112
-26
528
82
-56
785
369
585
-36
257
-217
-40
430
-37
349
438
208
581
51
500
516
1076
272
605
571
265
-300
442
-7
17
-93
-363
-92
-136
-164
57
46
-202
-68
143
-325
-78
460
-169
-379
-273
-188
-209
-177
-17
217
178
379
-262
141
-20
166
17
99
-87
11
55
6
537
326
109
-235
181
331
47
396
262
-224
-232
517
-84
345
548
712
630
820
519
-150
488
705
746
-165
722
757
745
635
358
744
516
184
555
314
235
690
605
712
336
244
993
715
59
334
314
767
270
802
690
629
400
426
483
764
1111
1091
724
373
-91
556
143
759
380
716
649
676
615
664
732
889
379
722
465
663
-245
448
608
497
543
628
751
534
542
495
432
131
533
1064
426
174
386
177
48
611
301
575
210
567
429
764
302
871
1006
840
228
621
59
214
227
854
412
279
195
1017
538
182
522
492
622
289
882
867
365
44
267
619
-34
391
342
669
371
855
388
230
480
722
523
854
-296
106
220
213
513
553
897
607
1136
582
371
559
898
617
297
192
-447
-42
392
627
603
690
635
909
351
971
616
836
1256
370
92
530
48
531
593
387
586
249
1007
245
536
582
916
541
468
1080
568
742
-253
408
26
732
542
630
610
140
610
856
451
456
509
9
775
163
176
567
-50
565
692
306
98
423
1090
587
161
382
216
308
6
270
-293
49
519
513
521
-316
58
483
141
124
-252
35
-150
-212
224
117
-394
-483
212
605
657
436
462
770
262
647
234
599
137
477
832
399
-80
537
176
633
314
214
201
173
364
294
659
299
401
356
597
453
630
165
713
125
154
509
-169
-212
81
376
162
-287
339
1
218
66
608
480
309
611
229
466
361
772
-320
189
561
415
72
561
383
397
307
177
60
106
-189
-35
145
579
-102
948
458
601
-418
199
497
547
729
-89
465
21
631
710
597
308
509
-137
193
334
217
64
325
-55
832
402
-23
-103
410
473
424
170
-125
387
347
305
477
270
349
172
422
-64
113
-247
70
62
319
508
-131
435
675
636
556
173
-83
430
615
-87
-42
-15
97
147
254
365
-119
-108
392
562
396
561
-249
359
479
472
176
670
566
269
-114
312
767
88
127
24
-62
503
228
22
10
-60
103
-151
577
486
723
-200
599
249
384
594
259
53
440
97
308
147
362
9
380
113
330
548
463
402
646
349
353
16
-118
84
617
183
-251
315
98
366
179
106
-169
223
387
798
564
451
182
695
851
-104
28
-306
-30
250
121
311
137
443
478
-56
99
171
137
302
-84
1
-171
-327
-130
106
-448
-519
431
135
271
-628
-251
-379
-291
-209
751
-64
118
863
-245
426
290
507
231
-374
526
270
-87
393
759
242
-38
616
89
-239
224
306
640
112
249
132
63
656
396
587
192
367
227
324
-577
-150
46
-196
-278
217
-85
-355
-64
-20
-122
149
-39
-568
-277
317
-981
112
-274
-109
-343
174
106
-385
-254
-584
536
-657
-4
-209
164
247
-245
249
-441
42
-125
-511
8
122
-514
-112
-150
-418
-500
470
-61
229
-229
69
-608
-624
-309
-218
160
-610
-677
-206
-333
674
169
401
-290
178
-338
-467
-725
-161
-54
-347
-439
-310
100
64
-46
-496
85
-56
-229
114
-566
105
-635
-485
20
-43
-456
8
-667
-171
-904
118
-459
42
-148
-59
-662
286
-114
-569
-510
-353
-292
-208
-363
-390
-378
97
83
-235
-164
-254
-596
33
-87
-628
-214
-145
-26
-74
149
-506
109
-652
40
-521
37
357
-701
196
-210
-373
431
-372
-355
-63
-509
-336
-312
3
-116
242
278
-158
-561
-241
-509
-448
-259
-659
-68
71
-203
-288
39
-52
-9
133
114
428
-774
-162
-199
-239
-40
-148
-225
-525
-679
-667
587
-465
-250
-235
-19
257
-420
671
-447
-804
-328
-136
-493
-182
-300
-343
-748
-563
-318
-324
-3
407
-679
-46
-355
-547
151
-511
106
-112
-812
-272
237
-283
-360
-173
436
124
-613
-241
35
-299
-29
-436
13
-183
-321
-263
-51
-66
-916
136
436
-496
-143
-288
-142
-9
-393
-334
-71
-97
-392
-279
-296
-273
-137
419
178
159
-240
363
374
245
22
757
423
178
61
314
233
391
279
803
305
86
-157
-5
-71
-371
-460
-648
46
-574
-457
-256
-222
-370
-282
-605
-455
-272
-318
-17
-361
-883
-314
-744
-615
-264
-797
-343
-272
297
-457
-501
-322
-200
-423
-513
13
-857
-287
151
-225
-396
-338
-1099
-649
-202
329
-317
-734
-296
-94
-692
-567
-66
-656
-283
-297
-190
-691
-442
-428
-546
-426
93
-402
389
-38
185
160
-343
-812
-34
-161
-141
-32
-105
-612
-420
-745
-354
-602
-24
-135
-414
-299
-325
-427
-703
285
-298
-580
-376
-499
-944
35
-326
-392
-531
-583
-329
-66
-259
-345
-492
-244
69
-275
-19
-351
-365
-919
61
-635
-99
-447
-384
40
1
-321
4
-400
-224
-315
-453
-644
-34
28
-282
-207
-110
-507
-292
213
19
-87
-95
-589
-402
-156
-481
198
22
-67
-792
-434
5
-271
-236
-422
142
-553
-254
-400
-414
-305
-425
-498
-409
-363
-62
-206
-184
-371
-197
-205
-129
-428
-334
-149
-616
-424
-254
-297
-736
-601
-115
-225
212
-26
-128
55
-347
-578
-770
129
-169
-517
-806
-171
-305
-298
-130
-486
-518
-381
-74
-102
-222
-364
-257
-226
-390
-561
-743
-257
-12
11
-27
-245
110
-379
41
-191
-224
-326
-831
-506
-529
-303
-98
-486
-670
-533
-466
-117
64
88
263
-309
-116
410
-468
-17
-297
-164
-360
-7
-349
-306
-173
80
138
-85
-130
-117
-61
276
-28
-124
241
-9
-52
-63
-38
-448
-419
355
-119
555
155
342
-16
456
336
394
326
312
256
462
197
283
580
86
-75
932
-198
-217
-190
150
-15
683
690
208
272
256
802
34
-1006
-156
313
181
-141
313
19
232
-145
-106
-199
430
88
-384
-114
102
294
119
445
729
3
300
-690
-304
-422
-97
705
-61
-128
74
30
176
-255
-244
437
699
-339
85
-289
-449
-497
-40
-390
220
163
-61
-602
-428
-910
88
360
301
-109
-164
230
-98
-212
390
-469
140
-97
-445
-459
403
-733
-442
-168
679
-95
-65
-85
123
-381
-136
35
-99
-342
67
-8
161
-85
210
305
425
-129
-334
354
-203
393
-143
-124
-465
49
72
282
-742
272
68
404
489
641
195
341
65
293
-125
-341
61
201
-335
-182
-166
73
55
397
803
-84
-354
-157
-466
-731
-135
-179
329
-586
-2
-403
41
339
496
522
578
362
53
-68
-667
-44
-105
-277
-723
349
-359
57
-52
-245
5
-215
893
-85
-291
-450
-364
147
-521
-430
-216
-20
-497
-163
-184
-41
34
146
481
-111
-102
-13
53
257
55
-92
-57
-63
272
174
37
-39
-229
233
842
-75
-64
417
-263
-317
-451
-684
-74
89
568
412
317
139
-64
410
274
550
-404
301
592
-244
269
297
536
371
449
385
192
422
735
366
-30
-489
-185
-289
100
-209
-104
-87
-350
-356
20
174
-207
-47
-473
-68
-257
-274
-108
-508
-87
-734
-586
-445
158
-789
-157
-405
-549
-577
-27
-660
-198
-1297
-243
-250
-819
-789
-97
31
-761
-324
-473
-864
-696
-411
-523
-237
-55
-499
-789
-767
-378
-786
-867
-590
-669
-431
-910
-274
-879
-479
-709
-685
-158
-641
-145
-1145
-601
-709
-548
-198
-341
-794
-910
-839
-826
-969
-579
-242
-275
-484
-981
-814
-599
-768
-691
-587
-814
-635
-1105
-542
-1417
-243
-936
188
-666
-984
-705
-560
-472
-549
-723
-903
-545
-708
-460
-730
-1019
-463
-393
-1220
-738
-1247
-841
-621
-639
-804
-767
-649
-826
-558
-244
-1357
-696
-703
-146
-457
-723
-508
-1080
-380
-874
-366
-721
-1206
-657
-665
-778
-1109
-745
-408
-1194
-492
-470
-664
-806
-887
-654
-631
-281
-665
-516
-1005
-1106
-630
-854
-747
-726
-427
-517
-710
-795
-746
-686
-747
-316
-470
-745
-453
-889
-609
-787
-461
-664
-183
-496
-753
-880
-1067
-898
-528
-1266
-372
-896
-574
-1278
-710
-75
-640
-334
-447
-592
-1031
-440
-946
-611
-570
-1132
-1191
-752
-431
-706
-1074
-712
-59
-860
-482
-246
-760
-681
-590
-436
-838
-764
-670
-891
-666
-312
-1046
-762
-474
-734
0
-246
-666
-909
-1164
-891
-597
-989
-779
-844
-750
-901
-491
-946
-884
-134
-317
-175
-174
-781
-817
-710
-697
-1066
-1267
-822
-425
-1035
-164
-506
-714
-1124
44
-545
-981
-659
-1010
-585
-68
-1026
-337
-827
-316
-781
-647
-217
-855
-773
228
170
30
114
30
107
54
-59
-68
-140
-66
-73
-4
142
-13
145
-73
217
199
340
226
115
204
276
103
188
202
183
195
340
161
313
168
251
52
251
-145
128
52
30
210
139
83
210
179
207
212
145
117
229
177
316
191
213
340
141
235
293
340
157
188
324
199
69
115
201
54
210
213
210
179
297
188
302
210
226
213
226
157
-105
81
155
3
186
164
255
226
158
324
365
203
150
152
72
110
186
123
70
30
340
163
293
340
132
210
197
210
266
61
182
277
217
84
316
191
152
324
16
188
188
134
163
293
340
318
302
113
313
197
219
177
75
350
196
251
226
163
340
157
302
226
117
271
170
94
148
188
340
226
324
255
210
179
235
293
226
164
179
27
197
97
275
186
163
163
226
210
293
210
210
318
164
157
67
250
18
290
269
310
324
293
293
277
240
164
210
210
340
99
226
163
192
7
6
204
255
313
226
130
340
324
340
157
188
156
210
157
123
386
222
14
244
322
67
15
210
179
203
141
280
280
92
255
153
56
338
201
130
244
241
25
83
34
130
130
108
117
58
95
-47
173
166
138
318
321
199
151
301
198
170
154
145
207
266
160
-60
120
-53315
-60426
-81820
-94565
-65501
-93136
-132439
-128664
-68139
-33544
-74475
-105530
-129432
-131394
-75945
-58915
-21573
-34150
-51975
-72560
-72029
-66991
-98320
-91255
-68913
-51990
-35650
-60318
-83459
-81097
-107679
-83112
-52836
-88125
-57391
-105523
-56660
-28651
-61788
-98068
-64547
-10673
-57051
-41621
-77352
-108361
-83831
-106544
-33380
-72517
-30785
-49285
-79589
-31073
-39890
-57163
-69508
-78405
-50142
-35508
-65143
-109422
-102307
-61362
-14065
-69480
-35173
-71479
-67320
-61988
-87718
-67852
-51528
-66517
-65003
-109165
-72539
-98083
-73564
-43027
-2677
-72965
-70360
-11470
-72225
-101896
-90129
-83804
-76882
-33649
-65726
-56188
-35538
-57142
-92626
-80779
-30538
-66073
-77305
-52816
-51488
-59653
-112774
-121802
-51761
-50562
-15740
-45040
-60041
-60035
-131002
-113983
-68748
-70692
-73583
-55739
-21496
-94070
-91277
-50616
-74891
-84750
-43337
-59655
-101110
-81050
-55699
-84764
-14354
-82060
-66245
-56059
-116456
-98497
-62296
-45854
-77518
-119484
-35192
-19357
-116647
-83395
-57275
-79780
-71662
-62645
-28386
-122464
-62632
-38171
-49869
-81294
-70152
-51023
-51534
-51244
-50896
-102216
-100557
-103624
-8627
-24923
-81307
-77585
-18157
-25841
-79639
-25808
-60331
-93131
-88716
-20021
-18768
-103945
-103776
-78675
-1211
-69663
-96788
-81042
-61406
-55572
-58444
-54425
-50143
-73948
-84063
-94376
-69260
-34228
-43652
-100196
-11650
-39477
-143866
-138399
-63009
-74860
-103371
-105207
-45228
-8856
-55179
-86761
-34493
945
-85075
-95139
-24069
-28782
-88672
-62303
-76826
-63604
-61876
-45176
-46515
-32812
-33709
-65785
-71224
-61903
-51962
-41946
-11704
-77945
-40058
-42562
-61079
-74091
-51547
-89855
-93167
-86530
-72856
-85695
-92786
-69151
-10887
-66117
-21970
-42309
-23048
-12225
-27041
-30303
-36470
-52267
-42414
-4997
-13018
-16624
-23805
-15582
-27858
-8604
5677
-10175
-13390
-17095
-15507
2698
-20363
-22133
-14662
15518
-1439
-2528
-16784
-53698
-20016
5732
-34774
-18490
-30463
1230
12678
-24467
-48260
-38444
27614
9991
-36428
-14850
-30476
-2897
-26318
-3311
91
-13265
-16750
-34901
-38317
-10948
-5821
-9230
-19586
13699
-23171
-59924
657
-13246
9088
12471
-46352
-5157
-22387
-37092
24487
-28551
-24040
2030
1644
-34239
-7896
11037
-10535
-68423
-14995
-24006
-50198
-12022
42087
-47183
-28908
18520
-19576
-21270
819
-18831
-41166
-2269
-35611
-29800
-3497
16042
-2063
-31112
-7669
3060
-33136
-1065
-36736
38
-39782
-22473
20016
-37059
-23751
-23054
6928
14726
-7097
-16710
-51383
28409
-53314
-25456
18323
-38654
-25022
-7334
-17924
-15742
3256
4963
-20781
-19445
-30952
668
483
-61339
1167
-8974
-35971
1011
-6278
-8526
17413
-19754
-40656
-8023
-26850
-9926
-24765
4153
-21648
11298
-5396
-90183
-21206
2200
40978
-45577
-35554
13019
-37202
-45493
-8598
6696
-19984
-36375
6918
-2800
-49523
-32299
28532
4548
-49126
-13273
9695
-14778
-44951
2186
13804
-34492
-46957
27548
3434
-52653
-14935
49261
-19504
-42750
-13320
5496
-18671
-50006
7549
-36038
-36479
14374
-5740
-3739
-28302
-20894
-26462
-28031
11020
-29910
-21005
-17014
808
22446
-37163
-52490
-23296
10684
-22088
-15844
-20952
-12162
1413
2426
-43333
-7877
-43273
-24728
-5327
-7826
-32069
26524
-6318
-27532
-3520
262
-59126
-31422
-9921
34948
-30937
-20360
8572
-24581
-2704
-11570
-2266
-15871
-35802
-2686
-28200
-21791
-10690
12389
-15948
-54830
-1557
23484
3635
-11721
-27044
-34891
-9818
-36459
-10250
9985
-5184
-52262
-14840
25738
-4848
-4125
-10723
-10372
-38362
-8406
32109
-12007
-47912
30799
12490
-3724
-52742
-55343
-78581
-70613
-89029
-108872
-113283
-91445
-73527
-68508
-74652
-107850
-94668
-49126
-68757
-47598
-22706
-23314
-15629
-41613
-51896
-37446
-35750
-24717
-13677
-17254
-64790
-56768
-31912
-47310
-40880
-28706
-65682
-79887
-70723
-34318
-34584
-23305
-43921
-28059
-19871
-22632
-2212
8052
-36357
-58525
-70841
-12775
-54573
-50214
726
-12825
-26087
-29304
-20833
-4870
11593
-36688
-68334
-74491
-49720
-29906
-5699
4403
-44461
-32941
-51995
-25196
-35734
-52275
-29626
-13264
-30246
-48954
-41854
-22334
-25578
-51995
-38325
-12218
-44721
-22218
-53601
-23506
-25683
-63794
-41069
-59702
-15544
-44940
-29992
-35417
-33494
-34115
-29990
-28345
-66651
-35014
-9797
-16559
-5468
-42480
-42625
-41061
-35335
-6701
10843
-9979
-30640
-43317
-45601
-66204
-66430
-71337
-48842
-29888
-54459
-59749
-40666
-21997
-13143
-49779
-54983
-33485
-58432
-65598
-50842
-33819
-30772
-5960
-254
-51811
-39897
-38694
1894
-20681
-51713
-38563
-34240
-58546
-51383
-39260
-7711
-10296
-42445
-31435
-63974
-62256
-57455
-36745
-50494
-41600
-50901
-29642
-21346
-31536
-29508
-53581
-65826
-49859
-23217
-41235
-40464
-12954
-14913
-33861
-9513
-11377
-10606
-60440
-58980
-22354
-7635
-22045
-37592
-55763
-20730
-22090
-62754
-7119
19134
-765
-18327
-21389
-26629
-25443
-60863
-51458
-60912
-40801
-35355
-21884
-34113
-31827
-72602
-38817
-77562
-58130
-66135
-65553
-18441
-25593
-10705
-13931
-30750
-17647
-25485
-28832
-51684
-56668
-30999
1650
-37601
-62374
-34843
-21759
8731
-44097
-39371
-10783
-12924
-26173
-33877
-15506
-10341
-7944
-20415
-6667
-21322
14001
-1748
-18538
-47705
-58631
-41836
-18639
-55140
-50959
-27198
4565
-46522
-26832
-24750
-21943
-20297
-25515
-44192
-48289
-31609
-37820
-27611
-12329
-23425
-19338
5341
-15008
28815
-12427
23195
4754
7918
34099
59818
24883
-14070
-6719
56080
16928
69382
-21398
24391
1505
14086
42489
38234
51021
49252
1475
54006
34823
27219
-6945
41845
32616
16561
45072
45380
10463
42754
41376
28988
46677
-4346
28234
34291
36633
-4626
2182
32984
8240
50472
59184
9348
15787
66326
16464
8855
44291
28614
20148
17712
34012
-21929
40646
11646
21789
51131
16647
24070
-29948
61224
9441
36883
57910
5266
39026
25871
9268
3452
48337
3413
46073
-7894
58498
-5217
17478
30241
24649
25702
-4031
41015
10670
7515
24534
39900
-11945
27030
7979
38477
26472
22452
31815
19124
52040
6748
26118
22486
18007
38429
15772
6943
30296
-13957
41810
28767
34253
26255
40450
54742
-27927
47242
-1649
34971
74030
20772
-538
2543
38876
22122
15775
53294
26054
15084
12611
17897
27026
-13485
29729
57267
24055
7398
12505
56392
33372
-25869
35538
71582
24144
8683
30230
38426
-9674
11457
62928
16901
9965
47299
33336
27751
14806
23237
43374
19010
25408
30668
22616
23838
8225
71628
21876
4972
7464
24941
3711
26378
4110
40384
5572
35127
71962
10925
35134
21594
-1579
44745
19829
-13037
9197
-5700
49508
19935
24690
-1187
9276
47337
-8537
46230
35807
25042
14619
75192
-9616
-7019
23913
32249
33001
-6534
34286
17171
23397
28982
-23040
59051
5114
278
38126
36659
-8523
45936
21107
30165
-6193
1142
45278
32840
52289
585
40325
15526
14123
32228
53107
23417
-3224
50481
12327
19689
9922
43234
576
14459
10873
35821
16155
4757
24843
32587
25746
-3830
8431
4391
16120
19037
11561
10371
-3993
-1105
19660
24366
-10676
225
-276
23754
23081
36940
36496
44527
39056
56909
67476
35037
10458
39561
54994
40453
82453
78903
42697
31842
30378
25317
30603
9347
-329
956
15178
6382
11441
-7729
-16112
15946
10175
41791
16439
19724
9125
-21574
8119
15183
6721
-16697
-7066
13859
2868
1999
7280
9435
18888
-5268
-9219
26114
5609
-20820
7651
22649
4856
-10312
-14284
17205
80634
34660
6499
-19826
48270
33385
38348
-11874
5184
-12949
-5680
24024
24113
35440
16342
37101
6110
13710
45853
45469
46908
12152
-16399
-38085
3634
8764
-56902
22702
36168
37503
36450
47466
11179
5875
1551
-2947
-3798
15433
32845
47739
14944
38450
28552
34392
26481
43488
47053
20299
10239
-2696
2084
12671
-6694
47379
25313
32661
7474
-13339
27218
6049
32653
30752
-18393
20246
44280
20726
6948
49943
41632
-4079
-14085
7391
27904
18640
6088
29936
40679
-2087
19548
11755
26570
6980
-6703
35129
31587
32312
9420
52135
39518
1287
60209
18847
-3170
-19595
17253
30341
-6864
17756
-7314
-30181
27322
34269
41591
6423
-11143
12680
433
-29868
-36251
-15696
-11072
6522
41110
37283
-2829
-17422
27205
49630
-3471
-22818
33301
35030
14833
45632
60017
24006
37993
19406
24161
13754
19696
34016
-11221
-26951
1985
22935
32821
56444
69751
64728
24864
66280
44487
13649
3767
1969
35401
7453
-24007
24441
11444
16380
-6200
-6109
-391
44105
4104
-1663
-26503
10739
7382
-11043
-5793
12701
64401
12254
-20620
17387
59480
-6000
2729
-22474
23149
23952
40530
45678
22316
3157
14149
51713
29267
-42808
4070
-12232
-26917
-10587
-11880
-21346
-19707
-6824
4258
8609
-1043
-15386
-29421
-3406
-38212
-6358
-25053
-20291
-36168
-4155
-29747
-17107
-41818
-5974
-22062
-772
-19032
-38875
-72477
-11063
-44085
39841
-17594
-18804
-53087
-65122
-23005
-108237
-79749
-48482
-27225
-60107
-71816
-10838
-75966
-1481
-41567
-48223
-970
-35196
-71939
-36307
-62379
-42072
-61764
-55335
-22883
-31541
-63670
-96503
-85285
-49490
-72595
-37688
-40719
-32166
-84848
-69746
5745
-83784
-41878
-67652
-21794
-61641
-8891
-41257
-38814
-83807
-60203
-70527
4953
-30343
-59608
-46821
-50746
-48907
-50863
-57632
-55572
-18362
-75659
-47786
-81855
-55538
-19771
-27646
-15629
-70186
-45264
-70425
-30084
-34780
-76645
-11514
-31850
-61091
-28768
-45960
1085
-50298
-33528
-46685
-22355
-39774
-88411
-49824
-59351
-65084
-45541
-47903
-60752
5459
-74925
-60330
-20580
-90466
-78673
-81067
-19709
-55549
-23591
-8701
-43850
6305
-68477
-30582
-47263
-26356
-11136
-82790
-68365
-28109
-85077
-49576
-6589
-46593
-75170
-81239
-41838
-118084
-48300
-57262
-48962
-60443
-56987
-55633
-22927
-55864
-58084
-72614
-30556
-33351
-42543
-25928
-53715
-42227
-34857
-5982
-92587
-17816
-60088
-58049
-99472
-17921
-15994
-62512
-15745
-22540
-39263
-72631
-29284
-39245
-47416
-72562
-29139
-52449
-37210
-70112
-53400
-88154
-68666
-57647
-1323
-57050
-80257
-27747
-52312
-110137
-45887
-67690
-26644
-70695
-78458
-16034
-49522
-53151
-68025
-25127
-43200
-49083
-77152
-13846
-30770
-18691
-56431
-26371
-44600
-23780
-41435
-64770
-7482
-29247
-67250
-46614
-32159
-34209
-26537
-43382
-15594
-23843
-23183
-39547
-8134
-31922
-56387
-39625
-36195
-59790
-42898
-69301
27340
-33394
-49070
-48363
-71424
-50667
-73440
-47510
-73465
-65082
-119645
-56560
-49371
-35128
-57865
-23928
-33056
-29429
18892
-4914
-29226
-1183
2245
-2636
2037
19677
6522
-5586
15811
-17669
7112
-22462
1611
-5639
25454
11754
49387
21476
41224
46471
32907
31780
56084
32552
27274
50808
57246
16416
19723
31951
39104
28245
24735
23827
41164
26804
34406
2688
-4535
806
94416
11927
56203
-33902
22187
532
1801
20115
39621
47303
28189
8988
18281
37708
57806
39420
9475
10389
10130
33212
17790
15809
52409
56734
26690
33101
-174
57125
5279
47030
12839
18930
50425
73404
41430
45614
-6461
-7587
71563
11422
17923
63382
23021
49516
20849
27446
-3744
45956
47863
35590
29457
4760
17422
12111
17269
27922
43271
29363
26218
47807
46242
9670
18398
24686
16423
34784
-6394
59000
-1549
47025
47931
72736
33688
25850
49522
5146
38343
10366
51515
-2807
11041
36090
32871
18791
16156
-2410
25666
42369
21013
32454
26518
14279
19759
23599
30259
29635
26961
54475
28255
40838
20286
34982
46786
-2569
46334
37972
8354
32809
26892
8981
-2147
48996
44223
42779
66753
34597
10473
15735
-8290
53448
54909
39952
24640
12812
43507
45502
59381
7297
5879
22596
28153
55745
2420
-12104
29495
12334
7503
6554
10857
21808
36515
13543
36568
44104
66482
47641
7501
8862
15201
-105
33925
45694
70357
28025
20823
69455
17870
27159
15419
5874
72157
29277
8828
53312
7762
20103
44299
25484
41868
36158
39744
37373
-1611
68655
9922
21040
27821
14035
75081
-7266
29020
-1398
42216
13526
-1607
-3466
14016
19205
31626
8185
11619
20190
20381
51703
-3922
14221
31078
39053
16887
20832
-6249
19241
47423
19542
26598
19389
37205
24916
56372
15785
-3127
61849
-22746
-20060
768
5887
19509
-1225
6552
-11453
14942
13688
54907
13218
21610
-4168
23858
2105
17346
-3072
-6538
4050
4886
-16132
2693
3440
-8947
-14590
-7062
3406
-7107
7261
10476
-18034
-33076
44200
6293
31472
7919
6617
27597
24127
9926
-28466
-20232
37133
43785
15303
-5200
-5554
-28275
27294
-10036
9309
54422
19088
8354
-587
-10504
11203
32505
23289
-3905
18730
6496
3459
-52136
65848
-10013
6590
24775
-11265
9420
35817
-12118
-7947
12721
-14159
6893
64229
20797
-16239
-57489
55954
8674
-36501
28647
45187
-9070
-2339
-6023
681
30482
15698
19246
12582
3645
-33434
-23796
24468
-13959
8657
6943
25580
4522
4651
-18233
20542
11935
-13627
15927
27694
33163
-10726
-41020
25258
-6594
16448
-24031
48106
21421
-19440
-5383
4868
20874
9484
3416
32650
13220
-18516
-32335
32323
-19679
-11281
15626
41595
22692
23773
-21119
4246
1611
-17033
26245
26177
3901
13271
-36074
65334
-16522
-19790
-4067
38322
16417
8163
-1390
-3877
-12191
14364
23371
40659
22365
9963
-45209
26086
-12314
-42
33769
9162
-6839
-22877
28210
57006
-4823
-44381
30082
37826
-3149
13241
-39599
49475
3147
3136
35292
-2219
-4657
5181
24581
26552
-14256
-3128
23125
37730
13439
1219
-32004
23088
29556
24108
5665
-12144
12459
-6706
-9815
29694
20454
-34848
-14631
19419
21599
38453
-28324
11769
42203
3737
-32599
-14319
12753
-1326
-13703
36435
33734
-5908
2222
17398
13300
1275
-31790
13035
55813
38561
-25576
19695
-4423
30118
-3970
-11601
27604
-1019
37234
13428
-16879
30120
-29998
45119
44203
-6310
-22436
41019
39965
11331
-33052
-678
-651
-17521
30091
-16490
8905
14583
-32595
19370
41912
6427
7916
-6861
-9273
15199
10608
28695
10042
-23289
3291
41285
-13358
-22322
3876
125
285
860
621
458
608
293
431
227
259
307
646
588
303
389
-35
-800
202
-25
-98
68
118
196
-59
57
-625
-30
76
-415
-268
-20
-339
-496
-211
431
-87
-441
147
435
225
-398
-210
392
-16
-34
184
465
-57
-118
123
115
-487
-350
-247
188
69
-574
-91
53
-65
-84
325
301
-187
-335
103
-42
-332
-52
-46
490
281
-36
355
-16
-494
0
212
143
-105
-65
-74
200
231
-131
245
-1
-177
143
157
531
-153
-263
59
-87
-443
-543
-195
-300
52
76
-107
13
-233
-225
-74
-151
-378
318
337
258
78
-324
-324
-70
-453
-599
-268
199
-40
-762
-94
123
131
-539
-7
514
-243
-361
607
-156
-70
10
304
-50
120
-251
76
-314
60
-201
-244
201
-58
-403
102
324
-142
-155
194
280
-288
-163
27
-133
260
208
-63
134
-398
-476
595
-8
-177
13
769
-381
-325
62
350
-512
-415
-35
21
406
248
-562
137
-562
-3
361
-85
-86
-327
225
464
85
-254
-105
-17
685
-553
-202
119
177
-11
-21
-616
-229
166
-279
-146
194
-210
-519
415
29
-65
-893
439
-297
22
207
-129
391
132
-354
-556
-21
-542
-461
78
438
40
-484
-301
793
626
349
-679
571
736
169
341
790
171
520
327
469
29
-535
-281
-344
-44
-505
-336
-254
-380
-695
-366
-227
-682
-299
-164
-300
-403
176
-149
-175
380
341
-281
-269
-1
329
-100
108
-194
-73
66
-66
237
251
1021
59
692
288
515
640
305
581
143
12
507
37
1069
547
446
376
489
-254
594
700
435
497
148
248
783
153
408
240
617
110
400
202
1106
472
582
705
413
410
-37
326
95
643
305
228
843
453
579
273
924
-257
96
872
-92
336
-229
480
618
755
350
827
502
499
376
-37
617
309
679
547
531
710
158
238
433
207
494
796
127
285
172
327
864
109
239
40
735
426
298
24
499
382
432
400
91
51
142
613
418
-100
450
28
206
287
856
167
535
521
-66
354
258
833
226
116
729
305
75
77
704
601
686
-277
710
248
137
800
637
434
257
645
813
145
21
775
609
19
376
368
603
193
-437
592
708
234
293
391
421
-88
393
422
280
-63
447
854
241
229
333
383
288
426
246
172
136
70
1060
592
94
323
-94
89
982
728
-253
336
161
577
170
557
801
355
80
730
126
374
267
38
401
447
-83
794
402
-7
14
91
244
507
645
143
-235
651
327
586
400
-236
196
349
25
63
369
364
111
816
324
-89
996
225
788
121
479
499
284
680
790
330
540
88
811
564
381
-166
295
415
448
1068
1020
228
476
876
188
319
505
634
392
607
1175
625
810
660
609
207
300
865
781
436
553
367
351
1273
1355
1104
684
748
1261
1141
1271
735
332
1149
1113
1083
1479
1406
881
1480
1045
1175
1221
1120
889
1238
404
616
1458
1025
625
997
1093
967
336
1485
1430
681
862
1106
775
1347
419
820
582
864
761
956
1080
189
-68
1553
1031
728
852
1120
1012
1130
500
1288
1136
1376
769
738
763
830
40
1306
735
1030
404
1082
1132
916
1477
918
913
823
1130
927
963
1109
327
1175
972
599
862
498
1755
1084
1118
992
1501
698
983
486
769
1153
252
1308
1183
789
802
1406
1053
1402
1115
1173
835
1015
584
1014
852
1316
17
1184
746
580
902
1022
1583
781
972
894
1146
821
1272
1672
1199
996
242
833
1041
848
1414
1396
625
572
970
1348
737
618
1024
864
990
957
616
741
797
1172
1252
630
498
713
978
1000
974
1044
907
837
955
1043
-69
1011
1096
1164
787
436
482
935
673
1072
989
954
662
688
768
820
261
890
1225
1234
631
1081
1042
1703
1159
1003
941
760
870
1010
671
891
599
769
847
658
503
933
1121
1134
603
1213
1118
872
1409
1301
679
1403
340
1043
1315
720
346
1052
1839
803
1320
1179
1202
400
1097
728
1215
1166
254
382
452
103
589
507
519
441
733
1065
348
323
520
672
205
25
-59
-279
-723
-662
-554
-307
-752
-624
-839
-801
-634
-682
-563
-700
-457
-670
-756
-64
-266
-980
-1238
-818
-765
-860
-625
-418
-1392
-1251
-428
-852
-802
-456
-938
-493
-689
-1040
-1065
-874
-696
-856
-1197
-527
-1076
-670
-425
-1270
-905
-605
-778
-238
-646
-1063
-596
-1350
-1090
-476
-423
-664
-974
-1370
-597
-1369
-645
-756
-1091
-173
-294
-1110
-702
-928
-872
-726
-785
-689
-1438
-627
-1034
-1125
-1322
-893
-1039
-350
-445
-1170
-1130
-496
-1129
-819
-1132
-1259
-1040
-774
-1549
-849
-751
-174
-1234
-87
-764
-1184
-1270
-1291
-1068
-619
-1424
-1196
-667
-701
-870
-1049
-480
-514
-1242
-508
-374
-1234
-831
-1229
-714
-785
-1325
-674
-919
-1004
-1349
-1088
-1031
-660
-870
174
-711
-1121
-891
-738
-700
-828
-485
-828
-1534
-355
-890
-882
-1004
-609
-1197
211
-1078
-808
-836
-1063
-772
-773
-928
-1001
-920
-687
-1040
-730
-810
-856
-1107
-559
-578
-1007
-1386
-1087
-771
-753
-535
-742
-875
-1173
-1348
-345
-475
-1344
-1204
-225
-156
-911
-1124
-806
-785
-1231
-1070
-484
-668
-1158
-1197
-1525
-892
-336
-989
-283
-208
-1063
-793
-596
-865
-634
-1419
-879
-856
-808
-1076
-1276
-491
-415
-904
-642
-399
-773
-327
-427
-1184
-1037
-983
-689
-970
-511
-621
-400
-667
-685
-803
-330
-578
-847
-404
-463
-290
-681
-482
-980
-1573
-1080
-531
-1391
-1161
-894
-1180
-556
-1095
-552
-485
-601
-614
-975
-555
-1050
-778
-1000
-947
-765
-569
-602
-837
215
-551
453
224
196
169
1
96
30
190
70
130
-26
-86
349
231
-82
597
501
439
560
264
314
519
650
602
425
467
472
402
582
792
376
508
451
625
878
998
847
255
215
456
660
880
403
61
586
362
351
462
633
605
733
348
354
529
390
1005
144
514
542
481
811
626
390
537
354
521
656
731
390
191
619
350
395
983
468
773
34
399
289
248
744
293
930
596
553
505
591
657
1157
331
946
196
287
386
453
248
359
493
385
746
581
547
187
949
465
426
659
476
405
422
630
650
794
706
553
500
933
124
770
763
357
394
793
696
302
342
325
576
61
502
291
637
461
714
873
441
693
531
578
696
715
357
1018
139
530
867
737
800
306
487
464
282
836
762
694
784
360
782
270
0
759
401
485
-62
673
780
470
375
623
183
315
1006
417
222
788
-47
640
591
394
658
56
706
629
588
308
535
902
596
210
277
691
634
550
620
456
465
851
601
346
470
406
367
400
774
455
355
579
636
950
489
304
173
434
310
861
436
384
261
737
777
737
316
267
270
646
447
447
580
150
208
662
712
689
889
857
720
526
482
546
-343
-84
585
-1
223
120
60
326
-65
342
112
473
75
454
114
333
172
-5
101
-329
-181
-10
92
17
76
219
-188
-157
-34
304
-26
918
-227
364
71
-191
178
16
-131
-302
237
-213
171
-185
121
154
-465
766
-243
-163
240
-221
-285
92
-212
-61
195
215
-67
-293
98
-247
-369
499
76
172
176
119
-33
-220
-136
135
329
330
10
154
-153
-42
-326
866
-327
551
-105
32
-13
-51
132
392
472
-267
123
-6
-128
-62
-333
839
-100
519
-91
-38
296
-290
159
290
154
-123
448
-604
-606
-294
64
615
246
189
49
218
-17
-187
240
-68
74
95
-204
-75
-280
-103
-177
768
-207
81
101
304
21
-171
402
336
46
110
-87
183
-194
-66
-560
493
137
287
-66
402
346
-333
-466
343
362
-195
308
155
-132
-612
-436
496
42
23
286
328
-437
-131
69
184
-180
-339
543
82
-217
-28
-193
487
-365
392
309
-169
218
362
111
-88
-153
394
-7
-361
55
41
-402
569
-291
589
-158
73
69
245
588
-59
257
64
294
618
-364
-194
-169
966
-221
-265
-489
505
-249
161
309
79
-81
-458
683
-63
-327
286
-583
678
-263
-31
-539
-467
276
-50
361
-31
-40
-444
51
-509
94
-291
-514
573
10
-167
-209
112
97
-502
-219
748
258
-275
-218
302
-269
-417
-294
316
100
-37
199
685
91
28
352
593
367
297
598
-128
303
-16
-40
394
-112
62
36
-28
126
-307
191
-94
-246
-363
350
171
-206
-254
-353
-27
-205
174
167
-93
221
103
-464
204
295
223
87
-190
-257
-709
-480
164
-319
-53
484
-263
-191
226
252
-401
356
-64
289
15
-147
217
-73
132
-29
353
-64
-172
-593
-304
310
78
-121
-281
-346
321
-189
-6
-70
214
-232
334
-420
129
-218
-243
-267
-87
312
-70
62
-34
-36
-368
-284
264
-276
153
681
-511
-55
192
-15
-187
-14
339
170
281
-219
-323
-151
-12
-157
-446
198
110
-119
-477
-385
-148
-45
286
179
225
-569
-310
-61
406
-309
-196
-85
-114
-281
-140
387
-258
-500
-511
219
-320
-55
67
-78
-96
31
68
136
-69
-19
71
164
-372
9
-268
435
-90
-458
-91
-357
359
-78
188
-207
-104
-297
123
-25
-33
37
-384
63
558
66
-556
-416
125
-201
347
81
136
-165
-37
271
-118
-128
-169
169
-337
-454
372
-24
246
-49
104
-240
-303
273
306
-623
-652
455
156
-30
-99
122
-24
-224
256
-139
514
-54
-151
-461
-708
365
-397
147
23
227
-76
-64
-103
-380
307
-91
-171
-147
330
647
67
19
248
-438
84
-198
-532
-317
31
-120
143
-698
43
-12
-193
-261
279
117
71
-108
296
-22
16
-330
175
207
359
86
-451
-152
62
-109
-404
-183
206
51
140
-185
78
-111
-47
-301
-125
271
689
428
437
330
616
176
234
574
482
139
265
356
192
-435
601
403
886
863
891
316
1184
927
598
963
1179
805
968
703
874
348
304
887
845
685
757
754
367
640
1590
647
722
408
1026
1383
482
431
639
252
698
586
295
1054
537
389
929
677
707
479
693
488
317
267
366
950
249
818
947
329
258
994
557
1085
1067
247
879
717
1041
371
223
690
321
656
1181
681
921
696
1046
623
339
1070
794
895
821
331
73
821
491
92
1162
733
183
1422
874
644
1184
645
571
582
809
618
409
434
882
806
940
957
803
608
856
672
180
987
812
594
782
540
228
249
885
558
632
965
807
840
566
661
879
683
785
1025
427
446
427
655
951
632
1047
690
381
1139
1093
834
741
750
600
368
1089
502
627
476
802
884
737
425
1047
377
758
386
1036
1152
497
1233
579
577
73
367
698
753
855
197
194
599
761
445
715
441
721
843
779
83
456
67
461
911
489
1421
630
1005
1085
966
657
1099
582
6
633
299
450
125
545
918
1032
918
977
916
773
1055
782
801
781
280
928
296
738
382
837
20
1183
793
289
774
447
448
538
531
604
998
462
538
-53
409
550
125
185
75
430
542
472
342
304
882
352
113
601
365
-56
-516
-709
-150
-257
-703
-641
-164
-471
-364
-440
-297
-363
-665
-522
-309
-15
-532
-140
-558
-655
30
-337
-260
-559
119
-588
-390
-935
-556
-228
-42
-212
-498
-144
-47
220
-492
313
-865
-31
-206
83
-462
-92
-87
-332
80
372
-52
170
-61
-369
-228
-482
-360
-447
-572
-31
60
120
103
66
83
87
35
-320
-503
157
115
70
136
-210
406
157
-43
118
-66
141
129
-180
164
-98
294
-453
88
132
-93
-39
-285
-43
-182
-259
-29
97
-190
314
421
-398
265
-351
-160
-142
-49
-740
-158
-410
490
213
-559
-755
253
510
-534
-85
-248
268
-221
-320
272
253
-458
-126
-134
-16
-274
-455
313
-406
40
300
77
-293
-33
-159
306
-356
-369
373
-178
510
-107
-367
-100
372
-181
-290
58
-169
108
118
-341
-217
280
-163
-80
-764
-148
175
266
-84
140
-487
-280
318
-322
-260
-72
-428
-4
-768
59
248
-679
236
-376
464
-321
182
176
-99
-216
393
458
-378
-494
300
-460
-439
-347
-629
129
112
39
128
-799
522
45
-428
-104
294
-45
-501
330
-110
182
20
266
244
-90
-310
113
-335
84
-41
107
262
-173
-344
351
162
-296
267
129
278
-9
-795
321
-47
-325
-511
238
76
-43
197
-5
-283
-316
-189
0
98
-86
144
-305
48
-36
223
-40
-205
-1
280
-84
-55
62
-245
-206
-264
-49
-299
-253
-157
-323
-179
107
-685
-304
-156
85
-716
-218
215
-120
-587
-93
216
-573
-805
-454
-269
65
-327
-162
-423
-351
-578
-135
123
-201
-699
-157
-374
-212
-50
-512
-215
-393
-162
-306
346
-43
-328
-68
117
734
-697
322
317
-81
-176
115
-597
-266
-410
52
-662
-153
130
262
11
102
-586
195
270
161
-81
16
-182
265
116
95
-112
298
-18
307
200
242
-488
-46
34
281
-161
-292
-101
335
816
90
-46
-246
46
464
279
554
-515
119
522
-212
465
152
-126
-116
-416
1
-414
-455
118
0
143
500
-412
245
172
-196
-92
-496
60
202
-203
-598
336
587
451
-413
-244
329
-898
631
450
-578
-469
165
120
13
-459
-157
3
142
116
-320
301
599
-376
259
-91
460
-441
370
328
51
-345
495
168
-204
-276
-79
132
437
-521
-93
776
-516
-224
389
107
285
-147
96
-314
-428
-204
77
151
318
-222
269
-245
-375
-16
121
47
-131
-325
-293
288
225
-44
248
-358
627
-623
236
97
-116
345
190
-322
17
63
-117
124
211
-262
-47
531
353
-767
39
160
-193
-602
-92
-265
-530
143
-216
85
-298
-32
60
-380
338
-499
-198
-55
-119
44
-600
-259
113
337
123
-230
-146
234
73
446
950
-537
-120
230
347
-127
1
120
489
491
-181
456
285
128
308
424
622
122
662
235
479
401
577
527
715
363
735
991
350
589
1040
721
791
-229
372
577
332
-67
414
126
119
371
-40
655
737
533
279
573
211
-433
323
666
578
384
68
232
621
474
211
-175
82
489
920
-497
379
125
160
535
210
-19
7
59
268
581
593
760
-25
362
462
530
-306
-95
671
-145
8
121
473
479
167
134
277
344
-255
557
809
318
91
-23
234
-193
1126
-142
-336
266
442
536
52
426
224
-179
314
579
619
88
411
243
89
87
622
93
570
341
482
371
700
233
909
931
520
-25
37
702
356
442
15
84
1032
595
574
-291
568
-60
215
461
153
-334
-243
492
244
486
-46
-6
327
66
484
479
-112
633
-232
565
417
-93
603
133
218
429
225
-33
-49
173
131
609
230
120
395
-96
553
-397
466
268
321
-23
99
-19
353
231
24
671
556
306
150
290
422
212
195
336
206
187
382
299
534
248
389
146
194
549
633
-341
180
-475
405
25
211
662
136
354
149
939
-153
136
396
-276
513
117
700
58
101
80
329
316
-123
448
648
-274
153
504
504
95
125
353
24
211
518
151
-45
277
309
97
227
2
71
17
145
-42
-203
67
190
-101
285
-24
110
328
-301
181
32
-38
-181
106
50
-13
442
16
337
-109
-337
-645
-554
-466
-676
-842
-537
-284
-324
-831
-394
-567
-774
-790
-357
-913
-1615
-858
-1387
-1047
-1058
-1051
-1220
-722
-459
-943
-1419
-1198
-1010
-1326
-376
-212
-760
-1291
-1064
-1125
-1153
-877
-712
-841
-794
-1280
-1043
-887
-1311
-1290
-903
-368
-910
-1358
-1435
-882
-1156
-1016
-1187
-1015
-1383
-848
-689
-1374
-1569
-1145
-607
-475
-1042
-864
-1147
-614
-476
-546
-1034
-1223
-851
-1374
-857
-1440
-1032
-675
-333
-440
-1530
-1157
-1128
-1044
-1265
-1069
-424
-1288
-1239
-613
-854
-868
-1115
-933
-678
-283
-1246
-999
-682
-918
-500
-883
-825
-1142
-1294
-769
-872
-806
-1595
-1199
-803
-688
-875
-915
-875
-324
-1176
-951
-942
-936
-531
-469
-879
-989
-747
-1120
-1004
-556
-998
-623
-709
-1294
-1256
-782
-1030
-851
-791
-347
-1020
-1304
-1577
-1160
-1070
-568
-809
-1229
-1083
-1030
-443
-1168
-1371
-1003
-717
-1023
-879
-1170
-906
-683
-578
-132
-778
-1140
-1322
-785
-1251
-903
-1018
-852
-886
-1077
-649
-1567
-956
-1076
-722
-589
-1332
-1576
-1406
-888
-1053
-343
-893
-1134
-474
-855
-1146
-816
-993
-1226
-988
-258
-1109
-1207
-509
-726
-1328
-1033
-859
-1125
-903
-486
-1503
-946
-1345
-1443
-1111
-393
-1065
-1302
-126
-231
-831
-814
-1282
-967
-774
-1209
-998
-1546
-1128
-1119
-750
-181
-1332
-825
-1135
-1148
-1170
-1446
-1342
-1276
-515
-1417
-1171
-654
-783
-708
-1283
-318
-627
-770
-658
-911
-337
-338
-863
-951
-606
-718
-874
-641
-467
-848
-377
90
-142
-124
213
426
98
-466
181
414
458
-482
181
498
-143
52
-378
37
-648
-41
-386
-476
-119
199
-129
254
467
-144
-424
-260
-325
-238
-703
247
-67
-606
-70
-208
14
94
237
-707
-21
-232
78
-265
-75
265
-250
113
86
-127
177
-146
-141
-474
60
111
-500
-532
-162
-189
75
101
-98
-377
190
301
-334
-113
-150
97
-12
-321
301
254
-434
-279
414
78
161
-5
-264
-185
-187
-193
191
0
-328
267
118
64
-458
-491
-325
50
85
-83
-73
24
-180
-162
-250
-335
-265
-571
-180
-416
-282
-100
-586
-159
-55
-377
-36
-98
-729
291
-418
-606
38
-227
246
-158
278
22
-618
-159
36
-265
-287
169
601
-493
-433
-69
143
-59
-614
28
-199
46
-598
-221
77
250
-264
-334
-321
-236
516
144
-206
-220
-78
-4
-318
-44
-116
-198
-107
-64
-350
-513
-220
-358
122
-796
-48
147
95
-756
-103
-556
-441
647
-81
-147
-40
-368
-134
96
100
-100
249
117
-203
-545
2
182
-596
-207
-81
-153
22
49
-84
-214
-379
-108
-379
140
102
118
-407
-266
21
19
185
-607
-321
-188
128
-161
-461
197
-70
151
24
-554
113
-410
-474
-644
116
178
-628
173
144
27
36
-81
245
263
14
-109
388
-9
-250
-15
-361
-215
-373
-698
-209
-72
-276
-315
-488
-160
-554
-333
-257
-152
-300
-398
-327
-59
-419
347
-98
-213
-278
38
43
-463
350
-19
124
-299
-502
-117
-296
-93
-631
-62
-401
-34
-463
-192
-302
-838
-20
-647
-420
53
-653
-211
-538
-40
-596
-765
3
-580
-624
-499
-27
-178
-472
-369
-225
-574
-986
-364
-647
-735
-104
-412
-1018
-627
-141
-723
-384
-867
-264
-814
-578
-554
-1010
-1107
-788
-584
-1125
-401
-76
-955
-1074
-536
-237
-573
-545
-202
-445
-1042
-1282
-523
-894
-397
-524
-477
-866
-377
-253
-611
-670
-602
-638
-663
-1174
-586
-605
-691
-236
-460
-359
-118
-960
-614
-624
-508
-388
-489
-442
-245
-699
-885
-985
-405
-335
-865
-615
-170
-24
-511
-554
-604
-222
-558
-312
-260
-1047
-465
-660
-674
-405
-123
-445
-263
-828
-551
-371
-899
-1053
-281
-144
-659
14
-891
-527
-642
-229
-668
-753
-829
-229
-494
-1071
-929
-423
-982
-658
-592
-605
-214
-1096
-312
-373
-347
-1153
-568
-665
-751
-380
-565
-557
-1154
-645
-434
-326
-161
-740
-718
-495
-533
-525
-682
-741
-788
-330
-471
-771
-383
-572
-898
-253
-587
-588
-243
-488
-369
-994
-937
165
-402
-710
-410
-119
-639
-660
-434
-369
-441
-862
-628
-590
-762
-1100
-854
28
-657
-539
-478
-1406
-867
-514
-711
-607
-792
-834
-752
-533
-600
-1213
-834
-1106
-911
-1121
-583
-1153
-1263
-1182
-1017
-1186
-1162
-1168
-1234
-578
-302
-621
-827
-239
-452
-583
-680
-672
-684
-1101
-940
-834
-1058
-944
-444
-280
422
553
159
716
738
614
359
635
384
274
575
575
339
388
618
397
143
440
129
-221
-134
132
326
50
-294
-39
658
149
484
378
603
363
168
451
-166
348
381
559
52
-118
-58
188
340
383
80
-175
240
286
-107
473
369
282
142
61
216
46
97
75
719
161
243
170
-69
-273
25
718
29
178
648
483
54
-424
190
285
306
298
350
213
-172
-154
9
394
49
390
-275
415
708
218
14
944
322
-270
-144
-328
480
109
215
666
565
470
-271
274
261
-27
67
-15
194
289
606
480
753
446
347
904
178
336
660
313
237
421
595
704
604
187
-35
293
-336
-210
197
380
-298
320
-226
398
564
333
-206
-109
-623
-11
381
549
29
-9
128
432
140
221
599
29
-434
204
62
400
679
-173
337
311
156
407
149
245
-75
471
81
-57
229
334
-37
-257
93
179
780
402
445
198
155
566
366
507
229
162
450
565
220
170
-68
268
469
-308
221
31
120
700
158
-65
318
346
103
111
373
68
40
-237
572
261
548
240
-292
-13
304
278
191
165
-162
-214
36
47
147
136
279
444
81
379
-110
301
530
-5
-110
311
188
220
443
-74
13
287
214
-547
49
-365
-1
-191
-717
-565
-51
-346
-736
-494
-410
-397
-453
-584
-361
-466
-312
-62
67
-355
404
431
187
30
278
76
384
262
127
292
306
437
-190
-88
-380
-458
-191
-254
-77
-375
-436
73
-88
-419
-432
-578
-219
-222
209
-390
29
-212
-143
-225
-516
-430
-554
-90
-402
-552
-82
-193
-342
-275
-362
-457
138
-387
-164
127
-214
-680
-73
-259
-683
-295
-176
-436
-523
-485
-290
-283
420
-309
-556
-81
-328
-112
-288
-171
98
-658
-97
-280
-195
-90
-104
-359
-412
200
-208
-396
-63
-139
-726
-146
-446
300
-365
-130
255
-29
-52
-893
-520
-360
-292
208
237
-66
-428
-458
132
-349
-436
-322
-482
-641
-662
-656
-203
-651
-544
176
-168
237
-362
-819
151
-92
-459
251
-372
234
-142
-283
121
-123
-95
-103
-167
-675
-606
-587
-604
-132
-441
542
-659
-181
123
-564
-124
-477
-403
-477
-247
-505
-250
259
-525
-366
-483
-171
374
-657
27
-1076
10
-179
195
-301
-228
-344
-57
-353
228
-422
-138
-267
-518
-351
-404
-663
-34
-216
-525
-12
-378
-20
87
-38
-521
-303
-174
-28
-403
-30
231
-812
-19
204
-287
62
-113
-326
-403
-134
-252
-186
-231
70
149
-364
-24
-514
233
-109
-297
-903
52
-254
-73
65
-426
-685
-680
-992
-807
-808
-126
-656
-80
298
-447
-633
-308
-943
-631
-673
-753
-618
-188
-205
-464
-319
-235
-870
100
-278
172
23
-209
150
-102
141
-369
271
-44
-25
95
134
217
-426
-7
-365
-778
-861
-546
-748
-1079
-1149
-860
-679
-1087
-955
-722
-621
-926
-716
-501
-382
-1310
-2377
-1661
-1332
-1612
-1505
-1386
-1312
-1609
-1510
-1497
-1047
-810
-1139
-608
-855
-1174
-1792
-1620
-1378
-1183
-1492
-1392
-1551
-1325
-1231
-1723
-1189
-938
-585
-774
-1050
-1610
-1256
-1121
-1462
-1364
-964
-1308
-1057
-1298
-1239
-1164
-1396
-1430
-674
-423
-787
-1454
-1212
-1455
-1117
-1267
-938
-1045
-483
-1151
-907
-714
-1194
-577
-654
-647
-528
-1271
-1478
-1072
-910
-1253
-1090
-1099
-943
-988
-1169
-1116
-1633
-1018
-167
-1007
-1441
-1525
-450
-1120
-1368
-997
-1598
-1347
-1420
-995
-744
-1376
-1298
-1324
-764
-539
-831
-1300
-911
-1394
-929
-1387
-1184
-1169
-890
-1051
-581
-1280
-1348
-989
-986
-457
-762
-946
-1096
-1163
-1429
-1468
-1023
-1880
-1331
-1391
-765
-1423
-1579
-1374
-513
-288
-945
-1038
-1671
-1241
-1330
-1177
-1046
-1360
-738
-1010
-2233
-1264
-1146
-1153
-794
-428
-1184
-1221
-1445
-1481
-1142
-1925
-1345
-1133
-1013
-1105
-1599
-1676
-1322
-777
-563
-737
-864
-1245
-1280
-942
-744
-1225
-1311
-1760
-832
-1286
-1364
-1435
-1367
-1405
-756
-445
-1231
-1061
-1286
-1020
-1089
-1172
-1056
-2000
-1257
-940
-1594
-1034
-1395
-804
-692
-846
-963
-827
-1253
-1257
-1197
-936
-1185
-1075
-1580
-1039
-1428
-1734
-702
-665
-444
-138
-823
-820
-814
-1595
-1539
-1139
-815
-900
-846
-651
-1061
-745
-744
-536
-535
-569
-970
-1053
-657
-763
-661
-1121
-996
-442
-572
-920
-853
-704
-869
-737
-208
-606
-935
-1100
-1347
-1180
-1361
-1276
-1383
-727
-841
-1478
-1111
-1102
-916
-597
-260
-452
-1041
-988
-987
-732
-578
-806
-733
-949
-381
-827
-488
-998
-411
-564
-252
-446
-1033
-819
-872
-678
-675
-110
-1456
-956
-525
-1230
-1062
-886
-473
-1124
-456
234
-472
-1145
-754
-187
-930
-1214
-878
-173
-631
-464
-266
-1005
-725
-482
-68
-56
-193
-698
-1307
-428
-245
-951
-936
-509
298
-635
-468
-403
146
-74
16
-405
-1019
-1070
65
-657
-908
-502
-349
-493
-1176
-745
-638
-1078
-1089
-544
-421
-273
-520
-975
-368
-795
-74
-350
-1127
-1153
-516
-924
-871
-844
-280
-1266
-161
71
-205
-554
-804
-531
-1293
-801
-678
-1098
-140
-682
-413
-714
-1444
-377
-466
-47
-718
-1135
-593
-949
-653
-775
-324
-793
-609
-1080
-893
-545
-1019
-444
-322
-220
-589
-559
-903
-602
-645
-714
-1317
-517
-262
-727
-807
-886
-548
-533
-79
-33
-902
-1209
-561
-503
-1079
-602
-409
-1203
-872
-1263
-507
-838
-889
-302
-779
-42
-765
-614
-753
-392
-686
-726
-855
-619
-745
-1010
-621
-442
-1351
-779
-498
-115
-599
-491
-409
-625
-835
-512
-652
-617
-632
-697
-1293
-897
-794
-658
-134
66
-282
-309
-403
-738
-786
-1222
-562
-377
-562
-599
-154
-503
-514
158
-256
-275
-410
-567
-433
-1161
-258
-758
-250
-364
-442
-652
-291
-76
-388
-545
-738
478
-93
-227
-219
156
-109
-83
130
-5
109
65
-22
-45
-181
-172
-38
221
-741
63
-50
212
-351
112
179
-55
-249
264
207
-299
-59
-99
425
-222
-871
-655
-471
-628
-480
-730
-142
-438
-416
-867
-882
-472
-701
-1011
-460
-464
-1005
-691
-872
-558
-654
-541
-1612
-862
-877
-675
-894
-1109
-577
-576
-354
-235
-448
-804
-1144
-1259
-816
-898
-924
-1239
-816
-1431
-494
-1005
-869
-579
-119
-457
-386
-214
-889
-1091
-1117
-738
-238
-878
-983
-661
-895
-744
-699
-395
-230
-415
-356
-1085
-1057
-465
-650
-858
-818
436
-226
-938
-705
-291
-567
-858
-120
-370
-1097
-803
-624
-1453
-954
-772
-1076
-787
-778
-1176
-1296
-898
-855
-512
141
-81
-974
-955
-914
-678
-627
-1139
-1431
-702
-584
-437
-1254
-305
-850
-610
-546
-544
-763
-784
-987
-1306
-450
-579
-811
-1004
-1153
-773
-552
-929
-478
-750
-520
-401
-476
-869
-553
-754
-564
-145
-1028
-727
-700
-1339
-123
-885
-1063
-935
-565
-410
-1036
-479
-841
-689
-1039
-975
-941
-949
-321
-1019
-952
-678
-649
-1054
-308
-234
-850
-612
-819
-873
-1194
-943
-472
-926
-1341
-416
-1121
-865
-781
-609
-796
-292
-446
-880
-1369
-918
-731
-1069
-678
-660
-626
-1134
-411
-756
-1052
-1091
-393
-620
-521
-753
-539
-744
-303
-928
-1089
-610
-705
-765
-849
-301
-1056
-536
-953
-504
-302
-101
-322
-1001
-186
97
-525
-1125
-501
23
-867
-519
-65
-70
221
-729
-736
-381
-654
-719
-571
-613
-744
-551
-671
-634
-895
-612
-365
-379
-95
161
705
417
357
161
366
543
268
419
548
470
610
70
587
392
991
224
40
469
202
591
362
461
463
195
584
682
371
195
447
766
462
432
-11
880
549
632
398
756
483
740
225
65
405
614
865
376
729
137
707
525
927
1378
604
-87
446
218
193
701
809
753
610
95
428
512
906
548
813
38
957
890
690
520
944
658
565
1110
627
684
555
249
483
337
618
726
988
644
753
718
478
320
838
918
716
455
325
617
696
119
695
1100
531
820
328
645
245
724
693
817
792
705
1045
415
677
339
785
363
798
516
361
840
612
663
1058
665
639
678
158
592
315
1063
314
853
717
662
1085
694
1140
274
1112
340
963
-3
253
485
1096
862
766
691
325
1198
563
67
866
1147
41
612
531
1172
167
510
244
635
534
804
690
358
450
807
726
702
483
816
609
897
471
499
560
581
501
547
503
416
1030
627
217
830
919
242
781
683
207
731
941
993
940
445
1055
116
926
543
786
677
361
872
489
735
552
392
771
632
375
275
592
532
911
1002
517
448
737
781
435
1236
650
594
932
352
798
1043
324
651
807
751
373
1021
682
670
817
526
24
501
281
717
394
564
662
775
784
373
1084
563
620
812
574
509
614
-100
-37
64
469
414
196
86
342
87
146
717
269
-102
141
179
194
-148
123
443
-86
-455
-62
297
-22
-70
56
153
-171
-17
452
-277
-53
-91
170
-11
84
364
347
182
170
553
-55
114
-72
-61
-181
-34
228
-102
385
99
-145
108
-66
-23
-14
-102
357
498
-507
160
389
123
290
-67
329
145
157
-36
-425
-25
146
44
-430
87
-7
392
-98
355
119
140
215
231
-1
-295
380
314
523
438
387
-110
-75
-26
-10
-20
154
17
158
117
-467
-40
176
-104
303
-546
-162
6
192
167
-60
409
407
-48
-7
-23
390
-61
-259
116
293
142
-23
-52
294
-269
-273
-16
109
-78
218
118
42
-95
156
532
-64
-170
-257
419
459
223
293
-433
279
144
535
-6
53
266
297
-329
4
-459
837
299
20
-69
-248
255
-88
71
-204
-20
28
94
532
-210
-11
403
-215
-5
409
-56
339
-187
18
-396
506
-56
105
244
-29
202
-45
158
90
130
-224
-144
200
-623
207
267
652
43
-14
278
-224
365
54
-131
536
286
-294
-91
-428
327
443
-110
-387
270
207
138
-103
-136
169
272
-54
513
309
-125
389
-229
198
337
261
147
530
636
-209
370
735
99
152
498
219
202
-118
-128
107
463
-241
-325
148
14
-145
-30
-229
-90
139
-108
-87
-102
-18
-68
-184
399
-250
102
135
223
-164
159
-129
111
143
131
-165
190
242
458
-232
365
83
-67
-35
526
504
496
589
620
266
104
457
-147
-68
285
120
283
-150
299
663
853
344
307
143
211
-57
1149
400
355
148
472
128
259
431
701
790
-3
784
638
325
-460
511
-218
812
607
197
351
161
294
415
486
402
228
457
195
35
284
1031
621
650
87
442
874
229
302
-93
753
530
949
1060
460
407
1147
351
250
275
314
763
708
-153
-180
405
280
483
693
108
282
18
193
624
223
-230
655
560
58
-667
308
60
370
-137
226
104
125
-186
544
374
475
136
174
606
53
246
325
662
448
356
547
173
550
373
361
259
282
490
719
446
707
242
399
-114
109
777
59
355
914
351
829
274
-125
693
224
416
684
38
-222
288
471
113
444
96
758
371
391
39
101
77
867
364
481
65
459
-135
40
734
600
394
216
432
74
250
282
438
573
-17
560
15
311
847
277
298
351
757
-266
404
803
49
-56
764
520
339
931
-311
-57
412
1070
141
155
854
127
487
582
673
-33
245
767
145
568
83
330
576
400
631
690
805
787
382
556
1092
325
710
875
818
1079
284
-60
369
630
550
299
501
647
488
697
260
596
553
485
632
421
272
-20
100
-209
-219
-69
188
305
177
-215
7
213
46
-199
105
-138
353
351
-43
260
505
722
508
42
247
924
109
662
440
321
629
590
460
482
584
502
939
872
283
377
751
948
228
387
832
715
903
3
487
505
175
493
483
559
878
603
443
186
1124
662
831
648
471
547
-29
275
194
551
971
899
921
818
624
547
-194
245
413
644
555
250
-314
550
651
313
446
824
168
858
185
723
34
791
156
786
763
454
-290
760
463
8
698
572
722
748
5
483
734
1382
445
600
559
734
233
676
430
448
703
98
843
986
685
644
804
495
431
813
726
465
184
630
-47
799
13
695
745
866
180
168
1103
651
-52
524
615
556
207
449
630
280
732
603
161
974
594
395
547
-213
723
852
835
602
182
729
25
748
352
646
386
764
570
186
563
666
373
669
496
235
379
776
487
409
559
716
888
444
1008
667
748
512
349
575
1239
423
214
117
667
590
472
554
748
117
650
1240
138
53
1048
886
396
466
155
610
572
103
219
837
509
775
737
609
577
620
328
585
647
213
-12
495
452
413
193
422
431
768
693
307
237
435
149
405
656
117
-200
277
588
749
757
482
658
876
575
552
466
823
615
513
759
563
249
-74
-527
126
-154
-308
-394
34
37
-131
-1
-117
-37
237
-69
-175
253
-404
-565
-274
49
27
272
44
-492
-485
138
-125
-206
-149
16
199
251
463
-5
216
-434
532
-115
217
-210
-507
-388
430
-18
-204
-285
730
382
258
137
243
-229
-274
468
-261
-198
-178
359
-182
201
294
463
758
769
-133
-419
299
439
470
285
-45
32
22
172
323
720
668
-72
752
-75
7
-2
309
-41
239
364
-9
304
236
-380
76
836
508
793
-105
742
-19
59
244
-433
-16
33
327
172
74
249
100
122
-106
-452
-283
59
125
-333
240
-127
254
410
395
114
-75
-586
-417
130
678
282
107
258
421
243
289
-291
338
194
282
-373
282
-146
123
567
273
140
287
526
57
-152
-47
361
198
-151
-32
-85
389
-134
-156
479
-44
241
441
-45
125
-165
486
165
215
474
212
555
-230
-209
447
-6
-519
72
-394
165
285
577
460
-118
-77
637
595
-440
77
256
39
-309
-27
55
540
536
256
75
280
350
-356
-181
-185
412
36
458
-41
490
-185
320
283
169
-173
538
217
147
133
571
-274
498
295
217
581
92
147
178
711
239
-112
-213
29
-390
-283
-398
-126
74
315
754
-13
190
194
447
239
420
419
573
497
595
736
379
283
655
1146
715
649
1283
725
599
425
448
-755
-336
175
-325
-746
116
-378
-343
-440
-86
-401
-226
-614
-94
-155
181
354
-667
-555
-334
194
-273
-521
298
117
-430
391
-303
168
50
256
19
135
29
-249
-75
-359
144
161
-116
-206
-39
-414
169
-29
163
-443
201
263
-334
373
-318
-426
-203
-70
51
434
-222
132
-62
155
-130
-306
-630
492
-105
-97
131
-770
-436
123
-39
64
-489
-15
-263
-355
261
-516
175
-151
516
-35
-278
-103
-257
347
390
84
-235
137
-394
605
-100
-166
-29
353
587
-63
269
-83
113
428
-270
169
432
-529
308
-443
-25
-383
-15
650
-191
99
346
-451
14
29
255
-267
-61
616
-2
54
38
180
-461
297
63
-108
-135
54
-19
-485
-251
160
114
376
-368
62
745
385
-192
115
62
-131
-54
168
-627
-48
208
-82
139
528
-81
-323
579
-322
305
951
387
-374
190
135
38
33
-69
-70
-92
-528
108
170
-381
444
-17
399
-30
104
-34
-422
400
-441
-240
70
-61
374
30
-487
207
-262
505
209
84
-554
-31
65
-153
-264
304
45
167
410
42
-45
-70
-197
-392
525
218
-405
-342
-167
-740
-795
-555
-144
-171
-895
11
85
-223
-115
-388
473
-131
-89
140
289
-132
-312
443
121
-683
145
175
-24
-6
411
4
377
119
-66
-114
-459
-196
72
255
-374
-204
-335
177
-362
-79
-651
-55
-215
-582
-164
-748
-991
-529
-528
-842
-654
-283
-711
-551
-235
-783
-700
-371
-217
-249
-965
-595
-492
-629
-222
-830
-726
-925
-739
-435
-954
-647
-480
180
-123
-333
-537
-214
114
-455
-194
41
-39
-357
-327
-657
-92
30
-163
-51
-189
-533
-657
-3
-255
-450
-370
-170
-437
-598
-467
-432
-313
-76
270
-119
-387
-140
-408
302
-37
37
-251
-367
-95
-255
-82
205
-342
79
172
6
-561
-13
-148
-514
-265
-255
-191
236
-209
-746
76
280
-158
-173
86
-127
-699
66
-742
-131
-41
187
504
-734
-603
-85
-304
417
-762
-157
44
-305
-341
-808
287
-224
-265
-169
-631
-432
-58
-129
-99
10
-57
-143
201
-320
-312
350
-780
-548
-496
-372
-567
-622
-68
342
32
-209
60
-392
307
-286
-8
-532
-212
-166
-7
-22
-593
-352
-328
-585
-608
-202
-252
-58
-457
474
-328
-257
-1001
-636
-127
-471
-445
-298
283
-508
-764
-219
-436
-463
-198
-292
-185
-606
-264
123
-152
470
-306
-617
-233
-394
-531
-835
22
-28
-302
-59
-197
-682
-430
-50
17
-367
-331
-691
-38
-337
-418
-554
-312
-499
-553
-210
-33
-389
-280
268
-302
-8
269
-10
-21
-242
-834
-459
-404
-288
543
-221
-370
-871
-377
-482
-575
-346
-506
-209
-251
149
-736
-981
-522
401
-126
-520
533
533
801
1014
968
1089
1257
872
1058
1088
950
637
617
614
643
745
348
328
19
154
251
-176
-173
459
267
-216
435
131
-476
-499
275
322
379
-26
282
-327
147
325
426
215
432
-537
434
136
-98
-423
298
36
32
-904
118
-377
-1213
-628
-424
134
-240
-795
-193
-356
-417
-728
-486
-31
-33
-939
-568
-581
-249
-109
-272
-786
-317
-159
-426
-569
-605
-653
-755
-89
-420
-992
-638
-663
-511
-378
-375
168
0
-1243
-583
-308
-1332
-749
-631
-269
-246
-1053
-1009
-309
-257
-615
-176
-524
-595
-715
-521
-1044
-741
-1018
-545
-166
-180
-788
-732
-748
-652
-641
-278
-862
-425
-923
-33
-676
-410
-407
-324
458
-466
-620
-247
-145
-176
-668
-586
-399
-135
-764
-571
-224
-216
-646
-315
274
282
-426
-535
-284
-581
-394
-146
-390
-44
-245
-489
-271
-847
-1266
-539
22
-196
-1222
-1
-641
-96
-396
-500
-212
-728
-897
-654
-168
-298
-969
255
200
-328
-771
-252
-713
-1008
-350
-477
-568
-507
-757
245
-315
-540
-595
-16
349
-294
-874
-164
-662
-687
-328
-799
-409
-127
-417
-612
-653
-317
-758
-435
-495
-300
-445
-464
-921
-425
-151
-549
-103
-489
-323
-541
-288
-1160
-985
337
256
-488
-816
-619
-882
-924
115
-488
-681
-1175
-636
21
88
-443
-129
-523
-298
-442
-1025
-462
-88
-409
-361
-903
-879
-502
-322
-636
-546
-396
-821
-917
-149
-1137
-928
-1329
-1587
-1081
-1263
-1589
-1353
-1083
-1163
-1721
-1460
-1132
-1122
-1087
97
-89
-34
532
119
-862
-728
384
-555
-334
464
329
-399
-239
-127
-171
-528
760
50
33
-288
-501
-225
-851
-403
140
-653
-531
86
-65
-1333
-898
-557
-405
363
-897
-731
-986
-873
-735
-295
-735
-678
-83
-698
-830
-461
-884
-229
-45
-652
-547
-685
-568
-375
-603
-360
-487
-270
-778
-960
-834
-1083
-328
-449
-642
-251
-775
-725
-1177
-834
-100
-622
-670
-440
-1068
-281
-575
-747
-657
-126
-241
-379
-80
-646
-467
-700
-1076
-855
-406
-1058
-614
-662
-311
-707
-697
-428
-261
-499
-155
-1222
-811
-590
136
-6
-879
-257
-1181
-177
-368
-604
-544
-312
-892
-216
-175
-654
-1286
-978
-159
-845
-896
-827
-776
-946
-675
-501
-461
-322
240
-388
-896
-938
-137
-393
-1076
-852
-590
-486
-480
-1295
-268
-1269
-583
-585
-221
-171
-548
-321
-1056
-699
-579
-716
-423
-946
-516
-88
-492
-640
-1074
-210
56
-491
-449
-1135
-573
-975
-564
-604
-562
-228
-217
-457
-231
-1077
-828
-341
-23
-261
-772
-403
-652
-1014
-281
-807
-690
-606
-466
-551
-658
-1138
-493
-143
13
-898
-558
-388
-1155
-654
-858
-585
-526
-916
-854
-607
-876
-517
-749
-477
-85
-276
-1002
-915
-922
-766
-214
166
-318
-556
-810
14
-272
-1229
-674
-88
-63
-377
-400
-705
-955
-978
-518
-728
-443
-60
-490
-598
-899
-687
-27
-293
-19
-318
-709
-589
-814
-366
-433
-498
-539
-566
-333
-355
-371
-396
-377
191
-159
-236
-622
-793
-681
-498
-985
-904
-333
-365
-515
-646
99
-725
-658
-279
-346
-256
-1009
-413
-903
-639
-765
-139
-707
-310
-960
-110
-417
-550
-348
95
-846
-367
-1161
-1128
-1121
-1297
-1059
-914
-448
-162
-1029
-1004
-955
-745
-408
-409
-1005
-440
-936
-502
52
-928
-551
-868
-736
-331
-662
-343
-1247
-761
-634
-598
-852
-720
-578
-860
-834
-921
-552
-965
-574
-988
-895
-736
-718
-1266
-242
-257
-896
-874
-326
-1140
-410
-701
-1121
-877
-1024
-610
-846
-883
-786
-799
-714
-437
-1071
-538
-297
-843
-403
-159
360
-384
-934
-967
-583
-719
-329
-293
-285
18
-868
-758
-245
-1027
-640
-572
-827
-765
-475
-632
-935
-1036
-922
-640
-676
-240
-1266
-497
-822
-601
-913
-1006
-964
-407
-263
-317
-314
-623
-301
-718
-1146
-202
-751
-680
-590
-557
-1294
-268
-641
-206
-1031
-888
-803
-435
-589
-600
-802
-44
-721
162
-825
-603
-1208
-575
-872
-1092
-425
-213
-1001
-616
-729
-249
-962
335
-1306
-591
-1279
-625
-1280
-857
-967
-578
-808
275
-871
-564
-501
-317
-434
-526
-1142
-341
-980
-477
-993
-92
-90
-738
-1275
-123
-411
-732
-866
-1142
-1035
316
-1386
-886
-713
-437
-1165
-936
-672
-1398
-1166
-762
-758
-807
-464
-755
-738
-106
-1008
-954
-654
-218
-662
-1039
-1064
-914
-665
-326
-803
-684
-821
-310
-634
-493
-997
-82
-475
-449
-371
-13
-372
-398
-95
-280
-355
-260
-361
-238
-651
-138
83
150
531
-137
-309
138
214
-139
-489
211
-298
-556
-183
176
56
-560
193
428
691
79
220
498
-374
-96
16
-318
-188
298
297
-58
-259
-117
434
22
-34
-386
-200
-410
-48
167
-438
-280
476
592
-465
-746
-962
-316
1206
-111
-112
-302
-395
-592
-261
-580
135
202
-31
-121
215
-192
-365
-439
375
-179
96
-290
-147
465
733
669
181
-369
89
-686
-344
-137
-1318
-591
619
-537
-468
116
-35
-66
-237
-135
-680
-655
-809
-72
254
104
42
-421
797
-1021
-43
101
65
-414
-597
351
104
143
61
-172
-137
-414
-479
-802
218
314
-301
37
-671
-261
245
-297
-67
-254
488
-188
414
-401
-352
-592
649
224
-333
-134
155
496
-332
-290
187
-101
-173
-232
-491
-149
-465
-473
162
-487
-97
300
-58
-384
40
-151
-279
-140
-140
433
-118
168
-390
-2
614
-648
210
-23
-43
-644
-220
26
-823
-184
214
-96
-183
-64
-727
-570
850
235
13
-155
-173
-322
-316
97
-239
-662
-363
247
-530
-191
-360
-276
201
-303
-494
-359
-755
-486
-583
327
428
-355
-196
61
-146
251
51
-588
659
-308
-347
-489
329
39
-10
369
-327
-231
-366
5
541
-550
-876
-615
204
-236
-308
-151
-202
31
220
-545
-175
-349
3
11
-440
-816
-685
-480
37
-509
-696
-277
-344
-480
-358
-543
-550
-202
-356
-706
-475
233
-169
65
-3
-159
-237
30
-54
-259
-73
217
50
-123
-406
-358
-206
144
-253
-117
-786
-118
-541
-736
160
-552
-807
-600
-596
-40
354
-661
-533
225
259
63
46
-466
102
-256
-142
230
-16
220
-277
-244
116
545
-233
-297
513
278
-305
-532
286
77
-684
-155
-301
223
74
452
-179
213
-6
-743
-853
56
142
-476
-574
-39
-140
-318
130
-1049
-332
-647
-71
-578
-217
371
-397
197
184
-273
363
142
-720
-23
-93
375
-249
47
49
-556
-21
-778
-554
-345
-292
-147
-64
375
272
-129
-646
-505
-164
263
-398
-144
-80
310
-274
-28
517
-169
133
632
-38
84
-58
-465
-158
-458
356
140
69
-111
20
389
-274
-126
-336
-422
-747
195
275
-91
95
-230
-92
-212
-550
748
-270
68
297
-624
194
255
367
-827
-384
30
-153
465
207
-626
-294
325
-398
-375
73
-421
-451
-129
-29
67
161
161
-451
-313
-320
-257
-298
64
629
-40
-111
-490
-158
-180
-406
-6
195
-218
-339
57
237
298
138
-595
-629
-1
-15
-22
-168
-105
235
-199
-510
358
-74
-273
-62
-405
-141
374
477
-268
-411
-490
-250
-94
-101
-153
-677
-524
51
2
-620
-493
-182
-246
-637
204
392
-262
-167
173
261
-115
-89
153
-103
-676
-69
478
177
-337
53
246
-34
163
-215
253
-254
-391
-145
162
-97
93
-111
55
-322
100
-478
-142
-28
251
-458
-407
-573
-224
-471
-25
-258
-253
-413
-290
-175
-295
-246
20
-111
-353
-68
-1059
-107
-455
-1116
-934
-343
-218
-685
-209
15
-214
-539
141
-690
-332
-558
-584
-612
-565
-1161
-196
-221
-695
-105
-196
-472
-485
-198
452
-430
-837
-375
-454
-702
-616
-574
-1211
-580
-30
46
-443
-642
-328
-312
357
-614
-547
-995
-563
-321
-604
-299
-495
-416
-683
-295
-322
-152
-1099
127
-49
-1186
-962
-828
-203
-548
-412
-358
-821
-523
-307
-967
-393
-262
-143
-712
371
-400
-1553
196
-496
-432
60
-1172
-191
-1355
-463
-451
-498
-246
-474
-114
-291
-346
-722
-81
-42
-662
-747
-650
-376
-535
-405
-390
-445
-24
-784
-274
179
-913
-752
-709
-633
-268
-424
6
-620
-414
-157
-481
-608
-961
-192
-458
372
-443
-366
-392
-141
-571
-698
-603
-404
-201
-510
-795
-2
-1
-842
-100
-333
-447
-1010
-319
-816
-876
53
-522
-430
-50
-623
-197
34
-455
-291
-626
408
-637
-591
-338
-652
-419
-584
99
-849
-852
-10
134
-804
-270
-402
-735
-159
-762
-629
-352
-402
-770
-545
-565
-168
-897
-41
-572
-490
-64
-746
132
-79
-612
-940
-104
-691
-468
-230
-295
-181
-411
-483
50
-232
-346
-586
-970
-253
-612
-687
-312
0
20
-598
-294
-428
-641
-219
-311
-73
-597
-660
99
216
-426
-214
-127
165
16
22
-383
-98
-110
407
113
88
-227
472
-189
291
473
19
379
165
-158
231
-29
-226
-11
180
-25
175
115
-326
-65
179
-129
392
10
446
180
-99
-6
177
104
-23
677
119
-380
-165
297
459
-277
139
400
279
163
277
-230
226
319
394
370
-37
187
300
-255
149
-481
166
-542
108
26
235
400
371
17
252
-313
-50
266
-199
-205
-153
233
-178
114
-112
-17
246
-186
-389
-114
-9
122
-8
523
-77
288
114
-314
-366
-207
341
38
-78
-46
388
153
20
-493
345
169
-502
456
487
-369
95
-131
136
199
212
-105
408
-45
-201
-414
294
-28
-48
437
305
-300
-506
-114
333
-54
91
-121
438
-136
206
41
191
-214
-232
220
516
-149
-145
-179
232
10
-86
-139
52
-72
-239
14
29
141
-128
173
585
150
-250
260
130
-7
52
152
369
248
-135
437
140
456
-209
424
-83
11
-18
103
273
17
202
2
-82
327
141
181
97
179
43
-121
-73
224
51
-194
233
29
59
555
292
132
235
35
-1
-33
175
205
476
-170
-251
57
198
463
127
33
83
-172
-399
31
169
-161
37
-354
-224
-156
59
163
173
85
352
-413
-41
-394
215
324
-275
63
-10
287
-67
-94
387
200
225
-49
635
172
277
-76
689
110
-376
6
10
-191
356
-269
-27
-71
131
-117
-314
-63
-442
-249
-7
-152
78
181
-39
279
158
95
814
267
938
213
593
302
82
304
787
120
371
348
285
328
445
-402
650
417
571
396
57
17
885
489
269
1025
450
454
387
429
457
-318
918
978
946
92
244
399
144
479
720
470
504
263
366
-480
312
-491
495
408
392
528
181
450
311
516
352
-80
403
332
-608
700
361
204
38
470
90
141
635
82
-172
362
-139
337
662
200
-35
-412
495
-539
454
-64
660
294
156
260
14
-64
-78
-29
437
308
-660
360
735
-589
225
272
199
6
35
-265
356
288
-150
-102
167
-325
-42
532
46
-645
145
434
158
-90
88
609
342
-388
103
208
93
153
37
208
481
-195
167
-31
59
91
291
222
163
114
-79
203
274
225
-263
11
685
-245
483
351
217
-3
-135
5
50
149
397
47
823
0
94
249
846
-527
-62
428
-190
-439
150
168
-440
207
122
282
167
377
-29
-372
639
-518
409
-81
204
-65
-180
295
65
78
241
346
-331
617
18
-412
316
-335
-36
175
-347
-82
336
-119
266
127
40
42
413
-90
151
323
237
-325
364
-35
-166
52
65
-302
129
-240
-149
590
72
462
-3
-132
214
-236
343
178
90
-919
-78
22
-87
-382
488
75
-104
44
-392
-176
-365
-81
-301
-81
-222
10
-33
-59
-171
292
-154
-55
136
-265
-312
338
371
55
826
115
536
425
347
629
713
634
542
258
128
158
580
199
298
-523
464
-243
-257
-206
532
67
-72
54
-174
-211
53
202
-562
-254
322
-36
241
136
393
-202
-187
230
265
160
81
45
402
-287
-207
677
199
71
-491
-331
-235
286
530
67
-467
-215
229
2
-603
24
-233
485
482
-14
-76
289
-190
-223
-87
82
249
-13
-16
50
64
14
103
351
-209
52
44
-412
56
-154
571
-159
-124
411
620
229
-423
-317
359
76
422
-216
-2
301
169
-125
-122
-192
-33
-131
-262
-109
-103
201
490
539
-75
-91
303
-164
286
201
-205
590
347
-5
401
207
-113
170
463
298
-69
-52
297
88
-90
212
323
106
-233
54
100
476
65
23
-319
300
405
200
-3
-369
95
0
130
-314
-171
153
218
-585
127
254
14
593
588
-187
-193
66
449
106
-178
190
136
207
-81
89
-129
-99
118
-107
-42
-408
364
-127
-440
607
483
126
-49
162
-116
381
-257
-58
-63
348
158
-216
519
157
214
90
-391
146
236
-61
293
265
-135
232
61
299
478
11
305
-155
-87
-13
376
-60
-1
50
-182
156
580
111
-233
1
2
-44
513
370
475
1213
249
921
795
309
340
383
814
379
173
958
578
113
16
-678
-15
-93
142
-141
-164
-32
-376
-63
-355
-128
-60
-82
164
380
403
-55
92
247
-98
41
355
-73
-14
55
-50
140
-818
66
241
495
175
533
261
208
425
-140
285
272
-45
-14
580
-462
30
32
554
554
200
-259
482
628
334
-511
320
416
483
-263
264
207
134
728
55
264
331
922
647
484
455
375
-206
652
712
634
-46
622
519
-15
-46
208
-22
383
56
293
398
190
304
-318
435
47
489
221
-89
292
129
67
116
305
388
332
8
55
106
560
390
389
514
73
401
453
514
396
-75
181
171
376
437
460
294
-374
-190
372
426
744
46
98
246
574
217
-106
519
387
744
409
-282
319
-11
12
134
102
-50
268
366
701
-468
360
359
166
228
-46
640
206
131
-423
287
14
200
962
273
468
15
79
-110
46
270
149
46
128
133
575
-32
-287
276
-379
582
407
207
138
411
435
129
219
532
-69
424
569
-69
358
-76
317
430
345
79
256
408
-30
174
545
165
66
558
166
731
584
73
859
28
640
-113
317
533
333
165
0
22
443
222
301
456
389
-246
205
268
524
37
-206
-41
256
48
-274
442
-47
525
377
176
-277
-390
307
429
818
77
545
372
844
685
739
-171
-55
448
271
123
485
259
704
-213
63
445
329
890
389
482
134
92
-134
433
835
274
534
546
206
467
-951
-937
-504
-528
-426
-875
-120
-959
-505
-519
-510
-750
-438
-411
-685
-650
-578
248
33
-37
-377
-448
-445
-175
-171
584
-177
-309
-21
-529
-380
-239
-408
179
-360
-146
-733
-347
-178
-122
-445
95
-1030
134
-932
-195
-1064
-563
-258
-814
-210
-425
16
-207
-22
-416
-309
-503
-209
-351
-590
-323
23
191
-319
-353
-138
-274
-699
-468
-137
-618
-226
-211
-930
-567
-829
-329
241
-214
-137
-417
-467
-156
-185
-435
-1033
-733
-293
-734
-26
-547
-598
-908
-407
-400
-567
-34
-884
211
-235
-386
-286
193
25
-236
-466
-123
-431
-285
-197
123
-486
-321
-544
-464
-346
-955
87
15
-57
-592
-341
51
-407
-209
252
-394
-311
-280
183
-316
-337
-105
-345
-424
-421
189
166
-451
67
-457
-518
-128
-564
-3
-921
-166
-576
-502
-226
-745
-304
-736
-690
-676
-631
-362
-643
-444
-242
-379
-110
-213
-620
1
-75
-336
-343
26
-890
7
-55
-628
151
-775
-418
-330
-273
-238
-302
183
60
-573
331
-857
-370
137
-794
31
-734
-395
-600
166
300
-278
-104
-171
-93
-507
-219
-829
-189
-490
-194
-3
-1024
36
-357
-357
266
-754
-406
-202
-359
-688
18
175
-907
-225
12
-523
-475
104
-541
-218
-696
-1451
-1331
-712
-873
-506
-495
-751
-774
-846
-706
-937
-1222
-197
-352
377
-385
-50
175
379
43
21
278
528
88
135
293
401
319
67
4
31
462
124
-228
34
189
91
251
120
-18
-138
193
112
-207
196
129
812
-70
412
251
-61
1042
39
35
75
240
100
39
46
-10
38
410
521
-16
-69
110
326
-501
67
283
147
5
577
119
-442
542
49
472
35
656
-214
248
-420
332
73
632
213
421
248
-43
-226
180
288
389
111
-6
556
142
238
317
-115
333
354
207
245
-85
313
51
94
705
297
190
169
-155
305
-191
-145
513
432
-14
16
260
405
385
-137
647
95
361
7
664
218
148
466
-138
-185
178
196
465
-54
-166
19
145
700
304
111
401
-236
137
-213
24
372
224
-147
-206
78
-42
418
504
-99
573
476
-127
170
247
-46
-210
235
34
117
-113
-185
120
-238
218
580
96
95
225
372
216
-166
-154
56
-64
491
-280
646
47
380
362
421
489
-61
204
80
-104
197
86
44
133
55
293
-304
357
171
294
377
479
-241
-256
133
-10
-64
210
140
72
-169
7
-205
-16
362
69
409
-403
-224
214
-134
487
-10
381
-428
418
135
-408
172
-303
235
186
297
117
-257
569
-47
579
230
124
123
-132
353
324
-869
-68
505
537
-73
-181
-74
15
-15
-290
140
239
-375
-268
267
-229
-117
-192
106
352
-38
75
-298
521
11
-5
231
236
3
246
206
242
-193
369
353
-589
-912
-607
-689
-520
-592
-552
-642
-350
-685
-638
-806
-652
-242
-209
-21
-488
-504
-944
-253
-980
-1126
-245
-473
-661
-93
-370
-870
-812
-423
-775
-507
-686
-473
-472
-465
111
-534
-883
-28
-782
-571
-62
-254
-200
-535
-119
106
-286
-840
91
-516
-237
-397
-200
-729
122
-171
75
-424
-124
-924
-787
-625
-158
-399
-601
-402
462
-236
170
-680
-438
-524
-375
112
344
-975
-511
5
-127
-750
-544
-166
-579
-234
-558
-568
-296
61
-381
451
-464
-666
-100
515
-86
-569
136
-2
-218
-11
-2
-204
-549
-201
-660
-258
-72
-108
-32
-324
-362
-445
489
-581
90
-171
-175
-583
-75
60
103
-896
-299
-790
-228
130
-910
-274
-23
-216
-213
-461
-581
-408
13
-341
-630
-908
-482
-672
-163
157
-527
-582
-374
-113
-232
-277
-13
-886
-387
-271
-654
13
-328
-306
-73
87
-370
-397
189
-13
-172
-496
-13
-294
138
-83
-874
-791
-84
-341
-602
-609
-277
-872
-40
-368
-476
-267
72
-510
-417
89
-395
-576
-142
194
176
2
-120
-732
-270
-172
-450
-487
-429
-186
-109
86
64
-559
-502
-318
-377
-365
-444
-1144
-17
-196
-333
-322
-71
-384
-480
-184
-775
-758
-497
-657
-341
-703
-396
-483
-73
576
220
21
636
-499
655
447
-193
180
239
400
405
301
-147
-518
-230
-264
-492
-247
-92
-169
90
-3
-296
-388
-607
-50
-67
-418
-218
-410
-779
-555
-376
-641
-936
-1076
-458
-686
-745
-719
-1062
-777
-1250
-561
471
-679
298
-413
-130
-281
-594
252
1
-244
-397
-185
-104
-516
459
-466
48
-169
-355
-16
-376
-323
-93
-566
-382
-531
163
-182
-651
-394
-929
-658
-110
-328
114
-176
-541
-351
-141
501
-553
-240
-542
-50
-65
-436
-308
-194
-94
-84
-649
212
-190
-146
-309
-570
-548
16
-596
264
-359
-57
-34
-236
106
-555
-369
-1080
56
-248
-625
-267
-346
-543
116
-465
-31
-707
-510
-94
-110
-141
-682
-221
-409
-741
-7
-340
-405
-220
-310
-78
-288
-306
-479
-369
-331
-219
34
-539
-335
-30
-543
-394
-749
-397
-305
-210
-482
-144
-65
-429
85
-596
-133
-402
-269
-323
-207
-286
-333
-249
-145
-580
-307
-235
-186
-423
-97
-343
-168
-101
-333
-524
-572
-175
-500
-380
-570
-144
-624
-591
-679
-91
340
-340
-347
-557
-506
-247
-302
-275
-600
-172
-672
-249
178
-479
-178
-228
-82
-384
-299
-41
-403
-317
-225
-586
29
-631
-359
-413
-671
-84
-691
-207
-130
-834
-165
-287
-327
-175
-522
-469
-560
-180
-700
-608
248
-717
-515
-352
79
-271
10
-240
-153
-686
-287
-9
-315
-65
153
-349
-574
-179
39
-551
42
-586
-1008
-625
-956
-650
-548
-524
-380
-541
-788
-749
-428
-175
-542
-420
-284
-505
491
303
270
632
257
344
-104
240
141
5
390
331
791
-16
182
49
431
54
-225
142
19
54
-16
151
-205
209
22
-103
362
406
-457
81
-537
-206
-911
-504
530
-69
-310
-287
-440
-793
-272
-210
-573
-236
-388
-121
6
-297
-716
-556
-642
-419
-126
-407
-472
-342
-344
-30
-140
-263
-364
-32
-244
-359
-47
-274
-483
67
-366
-263
-296
154
-820
-405
-43
-3
-513
-646
84
-421
-439
-425
-958
-497
-35
-337
-353
-829
-182
-307
-263
-191
-416
-9
32
-224
-315
120
-58
-621
-455
-104
-374
-433
-572
-124
-525
-443
-549
-258
-333
-185
-478
-570
-1070
-332
-99
-382
-286
415
41
-428
-709
276
-648
-225
-672
29
-236
-1060
-482
-216
-504
-593
-785
-428
-604
-664
-332
-338
-267
-716
141
-130
-435
-530
-383
-122
-384
-364
-264
-323
157
-194
-295
-536
-127
-165
-184
-612
-390
-236
-423
-261
-191
-974
-837
-705
-312
-614
-187
-165
-470
-168
-237
-328
-742
-578
-387
-527
-285
-645
-760
-183
-301
-222
-579
-204
-392
-106
-276
-616
-181
-406
-805
-786
-440
-404
-300
-6
1
-373
-102
-390
-499
195
-366
-236
-435
-82
41
-59
-318
-1155
-65
-634
-571
8
-543
299
-801
-531
-704
-671
-1051
-775
-751
-381
-119
-1000
-634
-454
-766
280
-576
-24
-826
-488
-15
-190
252
-534
-502
78
-122
-239
-321
63
-7
-530
499
-377
-56
-226
-1
0
-227
-407
5
-119
-108
-329
172
89
-309
-457
-68
94
-324
-135
355
-83
71
-368
68
-127
-493
-189
17
294
232
409
387
45
-279
-359
171
222
-238
164
216
-178
-210
-52
-519
823
267
91
-163
-275
-372
5
336
305
98
95
552
-319
50
-112
672
503
262
-366
-318
-280
252
-328
94
-225
-124
291
495
261
47
-106
1053
6
-267
48
-253
541
240
-90
534
47
196
-128
119
627
253
552
151
-103
851
143
149
245
93
203
-458
27
533
795
255
-163
443
443
-212
-372
644
203
68
-150
411
68
-96
332
332
74
-245
24
570
-52
234
-49
485
227
112
273
-95
-243
-376
511
160
-370
295
86
206
-48
228
0
175
600
-65
17
-201
269
380
-9
193
206
117
314
242
642
682
256
148
359
-10
181
152
-72
385
435
719
215
194
157
212
-66
-120
355
690
224
470
-161
217
77
357
469
101
494
216
518
432
258
85
517
285
97
-252
-439
439
349
473
32
455
352
99
62
923
417
-64
486
329
382
254
-327
378
286
55
-33
369
193
229
-13
458
-196
436
-61
73
30
-358
13
-201
-89
672
615
401
919
121
173
-194
-75
221
220
777
343
0
490
-454
-93
232
111
354
-363
-191
364
-291
88
-53
451
18
-475
-93
-168
215
439
-295
134
445
-1
139
397
452
-8
-148
-219
-421
-367
205
220
250
-389
-89
82
81
435
452
83
68
359
-41
148
287
254
376
356
-331
98
161
502
593
572
825
856
90
208
556
924
332
1058
92
337
-255
390
716
532
471
572
53
73
729
372
573
524
846
488
-187
123
351
787
567
231
394
750
770
277
238
857
613
272
542
771
-160
144
194
577
678
549
818
822
148
563
863
1022
413
441
823
282
292
602
249
1070
425
330
787
440
789
770
877
738
175
378
434
49
103
123
242
568
576
869
15
518
834
673
363
488
452
546
219
93
281
336
299
349
351
675
413
446
603
370
1051
218
410
506
569
547
158
420
374
470
525
433
295
612
940
757
328
227
103
1104
716
578
264
165
557
762
593
435
614
658
770
316
298
356
444
765
1116
197
141
220
342
385
257
299
292
624
693
186
207
437
632
432
414
316
332
448
215
399
662
418
463
76
420
636
626
564
606
727
266
528
512
-176
232
400
536
518
460
360
213
975
686
396
955
448
823
431
585
-25
24
362
912
565
-226
734
1051
868
281
297
649
899
640
797
282
262
-3
267
28
-325
-210
2
227
250
-272
196
-35
-109
233
270
-79
-294
405
852
507
491
811
465
576
162
269
763
705
644
246
175
314
486
-14
632
327
198
530
-13
449
550
415
-362
474
215
30
25
570
282
227
-154
450
341
64
240
313
304
371
685
284
419
286
542
724
-28
859
-151
88
94
464
523
380
-126
143
292
102
536
-156
275
538
287
365
669
132
519
-34
-201
417
-224
392
453
460
-78
130
867
577
1031
-78
50
429
-40
597
585
73
524
-153
106
-122
327
107
-84
349
222
285
407
266
664
615
240
400
488
140
371
243
615
-491
149
486
256
170
17
-27
99
142
-68
216
-307
326
-69
342
-343
142
-133
-288
556
383
121
46
-216
103
591
474
-266
325
579
428
440
36
334
291
660
-75
159
622
182
415
386
186
557
356
225
-40
483
88
156
357
-46
24
-230
162
119
129
265
462
292
-82
610
517
-97
-8
22
-46
721
-156
-315
-262
249
307
466
57
212
274
412
303
557
105
534
600
582
17
-44
305
308
429
395
149
294
136
565
261
118
-166
-290
246
-259
315
-67
139
360
18
362
629
-177
304
458
33
32
223
322
65
396
296
-459
-266
-174
-195
75
325
150
203
371
205
196
56
134
509
179
183
476
232
-47
475
524
491
-270
66
421
349
398
-221
-7
-592
212
95
61
233
458
264
87
50
46
564
431
249
43
155
430
488
471
-344
-379
437
192
-162
31
-70
-407
-152
-33
-127
-530
-103
272
-90
303
-452
136
-258
-421
-425
-521
-405
157
-252
-444
13
-80
-237
77
-249
385
-759
5
-169
637
-176
-575
-383
-519
-522
-84
-129
-252
-90
-260
-216
-257
-671
-128
-438
-269
-254
-9
16
-564
-460
-52
41
-231
117
-152
118
65
-802
-148
-244
-352
-405
-581
-169
-531
-160
-332
-345
-20
-185
-606
521
-59
-497
173
-567
-306
-331
-228
-138
40
33
-445
-293
356
37
-258
235
-8
-728
320
-70
96
-679
-350
-29
69
-479
-457
-597
-103
-374
-583
-22
-146
-607
15
-135
-272
-159
-379
-7
-102
-28
-261
-389
-181
-196
-5
267
-128
-655
99
-349
-609
-219
-299
-61
-242
-184
-249
-868
-8
-424
-228
15
-12
-806
152
-236
-161
-533
-444
-410
-323
-10
-136
-351
-507
585
-445
276
52
-656
144
-503
-37
-523
-204
50
-412
-612
-138
-166
17
74
3
-545
-370
-419
-537
-136
-564
-216
-253
-339
-465
-408
-496
-480
-330
59
-359
318
-262
-558
-123
10
-398
-581
-586
-421
186
54
-256
301
-155
-169
152
78
41
-661
-156
194
-14
-564
-50
409
-298
-501
-102
-629
-225
-411
58
244
-448
-921
-144
27
-144
129
146
220
8
-270
97
60
167
-223
131
307
130
-257
595
-116
420
161
461
662
43
50
237
182
204
497
884
87
320
-271
-386
-198
-151
-388
-376
-292
-355
-366
-424
-473
-192
-83
-304
-669
-526
-750
-81
-413
-706
-619
-299
210
-787
-290
109
169
-626
90
-351
-572
-548
-451
258
57
-150
-224
-74
-5
-182
-695
-197
-163
-135
-687
-406
-886
-3
-270
-6
-377
-342
-425
-381
-171
-153
-214
-394
-1082
-241
-671
-231
-705
481
-333
-272
-342
-170
167
-490
-509
-707
-220
-58
-43
-548
-169
-387
-420
62
-651
-781
-361
-524
-360
-239
62
-532
-224
-239
-398
-767
-394
-143
-303
-213
-753
-393
-147
-69
-300
-427
-579
-225
-470
-330
-408
-56
-305
-93
-182
-75
-774
-344
-181
-181
71
-25
-357
-200
73
-586
-277
398
-314
210
-317
-30
-413
-533
211
-6
-639
-334
183
-599
-324
-313
-306
-577
-177
-58
-783
-238
-452
-143
0
-52
183
-309
-494
-394
-128
21
-589
1
-507
-309
-104
-272
-465
-162
-275
-467
-264
-21
-301
-172
-453
-511
-57
-589
-202
-286
-1174
-153
-392
222
194
-58
-71
-470
-421
-364
252
-352
-561
-288
-432
110
-708
-402
-367
-320
-77
-404
-316
-661
-311
-65
-293
-391
-505
-464
13
-272
-277
-63
-260
-543
97
194
-120
-208
-904
-533
-301
-437
-38
-372
-318
-686
-506
213
-351
-331
-67
-221
304
-259
-623
-178
98
-153
-745
-205
65
-765
-626
-569
-28
-67
-98
-114
-170
83
-198
-77
163
189
-741
-921
-122
188
126
111
116
646
922
115
386
210
280
252
-169
141
353
215
232
40
262
-203
1122
602
942
-229
-635
37
150
-120
690
157
-2
632
507
-361
370
-404
1008
17
-53
-673
-17
37
179
-391
-91
-498
-292
-91
-118
-646
-245
727
358
-71
-149
311
-128
-304
-39
113
-120
-41
227
-89
-482
642
12
932
249
102
34
-141
-464
107
-422
26
-335
44
-111
-520
-9
380
-226
-136
458
130
443
-353
155
45
-567
-88
-47
-380
160
-310
448
288
-239
322
589
299
-185
133
267
-489
33
-150
-253
-286
374
-217
78
150
74
194
893
432
312
215
-443
66
154
-8
-504
-103
348
574
-48
13
-207
423
616
18
-358
-145
-19
79
-261
-493
315
198
-36
-381
-412
205
6
-219
364
13
332
-201
-85
-291
-512
42
17
197
289
-168
623
-375
360
63
963
186
-162
10
71
33
-307
207
70
-217
-142
208
-230
24
-413
-31
575
220
-242
-345
-316
80
-724
-463
25
-483
-207
321
-402
350
-191
793
671
-83
-147
-84
161
-41
-33
124
34
600
30
-143
552
167
102
86
859
228
-269
318
254
-171
-187
-206
-325
-628
-162
-471
-188
-24
-245
314
548
233
-81
91
494
425
-117
523
363
5
430
817
363
453
172
883
-9
-391
42
-239
-64
-485
-456
20
28
-56
-655
-482
-388
-339
-133
-244
-69
-322
82
-160
-167
-689
-441
-38
-644
-486
217
33
-581
-201
221
52
-329
-784
92
-376
-731
-329
-524
-934
37
-175
-739
407
-429
-611
-589
-789
-145
-637
-349
-510
-532
-529
-766
-991
-302
-578
-388
-900
-640
-1126
204
-628
-169
-316
-592
-607
-638
-384
-722
-755
-862
-260
-375
-833
-1022
-561
-926
-89
-623
-742
-1090
-47
-726
-423
-981
-218
-865
-74
-799
-757
-641
-633
-775
-105
-427
-610
-702
-598
-443
-706
-1007
-970
-612
-863
-1172
-569
-642
-1233
-76
-485
-203
-967
-1084
-420
-734
-609
-550
-957
-471
-924
-977
-241
-422
-881
-601
36
-327
-835
-934
-643
-961
-786
-815
-414
-939
-577
-678
-372
-1121
-700
-360
44
-921
-565
-844
-796
-638
-690
-1015
-693
-1019
-285
-895
-638
-639
-1039
-663
-248
-383
-851
-350
-901
-667
-698
-829
-588
-892
-49
-676
-972
-452
-1121
-205
-133
-257
-1148
-682
-537
-589
-709
-694
-661
-844
-893
-735
-683
-158
-1104
-526
-651
-379
-671
-656
-875
-1297
-329
-965
-615
-606
-644
-612
-820
-887
-487
-396
-503
-367
-833
-745
-324
-754
-908
-426
-918
-679
-208
-570
-803
10
-593
-190
-713
-813
-467
-1120
-882
-1103
-404
-376
-648
-935
-819
-378
-1441
-866
-513
-1146
-14
-681
-532
-278
-810
-765
-1317
-804
-738
-1211
-390
-469
-483
-1033
-716
-879
-421
-448
-498
-607
-948
-440
-571
-354
-151
-573
-94
-553
-615
-448
-448
-359
-461
163
-59
41
-254
-6
-88
-108
3
43
15
-169
-89
281
-272
32
62
217
81
117
226
204
291
190
76
103
105
313
119
235
99
170
123
217
291
152
-45
186
226
76
150
213
37
210
135
-28
266
192
127
338
226
126
293
157
255
210
228
199
231
349
157
266
177
192
143
327
213
183
164
164
226
58
197
161
277
188
77
148
271
-58
266
384
99
164
226
324
210
277
164
210
277
18
226
280
31
219
-15
257
125
95
163
244
271
278
204
277
244
189
271
324
181
244
204
164
316
179
200
137
340
210
157
293
313
251
248
177
163
31
229
142
226
133
293
293
201
164
277
340
210
134
215
117
175
130
150
362
204
297
210
210
324
226
293
188
226
204
240
174
302
222
172
126
95
417
277
313
324
163
203
203
163
324
210
114
340
139
266
300
152
210
293
163
89
318
313
183
324
179
124
302
368
250
-28
275
157
179
293
302
163
277
157
163
365
141
157
251
226
244
253
175
318
141
280
107
302
348
210
340
204
141
114
188
141
31
335
217
251
181
150
195
197
152
186
130
297
-20
130
169
142
50
74
313
212
152
274
340
234
178
6
201
301
313
293
160
39
170
285
-24593
-47648
-79661
-70972
-72981
-37736
-87924
-93458
-53755
-74727
-68699
-96310
-71525
-53688
-74755
-100858
-18129
-112842
-90015
-42673
-69746
-48282
-7593
-51554
-35019
-63328
-79450
-51937
-87801
-77173
-53200
-56191
-22921
-74948
-68294
-70965
-78404
-29143
-9
-60624
-61481
-82753
-74868
-44293
-74989
-81713
-61155
-66174
-38887
-85374
-81379
-77246
-84325
-93590
-77916
-79484
-49317
-68847
-97004
-90567
-60893
-98717
-107079
-80241
-48904
-117201
-80028
-77081
-85483
-75215
-84750
-43378
-54885
-86181
-76425
-33074
-109348
-101118
-91678
-80277
19662
-60688
-70460
-43938
-86780
-77220
-44487
-12037
-89710
-104087
-55671
-95703
-136668
-113700
-112126
-75590
-22493
-63425
-18181
-16657
-74233
-86388
-59921
-39518
-42301
-108454
-93327
-83688
-101698
-115081
-64352
-81718
-10668
-35126
-62099
-67122
-50568
-72868
-106058
-62005
-50832
-43243
-66137
-66496
-80013
-35922
-82143
-68633
-6683
-52931
-69447
-62084
-60832
-87831
-86783
-79743
-56215
-16782
-63057
-89917
-55865
-56715
-59550
-106208
-43746
-73044
-56342
-97798
-93731
-49169
-46543
-84414
-81674
-35839
-57754
-44491
-58895
-59927
-87140
-75337
-40811
-18005
-54722
-77047
-85201
-114266
-99437
-45885
-87745
-86594
-49559
-55793
-60470
-65228
-55821
-73468
-38599
-128385
-47012
-64054
-86970
-97016
-48383
-59817
-101349
-73341
-51188
-37879
-62002
-87068
-109992
-109303
-3659
-90493
-46735
-21981
-85794
-96583
-59830
-44773
-106985
-105572
-62900
-36204
-93585
-68617
-63330
-112035
-19314
-99044
-135353
-83605
-81551
-65078
-72797
-56484
-81852
-92174
-66233
-78508
-59691
-27152
-39689
-122834
-49393
-87694
-61366
-56492
-47868
-97778
-82858
-76719
-93197
-95247
-65540
-65653
-59908
-76402
-89236
-97672
-3087
18009
-7929
-56584
-79353
-36014
-23251
-24474
-46272
-17035
2569
-12449
-78551
-16953
8886
-44476
-13223
20972
12519
-916
-31850
6286
-17438
-14894
-206
-14031
-16055
-29450
14483
19517
4078
-44019
-7021
-15295
-30620
-35787
-7303
-18462
-26418
-19846
20166
-6591
-2108
-23381
-41008
-5522
-9026
-6010
-10709
-54256
-27313
13683
2264
-44711
17284
-16446
-30208
-19703
-9863
8162
-22041
-50117
-6049
-1806
-29073
4138
-21192
-11078
4341
-15318
-22227
10653
-35965
-54154
8095
-39670
-8385
26007
-29566
-18202
-21622
-44285
-23259
-5310
5979
2894
-59783
-33590
-4313
13172
-44069
-7530
-16912
-20408
-41327
15421
-29999
7204
-17396
-11532
-12826
-11312
1502
8713
-32813
-24610
8548
-15867
-36794
-19970
-17846
-18669
-13986
-47902
-23365
-662
-28447
-41626
32047
18706
-36871
-34009
-19008
-19375
7910
-51066
-15573
36603
-7853
7428
-3645
-27237
-22597
-1914
-9385
-54043
-31953
-7874
-30813
-33844
-40331
-4109
15036
9974
-16919
12508
-33494
-33207
18654
-22620
-27367
-10640
6310
-30951
-7255
-33539
-13197
7553
-5559
-13665
1290
-22655
-29509
-13392
-68897
4668
19084
-50561
-23603
31916
-4460
-11143
-52415
14135
-8977
-20292
-57188
-9440
-2892
-2902
-18075
-11553
-25731
-28498
9470
-35214
-42353
4096
-11546
-55479
-9859
-9407
-20027
-2640
11393
-85043
-20336
12154
-24417
-29329
-13347
16879
-379
-26557
-18680
17407
-49302
-18831
-48610
-39562
16255
-109
-33261
-10630
-13814
19445
-60327
-31839
-17858
-7967
7490
-51586
-14078
-11144
-2595
1279
-27092
-19507
-52726
-27410
-24956
-21656
9095
-31565
-9316
-14806
-32066
-3524
800
-33515
-16207
-57410
-47209
-11183
28165
-14112
-17428
-9610
-24414
-5692
-13841
-17978
-34413
13851
-26316
-21713
-50713
11775
37153
-1795
-10903
-16439
-30958
17327
-36719
-11260
31605
15611
-18861
-34302
-27310
20961
-44922
-63500
-82372
-85074
-57382
-49863
-71968
-61791
-48548
-71269
-64308
-73171
-81337
-88739
-87406
-78383
-44122
-52237
-61023
-31216
-10935
-4418
-9403
-8588
-27435
-67826
-38439
-11776
520
-38794
-21002
-21990
-70190
-17545
-19650
-68762
-63825
-25414
-22646
-8641
-23928
-48751
-15651
-33205
-33553
-30444
-20722
-17117
-55147
-35399
-34378
-35272
-15038
-21952
-81722
-78531
-37816
-22253
-6041
-31702
-65834
-47130
-43720
-36277
-59311
-45355
-49607
-43907
-60183
-67677
-33656
6160
-32994
-56005
-28371
-49017
-39156
-11291
-28698
-14391
-48523
-21634
-1530
-22725
-48370
-49844
-16706
-10832
-64097
-51401
-23721
-30700
-56780
-65638
-50879
-13946
-40734
-2815
5551
-6398
-11188
-9621
-21632
-38802
-54721
-13191
-54024
-68741
-70644
-16407
-35342
696
-49536
-29127
-29813
-55979
-67826
-61802
-27667
-23224
-24276
-24581
-55806
-23081
14342
-8850
-543
-30751
-11897
-32862
-51190
-50823
-42838
-11920
-21710
-75558
-75428
-26544
-41363
-13403
-36429
-42390
-43089
-48050
-50979
-58655
-71032
-36215
-41796
-60909
-38150
-10910
-19338
-63537
-67375
-40821
-14742
-51413
-34976
-39342
-49353
-71301
-21060
-46231
-81098
-45979
-25776
-54325
-51873
-36750
-14727
-31863
-44013
-53781
-29583
-11845
-52798
-75387
-63287
-36736
-74068
-31910
-39238
-46336
-65787
-66220
-42312
-53120
-67210
-61197
-38740
-65433
-50033
-31968
-51623
-43273
-41384
3830
-39418
-35785
-14963
-7895
-10475
-43794
-37340
-35675
-47932
-57961
-60555
-54222
-45900
-37372
-11244
-111
-16910
-35535
-42049
-50059
-68019
-53555
-21123
-25266
-36784
-33805
-38346
-10624
-21267
-39433
-51697
-12898
-44082
-43944
-54609
-51796
-33967
-21772
-24973
-17268
-46842
-71533
-8432
-17045
-10092
-16871
-34137
-39170
-25716
-28223
-12025
-25182
321
-15761
-18261
-38663
-37684
2867
3138
31080
43223
22029
11269
-7123
43254
-389
-6213
18632
22798
29226
13677
5817
23718
36154
45354
42107
25855
-5824
39961
26085
17529
18936
12179
50742
22675
15890
16640
29370
247
13426
42436
25521
7862
24514
21238
25439
18676
61333
31221
59924
-14978
12098
36964
12846
32784
20927
24400
45011
27413
6818
-3960
-5047
58100
-2583
31310
268
22619
20184
14283
23235
14777
-305
51039
28274
20463
13054
10151
31937
28917
-18237
22458
56436
3696
11041
58607
-12544
38884
-6392
33974
71967
17625
25570
25178
34539
-15816
11648
79326
30783
11706
28717
39108
32544
43467
-22715
46854
10310
14071
29023
54784
30943
16757
21750
36320
1131
44199
39589
34146
11203
-24768
16514
6004
-283
17227
36208
17442
24439
13550
19337
24122
21077
51439
54416
17410
25717
10040
24826
-5840
28223
45220
49050
27314
20743
-7730
45138
24083
3675
51297
55105
41322
23293
33955
55593
45450
24851
10871
49236
35128
29990
35539
62232
-28965
56091
13976
33186
20799
42948
18642
20493
33517
39863
31667
44337
79508
16650
24870
12952
51070
18486
23006
8148
61048
25119
54467
17603
64524
18781
14890
39543
52808
16186
25081
19724
51001
18909
1646
26547
23185
56770
10286
60994
53748
43607
12873
50172
46734
18369
2511
5538
26690
2295
12469
7440
44171
3577
21633
41816
28753
52114
4180
9684
-2757
2242
13328
9106
14460
43287
7707
63577
24837
-15597
40776
46159
41979
-4169
-2677
19984
30230
53143
10261
29254
35634
39509
-925
12869
51099
22288
31261
32025
21016
8764
24838
25681
8649
12279
18476
9481
27684
-6580
-4929
22672
13166
11096
31371
-8068
26559
22309
46797
13071
-5271
-604
52175
36798
47907
44815
32164
61251
35904
28301
15532
24213
-10236
49458
29476
25179
23169
28111
-26464
8429
15632
22874
13712
-26659
38720
41614
20867
-18277
4674
-62
14731
35019
-13538
-8649
-17440
-5270
23203
22599
14548
29056
25904
40381
29134
30580
43667
30111
38559
23269
-6672
36043
37145
17922
-15124
12896
35370
62639
19745
5578
36007
13282
8683
43641
38924
67123
60035
34164
24067
11921
58193
33030
41506
4823
51467
59734
68881
28906
-19216
-44194
-8132
-7959
23226
25710
-21143
-14413
29163
23120
-4939
54774
56245
60895
31856
21465
-11474
-4518
-20989
-7806
12398
24095
8943
13735
-29902
17574
55371
44652
-1287
29211
2852
-4012
15061
-14409
17422
41830
-3785
-9794
26419
60729
33927
-1673
-4076
-5796
43355
18669
37131
30800
12698
32480
39988
30814
8065
32440
34864
50579
-9359
-12941
-26695
-4023
-12688
-9996
-5416
22756
32127
18014
-18393
-9355
64533
20477
-20458
9520
43244
6575
-9250
-51956
3760
6626
19405
-26281
55054
-8000
1836
2928
-7610
14893
39674
14108
12556
31376
6698
26111
5772
35079
13473
35586
-2303
47801
-34787
5927
1559
14030
-7034
16778
32880
774
-3348
-19607
1174
-30976
36693
21731
-1263
25785
19454
-29492
-8087
20067
32153
-8398
14342
50638
42819
27318
10668
25589
10437
4962
-7664
-9616
53966
28597
18145
23504
51221
72375
30834
41366
32464
28202
18422
7006
-3097
34779
34294
46662
44185
46194
14835
47030
50710
24547
31274
13515
-17391
-12233
-4162
44754
60254
-182
13536
-38023
-55323
-39331
2216
-30272
-17949
-19976
-9984
-29019
-34215
-45264
-556
-9153
-38480
-45944
-4672
-9603
-50326
-57652
-6147
-29213
-782
-18681
-21912
-27968
-20487
795
4114
-31108
-41203
-9104
-52193
-39150
-75918
-60509
-27917
-77029
-25012
27763
-61052
-9764
-76225
-55260
-39496
-58076
-62559
-11187
-59896
-42854
-46495
-31009
-31566
-18547
-64934
-66287
-64767
-44184
-36064
-19874
-69276
-29087
-47845
-19703
-37544
-19920
-101123
-93027
-76287
-67375
-45756
-60266
-62519
-43730
-48000
-68949
-25656
-57009
-30032
-27786
-53116
1773
-44152
-13031
-61290
-56052
-58333
-47395
-10139
-32703
-43395
-26980
-46763
-81576
-9782
-38759
-36434
-21457
-50002
-17662
-30242
-17940
-38845
-32347
-60348
-28926
-71368
-72605
-50446
-27478
-52934
14395
-85200
-36061
-58847
-60129
-85893
-45336
-37402
-85585
-51787
-55623
-33161
-60823
-31367
-62183
-9852
-35683
-36750
-24506
-54585
-46385
-68388
-12889
-79838
-54747
-77928
-52095
-47827
-17133
-59397
-5291
-69355
13375
-49592
-33458
-63645
-27715
-99141
-53785
-38534
11518
-71130
-80098
-90397
-26977
-42064
-62102
-26527
-33644
-45268
-97826
-45790
-48010
-46869
-21415
-73002
-54690
-68017
-44763
-85398
-43060
-66580
-73683
-74023
-21923
-27501
-67248
-101194
-45350
-83863
-62660
-80263
-27823
-90872
-90049
-74223
-65251
-54661
-59009
-31434
-17805
-43186
-84634
-95150
-65663
-68220
-24949
-71255
-48042
-36167
-39130
-47881
-76246
-43766
-91884
-47631
-18830
-41715
-57780
-60962
-74376
-59281
-35285
-65607
-87089
-63806
-62655
-80997
-59434
-97294
-52901
-66259
-5908
-57712
-53003
-109871
-68604
-64666
12547
-75706
-11592
-64539
-7472
-61818
-33432
-19972
-62287
-51143
-42574
-49730
-59294
-5196
-10441
-29142
-35218
-58880
-57112
-41476
-82806
-79202
-28543
-19382
-96231
-67121
-8636
16894
8315
-29552
-29034
-17753
26867
-12361
-3076
-14622
-2531
-33616
-26100
-10635
7490
-22479
-4324
-3691
57821
15175
2251
24459
51820
-2254
52411
33012
8177
38216
5432
53240
15486
42120
4334
6567
11276
83622
69420
24479
19142
3846
556
37743
18628
21204
35866
2896
26823
29771
22860
11901
51042
27818
-15170
38048
60506
27739
-7015
19284
-7381
73531
28527
22036
28709
52038
-3113
42752
45233
32856
34476
35761
13489
37408
43438
58058
44551
18771
1525
15514
38334
3731
10075
-655
5493
78895
44544
53870
57230
23967
90204
12533
40233
9888
50980
44114
58949
14465
24429
2605
12748
-6323
-25557
31308
11457
45308
3367
7350
22639
53341
14843
18654
38382
-10224
11883
31025
3067
48885
25896
17491
-696
18962
17950
32899
56124
9398
28962
37560
9988
16569
4360
19479
47723
36305
15994
27494
33743
76607
58675
18893
9923
11840
64571
41642
-14716
43573
-6053
37562
27165
30009
51048
79669
6466
27612
11261
56727
30704
41830
-16086
11522
-6526
25927
-5518
16649
-15494
30682
68051
30239
10608
64537
35
28607
23074
60813
41450
58609
19625
18055
38227
24154
69239
53706
31272
22328
51774
48102
8687
72801
22073
82454
31055
42244
59624
79272
9435
90
32869
51248
42259
46574
59404
26698
26745
29657
58476
21639
44925
17039
74702
6179
24852
8999
75957
37932
56305
50205
31241
28663
33212
45643
51913
30651
22041
94912
15903
51366
8130
25562
36649
60346
35534
32532
20134
60659
11684
55905
17147
26308
58936
14000
49887
62139
4474
46481
23212
47579
45540
65798
9103
4951
9189
40407
-22014
41225
12058
46514
44602
-25411
29171
-17659
-2779
-39205
-25845
-21019
-14852
26870
-14040
-2568
36714
20310
5905
-12091
10919
15245
11413
3454
8493
-14733
-25290
5567
5226
13274
-9482
-4838
-9351
-6926
8924
-5470
-22522
-864
-10942
15619
16913
49428
6413
-38332
-1567
44310
-19325
41659
8284
-5471
30020
13649
5084
13130
-28968
20033
40893
857
-38499
-3936
28597
22890
705
28920
25668
9686
-3025
4336
17589
22564
-36518
41675
-4098
8637
28890
-44642
-33768
9181
950
27130
37266
-27129
15220
3466
-7076
-5563
-23385
27211
10443
35924
11661
-24283
-6095
5242
31017
-6017
-15520
5835
44131
19086
13107
-4473
-53346
51275
9987
-3502
33727
23652
8594
-20165
-4784
47290
19971
7982
18007
11993
-2903
-2890
-42022
36899
-3055
19970
48534
21109
-1463
-39040
24428
46456
7668
-23205
43160
12245
8343
-7135
-57870
18062
-16624
-14628
23843
13378
-4287
16823
40906
-9211
-11710
25184
61150
42872
-25779
-1754
-39221
44849
-2960
-7839
52943
19459
-21221
-28323
22563
4913
26665
9653
-13739
24796
12774
17267
-18817
22208
-2741
5504
44840
8836
-2432
21819
39195
-21581
-11817
12203
-2000
38792
-9939
5474
-11126
72820
14782
-8240
14523
3123
15116
8607
9885
1352
19134
16813
-19423
-5469
38827
36846
-48046
49493
-9429
-12679
50087
9306
-2154
-1559
12116
9985
-11778
-15389
18262
15878
6310
10077
-22046
61992
30416
-34253
33883
9843
11543
-3336
14443
24943
5452
-15478
-4263
37749
-23532
17242
-35056
55125
10015
598
2468
-15585
15892
29573
-2306
1594
-14882
-6216
29551
8947
19232
49619
-44461
54368
968
-2366
14561
-7219
2577
537
30015
23710
-13836
-9603
20768
25794
13878
7504
-26388
50732
5154
-3673
10991
-575
15301
34635
6084
26597
17804
-20696
-4614
-16109
32986
57284
-25569
214
496
255
478
623
257
524
794
427
576
472
667
246
465
578
128
-427
-412
-170
391
-275
-86
8
-328
-487
18
80
44
-151
40
-23
-44
58
81
-309
279
188
-350
-61
-250
-242
10
200
-20
246
-187
-184
-257
-612
82
109
447
253
-221
79
275
126
-59
20
112
194
137
89
60
85
-70
-361
55
74
161
-266
3
210
27
-99
-86
-77
29
164
-292
-331
131
-364
282
-271
-337
-221
-289
-39
-250
-134
-221
11
38
362
-286
-139
87
127
-105
52
124
113
-315
297
243
5
369
352
185
-2
-10
-19
385
-159
-169
165
27
-490
-32
85
292
203
212
-888
262
755
-246
-786
107
-213
110
274
66
-430
-149
258
-51
-89
-109
40
-263
-438
-370
-150
202
80
-339
-258
74
-26
80
44
-67
450
352
8
271
443
192
-390
285
237
-227
282
-229
-116
5
556
-427
144
179
26
-256
4
-225
-200
68
34
-180
318
-233
-63
87
-57
-69
177
148
-331
-8
-102
-158
-54
280
-147
-275
68
70
281
40
-250
-69
-11
-108
104
-146
506
-51
-422
67
-142
291
164
-314
59
66
51
-21
-104
171
-271
-322
143
-511
-89
164
173
145
131
-51
192
236
127
199
370
-405
-243
299
512
401
-846
-318
-256
-507
-540
-859
-401
-434
-342
-277
104
-509
-467
-522
10
114
218
-243
-308
-72
162
22
-133
307
-29
-273
123
-206
27
-86
-112
-199
194
414
696
1295
289
337
-9
1067
389
185
810
320
476
88
548
173
431
445
730
848
-319
502
238
439
10
503
682
241
467
340
315
360
481
200
373
373
458
99
72
213
614
126
576
99
157
318
434
352
513
169
605
95
541
518
634
646
326
46
369
444
75
543
314
521
179
365
31
-144
448
342
367
297
75
364
199
322
393
735
259
291
447
-74
405
-43
843
214
227
-391
173
391
263
100
280
1016
323
427
678
471
26
230
360
91
108
736
594
464
410
-79
662
746
417
119
446
258
241
574
467
835
340
490
511
608
104
-379
476
240
317
304
345
400
426
-42
610
417
548
382
380
89
3
271
378
-211
290
315
435
804
172
-54
721
500
219
370
743
431
503
251
371
171
286
591
386
397
257
381
181
331
735
-132
482
453
62
194
589
284
328
542
295
521
475
28
129
413
806
264
126
483
259
-11
163
295
261
709
-32
440
723
134
395
357
819
-211
184
281
466
-34
536
501
117
738
282
1123
796
584
516
36
1197
344
528
983
189
265
498
771
297
226
755
703
91
-178
292
193
539
248
726
678
731
-215
158
289
727
486
759
443
441
568
256
-1
454
468
727
918
736
703
516
722
627
152
881
1249
1425
844
564
937
437
843
1360
836
1443
606
1384
1081
1447
144
1409
759
993
876
795
973
1023
818
1355
1565
989
1401
1113
1161
1283
409
1006
968
930
847
822
375
312
576
981
771
1262
858
924
1168
785
-38
1199
1336
1313
864
1423
989
930
906
1056
660
1239
1406
1201
1221
624
325
922
967
858
726
1243
1136
927
986
823
1482
1347
1464
1316
1379
482
401
1310
272
421
1209
1459
864
623
1091
1219
1070
859
766
1447
1146
977
13
573
500
592
832
712
527
1299
1336
1169
739
1125
587
1334
457
1282
195
1029
868
1280
934
1173
689
823
860
1320
1030
874
692
1061
701
1180
294
1201
1216
1159
903
1091
650
1356
658
768
609
951
357
721
637
1296
296
1194
1184
860
937
1236
827
1096
962
1641
1291
894
1465
717
1428
867
148
1306
1190
695
1246
980
1025
993
730
1012
1012
676
827
1206
1076
1251
359
1240
703
1264
698
945
790
1143
1013
1084
1384
1117
978
641
600
656
261
820
603
1213
820
417
1007
1153
678
1236
651
1078
886
1354
1091
1161
719
765
1049
1034
1259
1299
1191
1908
1266
1599
1385
580
1193
1271
1113
1267
584
360
589
746
607
814
733
823
569
661
143
374
196
233
528
521
-50
-335
-627
-1076
-538
-490
-483
-885
-819
-785
-547
-381
-414
-824
-563
-780
-820
-19
-784
-692
-903
-1323
-1046
-667
-679
-273
-1105
-695
-1216
-486
-594
-620
-956
-354
-760
-915
-940
-1192
-810
-410
-383
-724
-1018
-482
-924
-1090
-980
-798
-925
-8
-942
-1178
-659
-1313
-1080
-1603
-783
-1322
-595
-604
-1094
-1248
-881
-1444
-931
-415
-536
-1184
-636
-842
-958
-1392
-767
-873
-960
-1368
-1127
-597
-535
-967
-920
-97
-641
-668
-921
-469
-1186
-861
-800
-623
-841
-981
-472
-900
-709
-1001
-953
188
-897
-1016
-32
-31
-759
-907
-1032
-926
-594
-1167
-972
-855
-924
-733
-1032
-755
-672
-1072
-1045
-925
-632
-872
-847
-852
-886
-688
-481
-781
-818
-650
-1643
355
-456
-923
-1426
-879
-891
-1153
-1228
-1214
-500
-725
-472
-691
-485
-222
-949
237
-821
-701
-612
-899
-708
-1016
-1034
-1179
-1099
-1158
-1089
-967
-1134
-647
-739
-383
-705
-814
-1097
-818
-599
-1504
-836
-546
-1039
-1054
-747
-959
-1106
-845
-1077
-699
-404
-720
-1261
-921
-469
-1391
-554
-1124
-804
-982
-897
-546
-1220
-780
-741
-640
-208
-1380
-1007
-662
-601
-1057
-1055
-867
-776
-1068
-1012
-1113
-1265
-1092
-1143
-317
-858
-836
-1065
-1094
-1033
-1066
-934
-810
-1127
-730
-770
-1688
-392
-591
-622
-565
-1098
-833
-757
-1053
-1054
-1013
-389
-850
-1298
-940
-647
-570
-673
-1149
-778
-784
-779
-620
-584
-361
-1202
-278
-820
-923
-385
-465
-666
-894
-903
-442
-504
-36
-400
45
78
21
-88
458
-317
112
50
66
347
-194
214
-261
225
326
212
332
843
399
988
751
587
151
600
675
-182
217
562
422
225
438
779
704
592
302
419
232
711
446
260
520
725
714
628
524
493
659
238
126
752
334
843
655
509
553
788
397
707
525
526
334
438
434
953
836
122
66
448
453
727
587
235
767
313
463
322
436
314
627
471
839
338
286
627
348
451
614
443
358
733
885
678
405
282
377
620
577
228
727
349
-99
365
399
747
419
593
266
743
305
396
348
319
985
954
726
137
324
461
913
376
501
471
674
385
392
460
110
619
491
242
572
925
862
522
275
602
917
616
89
946
23
553
341
830
481
378
731
233
120
655
586
506
244
338
846
579
499
348
274
464
778
420
557
828
798
259
224
767
377
795
84
917
214
519
398
661
587
720
639
825
413
1064
663
639
365
543
750
576
467
389
347
618
605
601
484
677
591
728
254
721
339
335
492
632
597
414
389
272
790
442
725
654
624
600
657
364
631
453
617
635
399
470
300
1062
892
552
283
359
904
505
914
788
154
720
592
823
600
497
269
39
267
-24
412
-161
309
239
-98
-17
74
246
186
54
307
106
385
-37
120
-39
-118
-79
-606
-116
-162
210
134
-205
275
33
318
-257
552
-224
391
29
-310
266
-86
-57
198
467
109
-126
-250
88
-150
-376
560
-92
131
-313
166
74
-49
42
105
34
-149
164
532
-339
-232
-225
611
42
-37
-66
239
258
319
391
222
24
-391
311
194
76
170
-311
639
-87
-96
-411
-13
784
-18
-210
-34
119
129
-69
-127
-78
141
-170
526
-573
-68
-479
-53
130
216
16
-146
54
-68
327
-113
-361
-36
-449
450
-225
-144
48
-223
-458
4
588
249
-253
252
-290
236
148
191
-619
454
-80
403
486
-509
-182
48
417
-152
-361
-302
-247
288
-751
-352
362
355
9
469
78
80
-135
181
-64
306
62
-319
-71
-16
-396
-218
-71
215
330
-271
-75
281
-268
124
52
61
203
81
97
-205
483
56
-183
642
-6
-259
302
-110
-114
442
-110
-98
161
-123
52
317
-57
-355
-482
611
-265
60
-57
87
-259
410
-256
188
-174
-159
331
6
-21
-306
-631
656
-583
267
143
-186
-231
146
-48
-139
-200
137
154
-37
474
-168
-211
590
-285
-94
137
148
193
-119
-44
298
205
-82
-54
180
-436
-163
-415
576
-194
-66
-153
-250
455
29
-604
85
215
-237
18
-462
-93
71
-708
650
-126
235
-4
266
401
39
329
-17
-114
-2
408
370
247
187
-260
220
117
66
-164
200
2
227
260
12
-29
-200
-64
205
-213
-213
-308
428
-120
57
-273
126
-205
-522
-122
-244
-138
145
285
-111
190
366
-48
280
156
-126
-285
15
-58
-76
-415
-21
-121
-123
181
-101
-114
-546
-486
246
53
-396
-12
511
-317
-3
303
-40
-253
-36
29
273
79
-417
-599
233
4
121
-474
226
-19
-444
31
626
-242
24
266
-250
-86
230
-475
394
2
-92
-142
210
257
131
-443
-161
259
230
-465
-47
-515
-96
-313
-136
71
231
-415
-321
-101
275
51
6
-289
354
85
564
-260
-162
49
527
-12
-231
-158
102
-365
103
-46
84
195
280
-191
111
-17
-121
39
-58
-9
-151
102
-176
-184
61
-378
-37
-65
139
-77
-120
-475
-503
-122
-157
197
249
89
-294
-132
135
-175
284
125
-163
99
-396
18
-207
-399
71
-567
104
-162
-13
-517
218
-452
34
-303
1
-144
81
-121
52
-308
422
-204
-135
-367
450
-158
-7
-429
617
53
-265
225
-15
336
-341
-332
180
-154
421
2
-136
-39
524
-253
-456
-242
1
-12
-231
55
-285
32
473
-226
-182
211
-151
-189
-264
261
-44
-590
-286
-112
363
-79
-133
-628
321
-164
55
-248
369
-255
4
-197
-352
174
183
194
-51
-508
85
-46
110
-404
-337
-191
39
-28
-201
-22
26
-151
122
149
68
-376
-41
-24
294
121
206
457
416
391
262
333
775
381
407
361
302
199
226
331
668
784
747
870
648
386
516
508
552
731
314
963
1068
921
757
360
470
688
856
529
1053
1314
228
1236
486
532
923
542
693
723
701
417
220
140
1385
644
286
1013
510
474
796
647
716
1298
426
254
882
921
794
479
825
546
500
763
1488
655
639
900
1183
875
807
934
600
176
241
655
983
838
745
895
548
956
1428
736
890
1002
732
428
1019
355
285
800
990
314
659
481
755
883
572
929
587
1180
567
1160
475
249
375
9
792
813
664
501
941
567
711
999
903
913
638
768
600
205
338
299
1006
878
106
757
822
953
759
710
511
875
760
1087
723
430
773
540
796
801
1023
731
515
925
255
595
358
887
910
189
488
424
726
304
183
1095
659
779
680
949
698
1019
891
558
1011
1068
532
370
403
200
1027
1080
634
544
952
884
423
524
1072
1001
731
676
940
749
706
794
604
623
994
947
615
538
1118
731
816
487
852
550
739
452
175
650
973
26
922
872
996
219
339
731
965
839
876
946
767
627
367
181
873
841
427
1012
741
963
973
600
670
1152
713
858
888
316
363
-125
-38
538
150
576
438
192
719
455
147
308
112
602
139
-139
-388
-567
-484
-686
-204
-553
-493
-190
27
57
-1037
-601
-614
-746
-546
-680
316
-490
-224
-521
-279
-51
-638
-239
-433
-1023
-433
-157
-17
-34
-608
478
94
-368
-317
-206
-151
-967
-45
-593
-555
-36
209
232
-254
-252
-149
157
92
-152
-163
-413
235
30
-582
174
-92
-147
-293
-302
-370
9
-57
83
27
-94
694
-475
535
-116
-449
-165
-9
-98
289
-256
61
-39
-44
177
132
-31
-348
-339
-53
-124
465
9
-433
-216
135
-282
466
-390
-26
-80
101
-255
6
499
-7
45
-151
-233
-15
249
-91
-148
-559
-375
-86
276
13
291
256
5
-449
-507
-189
481
-367
-383
208
-358
-29
-387
-395
17
287
-641
39
-239
-668
232
304
-92
-257
-67
-89
-223
332
-31
-514
601
29
-481
113
57
-190
-194
-172
-714
-126
210
-124
210
-522
-421
-376
-50
-4
-313
495
10
-145
-268
-11
94
44
0
-200
-24
-736
214
8
399
-34
-378
37
354
-217
66
-490
-614
-170
-192
-282
-254
378
-885
-265
-100
12
-54
291
-78
-360
336
467
204
-25
-150
311
-606
-259
-355
-898
33
260
-12
-406
-314
585
-171
-264
-314
168
-269
-759
343
65
215
-514
568
513
-195
-13
-152
412
-365
-318
-41
-309
93
461
-47
392
-218
-208
-445
-46
-26
1
-25
-112
255
86
124
343
-110
496
-148
-25
-71
-179
-62
-460
-76
-203
-54
43
-157
-428
-283
-96
-188
-292
147
78
66
-143
353
-584
-386
-6
-270
-524
-218
-280
-576
-343
-554
41
-311
-819
-557
-398
56
-411
-398
94
-199
-17
42
-215
219
-281
-162
107
287
-158
-306
22
200
-229
224
-394
40
-233
-119
-393
-422
-110
-430
-430
122
150
164
122
-25
-803
368
5
-169
148
166
-188
-434
-379
-204
215
-428
3
-43
189
343
-216
201
-126
95
-402
352
287
121
314
-10
89
413
-165
-95
728
836
-287
106
63
494
178
-205
-21
-83
362
-22
-250
-165
-663
400
561
600
-650
-105
28
-66
133
-236
147
282
-454
104
-17
-133
-95
49
256
455
-442
100
-260
258
-204
-310
-87
-234
-495
-284
-164
-110
114
249
-322
188
-590
-81
-203
-13
112
-420
-326
-218
25
440
6
256
-69
498
136
76
-343
-156
259
362
-215
-130
-35
664
130
-476
-39
-290
-156
-221
238
635
-355
253
271
120
-163
-486
42
1
-180
-100
-523
-247
114
-206
274
185
-826
334
266
155
-496
121
284
-17
-271
-485
55
-150
-293
228
66
555
-649
-314
160
-254
-453
7
-360
161
-129
-350
163
269
-298
-84
56
150
-536
164
321
242
71
-24
-213
-2
-57
0
-89
-17
84
242
305
345
-195
252
42
318
210
-159
21
295
394
-40
110
182
-164
138
509
956
212
754
414
373
619
203
463
716
476
268
418
932
526
785
646
816
-202
156
190
545
837
304
-39
-82
273
-524
355
544
365
205
372
778
-287
10
360
215
426
-21
689
224
232
299
187
675
548
413
-56
559
-45
24
705
-180
848
46
250
474
823
505
520
423
269
30
198
-84
-129
41
444
178
247
192
362
205
82
606
319
67
-229
208
362
47
-288
217
123
574
340
119
444
25
-680
218
352
375
827
-92
106
42
-308
-149
115
716
621
-223
-131
605
546
623
257
386
-36
528
-34
272
-193
262
636
73
126
561
481
331
-86
239
244
-79
236
444
231
249
-668
-268
880
453
-58
824
358
-27
246
852
84
154
-300
350
614
549
-107
-322
170
427
621
233
205
161
70
16
154
211
117
487
368
172
1
-71
792
148
11
372
609
318
173
403
259
927
270
36
477
473
-53
619
641
87
374
619
107
280
150
408
3
521
439
242
186
560
-505
187
730
4
-365
121
58
215
-102
-254
699
-144
214
280
-74
197
281
-152
-8
825
523
202
471
396
311
43
539
363
392
218
345
306
72
214
-533
-218
-123
106
-325
89
-476
61
475
-237
134
258
-7
-99
-449
271
-294
411
-22
122
-207
207
-105
-480
442
45
65
11
-2
649
126
-705
-919
-760
-605
-504
-508
-691
-492
-482
-389
-343
-378
-423
-575
-697
-891
-1673
-1458
-1342
-798
-1481
-1193
-821
-1145
-1302
-1014
-839
-852
-1319
-1027
-752
-741
-1225
-899
-631
-818
-742
-612
-616
-753
-575
-864
-1554
-1458
-1511
-982
-804
-362
-769
-1388
-553
-1067
-1201
-673
-801
-786
-664
-744
-1008
-425
-1177
-1099
-836
-256
-880
-668
-892
-674
-948
-1751
-1196
-821
-1112
-1148
-973
-1503
-911
-1184
-714
-436
-1031
-628
-960
-1216
-375
-472
-605
-1247
-806
-1047
-1487
-1341
-1155
-868
-736
-477
-1193
-676
-916
-1302
-340
-1174
-1445
-723
-655
-663
-550
-624
-1227
-613
-492
-297
-1191
-804
-707
-824
-1000
-833
-869
-585
-976
-898
-1027
-1292
-1536
-1562
-1247
-507
-1168
-850
-782
-1351
-1043
-919
-907
-688
-1364
-1297
-906
-761
-1581
-1329
-555
-681
-956
-694
-933
-1454
-1195
-1459
-1124
-573
-484
-364
-815
-676
-811
-1286
-443
-421
-1418
-713
-945
-872
-1165
-899
-1539
-1201
-1305
-844
-885
-1005
-681
-1034
-1209
-276
-868
-894
-701
-1032
-505
-574
-1222
-817
-460
-988
-887
-1008
-1657
-1249
-768
-613
-995
-1102
-894
-1021
-783
-1312
-1268
-1331
-708
-677
-1154
-1434
-1353
-900
-740
-535
-1059
-763
-884
-272
-750
-1289
-885
-736
-651
-150
-473
-1069
-1142
-1615
-1207
-814
-1219
-768
-1146
-670
-929
-590
-954
-1106
-441
-1023
-840
-1161
-1139
-905
-1095
-270
-623
-471
-431
-522
-558
-554
-807
-840
-934
-936
-1084
-621
-720
-389
-259
280
-196
-534
-108
330
-54
-16
83
499
382
-189
-253
-12
102
-55
-195
175
-340
-3
-206
-325
-477
-564
-40
105
-296
-482
9
-134
-378
0
229
-172
143
-340
167
-182
-698
-286
36
-474
-138
-101
314
-332
-447
-489
-169
-454
18
-406
280
328
-320
-315
-565
-149
-471
162
-504
304
-298
8
-365
-295
-670
183
454
-98
190
-449
-377
-322
-277
-137
82
-428
-591
320
355
-236
99
-68
-157
-46
191
292
14
-650
39
-279
-79
-44
-320
-152
-119
-249
-477
375
35
41
531
-107
-261
-608
-7
-328
-58
-128
-13
53
266
-407
-308
-160
142
283
-217
-433
82
400
124
-165
89
-335
101
207
-304
59
-57
-191
152
-810
140
401
31
-262
-247
-392
-324
317
-234
-8
-233
-152
-176
316
206
-664
-224
-256
-328
-97
145
430
-339
-43
-455
64
135
-7
-637
216
45
-121
-83
-74
-293
-320
-410
226
-12
-500
-1024
-31
264
-67
-50
124
264
-121
63
-181
-257
28
-280
-404
91
167
-383
-416
-262
-260
-408
199
-244
-262
456
-131
-100
-344
-293
50
-144
-318
-204
-67
-67
-21
-180
-37
-259
-130
-385
-304
-151
-207
-248
-135
140
-125
-73
-332
-120
206
170
-363
-258
490
-154
-183
186
-244
200
-46
88
183
-25
692
-55
-141
249
-181
-210
-461
-286
-501
-394
-393
-211
-52
-326
-407
-158
-345
-199
197
-206
30
-46
-317
-115
-332
-168
-356
-343
-190
-33
4
-104
-255
-120
-122
-272
-1065
-617
85
-364
-387
-420
-170
-783
-403
-130
-457
-374
-527
-289
-751
-477
-548
-140
-64
-208
-601
39
-146
-234
-673
-553
-308
-453
-229
-16
-779
-337
-641
-311
-617
-310
-156
-176
-115
-442
-147
4
-140
-1009
-615
-889
-515
-327
-793
-389
-748
-652
-242
-650
-736
-218
-132
-626
-517
-1132
-740
-513
-307
-868
-322
-411
-827
-517
-746
-826
-770
-450
-714
-561
-975
-1206
-855
-156
-463
-219
-580
-616
-599
-295
-635
-520
-446
-634
-373
-389
-733
-686
-807
-1022
-419
-568
-320
-596
-774
-287
123
-486
-901
-296
-1048
-929
-536
-897
-554
-225
-466
-581
-612
-136
-44
-419
-929
-862
-215
-686
-552
-593
-973
-974
167
-638
-629
-422
-726
-666
-600
-620
-696
-616
-616
-183
-315
-576
-586
-284
-164
-278
-384
-454
-481
-517
-552
-316
-528
-667
-436
-851
-383
-223
69
-1015
-560
-466
-518
-357
-245
-582
-1124
-852
-260
-501
-716
-645
-293
-452
-869
-713
-366
-209
-303
-1088
-783
62
-86
-873
-1129
-578
-717
-484
-593
-322
-857
-577
-777
-622
-889
-1132
-410
-1068
-506
-493
-851
-242
-704
-224
-517
-524
-332
-1276
-685
-617
-875
-1048
-1080
-835
-807
-1013
-904
-856
-767
-763
-751
-986
-1238
-1406
-451
-426
-345
-959
-1022
-646
-576
-549
-795
-969
-773
-505
-621
-457
-764
-933
-809
-421
141
578
767
886
412
532
369
516
510
764
720
400
433
335
626
56
-50
839
373
-24
126
634
183
-299
-222
214
164
-134
181
112
512
622
284
921
27
33
28
192
-90
-47
-48
237
6
107
341
674
218
438
-16
617
240
-101
-277
139
43
13
449
355
29
-85
293
410
413
255
330
187
155
-63
196
33
137
-45
414
260
75
14
-133
125
48
347
330
113
239
-89
168
347
884
34
-460
0
98
489
973
699
-128
-39
76
326
111
-17
719
-189
7
457
297
132
74
74
194
-460
151
-10
78
347
-81
235
514
-341
458
1110
266
-200
-243
-28
-281
258
-112
364
75
498
212
-82
807
208
494
-2
-274
70
67
178
72
276
519
535
314
693
-196
-93
394
518
-221
248
-260
365
-20
110
-135
517
491
262
418
759
209
17
125
256
78
598
259
329
169
421
410
283
474
-44
165
821
-364
361
846
263
-50
692
215
53
25
-67
-9
-103
251
263
190
505
-118
310
202
216
212
441
328
176
157
88
285
184
237
-215
-83
-20
-209
176
128
-53
422
426
667
216
140
-299
154
105
-219
415
407
429
-31
-183
319
-40
312
-160
138
125
-240
-28
106
332
12
354
-27
27
-499
-336
-396
-355
-509
-707
-629
-892
-723
-444
-207
-565
-428
-258
-113
-366
-53
35
269
559
415
327
278
290
108
318
495
569
85
-240
-130
-431
-712
-25
191
-769
-148
221
161
-413
-279
67
-66
-52
214
-216
-106
-39
-122
-191
-109
25
116
-57
260
235
-131
-306
-562
-644
-546
-1171
213
-217
-145
-306
-365
190
-247
39
-187
-817
159
210
185
-376
-591
-996
-142
-416
-60
-48
-387
-544
-114
-113
-294
-624
-263
108
-409
14
-244
-250
182
32
-457
-693
-222
-81
-76
228
0
80
-45
-540
-385
-297
63
-693
-72
504
-455
562
11
-429
-347
-577
-486
-237
212
-284
13
-304
402
-618
448
-383
80
-272
-163
-331
-142
-455
175
-58
-18
-24
-73
-303
-503
-894
33
-164
-265
-206
-77
-92
107
-860
-288
-277
52
107
-426
-454
179
-419
399
16
-4
-484
-145
-415
-423
-171
-418
421
-124
-66
184
-189
-230
-439
-147
-708
-745
-360
-495
-246
-417
-360
-502
-429
-300
-370
220
-218
564
-371
222
-200
-334
-142
-193
-339
-587
-279
-229
150
-587
69
-315
-516
-291
-681
156
-251
65
-387
159
46
-504
117
-319
-371
-147
-266
-465
-619
133
-573
-248
-128
-299
-287
221
-500
-388
-269
-285
-341
-136
-202
209
-937
48
-799
209
-426
-574
-142
-198
12
172
-242
-78
-448
99
-285
-584
-43
-566
-577
617
78
131
268
140
143
-113
26
110
-291
-89
-319
153
-190
-12
-338
-235
-800
-832
-797
-937
-1094
-836
-730
-975
-820
-850
-838
-789
-873
-805
-719
-581
-1115
-1302
-791
-1330
-1867
-1836
-1153
-1063
-1540
-797
-1114
-1719
-1597
-1105
-696
-662
-1198
-1219
-1198
-1906
-1223
-1445
-1524
-1594
-1219
-1102
-1327
-2117
-1913
-1853
-894
-354
-1230
-1303
-1141
-639
-1573
-1313
-1328
-1932
-1950
-973
-1229
-1247
-954
-1430
-805
-770
-1363
-1158
-1493
-1295
-1084
-1334
-1232
-1012
-1282
-1524
-1716
-1496
-1267
-798
-535
-581
-938
-1605
-1961
-1326
-805
-886
-1147
-1126
-989
-1419
-1453
-920
-1297
-1001
-1040
-352
-1385
-1531
-1290
-1477
-1561
-1309
-1295
-1067
-1375
-1423
-1816
-1530
-1049
-876
-64
-256
-1309
-1382
-2027
-1435
-1310
-1689
-1431
-1356
-1232
-1696
-1701
-1559
-1374
-1402
-295
-604
-668
-1071
-1448
-1731
-1065
-1303
-1495
-1636
-1409
-1715
-1540
-1103
-1312
-927
-375
-556
-710
-564
-1005
-1401
-1104
-1267
-1272
-1417
-526
-1519
-1347
-1408
-1188
-1257
-632
-282
-1003
-1579
-1108
-1826
-1006
-1253
-780
-1161
-1680
-1179
-943
-1507
-1391
-932
-746
-514
-1081
-1320
-1878
-1071
-1356
-1483
-1087
-935
-1444
-1662
-673
-1543
-1310
-1496
-1006
-773
-866
-996
-1925
-1295
-1043
-987
-1504
-1448
-1511
-883
-1423
-1370
-1296
-1190
-536
-1028
-790
-1163
-975
-1588
-1686
-874
-1213
-1064
-1548
-1441
-1228
-1511
-1374
-979
-323
-210
-937
-708
-555
-845
-1138
-563
-584
-782
-928
-826
-1543
-1263
-874
-415
-493
-478
-708
-530
-691
-724
-910
-997
-868
-950
-950
-813
-1088
-908
-773
-724
-364
-464
-1293
-1343
-1219
-908
-1595
-1022
-1066
-932
-887
-1150
-908
-1180
-1476
-591
-725
-737
-1259
-740
-673
-727
-532
-1086
-518
-936
-454
-630
-1256
-1060
-1149
-816
-62
124
-309
-793
-896
-1168
-759
-440
-988
-906
-897
-901
-786
-445
-496
-100
-329
-100
-709
-1045
-354
-604
-1093
-981
-609
-476
-991
-816
-764
-812
-666
-894
-240
-316
-755
-841
-1202
-747
-735
-545
-624
-314
-192
-846
-1037
-1028
-736
15
-244
-294
-257
-761
-798
-306
-400
-615
-1478
-930
-1099
-557
-1009
-321
-623
-274
-77
-352
-1224
-951
-465
-549
-883
-920
-808
-138
-737
-870
-679
-704
-835
-619
-198
-269
-322
-861
-373
-971
-703
-628
-430
-765
-998
-901
-1095
-720
-791
-405
-502
-208
-726
-219
-864
-975
-499
-391
-601
-1013
-615
-537
-818
-510
-477
-810
444
53
-913
-1418
-960
-669
-562
-918
-816
-290
-385
-799
-844
-364
-697
-456
-444
-205
-816
-817
-759
-927
-1165
-656
-1132
-724
-497
-944
-529
-1274
-385
-874
-405
-288
-577
-670
-580
-392
-385
-588
-612
-828
-940
-770
-810
-667
-1059
-782
-410
-155
-857
-292
-394
-998
-815
-472
-1165
-830
-615
-570
-1296
-825
-921
-796
-477
-21
-516
-413
-651
-20
-453
-323
-569
-662
-775
-786
-542
-588
-117
-760
187
214
-426
-259
-885
-237
-535
-364
-674
-543
-396
-954
-570
-32
-693
-316
-531
587
15
-43
62
-15
-65
151
-222
-94
-253
-76
177
287
-256
30
-174
-178
-179
87
-423
-55
217
130
-33
187
293
-823
-273
15
132
4
210
14
-807
-1001
-855
-751
-125
-466
-604
-454
-729
-941
-759
-623
-530
-622
-190
-244
-694
-1142
-649
-836
-963
-1249
-1255
-1025
-713
-369
-984
-979
-838
-426
-760
-609
-586
-1253
-613
-963
-237
-1173
-1086
-855
-884
-863
-632
-823
-785
-1015
-543
-930
-871
-624
-494
-798
-1106
-1067
-532
-902
-1101
-751
-1155
-1025
-978
-833
-374
-356
-1120
-1117
-558
-856
-697
-218
-1165
-421
-1042
-584
-966
-1026
-482
-677
-402
-199
-1041
-958
-469
-568
-651
-279
-1366
-758
-503
-727
-501
-1197
-501
-304
-368
-532
-1037
-1105
-558
-409
-1045
-734
-296
-714
-303
-528
-1010
-464
-772
-837
-52
-102
-1110
-1398
-803
-508
-1043
-534
-680
-1141
-1272
-683
-701
-386
-500
-1601
-27
-397
-369
-1342
-1216
-213
-851
-951
-1075
-536
-787
-1029
-1023
-808
-402
-595
-592
-387
-815
-692
-648
-850
-881
-886
-686
-1066
-686
-861
-849
-807
-432
-840
-303
-172
-703
-489
-285
-1179
-990
-628
-735
-1063
-642
-1042
-995
-654
-874
-585
-560
-316
-421
-1148
-840
-501
-976
-704
-706
-957
-1184
-982
-517
-882
-375
-970
-766
-405
-551
-863
-1305
-682
-1026
-935
-980
-1040
-1420
-1081
-135
-559
-613
-755
-521
135
-789
-254
-403
-1191
-621
-192
-533
-728
-752
-679
-483
-303
-249
75
-293
-563
-970
-567
-723
-489
-663
-424
-742
-353
-136
-1203
-849
-647
-602
-504
-343
158
280
779
604
296
525
498
685
579
728
853
207
529
403
517
494
387
256
20
428
546
631
467
303
528
-240
191
295
269
544
-16
211
395
497
587
382
585
477
1187
917
363
581
526
925
406
872
529
421
671
902
685
124
623
479
3
870
851
215
699
466
461
972
686
248
619
764
673
823
470
1057
666
-132
1085
898
868
549
836
582
1213
609
416
925
608
833
552
354
956
1127
1045
220
763
503
869
773
618
111
406
646
131
1291
844
387
659
615
695
477
1185
857
1003
313
512
371
273
832
738
603
281
789
618
545
561
512
680
566
668
899
313
271
539
531
786
402
872
181
1099
599
755
696
728
814
603
820
-174
560
205
568
71
670
610
824
1078
398
439
991
608
754
881
792
947
37
450
819
666
1000
780
319
514
1018
1007
295
417
791
510
375
1169
524
569
767
622
307
910
863
943
637
823
684
601
514
1075
1091
576
407
428
394
1035
702
545
667
1073
563
665
971
611
740
544
479
649
430
650
802
806
496
1327
882
866
758
1214
929
574
558
880
411
492
384
698
238
527
706
739
543
618
981
597
642
1224
553
575
741
672
362
548
517
783
591
561
616
606
579
685
477
261
627
834
490
710
271
-357
-25
199
393
269
428
-115
174
278
471
458
141
346
354
144
226
-255
101
8
-98
271
77
-14
109
-136
21
-403
235
96
-208
-11
297
21
58
274
-260
204
-66
256
132
70
-63
342
154
430
221
256
-141
-133
-359
27
92
235
76
107
53
238
373
36
-96
37
-321
77
4
75
-410
379
460
583
54
-31
-40
-53
396
283
-17
-178
-215
-118
484
18
38
206
-154
289
217
98
233
-311
-41
-28
590
584
260
32
-185
-98
134
132
669
423
195
-219
137
473
227
141
-210
-339
99
398
-206
-58
-423
334
88
-2
423
348
409
-91
262
169
-264
96
120
92
140
35
98
243
342
20
112
310
215
-38
-181
200
327
417
-189
211
94
-8
-546
392
-202
283
138
-155
59
-93
420
-18
492
-271
-347
-376
410
-8
496
424
248
-573
-54
123
686
359
-76
459
611
-104
-61
-296
215
-138
-104
400
343
-211
199
-98
-112
-143
134
-283
250
195
147
59
-12
110
47
461
300
-259
420
-48
227
-169
-143
345
142
-107
317
-94
-134
-364
91
-396
108
631
90
-377
106
-3
177
216
-100
208
-527
35
197
211
674
-4
563
552
35
131
16
271
112
734
339
156
488
163
473
198
57
5
175
-127
57
-123
-144
-29
-126
312
5
-136
-100
-282
-533
153
28
-72
-283
377
225
414
-296
517
283
-168
-209
-49
-177
143
-307
322
77
237
213
32
531
610
712
330
779
377
-221
233
301
478
103
398
561
415
688
350
300
309
-37
99
384
310
379
687
376
551
46
180
539
-25
616
222
692
1
517
201
311
-311
701
379
439
452
-92
-69
345
260
752
267
765
614
359
849
227
527
90
703
371
741
242
349
217
-18
504
17
603
463
172
864
338
209
536
22
436
216
271
313
184
617
274
470
-65
837
-203
-91
160
366
186
262
376
366
469
32
335
53
515
1179
-18
330
606
603
689
625
709
542
-177
1020
59
475
824
252
100
573
534
568
271
492
69
505
511
295
1025
195
-16
188
383
351
302
860
-167
620
460
521
388
577
240
529
679
277
-115
604
43
58
-56
740
781
291
562
272
313
440
43
-207
357
777
-39
352
91
14
655
419
318
338
593
539
410
280
774
869
262
271
-15
281
756
123
955
695
784
857
804
255
792
685
-183
651
345
478
415
32
319
670
383
-35
400
659
247
456
312
-259
421
304
64
697
45
573
-43
1017
567
1065
796
798
712
713
852
63
665
1015
1318
930
164
321
504
396
237
307
494
635
658
626
865
189
459
424
640
581
247
-161
364
-51
-366
-270
428
345
53
-246
-99
-60
-391
-46
321
-304
48
487
364
119
608
208
501
562
64
403
448
540
366
616
817
571
83
488
328
410
434
484
651
686
724
749
993
242
249
581
844
496
239
765
775
269
232
896
536
376
418
1067
671
232
334
748
849
870
-156
690
594
515
652
635
346
317
428
1001
76
626
408
873
678
602
-25
782
419
467
781
569
363
822
517
695
152
658
895
610
231
677
226
671
562
298
797
420
-107
1142
709
858
333
608
934
637
453
616
272
588
628
619
278
724
939
1045
218
149
671
1070
343
814
359
510
243
450
550
-71
847
544
528
436
579
831
629
636
1036
650
779
275
146
399
671
364
443
1071
348
741
614
856
530
673
337
401
1014
488
249
879
563
390
512
532
730
779
614
547
573
508
438
748
758
338
407
546
705
476
739
663
733
847
421
693
1182
314
120
860
607
392
453
281
603
275
531
357
702
477
587
554
505
679
652
481
594
277
694
1066
-76
456
671
822
643
577
700
852
755
631
951
691
576
596
-494
547
398
317
17
71
378
534
627
559
199
488
555
423
338
4
-292
583
780
501
742
719
582
810
716
681
323
665
543
641
736
670
132
-232
-202
-99
-164
324
368
128
-8
36
324
-172
-391
-210
-166
-386
228
289
-298
125
-37
-366
-370
-205
-342
-1
-71
-84
159
178
343
326
-24
323
167
537
-66
-85
-261
-561
-445
-65
4
-132
-355
-98
-67
291
154
223
-307
199
-34
-31
245
97
438
-90
229
-186
217
-404
22
180
231
359
-99
228
13
-110
619
38
290
12
-322
250
84
551
647
565
413
-139
126
-364
191
114
398
-222
-485
350
27
215
-245
-20
8
470
716
324
101
29
81
-323
62
109
396
441
67
196
0
478
679
203
428
249
44
279
574
82
-140
376
60
302
67
66
-80
408
-14
256
545
681
162
-110
114
234
-254
258
488
399
-493
90
331
-42
116
-79
-35
184
-161
173
154
-190
-363
303
25
162
154
617
-179
-198
-222
-282
619
409
-31
-423
103
278
-104
412
305
-202
655
-86
75
386
-39
135
65
135
-469
493
460
-83
315
180
455
770
-110
16
-30
-216
22
165
63
368
287
160
578
112
-25
226
741
85
47
-497
200
-199
-71
31
75
243
199
489
32
-119
326
454
-209
47
18
-427
58
330
440
483
-11
-77
-141
485
190
-144
268
-118
217
527
214
-77
212
407
155
36
464
769
922
630
565
878
614
446
740
1134
623
544
976
468
726
229
358
-279
-120
-683
-142
-295
102
-318
-359
-533
-224
-49
76
-231
329
-145
-35
354
646
188
-436
82
-87
241
-556
-442
-113
-269
-390
-88
-60
-367
52
564
364
-57
100
-281
-62
-121
145
248
53
153
610
162
683
202
380
367
-40
195
-231
33
163
183
-293
147
-288
-80
-341
-295
-418
105
65
287
129
-347
-334
369
358
-115
-672
86
44
57
226
-172
72
188
-193
586
-63
2
5
308
-432
88
-12
263
-549
524
25
-172
-505
-141
-259
274
11
-38
-105
-207
-165
75
435
-172
162
-542
-195
179
70
27
-330
362
-9
-121
86
-381
-117
-95
-360
-511
-40
202
-243
-519
251
358
90
45
471
96
-162
56
-739
-222
-226
88
52
199
-481
158
500
101
865
166
-119
-888
181
263
-262
25
-198
433
-58
-305
-163
-95
-37
191
82
510
537
540
96
-41
-104
137
409
-178
-120
-14
-122
339
-233
-207
210
-97
222
405
-71
-229
-231
204
-446
-313
-194
143
-119
149
-17
-324
172
547
-317
-262
303
109
130
467
-455
209
-215
-174
-288
74
169
-76
-151
637
-489
-185
-454
-547
-6
-275
-28
-607
-623
-255
-192
-519
-354
-64
-666
583
-144
26
-44
-324
-335
161
-41
-16
186
-373
-366
109
119
-288
-217
554
-82
-301
-389
-147
-170
-238
-489
-170
-109
-181
-104
-226
-254
-553
-360
-27
-113
-772
-786
-886
-971
-821
-851
-845
-481
-521
-773
-1177
-585
-330
-500
-453
-229
-871
-989
-303
-301
-891
-465
-681
-324
-955
-739
-750
-728
-471
-564
-375
-275
-24
-319
-216
-311
-127
-240
-14
-448
-587
-842
-868
-157
78
55
-378
-89
-168
-395
-562
-576
-468
-635
-49
66
-535
-287
-197
-408
-255
-308
-436
-478
-257
-321
88
-1093
-614
-196
-356
-555
-330
-592
-311
-316
361
-354
-661
140
-443
-408
272
-215
-378
45
-282
-750
-165
-202
-412
-324
-285
-199
-343
-650
-642
-367
-71
-432
-812
-496
-440
-274
-359
31
-248
-168
-22
-53
-443
-237
-79
-632
-427
-261
-431
-235
-735
-526
-305
-307
-390
-422
7
-312
-711
137
-407
-316
-207
-509
-197
-634
-211
-291
-280
-328
-271
-685
-129
-126
-171
365
-256
-400
-267
-523
-455
-428
97
-333
241
-255
3
-436
238
181
-274
-139
-617
-564
-594
-321
-122
-101
-306
-558
-104
-773
-382
-456
-137
-239
-173
19
142
-827
-272
-212
123
-248
-28
24
-136
-512
-136
-436
-244
-95
-147
-79
-566
-1051
-421
-705
-218
-509
-202
-318
-234
-282
-567
-385
-42
-76
-182
84
8
-87
-302
-316
-249
-20
-610
-85
-72
-245
-319
126
334
242
-260
-175
-343
-584
-533
-537
-489
-275
-346
-226
-766
-49
-346
-652
42
-202
131
516
605
570
802
629
979
936
876
898
709
567
920
398
514
543
354
-183
267
534
-59
-107
303
-2
429
159
96
54
35
93
-336
34
57
-302
-716
68
299
522
453
-10
-56
94
253
331
-229
-338
-40
431
-186
-575
-601
-200
-213
-610
-643
-445
-300
-492
-435
26
-95
-384
-123
-134
-382
-1023
-348
122
-421
-520
-510
-176
-524
-496
-363
-172
-227
-595
11
162
-330
-350
-498
-377
-1278
-225
-144
-144
-655
-330
-191
-182
-468
-1011
-532
411
-161
-781
-442
-147
-349
87
-725
-619
-851
-359
-208
-411
-400
-550
-830
-219
-211
-762
-693
-326
-180
-1102
-1088
-687
10
-370
-246
-662
-754
-1237
-525
267
-182
-480
-846
-664
-692
-392
259
-91
-142
-290
-373
-671
-687
-1099
-429
539
-83
-898
-975
-143
-505
-293
-453
-857
-472
-826
-407
-497
16
-310
201
-84
121
-1027
-460
-269
-178
-725
-982
-287
-482
-566
-238
-509
-157
-294
-308
40
-304
-1400
-560
-255
157
-369
-997
-611
-210
-894
-527
-276
-62
-938
-648
166
-185
-1034
-441
-151
-315
-758
-706
-1156
-321
-19
-392
-50
-287
-763
-279
75
-351
-1160
-255
135
-805
-391
-1209
-168
-285
-83
-486
-717
-313
-656
-191
67
-408
-1024
-742
-459
-474
-523
-1164
-354
-676
-497
-513
-677
-414
-645
-536
-84
-177
-649
-259
-728
-648
-800
-495
-696
-364
-864
-712
-257
-931
-454
-722
-269
-719
-1159
-1171
-1254
-1086
-942
-1144
-1552
-1000
-1401
-1276
-1050
-1140
-1482
-1402
-37
249
408
-98
35
-466
-376
-238
-14
74
-267
-39
162
-246
42
-208
-84
135
83
-231
-205
-190
-500
-209
-216
-180
19
269
-402
-289
-709
252
-637
-404
-63
-610
-1518
-649
-292
-532
-674
-582
-346
-924
-1084
-915
-859
-602
-607
-271
-645
-650
-404
-624
-392
-864
-918
-392
-961
-693
-399
-698
-769
-544
-240
-497
-689
-1025
-876
-710
-367
-433
-232
-605
-532
-942
-1452
-718
-521
-256
-387
-434
-635
-353
-622
-547
-230
-925
-828
-692
-691
-663
-534
-872
-443
-85
-91
-222
-770
-520
-982
-843
-811
-577
-942
-1016
-618
-771
-687
-364
267
-818
-249
23
-620
-795
-692
-585
-844
-50
-634
-763
-536
-1337
-901
-208
-806
250
-496
-354
-195
-572
-704
-668
-502
-982
-767
-1011
-648
-442
-892
-651
-291
-680
-66
-298
-145
-373
-439
-486
-1045
-388
-361
-23
-1080
-969
-847
-180
-532
-659
-779
-274
-899
-1273
-946
-357
-467
-591
-1039
-1061
-913
-1106
-784
-503
-591
-666
-729
-27
-667
-319
-271
-1122
-216
-771
-530
-741
-465
-1
-682
-1215
-344
-976
-843
-471
-316
-453
-577
-176
-1151
-350
-900
-523
-720
-905
-743
-498
-512
-1258
-381
46
-196
-379
-177
-600
-723
-660
-876
-494
-846
-799
-698
-956
-782
-394
-560
-528
-531
-560
-494
-1258
-455
-293
-691
-839
-718
-737
-774
-455
-435
-420
-536
-219
-692
-605
-351
-257
-756
-824
-572
-573
-172
-692
-674
-185
-249
-269
20
-682
-204
-389
-423
-844
-957
-825
-770
-789
-646
124
-212
-615
-246
-154
-449
-1042
62
-848
-945
-714
-82
-623
-846
-1370
-471
-618
-397
-929
-701
-402
-467
-1202
-876
-1166
-772
-800
-1108
-338
-798
-704
-814
-827
-877
-916
-741
-667
-302
-972
-592
-885
-414
-1123
-536
-628
-360
-1331
-373
-702
-684
-725
10
-78
673
-744
-552
-628
-1055
-761
-687
-657
-1146
-966
-1137
-597
-961
-870
-993
-1147
-248
-1227
-483
-749
-791
-712
-612
-765
-192
-304
-884
-935
-511
-764
-186
-1121
-563
-1275
-219
-897
-1213
-357
-497
-758
-1044
-617
-612
-858
-770
-319
-682
-426
271
-931
-289
-1039
-977
-682
-330
-876
-899
-382
-726
-749
-883
-1460
-921
-646
147
-1099
-517
-1251
-699
-661
-657
-1194
-653
-731
-882
-398
-1181
-707
-567
-431
-386
-876
-672
-1100
-700
-1067
-694
-734
-921
-1038
-712
-788
-829
-303
-358
-628
-376
-1498
-481
-781
-216
-468
-636
-727
-611
-892
-648
-1098
-956
-658
-269
-1183
-275
-904
-496
-1029
-479
-905
-760
-1074
-822
-408
-491
-1010
-510
-815
-248
-762
-105
-1000
-530
-1077
-297
-727
-928
-752
-948
-314
-624
-1190
-790
-823
-648
-172
-255
-1308
-323
-1257
-1089
-372
-1100
-676
-1021
-448
-575
-827
-713
-851
-793
-469
-314
-1163
-413
-268
-651
-593
-442
-826
-652
-1086
-634
-1065
-1002
-609
-844
-918
-630
-1170
-26
-582
-495
-165
-285
-419
-326
-503
-168
-545
-464
-236
-388
-384
-174
313
156
-70
-97
-188
125
-612
103
-126
-307
-300
115
316
-402
-460
-118
831
-255
-5
148
-256
-284
141
-341
274
-366
590
-130
-198
-611
-136
-498
1000
285
-385
-8
128
-45
-43
-96
166
382
-760
172
-206
-71
-797
-522
617
-144
-6
-38
96
-415
-928
-178
173
-370
25
-421
-170
-262
-402
-610
416
-517
339
-42
-857
18
465
-159
0
-404
-541
-168
-128
183
-271
-519
605
-705
-287
-29
-344
24
299
-709
-492
276
-23
-228
-581
-443
-514
-269
638
-49
-102
-136
-833
-791
-568
316
-318
-105
148
-355
-673
-471
38
-236
537
297
-258
-170
-630
-282
152
-25
-238
-837
-230
-215
33
-447
-751
-455
226
-403
-318
215
89
-81
-438
-893
-286
-57
138
-74
-380
528
-164
171
995
155
-262
-120
-443
-383
-167
181
50
141
-563
-580
-281
-213
-396
-514
478
-407
-214
-269
-22
468
-290
-134
-470
-162
-428
-39
-190
-385
-138
-618
927
-41
165
-117
-407
213
-67
-524
-431
108
240
-323
-333
-109
-615
-472
249
-395
-397
-190
203
-571
-295
76
-18
247
-464
-153
-465
-643
-340
-315
468
-185
-78
313
-109
-40
-475
214
-35
94
-6
90
93
-519
219
-618
113
-726
-577
-656
-694
-88
-332
-174
-656
-630
-178
-853
-494
-135
-469
-1273
223
-386
-706
-566
-239
-772
-223
-569
-241
-478
-303
-177
-354
-316
-341
26
-36
-362
-51
-417
-155
-368
388
20
82
90
-289
-233
-59
-370
-65
-4
-36
-690
0
-249
-768
-658
-848
-486
-506
-347
1
-749
56
-188
-366
4
433
-128
-145
-92
26
-385
364
-478
-23
69
-51
138
-364
216
20
246
-55
-117
-358
-391
197
426
-348
529
9
-333
-203
139
157
81
-256
-129
-129
-728
112
-723
-41
231
-451
-298
26
-189
-243
-388
-149
-226
-113
52
399
-336
-167
-388
-550
41
518
-836
-122
-163
-102
87
-188
-250
-63
25
-12
-366
2
225
-294
-557
-1
126
-246
-105
197
-594
-424
-500
329
-90
249
-47
-255
-228
-476
-633
-203
-45
-218
-232
91
40
117
-217
179
333
-34
-236
-128
-77
-431
-255
168
-504
-175
-236
-334
-474
-441
317
-388
232
283
-771
-619
-202
501
-210
63
-190
71
921
-350
-715
-168
49
90
-260
-67
-375
180
-29
-440
-552
-595
180
-241
-128
-235
464
-302
-4
346
-142
-144
-534
-572
-124
98
-285
-141
-375
-203
-381
-399
-21
-222
-354
-297
-314
289
-220
-30
-447
-370
-178
135
-377
-16
-259
-75
-704
206
-89
400
-98
-292
-751
88
72
-138
-164
-409
84
-194
-204
-638
-392
-241
-751
-126
-229
663
-618
-225
-231
207
-316
-13
-13
227
239
312
-142
-222
296
-348
-225
386
-184
51
-208
-199
90
-96
-223
-257
-103
-44
-173
-75
39
-196
276
-265
169
-63
-237
-503
-106
-501
-340
-690
-282
-5
-216
-375
-43
-412
111
-614
-642
-58
81
-605
-851
-461
-571
-363
-602
16
-352
-600
-312
-664
96
-806
-1265
-91
-784
-456
-702
-264
-183
-295
-609
-753
-948
-669
-1110
105
-87
-973
-1106
-408
-632
116
-535
-247
-383
-592
-379
-694
-580
-267
-433
-146
-75
-583
-1152
-692
-529
-543
-233
-188
-399
-406
-1253
-182
-394
-352
-43
-492
577
-411
-1434
-334
-715
-276
-112
-497
-163
-604
-343
-713
-313
-557
-129
-270
131
-940
-1016
-872
-430
-889
-90
-600
-273
-186
-492
-502
-776
-750
-470
223
333
-619
-806
-302
-413
-689
-402
-13
-190
-820
-372
-320
-503
323
-629
-742
460
-515
-578
-551
-231
-221
-503
-763
-783
-336
-717
-113
-627
-578
-733
-589
194
-316
-689
-541
-620
158
-917
-413
-488
-425
0
-309
-650
-560
-474
-593
218
-1031
-1141
-474
-812
-454
-639
-626
-577
-896
-876
-607
-831
-257
-532
-230
-12
-588
-1396
-506
-149
-389
-301
-188
-602
-256
-182
-820
-246
-586
-199
-359
-352
-517
-845
-682
-8
-391
-691
-948
-206
-637
-341
-766
-304
-908
-630
-43
228
-489
-1066
65
-466
-289
-882
-414
-710
-511
-407
-625
-211
-315
-835
114
-57
-506
-532
-372
-259
-432
-121
-432
-739
-41
-334
-143
-485
-476
-310
-700
-59
-535
-380
194
32
407
65
27
-189
-127
-173
-41
-300
165
243
17
150
142
236
256
69
20
253
417
563
143
601
-109
-3
113
-178
-39
298
335
207
83
-289
218
96
577
325
283
145
245
-266
249
-171
-220
93
-120
268
-182
413
303
593
392
208
583
17
82
-36
56
201
-19
268
-124
33
93
-27
-84
-95
137
-127
3
204
124
-14
185
-87
-343
-330
-407
148
235
39
-29
309
27
-156
-84
395
32
129
305
-231
539
-93
-312
4
-163
80
113
77
-85
-49
143
383
330
74
374
224
435
561
-87
-145
-216
-101
258
82
155
16
379
159
457
-135
292
-81
236
-175
-133
-317
-243
265
87
377
94
-192
141
22
177
301
219
-92
311
-358
142
-55
-14
267
165
80
332
-249
136
-83
340
158
512
40
226
258
-59
-331
-275
379
169
483
40
192
194
-227
283
-248
-33
48
214
217
-19
118
-236
303
168
245
45
-118
45
182
556
59
3
-80
67
247
211
362
382
177
404
102
410
430
67
-75
52
-34
-128
218
224
320
85
-361
0
95
-54
255
123
466
-118
-113
507
314
324
-168
68
1
89
346
151
2
228
143
260
21
242
79
231
335
380
-231
205
198
-194
-30
-242
-78
-195
272
354
411
68
2
56
139
214
388
321
354
-592
115
208
241
27
-73
-238
-422
-241
-3
-353
39
301
269
514
249
-501
756
806
59
479
800
522
621
542
1052
379
864
499
-93
46
402
439
392
51
687
521
-38
522
-152
361
-316
448
-36
416
247
457
430
-173
336
26
728
242
549
355
169
506
377
335
875
68
269
12
505
-558
456
806
-98
211
-31
57
302
186
469
-63
-180
-131
-278
513
209
-163
20
202
59
-375
224
103
-434
812
288
-164
389
243
-124
-497
-6
-349
233
99
-191
384
284
111
299
-13
74
62
-206
-225
87
179
436
-358
-135
332
72
90
-212
-465
266
453
-39
386
-428
132
-165
114
374
-823
335
-143
-315
-45
288
77
-308
28
112
-175
501
225
-388
43
950
-249
167
350
-10
253
-174
-198
144
190
3
129
-186
378
-88
-43
924
-157
44
228
263
335
55
73
45
-27
-50
149
16
-233
370
278
762
-182
338
191
256
157
187
-26
46
2
246
274
393
172
261
-506
314
1
284
397
-287
695
337
305
-105
-131
384
582
-300
23
56
104
611
-18
196
-340
428
340
-148
-279
392
-241
-178
566
457
107
-339
460
460
-386
417
74
-109
-19
151
-99
258
307
3
318
338
-220
-209
-387
302
-160
166
-310
-459
-551
-150
-77
-414
-92
-542
-200
71
-354
-555
-642
-122
-123
-395
-334
85
-58
63
-129
-59
-46
-10
-131
23
-256
-147
250
310
90
387
1177
460
583
508
518
244
173
694
236
8
742
140
566
334
-194
394
-371
-57
-247
-119
-243
-31
155
-300
93
-241
246
251
-288
-337
-365
346
244
252
-365
-645
430
238
-564
349
-28
257
176
14
506
293
-291
216
92
-489
128
247
-530
150
558
67
-84
-464
-122
16
247
410
2
144
-83
-185
7
-174
550
-63
82
-231
244
0
107
319
-30
376
-158
-208
198
250
27
180
221
-111
-48
-201
199
189
188
235
154
-254
171
99
-98
11
557
234
-300
489
190
-176
-190
307
-58
332
851
539
-179
81
239
43
-60
-64
363
149
-220
215
279
232
551
171
48
605
-29
455
-144
-21
249
271
18
25
337
157
132
452
-84
540
199
596
164
278
506
456
113
-48
250
61
232
-61
43
82
76
199
-405
353
-127
173
-323
-510
10
4
68
60
-110
37
75
-319
113
-314
-133
8
-263
-97
-145
91
176
190
-290
-70
-271
243
375
-476
249
397
198
-353
-83
61
-36
166
-69
-208
254
-143
388
-200
-313
-117
34
-184
327
206
-244
93
295
-87
-372
-336
41
206
170
-271
-324
48
-183
4
277
289
-450
-57
372
1063
567
906
955
293
0
957
543
355
1014
642
840
498
22
71
-92
331
-92
-274
16
149
-157
15
22
39
-69
-81
214
233
629
-355
-232
75
99
-278
196
-114
-2
-366
89
-385
-65
-607
-177
77
413
282
14
381
-42
200
332
129
797
-61
570
849
66
-156
-200
437
419
1160
28
-6
516
477
-58
515
140
563
-115
161
359
-368
276
127
463
755
600
-9
383
463
512
405
716
-154
583
209
449
379
23
387
291
-70
161
209
438
284
16
347
265
442
463
285
366
174
15
298
574
271
181
614
255
637
251
249
-78
132
17
163
516
109
585
-375
511
545
173
10
139
379
198
565
189
434
301
362
186
69
266
486
502
-116
-98
518
156
71
619
180
173
437
494
394
161
-238
720
36
763
47
-101
249
-177
354
202
758
-73
61
222
111
268
-199
291
399
466
314
117
152
391
488
140
-48
398
36
438
-162
-69
143
428
723
348
58
-186
-194
279
582
113
164
375
-39
375
-20
404
-286
246
491
468
159
194
345
-3
588
-24
361
432
212
225
427
225
-155
-127
228
282
711
452
339
135
205
458
65
410
-189
310
462
177
-156
203
565
474
-142
-14
-120
510
-70
-208
-43
29
480
184
534
277
154
38
388
749
366
436
817
738
1095
946
62
573
499
612
791
733
342
796
-88
184
636
488
327
108
342
566
486
121
205
639
369
589
326
319
50
-57
-1098
-516
-942
-659
-1112
-573
-1010
-811
-881
-945
-782
-765
-641
-500
-605
-496
18
-630
-70
-610
-601
-181
108
-399
310
-194
-138
-260
-331
-100
-422
-276
300
-829
347
-574
-731
-182
-575
-965
-256
-806
-583
-963
-651
-709
-527
-327
-573
-86
-109
-390
-168
-201
-532
-431
-422
-567
-336
-82
365
-766
214
-590
-680
-445
-754
-282
-402
181
-748
33
-365
67
-314
-152
-346
80
-203
-453
-509
117
-535
-440
274
-501
-398
42
-347
-310
114
-37
2
-332
-110
-398
-275
-145
-351
-212
-253
-809
-355
-979
-545
-558
-124
-390
707
-212
299
-479
-181
-327
-206
162
-560
-472
-113
-276
-137
10
-188
-10
-119
54
-585
-136
-501
-72
-134
-461
593
-205
266
-591
15
-256
-465
-549
-288
-640
-489
-354
304
-355
-168
-9
-534
-154
-453
72
-610
36
-410
-303
-785
-703
-251
-611
-469
-263
-213
-286
19
-735
255
-499
-462
-68
-486
-695
-339
164
38
-586
-198
-970
-194
-471
-133
-455
-353
-375
-310
-143
161
-338
50
-674
-249
-358
-136
-386
-159
-82
-383
-255
-370
78
-225
-1
-607
-275
109
-786
125
-516
-324
-579
-669
-576
-605
-414
-194
-439
-345
-574
-239
-291
-45
217
161
-817
-144
-798
-656
-912
-684
-1039
-705
-870
-639
-931
-1170
-1067
-797
-641
-518
-480
160
-202
42
288
253
134
168
-21
153
231
62
-65
210
-2
87
19
66
-228
519
147
-155
228
110
6
-176
234
220
-17
-126
176
-132
75
108
779
538
-199
345
66
368
-229
1074
381
538
542
32
471
192
246
176
82
101
29
178
80
-3
43
431
319
-143
243
-273
290
110
21
273
56
-209
96
-113
205
-67
315
22
243
542
145
187
-23
272
340
-4
269
157
329
109
48
-22
324
30
145
-167
-79
-174
-540
468
261
169
407
-114
-217
507
100
-366
-3
241
-285
283
-105
-122
-163
-513
548
91
495
-110
-46
-7
-127
662
210
228
-40
495
49
-220
-399
-27
416
618
-426
-97
515
129
58
411
-380
33
-15
86
-356
263
236
387
419
-387
348
233
-302
-118
-157
136
-421
209
-159
174
-216
-16
-76
448
458
-75
380
-477
175
-248
-140
-179
65
141
-487
524
-391
609
-64
728
201
382
308
-338
137
139
-298
211
-1
-70
79
-133
195
36
-145
195
346
408
325
720
174
90
-166
79
105
190
51
-54
160
-186
460
-56
323
776
18
-64
-234
136
9
166
-173
257
-249
28
-3
437
328
132
435
438
134
148
416
254
-86
272
97
-283
371
-343
305
-227
68
479
244
117
-478
-43
192
-443
177
-442
-26
-158
-208
-190
-313
-376
-76
206
439
-69
174
-77
317
100
71
-134
-81
422
-88
303
-103
155
254
-277
-838
-572
-947
-872
-617
-759
-753
-1016
-801
-754
-947
-558
-598
-396
-313
341
-511
-782
-900
-518
-767
-622
-739
-670
-536
-321
-133
-534
-210
-174
-268
-663
106
-1153
6
-266
-55
-369
-918
-20
-437
-679
-342
-971
-234
-664
691
-188
-287
-655
-35
-708
-448
-717
-80
-150
200
-178
-565
-113
-391
-540
-132
-686
-491
-252
-35
-339
-261
-183
-341
-49
-270
-345
-399
-550
-390
-157
-1029
-601
-439
-868
-201
-389
-634
143
-589
-251
-182
-347
-608
-457
-490
89
-200
-75
-306
-899
-124
-25
-254
-298
177
-612
77
313
-241
-339
-220
237
752
-360
-236
-750
-68
-603
-286
-191
-191
-528
-271
-210
-140
-566
-66
-117
-148
-97
-452
-896
-260
-289
-809
-137
-651
-330
-143
-533
-163
157
-485
233
-32
-35
123
-638
-311
-384
34
-415
-150
-19
-271
-51
-73
160
-219
-4
-88
-312
-322
-932
-451
-992
-428
28
-522
35
-329
-214
-177
13
-546
219
-865
-320
1
-260
-221
-128
185
80
-315
-160
-450
-139
423
-97
-503
-110
248
2
20
-363
-402
-791
-119
-309
-201
-440
-209
-649
-484
-304
-419
-415
349
116
-513
-456
-122
247
-360
-352
-348
-509
-403
-441
-70
159
-513
-667
-296
-378
-600
-159
-22
266
476
343
478
191
653
179
9
52
-117
221
-257
557
-88
-137
-4
-412
-269
-103
-115
-407
-276
-446
-146
-314
-9
-99
120
-549
-128
-693
-964
-878
-727
-1018
-947
-834
-926
-1015
-903
-834
-827
-818
-1093
-741
-40
-526
155
-334
-567
-187
-517
-170
-319
57
-375
-282
57
-425
159
-450
33
82
83
-380
-38
-557
-407
-613
214
-63
-450
-286
-678
-569
-873
-559
15
-241
-113
300
-518
-351
-700
240
-642
-427
-287
-223
-439
-203
-392
-250
-175
-58
-117
-290
-646
-69
-215
-410
-186
-241
-265
-535
-123
-306
72
-69
33
-602
-127
-606
-86
-419
-419
-69
-351
-271
-590
-429
-358
-76
422
-302
149
-213
-524
-175
-563
-647
-334
-145
-330
-189
-343
-566
-579
-472
-328
-800
103
-452
-218
-359
-539
-300
-334
-276
-247
-417
-534
-207
-255
-133
-76
-458
202
-379
110
-406
-523
153
-488
-510
-170
-435
-315
-389
-619
-750
-476
-712
-228
-375
-136
-436
-131
-704
-283
-491
-235
-298
-475
-612
368
-812
241
-388
182
192
-686
-68
-566
-44
-381
-84
-659
-596
-232
-254
-340
-27
-109
-581
239
-535
-640
-668
-343
-299
-7
-502
-100
-124
-565
-650
-285
-540
-396
-523
30
-388
-462
-531
-22
-825
-691
-362
-323
-435
-74
31
-418
-335
-232
-343
229
-246
-245
-72
-751
79
-112
39
-264
-152
-265
-350
-155
-267
335
-458
-301
-663
-658
-867
-275
-811
-743
-923
-560
-1076
-694
-309
-897
-648
-893
19
-112
-465
489
499
144
533
352
354
1
133
445
189
494
445
414
199
-6
-165
571
-218
-187
152
211
593
59
369
200
-22
-111
25
272
236
-316
-377
-251
-285
-797
-635
-126
-648
-471
-67
-298
-782
-442
-164
-689
-387
-379
-450
-372
-267
-1084
-46
-108
-343
-1114
-442
-445
-19
-60
-39
55
-281
21
-199
-534
-175
113
-228
-380
-269
-194
-641
-507
-388
-739
-500
-166
147
-502
-452
-129
-725
-616
-542
-264
-764
-16
-179
-220
-499
-244
-511
-164
-179
-769
-632
167
-223
-669
-650
-120
-747
-106
-430
-12
-136
51
-485
-978
-113
-183
-244
-230
-515
29
508
-634
-507
-316
-604
-1041
50
-118
-102
-569
-465
-708
115
-354
-217
-283
-499
-176
-129
-275
-3
-101
-1046
-396
-275
-844
-356
-73
-724
-599
-643
-491
-331
-217
-946
-539
154
-349
-624
-155
519
-69
-87
-755
-79
-319
-72
-483
-312
-66
-108
-292
-728
-451
-466
-595
56
-686
-88
-349
-430
-358
-176
174
-1192
-241
-37
-75
-178
-823
-420
-431
-274
-598
-84
-483
-788
-789
-765
-389
-91
-754
-199
-513
81
-575
-142
-665
-117
-39
-565
-297
-267
-197
-185
-408
-139
14
-156
-566
-398
73
-356
-125
89
-87
-169
-701
-235
-619
-618
-583
-798
-968
-520
-495
-677
-562
-709
-484
-973
-243
96
-510
-410
238
177
-409
249
-477
27
-340
-45
-346
121
180
-396
-234
154
-181
-255
-312
-64
46
-396
197
-353
219
-280
-177
43
-113
120
-290
-233
-439
155
483
-107
345
96
185
334
32
5
323
-13
-32
-296
-224
149
-200
118
308
388
61
-115
124
-252
536
404
346
97
41
163
54
-190
-152
-10
296
497
-401
141
609
747
109
556
497
160
-89
50
135
-186
505
-231
435
450
84
221
-70
131
191
301
52
300
-284
-75
-301
123
244
218
395
90
159
28
220
-25
173
412
535
214
294
203
-127
-67
-303
-326
840
205
-106
359
346
142
580
367
711
187
428
-119
-541
70
-57
36
396
-61
433
549
10
432
11
339
362
732
-149
-26
24
-9
-5
380
-115
386
797
-217
355
324
-277
182
329
-34
460
-120
-140
-297
25
223
288
682
519
447
-105
121
418
418
217
345
165
577
-448
-202
158
181
388
531
127
548
314
20
382
-9
105
543
412
-32
-1064
-397
149
300
460
393
778
-146
552
158
361
56
44
214
296
-561
-570
171
128
202
210
675
360
446
351
314
2
342
8
353
-166
145
462
-151
646
-84
188
114
297
258
262
256
358
502
252
83
757
428
-244
-170
301
322
300
35
361
131
286
800
437
-78
557
492
477
-76
253
228
76
-112
135
279
-239
-215
-22
383
-1
211
178
-166
567
100
280
277
-172
-297
-49
390
375
170
161
31
419
326
-167
213
49
335
54
586
-103
-410
-64
177
407
609
494
65
224
23
131
161
272
428
468
683
423
166
477
403
729
350
477
-55
709
585
832
1098
568
1192
747
349
4
177
237
897
431
931
676
685
515
307
916
1085
652
78
98
97
273
332
329
438
503
439
473
154
106
856
322
571
321
624
-14
169
353
509
564
168
637
586
236
550
770
500
521
200
432
400
41
184
125
650
918
238
190
389
580
395
841
360
721
58
396
222
-663
-194
292
1035
255
137
560
562
1068
312
570
670
403
504
469
-27
-60
354
76
674
276
598
656
466
299
119
217
67
315
59
757
619
269
430
195
387
411
418
289
-19
193
537
498
459
266
73
477
867
-316
432
300
772
185
375
410
545
502
376
515
128
356
796
946
830
-14
19
337
295
722
702
567
306
891
579
266
246
622
592
117
315
14
785
488
47
710
682
489
782
342
515
669
626
293
997
237
570
584
577
365
576
847
557
304
693
130
520
414
493
1044
812
885
650
102
156
75
716
863
598
299
423
585
383
800
118
461
623
353
87
-194
823
181
-350
-138
-309
-350
297
-49
-185
-346
313
-164
-172
-42
71
-541
-215
117
682
419
490
584
562
564
608
550
592
747
647
555
211
279
306
477
327
383
369
610
329
724
151
860
428
917
426
-180
337
934
519
620
509
273
601
217
-109
468
379
-125
-170
17
227
167
220
120
590
268
290
-78
535
599
781
249
265
470
768
136
756
310
128
-106
219
368
829
-92
198
546
382
72
61
-268
193
240
183
-214
-18
357
491
205
-241
164
59
-256
-216
-183
838
642
303
370
351
43
571
191
210
63
311
488
359
725
369
332
-174
-80
-232
136
-32
146
-37
311
91
-7
-59
146
69
205
222
146
210
405
273
-53
268
-362
254
303
450
-214
-484
26
201
112
144
-342
151
160
620
249
902
148
406
297
512
-4
-16
62
80
98
441
263
345
-163
211
78
398
745
-178
663
318
183
73
582
292
-58
46
-174
568
149
93
187
455
275
202
288
605
489
36
83
-78
320
271
409
87
51
-48
478
450
295
-260
656
613
-417
124
-11
337
421
595
201
428
359
239
396
240
365
230
83
332
117
285
193
768
81
221
262
-158
216
287
224
298
58
296
119
721
-31
-138
75
33
483
-364
85
-232
390
559
100
40
-398
800
267
182
198
269
138
-109
-71
578
72
198
324
343
352
676
-36
-58
73
100
-142
-285
-81
166
473
410
490
171
219
41
538
270
-216
-231
303
135
-434
-465
-70
40
-123
131
-78
-242
-66
-40
-217
47
129
42
183
298
-433
76
-186
-675
-218
-484
-705
102
-593
32
-523
10
-364
43
88
90
-643
-71
231
-358
-319
-770
-488
247
-577
1
-265
-371
121
407
151
-334
-880
-278
-168
-179
-153
-265
-185
-170
-352
-37
-453
-779
-162
-256
-179
4
-910
27
-311
-576
-240
-156
-309
-99
-390
-93
-112
-29
-399
-293
-188
-432
-626
-303
-265
-74
-343
-188
-545
-487
61
-776
-253
-679
-319
18
-8
-138
-663
372
-170
-815
-455
-328
164
-369
-181
104
-443
-85
-309
-299
307
-5
-446
-553
-130
-247
-92
-247
-78
-810
-243
-52
-209
-423
-332
347
40
-343
-153
42
-128
-177
-228
-331
-532
-169
-332
-545
-125
-659
-253
540
-124
-200
-755
-42
-88
-563
-404
-151
-463
-271
-125
-429
-155
-578
194
-101
-138
-97
-506
-555
-401
-700
223
-300
-29
-531
-436
-534
-81
-5
-297
-35
141
-400
-440
179
-172
23
-584
-274
-471
-175
-492
-209
-321
-251
-299
1
-180
42
-503
106
-322
-295
-435
-174
-291
-105
-369
-616
-92
-151
-111
-255
149
48
-750
131
-203
-72
-91
-403
-4
-363
-273
-330
-373
-324
-177
-196
-158
28
-511
-198
-125
393
-371
167
175
53
-513
-145
193
-113
189
76
63
27
-277
715
235
385
197
-5
768
672
476
144
20
435
790
661
310
330
-401
-257
-129
-598
-245
-114
-377
-4
-488
-116
-571
-280
-512
-187
-805
-775
-265
-328
283
-817
-780
-452
-421
-506
-340
-858
-341
-1074
-685
-229
-595
-79
13
-133
201
-72
-499
-254
-159
-316
-11
-187
-215
-348
-762
-273
-240
-200
-243
-413
-52
-295
-239
-407
-336
-136
-457
-208
-401
-260
-314
-200
-603
303
-201
-244
153
-390
-257
-257
-155
-234
-248
-354
-413
312
-78
-510
-303
53
-288
-44
-163
-195
-119
-157
-296
-311
-112
-315
-644
-211
-5
-215
-621
-7
-284
-249
65
-527
-172
70
-406
-32
-80
-280
-43
-347
23
-156
-579
198
-357
108
-274
-269
197
-10
-244
-177
-81
-153
-265
-89
-14
208
-184
16
-47
-27
392
4
-72
-208
271
-351
-273
25
-247
16
-712
-389
-745
-213
-369
-360
-3
-502
-419
-154
-211
-349
-282
-143
-178
-526
-133
-521
-365
50
-643
-365
-190
112
-351
-72
-411
-269
-214
-390
440
-265
-305
-423
-167
-228
-516
-696
-12
-475
-353
-568
106
-308
164
-94
-628
-428
-582
-248
-498
-12
-458
-397
-187
-894
-589
-129
-658
-130
-305
-89
82
-194
-383
203
-565
165
-584
-101
-64
-121
-567
-65
41
-293
-318
-110
25
-502
-221
-134
-395
247
-474
-111
-304
67
320
-587
-399
-109
-146
-50
-256
262
-12
65
-325
92
-5
-245
-404
-56
379
282
-34
-68
-28
286
-115
-653
-340
311
3
-239
423
201
-170
246
0
320
380
234
120
473
492
266
116
62
178
95
748
749
650
164
107
-101
264
371
465
0
135
154
-418
-664
-144
34
440
60
-456
-322
-723
-260
-336
-982
154
196
-98
-115
-468
611
137
638
246
-64
-361
586
-377
279
201
-397
1
-379
-428
226
-497
-11
-183
405
746
80
54
10
-26
-70
-139
49
11
-187
151
-133
-25
-184
434
-123
554
-446
-40
-1
264
-175
-30
-492
-21
-206
49
162
19
-326
-567
114
366
877
-346
-178
139
-350
-171
437
26
-385
246
-138
20
24
118
1193
724
-38
468
356
-139
158
-378
-336
-405
-14
-89
132
-248
332
80
207
658
582
-453
210
382
110
373
-330
-57
-81
-205
-14
72
-321
310
161
-45
-102
103
-169
-251
65
-285
200
88
362
-272
-592
20
-141
142
367
531
449
-240
407
-91
16
165
-313
-69
14
-7
48
385
-616
189
85
405
-60
-109
-309
-237
-684
-113
-67
205
-35
114
-268
271
-102
-198
-33
728
-36
184
-191
-68
-148
154
-94
300
346
-352
-47
-277
37
-196
478
882
-207
-178
-208
269
289
-72
-44
-380
-299
-76
-28
-43
33
11
156
903
117
423
445
566
-46
-225
241
313
555
99
352
98
77
236
396
791
-48
-231
-26
-417
59
-328
-83
-38
-152
-638
-184
-270
-119
-510
3
-156
-286
-475
-51
-387
-679
-246
-243
-284
-228
-23
-494
-184
-628
-226
-27
-9
-383
-324
-484
-582
-613
-917
-540
-662
-491
-324
-134
-864
-344
-589
88
-420
-499
-1150
-544
-951
-711
-765
-628
-704
-284
-618
-872
-580
-890
-125
-461
-426
-620
-853
-500
-1060
-387
-1052
-615
-893
-694
-770
-492
-695
-695
-273
-166
-384
-780
-720
-537
-639
-818
-908
-641
-388
-750
-887
-1065
-245
-875
-939
-386
-679
-1046
-938
-1000
-610
-1025
-370
-833
-866
-823
-507
-810
-755
-913
-176
-602
-874
-960
-1088
-801
-669
-733
-693
-918
-641
-624
-835
-606
-846
-372
-262
-173
-454
-911
-707
-624
-786
-568
-790
-879
-1206
-797
-528
-837
-486
-657
-660
-570
-303
-477
-1127
-768
-679
-380
-651
-840
-784
-921
-309
-836
-590
-910
-756
-389
-545
-1117
-555
-333
-536
-757
-701
-710
-372
-901
-1068
-163
-897
-530
-426
-331
-335
-530
-1037
-729
-729
-599
-491
-617
-794
-539
-61
-761
-149
-1414
-560
-14
-401
-562
-797
-555
-641
-631
-830
-488
-684
-630
-329
-463
-613
-512
146
-558
-261
-602
-784
-928
-797
-809
-675
-381
-816
-618
-201
-444
-842
-640
-337
25
-495
-980
-857
-1041
-602
-355
-1178
-873
-899
-618
-607
-978
-786
-901
-392
-12
-351
-707
-762
-460
-1234
-1325
-405
-707
-1090
-861
-759
-487
-1012
-1062
-724
-424
-601
-833
-459
-671
-655
-189
-915
-293
-568
-450
-889
-878
-363
-396
-341
-153
217
219
-351
68
37
-73
189
101
164
49
-75
176
-32
-133
23
-8
276
103
323
197
226
204
338
103
300
161
318
199
199
197
152
340
217
-120
149
197
186
164
210
210
199
148
163
151
152
74
-189
155
208
293
188
77
179
324
226
88
197
117
340
262
271
318
192
280
275
99
210
192
255
204
255
313
164
277
210
105
324
226
-71
83
170
213
163
136
244
210
262
291
14
255
324
150
175
244
192
49
269
182
210
219
210
277
179
213
340
324
186
255
271
18
145
291
195
-1
182
166
210
340
302
67
293
105
163
219
188
159
313
204
133
202
207
163
349
129
189
313
228
163
302
176
277
-5
244
143
297
157
42
324
157
324
255
179
324
244
340
324
210
166
192
135
102
124
188
166
210
266
210
179
324
271
223
210
201
68
65
340
269
58
141
324
324
250
297
262
179
324
293
36
293
271
250
209
322
271
163
179
163
215
156
255
302
349
163
231
324
324
123
312
148
141
255
244
349
142
210
302
163
105
240
141
228
219
176
278
217
105
217
159
173
226
172
133
197
235
105
197
67
123
34
189
175
165
157
285
274
425
285
301
251
252
340
321
165
162
293
220
-72946
-48173
-43319
-90229
-92987
-100692
-74503
-63666
-96589
-88186
-104456
-85444
-87283
-100046
-28693
-32961
-40778
-56765
-46160
-66152
-54546
-65415
-75879
-70456
-73456
-48585
-97241
-83542
-70647
-87572
-72649
-72938
-68448
-106675
-37277
-73281
-80549
-58801
-52826
-76246
-109947
-78510
-33775
-86877
-56873
-51152
-79552
-52446
-46012
-114653
-132230
-52569
-63846
-99788
-117448
-75730
-58930
-66817
-52729
-88304
-97994
-31208
-41885
-80088
-58117
-97217
-100642
-92940
-61075
-35692
-40115
-83666
-51465
-46902
-36658
-52110
-48674
-74072
-105441
-73702
-44755
-67149
-70688
-64344
-28034
-97757
-112367
-60014
-30265
-72227
-85925
-69190
-145300
-95854
-68083
-89177
-42385
-63205
-35458
-91822
-116839
-77205
-60706
-67104
-85045
-120862
-64948
-82189
-71761
-43721
-72675
-84705
-56893
-104568
-64590
-52833
-80196
-45211
-63071
-115939
-43602
-99716
-95621
-73522
-129514
-95705
-38194
-70222
-50033
-80143
-31166
-21773
-44282
-56029
-56048
-86196
-73447
-60178
-117422
-75307
-60339
-44700
-66213
-89219
-39721
-59726
-78266
-57095
-46015
-75855
-21541
-80261
-92063
-91489
-74865
-76192
-56846
-68622
-73545
-61641
-58259
-63235
-17112
-65637
-103956
-33498
-72686
-88173
-58967
-44152
-79413
-104173
-86576
-49579
-47833
-82231
17573
-27589
-44478
-52740
-86141
-103911
-84580
-69239
-76179
-79323
-115393
-65673
-50267
-78018
-73874
-76183
-39886
-103793
-76194
-44902
-89602
-82922
-55808
-76830
-82227
-101605
-94651
-68802
-61971
-68476
-42751
-55151
-97507
-74583
-39963
-67950
-55877
-47228
-66050
-73093
-57778
-41467
-95665
-121089
-72356
-52895
-70126
-85263
-35116
-68598
-75335
-81238
-65126
-65798
-62988
-35766
-84629
-118484
-111030
-91863
-71006
-71097
-91312
-105293
92
-37306
-42765
-16981
-4570
-18368
-20498
-10388
-10377
-17168
-22272
-8237
-31054
-74937
12483
-13157
5077
-13972
-6400
-6535
-30261
-30246
8380
10111
-11694
-23116
-39190
12037
-17941
-30500
14896
10122
-32602
3393
4902
-23588
3318
-28065
-37580
-1343
-10930
3453
-19679
-18356
6478
-22715
-3367
-7777
-19368
-14756
-21136
-19272
-57589
-13951
17990
-2312
-38322
-40823
-27330
-39706
-16397
29915
4115
-4753
-48387
11523
-26600
16011
-12017
-10739
-67798
-3778
1167
-12610
18615
-28555
-28018
-52434
-7489
17055
-24554
-26159
-17260
-13221
-41711
-9426
33572
-48405
-46873
10709
3445
-20745
-16390
36383
-20791
-29378
-25987
-18427
-31003
-23568
15491
-24439
-41808
-2949
-10765
288
-20555
-17273
-3987
-53745
-41183
27200
-51898
13495
30033
-26186
-33109
-17597
-9654
18430
-14812
-51075
18713
-55776
-35367
2390
7679
-24884
-21640
-29196
440
-15517
-48283
-26467
-6534
-5371
557
-22024
-38370
-11916
-20245
-14359
-42444
-2864
-23952
-41197
-9670
9963
-10237
23147
-20151
-70681
15276
-26773
-19766
-18771
-51778
40318
31313
-20101
-41064
19938
-23393
-45133
16700
-12434
-19335
-7142
-17031
-35976
-36306
-8623
20347
-40506
-31882
5269
-26579
-7785
19800
-11593
-34563
-27017
-8039
3662
-57337
-6157
-2720
15113
-44168
2700
-23350
-30081
-24251
22810
11168
-33335
-8851
-9514
-76463
-6397
10383
-26388
-14952
-36209
-14338
8910
-6780
-12716
-7816
-1847
-58461
-7824
5793
-38766
523
-1636
-9263
-41998
-30108
2281
-28021
-30451
-17182
18360
-19111
-52036
-19779
-6044
-28156
-26712
-43149
-21706
-11271
10137
-23486
-4601
2190
-37440
-17607
-7930
-31577
302
-11720
-4106
-26161
8601
21616
-27549
-28518
1015
-55126
-30585
-382
26529
-5865
-50228
-33499
25362
6246
-38469
-2224
-10533
-2909
-2798
-22268
-37929
-946
1786
19849
-31793
-10899
27996
-71645
-54821
-69831
-78904
-48821
-70035
-80741
-82785
-66239
-54827
-59332
-63085
-62166
-71344
-63869
-54504
-18130
-24359
-38931
-54543
-50224
-32015
-7015
-57088
-56901
-73556
-34237
-54023
-43631
-25051
-39193
-27744
-72297
-62719
-47841
8287
14602
-42394
-56796
-38698
-10743
-27694
1407
3061
-29779
-25728
-44182
-48196
-51555
-47734
-58887
-64042
-63557
-53225
-42072
-71476
-55156
-58379
-53008
-54644
-27001
3986
-35304
-1582
-72867
-62373
-49372
-20755
-30654
-52174
-52657
10465
2168
-24252
-48973
-23141
-44810
-66049
-53379
-15528
-55957
-21407
-5475
-14507
-22508
6886
-23431
-35776
-38761
-41112
-1056
-31595
-67074
-42509
-49051
-53288
-21471
-24363
-24769
-21462
-55425
-73497
-66244
-62392
-36091
-77086
-87618
-60676
-59131
-34401
-13342
-24863
-38852
-26065
-17257
-40424
-63803
-15498
-2201
-37076
-60697
-17349
-15519
-15353
-18193
-27507
-6548
-19685
-28846
-4970
-39865
-47471
-9988
-10943
-48549
-55772
-30983
-24689
-40417
-40194
-20507
-40445
-52909
-58825
-50924
-39593
-6233
-16682
-25819
2477
-59963
-19082
-1502
-35228
-55635
-40351
-19423
-7859
-22979
-26299
-55133
-42010
-42990
-53691
-65536
-37505
-46745
-33720
-49417
-53661
-43655
-25359
-39941
-78327
-40021
-7689
-2994
20089
-27125
-38882
-49498
-21296
-36477
-49427
-47009
-50599
-42822
-30079
-48573
-52322
-51153
-47471
-29418
-25979
-47762
-68420
-42507
-61059
-80805
-48228
-39393
-22445
-51644
-62257
-38877
-33229
-52373
-17736
-86182
-80548
-47065
-17757
-27844
-13265
14441
6776
-39470
-46573
-25189
-42728
-52464
-35768
-28134
-27751
-36596
-13760
-18907
-21533
-31319
-65382
-61703
-45930
-28536
-40245
-56376
-49291
-54336
-74964
-57419
-49160
-2477
-20180
-25448
-15599
-9963
-5254
11410
3253
5827
-9758
-13181
473
-1719
-10426
-41119
-3239
22308
-14666
-9211
74716
-574
49721
-25316
39270
15078
19597
24430
14281
5340
33651
-21678
44465
29703
16851
29618
16593
30241
37677
1117
21669
38470
38369
39217
11800
37728
-25530
27051
16684
52743
-7119
34548
8683
23799
7007
48621
35079
23604
27515
12840
51400
41393
14546
12061
17012
50317
32760
30429
3771
44919
32856
22358
13538
33456
1686
20559
53675
31950
-17562
63285
7896
66962
31652
37090
23507
18887
6329
33658
35100
6865
27867
18543
24427
10141
55398
28924
10203
44161
-2130
7265
22360
23412
27694
18521
6692
27246
60492
3324
39056
49466
4213
-38
45128
52452
-6396
7911
4869
50361
21385
21931
10080
18108
26573
33557
17070
30044
13096
30540
12060
34084
19946
-21331
14669
59588
3571
31012
32429
22255
38385
-12077
29070
3452
89
-11699
45264
40864
-6513
20897
51963
10279
-16393
67812
31908
4846
33609
30959
26345
28735
-7929
36805
34942
49621
20409
31142
9853
50094
12834
22234
32456
15806
28236
46637
15018
44653
28371
48047
15564
43416
-13531
-2786
44236
37036
22482
31037
283
23572
50924
23678
25556
-2195
29747
41472
36045
8091
-6647
25539
32205
17015
33501
51856
21938
46887
20803
45652
9016
29842
37682
19080
31502
36439
30883
22605
18456
31877
24250
26764
20197
7621
22587
6345
24442
21558
29958
48565
18585
43871
27137
4399
27059
12940
28124
26961
28173
36281
23405
58903
-8222
30365
15187
21722
51903
35953
-2754
28992
24582
17210
17214
12057
44381
16225
23722
26822
16762
-14921
36526
29722
12306
31514
-766
14918
7230
16507
9499
-289
-4966
29335
16108
23663
-1585
24534
6178
-491
5569
33859
-4302
22851
15611
55063
69310
51220
33003
51736
46981
80271
68560
77534
66460
27347
-9069
36394
47204
10456
-3134
-6791
-6005
27508
24624
6917
-1311
10815
29451
18201
13803
28226
21920
37971
47360
4239
6409
48189
37262
15927
-6192
31094
17388
-23590
36505
28534
14007
32406
-17056
29564
44663
84933
12644
26386
12050
66597
31301
5498
18732
-7194
4850
-4357
14306
-1923
7206
16476
6843
-6546
22986
27661
7848
-39077
-6915
22494
-647
-1281
-7821
13866
35406
21989
7107
14542
-8322
5906
9057
-14642
35811
80585
18322
-9998
9705
28976
21574
62414
23849
31346
26779
38146
43850
-17274
27737
81964
45318
-24
-14846
28408
64291
10687
55577
8482
5577
-8720
-4130
15036
53808
50586
25652
7941
-23125
23256
76385
11963
-980
45804
18058
63001
37513
22047
20956
27073
45775
23744
-5319
-39449
-1203
826
23798
13782
31392
85419
45953
27523
12470
19480
5766
34315
-2720
9459
23342
6322
50621
-6742
-15121
20919
40065
-3794
8334
-32922
22718
27980
-5942
13719
12492
-33429
3105
32211
2582
48002
34826
44269
-8628
9999
-1837
45078
1151
-38624
5876
-25245
-6490
21895
14869
-3165
31998
53224
32489
-3180
23875
47585
34983
15123
4890
14897
-1457
33705
73375
61599
11748
9905
30466
-21305
-13698
13776
29918
32276
-1428
4080
7403
-9162
-30618
69908
26805
-294
11469
23051
-5498
16678
53107
42766
10131
35591
72568
16673
-15758
712
13592
9622
-1445
31984
30040
26612
19169
-14660
-53226
9520
38994
56825
32784
32125
10628
18101
22142
-15214
-1531
-19372
-27882
-18559
-23931
-18351
-5012
-17237
2727
-32173
-43326
-25553
24176
-34762
-61398
-18649
-30286
-33723
-28547
-57448
12350
-31490
-12479
-53506
-53582
17366
-48733
-10576
3981
-29128
-3863
-25383
-57496
-91630
1576
-33152
-39974
-73587
-25181
-26114
-24576
-22445
-11871
-37594
-53977
-50691
-44332
-14896
-80223
-41631
-109908
-38699
-40974
-61104
-116287
-73571
-99656
-41213
-39237
-20746
-48879
-42310
8150
-40306
-63017
-31617
-39202
-32334
-108445
-46952
-19460
-39149
-36954
-73783
-38707
-76201
-60291
-28463
-36684
-43190
-83411
-24181
-56896
-34721
-13474
-52919
-65548
-42323
-51705
-28137
-42446
-17178
-64659
-94118
-15057
-45781
-92893
-22166
-51462
-45131
-121339
-46434
-65043
-49382
-75935
-131594
-43747
-113288
-76735
4137
-8191
1559
-60794
-50449
-59957
-30762
-44825
-20658
-65582
-69980
-20569
-33676
-38285
-40905
-23048
-89925
-3023
-19299
-40900
-65160
-54647
-10676
-82804
-30380
-82247
-59797
-61273
-70476
-52429
-58494
-86499
-31803
-27628
-20433
-23169
3905
-58112
-40963
-41843
-49214
-24747
-53513
9757
-61818
-12862
-22431
-10982
-28798
-25706
-11428
-72278
-73301
-62992
-26703
-102537
-49699
-69799
-68217
-57556
-37305
-33085
-65166
-86681
-42426
-4009
-39223
-28356
-47421
-33198
-39424
-18358
-61706
-43377
-27082
-73102
-57243
-93282
-44765
-66546
-62163
-25388
-25723
-40675
-66391
-95747
-48699
-78282
-56912
-55122
-69894
-46455
-82380
-46024
-74845
-70652
-55049
-14137
-32932
-84048
-71191
-42002
-66432
-15144
-29978
-64969
-59530
-82256
-14512
-78787
-60835
-69193
-38047
-26916
-22698
-17495
-41137
-49336
-47850
-94101
-60742
-46989
-32060
-36516
-63795
-103711
-65719
-101385
-71762
-15899
-26044
-61465
-30930
-61002
-49517
-26496
-44660
-41849
-47688
-74929
-15237
-71150
-34435
-58380
-92530
-8775
-12948
-21145
-2252
10637
-14836
-34503
-17478
-21285
-2938
-2549
4432
-13071
-32581
-18854
-270
-5997
-8531
43094
29589
36180
43341
3043
62325
30595
52244
27491
43059
35295
30579
20105
27784
5391
41885
-4180
31210
7682
79898
-3128
15250
-16612
63817
17905
1261
39690
-1896
15267
40229
4965
-21413
66376
47190
54009
2421
32381
41167
56621
15381
32239
16413
20088
2594
31994
-5809
47301
21334
48518
11517
86657
8244
50063
-5954
60092
58335
47134
30723
20469
19193
15019
15864
2553
2791
18778
35199
16891
9918
32106
51634
31557
-19550
14485
27265
69506
48415
37189
43189
33306
22837
53755
6213
41089
34663
47574
13791
8808
67900
40284
52667
12203
18224
35517
61647
9028
14832
24114
23916
51438
18892
12969
26199
66862
8169
47181
62700
30806
97098
-200
22076
-2023
-1780
42825
13895
18406
-4599
71273
35502
30460
31778
62362
20292
39399
117
35590
48574
3574
8649
-15719
24724
11631
10201
45172
-19163
15778
78839
31173
45947
-13186
35546
11640
20048
23336
-8056
18504
-2299
53909
23797
35128
17368
60291
9140
-22940
10760
11519
27871
2207
-4530
22042
-15158
26053
41584
31493
12860
61890
50995
33024
30803
54047
7520
61622
2519
47944
52142
17429
5727
34969
36849
18395
65351
47717
21906
682
35543
44636
80365
12192
43052
65243
26597
19982
36493
15887
12161
55089
48853
-6962
21534
77468
20865
27921
16094
39382
40065
26431
33403
34126
4546
32089
44367
48035
29153
45848
43327
12876
43171
58423
47287
46331
19642
55010
55321
32123
10936
30804
28167
9698
26694
4406
14299
23969
14210
31072
-6628
47563
34642
87972
34382
-3342
-9507
-14834
-13731
30536
-8941
10045
38181
4606
27629
-13011
-8622
4484
292
-7651
32143
34733
3127
-14881
2415
1660
3710
11611
-11837
-11214
-7092
7056
5548
-14490
6115
-16549
-35859
-2405
46729
-54700
5765
2324
31738
23639
-12248
-364
20092
-5810
9987
28233
14039
-1321
-11417
-22034
19765
16478
17711
8380
8513
13515
6670
24524
-1553
11840
7018
27023
25485
-16016
-14504
-19032
69613
-25124
-25959
6075
15529
10202
-2935
5347
20744
-14972
-22875
30625
1553
32967
16526
-45296
47743
3941
10751
-13405
32929
9140
20946
6957
5591
1421
-1690
47279
-13752
-15448
21859
-32532
70899
-9326
-13825
11119
32716
25839
-9480
-41839
40241
20915
12547
2333
-16233
20293
5871
-54631
57723
-27106
-3769
3743
2703
-14362
29651
-8027
-17915
22583
-21695
39712
52944
-51910
14196
-15416
52618
10536
-10737
-235
18363
37512
35877
-23348
2762
33699
2255
25677
-18137
-10117
19074
-34459
31502
-20544
16605
29680
4559
-15766
19019
19574
36052
21820
-6266
-9526
33212
-25917
-4072
-9641
39582
-19949
7244
54070
-23477
12762
34333
7911
-14890
19510
19678
13322
13993
7328
24828
-23796
28376
-13493
2047
-901
-5178
39938
37160
-25655
7623
41804
-6970
1838
-25018
5076
30282
-21178
41030
8890
391
19676
240
3735
34350
-10802
12691
28794
27561
-29225
12961
13445
-33360
-29507
23419
-10381
13743
22752
-5639
-21773
15824
44035
-4618
-1327
13420
-8803
13341
7675
7079
-20524
22307
7466
19516
30168
18378
24180
8125
-476
21423
21974
29905
-15909
-29280
4765
25271
-34818
66461
-13495
-6767
2283
17702
-30257
-17304
29955
40680
16901
8106
3177
4481
-8148
-25055
-38220
52385
-24652
-552
28016
18674
19591
8273
-14032
30665
25860
19331
3875
9549
4569
18210
-17882
118
550
63
927
526
270
147
525
417
628
296
500
522
216
427
5
-730
417
292
-156
-342
105
437
-53
118
-39
91
62
-279
-86
386
-254
-160
-241
-123
292
230
-11
365
156
179
122
219
-364
-73
853
352
-381
-711
121
1
-93
-258
211
-141
357
180
41
266
-138
-137
-216
-67
-294
-136
105
-2
-387
-182
-180
244
-118
3
257
-90
-103
90
186
397
-117
-529
364
89
-116
102
-370
360
1
-348
119
13
-98
157
-300
-220
251
-649
16
-335
-327
-1
-84
452
109
-333
-142
140
-51
148
-314
321
-316
-381
150
390
-16
110
-75
-80
-245
134
191
-357
-6
39
-6
-35
-236
-591
-240
-12
208
-454
108
-293
612
-8
-350
-9
237
352
-197
-129
-101
-643
464
-311
-105
-27
45
221
133
-501
152
718
-390
-117
-223
315
-270
106
811
115
-115
153
-207
-17
119
-294
185
-115
149
-53
142
215
-163
-515
489
58
231
17
-325
-91
-144
26
-385
263
-25
-12
-57
267
-120
-288
27
69
382
159
-68
310
57
-19
230
-67
168
-170
-141
531
-65
-250
-11
-69
-140
81
271
-376
-244
-120
130
-107
122
230
75
-11
-406
-729
190
71
-368
347
403
198
187
11
185
406
355
28
178
490
84
-785
83
-366
-975
-466
-440
-484
-791
-465
-366
-541
-210
-432
-858
155
-26
357
241
29
-209
236
201
252
-566
73
-13
62
-112
187
95
-4
-383
19
817
413
0
698
201
904
42
544
240
57
673
1057
842
314
52
371
509
234
359
586
343
509
361
369
545
71
655
348
894
437
248
159
679
81
393
240
740
397
46
715
958
-49
299
637
524
173
365
447
432
130
231
8
603
568
183
407
522
-195
92
505
66
-80
882
324
964
28
616
358
707
403
36
528
427
316
79
596
721
784
424
291
660
-69
49
31
744
567
410
184
215
63
565
619
182
76
148
251
642
91
442
539
364
202
904
137
220
581
99
550
97
216
444
398
1059
328
355
203
325
285
910
163
187
609
76
628
248
377
213
196
877
92
178
91
294
348
389
118
600
472
353
267
527
258
268
872
235
328
132
160
549
530
370
172
124
429
158
64
54
367
462
303
649
-78
369
255
515
291
114
422
-16
666
328
541
16
455
673
153
89
220
340
164
268
95
227
358
251
488
628
136
295
662
226
516
739
234
-73
759
848
321
503
866
168
283
425
61
552
135
264
421
1124
-75
546
1085
333
-117
826
446
355
813
1376
423
579
353
1003
414
625
-89
456
447
592
851
690
699
807
362
751
358
574
567
323
703
206
422
374
461
543
735
524
1059
506
884
559
364
347
388
102
791
806
863
1065
1046
802
942
1253
972
865
812
1369
1123
1453
921
543
819
1067
1524
868
692
816
1012
1557
928
1379
692
960
1093
846
961
34
1228
1222
965
618
1411
1295
1090
1140
1324
933
710
1143
621
603
983
147
999
1337
1097
1284
897
1008
1067
874
910
746
748
809
630
764
916
235
1187
780
556
1235
1342
1270
1115
437
877
1148
1112
1258
1216
840
1247
346
718
558
880
756
868
864
770
1205
589
1205
732
1219
1212
678
928
114
1160
987
982
1157
1121
1496
780
1241
726
943
1713
942
1374
710
864
476
952
735
971
1133
757
883
1038
1639
1099
1141
1492
803
1042
922
1110
168
1100
1040
1089
1415
528
906
931
665
956
1037
1002
1206
1253
1110
1317
389
995
794
527
855
952
968
1338
699
1398
1012
1464
524
695
722
963
595
362
401
810
1119
1249
1430
1164
1133
993
1181
1002
892
1254
1052
937
23
1468
767
1436
888
781
819
1061
1100
1122
751
862
1445
853
1384
1039
-160
896
1238
1063
1016
1633
1155
900
822
916
1198
1095
921
668
648
790
341
1482
1293
590
1729
1303
752
703
877
1055
1265
1030
1363
1221
1214
734
316
406
162
583
776
536
734
122
-10
167
447
551
647
616
448
685
4
-371
-789
-358
-869
-603
-711
-454
-696
-431
-693
-375
-859
-677
-1182
-567
-766
150
-980
-589
-818
-607
-858
25
-1178
-770
-1009
-798
-633
-1221
-565
-619
-1181
-926
-873
-1160
-820
-1358
-888
-717
-750
-677
-800
-815
-711
-935
-178
-1565
-1231
-41
-272
-1255
-1153
-1032
-615
-1068
-719
-667
-1374
-1084
-634
-1097
-407
-926
-958
-301
-907
-421
-872
-1323
-987
-858
-465
-905
-637
-986
-1137
-885
-614
-1264
-909
-591
-737
-1276
-510
-810
-392
-588
-1205
-988
-825
-836
-1068
-502
-1191
-919
-1316
-317
-525
-1167
-829
-651
-1177
-695
-1022
-874
-1009
-1065
-1048
-754
-1448
-492
-967
-44
-739
-588
-1247
-1405
-805
-453
-845
-1097
-1097
-610
-575
-1119
-1172
-1309
-829
-37
-870
-855
-965
-1109
-233
-1007
-583
-638
-1024
-448
-1119
-1043
-715
-1239
-1278
-89
-620
-1073
-757
-553
-958
-1140
-415
-868
-1050
-887
-1038
-615
-277
-806
-1020
-606
-497
-1112
-603
-1106
-1154
-1034
-905
-1060
-1078
-497
-758
-1180
-1083
-953
-830
-621
-125
-738
-967
-827
-457
-693
-949
-1111
-794
-319
-1285
-590
-897
-1107
-984
29
-41
-1113
-839
-1159
-1302
-779
-425
-929
-911
-1378
-870
-543
-928
-744
-947
-432
-1140
-863
-558
-1167
-673
-667
-989
-744
-952
-1057
-671
-1230
-1414
-563
-647
-286
-475
-855
-922
-1051
-1192
-863
-1246
-398
-802
-1310
-933
-994
-1232
-977
-1128
-520
-73
-907
-936
-468
-530
-342
-489
-633
-822
-1136
-254
-439
-895
-697
-903
375
-114
107
523
185
391
-264
261
-188
487
289
193
630
-135
-252
59
396
117
443
77
338
198
747
644
458
349
247
919
722
164
822
347
276
304
876
765
669
265
616
421
134
874
767
538
278
772
641
64
162
560
634
228
631
923
1186
494
761
658
624
853
976
389
203
85
361
515
431
773
836
360
612
998
779
164
520
397
376
722
162
755
619
652
366
648
229
782
875
482
252
250
977
469
742
987
463
766
435
314
698
314
956
428
579
365
784
998
561
376
448
316
357
586
195
401
248
1187
326
542
341
481
605
55
658
898
241
903
-30
730
983
693
309
541
761
727
904
265
850
230
1140
413
711
205
604
424
345
487
255
407
232
710
517
943
552
697
297
687
213
591
690
232
302
815
698
652
640
224
640
357
775
255
636
554
314
875
221
449
453
180
293
532
390
834
582
755
185
505
609
644
354
752
491
709
235
538
789
645
576
821
-118
451
663
827
269
591
655
614
420
279
367
675
343
249
147
650
1152
642
263
458
202
663
874
519
367
491
421
795
765
688
866
355
513
458
759
1128
524
592
663
444
823
917
-70
161
205
-36
117
-47
71
508
299
324
35
109
282
377
-326
485
253
-103
-74
-110
65
-156
171
145
446
-85
-269
308
-20
120
213
59
882
-61
63
62
-108
-74
-257
264
-52
318
-279
351
340
-232
-180
-110
446
32
429
-170
220
-40
-189
171
-226
317
-93
-5
-387
-368
506
-587
560
-437
453
153
49
52
161
-647
366
253
-99
165
-186
-484
72
-565
765
-334
-278
318
169
-192
13
-162
-235
-629
117
262
-231
178
301
-618
826
-309
23
-31
-54
-82
57
-113
-251
-86
63
33
88
223
57
-415
552
-203
402
113
251
96
-444
295
205
45
227
-47
196
142
-371
-25
473
-580
229
402
-19
-351
-59
453
-225
-122
130
196
75
225
18
-175
936
-144
22
262
-177
-227
657
-261
-54
83
81
175
-332
-88
201
-260
709
125
244
75
-232
152
417
-666
250
27
38
216
-240
-241
-144
-338
682
-122
391
-1
164
1
21
159
-58
-238
-47
-306
640
-60
-152
-499
422
-784
299
292
-135
15
-82
15
110
40
-17
135
-183
123
227
-729
392
-23
118
-89
253
203
-377
-118
121
-8
178
25
93
-152
-440
-559
793
-6
-105
-37
135
201
-182
10
-363
34
-62
401
500
36
-556
-449
586
-304
-242
123
-222
233
-54
103
-617
311
19
-480
-220
63
455
-471
308
-414
618
295
-53
-38
409
265
-19
26
401
-165
240
352
-108
-211
592
72
-297
238
24
105
-56
-137
-373
-78
-105
307
-493
-205
-110
-198
-200
-248
254
154
608
-337
64
109
119
279
-203
-29
199
-983
29
-41
517
-334
-31
-10
345
-201
-59
-177
94
-192
301
6
-504
125
606
-376
-145
-31
-205
-75
-602
-411
122
266
74
151
-123
-290
-86
-20
382
-353
101
-31
146
-68
78
-54
-24
-213
203
291
219
110
-260
-258
-169
-210
98
-231
214
32
170
-670
-203
36
-567
-399
-34
-145
30
-44
-335
-261
316
-312
-76
-105
-281
-20
-239
319
-165
-641
191
-143
-210
-47
-259
-113
265
-266
94
125
-62
-121
-220
-113
88
303
-313
242
-533
-273
-40
-609
223
-32
-283
207
-3
-61
-185
15
-40
-207
-211
-241
212
156
-255
-422
-241
-287
-245
67
-359
-179
408
-28
-109
-240
-6
-243
-49
-408
428
-45
157
332
515
-290
130
76
-384
-195
-554
75
-185
-15
24
16
-271
-401
379
-473
535
20
295
-221
-259
304
203
-528
-270
13
70
118
176
-291
-85
-628
204
257
-27
-47
310
98
296
-2
77
-265
-391
118
129
6
152
-114
334
-128
-103
-141
-297
225
-282
455
-112
-348
148
201
-3
-691
-37
-418
-15
-143
-232
-16
-460
353
34
367
-240
201
424
1
-324
-267
-18
16
154
-236
-228
-47
565
242
-140
30
-234
-138
-155
128
-223
-91
-79
98
516
480
540
261
-213
327
159
529
296
148
-88
190
137
37
101
526
856
1141
644
1084
632
674
1166
263
1176
784
340
682
451
382
519
888
894
814
531
599
995
495
872
881
899
1022
778
830
670
442
451
151
975
969
817
927
322
648
704
774
700
781
767
1425
568
445
290
818
844
729
1109
1045
737
896
1265
647
624
555
1142
-218
804
536
374
166
1186
1163
597
1090
-122
989
1038
828
622
763
668
904
729
562
396
114
784
741
393
805
714
467
706
600
673
629
1201
550
650
378
262
571
569
1044
733
828
593
446
737
921
931
574
523
652
731
655
-39
-16
1095
722
611
620
1309
606
382
595
389
863
1062
713
650
835
256
99
919
64
652
1225
721
455
506
868
862
911
745
1000
1032
341
656
137
801
896
858
805
482
831
1275
674
521
594
770
1066
759
577
239
380
791
1252
711
900
963
615
303
953
784
873
609
552
808
522
447
342
1221
563
643
852
525
876
500
982
960
850
850
1043
978
246
338
943
367
1093
1375
724
750
560
1035
924
730
260
840
567
394
481
309
216
585
865
853
594
576
1383
914
661
561
963
660
515
566
459
442
16
451
588
619
441
321
354
854
341
250
149
423
620
676
112
-493
-414
-482
-768
-617
-535
-284
-526
-179
-901
-419
-451
-394
-598
-620
-304
-78
-342
-2
-464
-421
-467
-464
-107
-563
160
-391
-551
-423
-142
-213
217
165
622
-129
189
-133
214
-820
-316
-144
-499
-102
421
-286
-296
-666
-41
-113
-185
-287
-27
-362
-104
-154
-601
-110
-201
-143
-684
-150
-246
-197
619
162
-224
539
-212
119
-237
-481
70
-80
-351
-244
74
-28
-6
203
185
292
-243
-254
-54
-221
-21
365
76
-83
111
483
81
179
-58
407
-208
-136
-414
-357
-472
35
9
-295
-246
-54
-177
-352
-221
-118
45
-536
-105
203
-562
-41
-100
0
-474
-97
62
255
138
248
-197
-242
149
-427
-17
184
-77
-80
-334
-303
-193
373
-354
343
-198
207
-321
-56
-338
23
-79
164
-384
271
382
-288
-392
-463
-269
-177
-538
-380
149
-130
18
-74
273
-120
-617
-194
-351
122
26
245
-553
289
-347
215
-552
-90
-400
-101
181
137
-382
-209
60
208
-335
-325
-63
-91
-12
-535
293
392
-110
-347
32
183
-82
-74
-176
-424
161
3
395
-87
-253
-184
-207
-380
-168
31
-609
180
-474
-131
-323
249
687
-75
-201
49
-181
-341
-95
-20
141
-478
492
308
109
-118
224
28
-390
-239
-310
-11
1
-338
-263
565
-96
48
-160
304
-35
37
108
123
162
35
290
210
-94
-3
180
58
49
-162
143
-440
-229
-438
-294
352
16
-222
-3
-60
-260
-384
-132
-272
-354
167
83
-295
-289
-557
-188
-1213
-234
-497
-262
-637
-343
-387
-604
-373
-657
-183
573
-553
284
284
-229
-361
-64
-10
-215
1
-62
343
12
-351
-318
99
314
-507
-148
229
-279
-79
-650
-265
46
198
253
10
-642
-432
110
563
128
-612
26
-91
257
12
-168
-410
-219
-461
-341
-400
-18
-494
195
430
154
-639
22
191
-605
-262
-349
299
82
-575
197
279
168
46
540
-141
39
-837
39
-193
290
-76
-122
93
-368
22
119
244
-119
-62
-203
-616
559
-448
23
241
67
186
-233
132
286
27
41
-236
-296
-476
-13
236
420
-252
588
-294
-449
-40
428
592
52
93
-301
-627
-288
-195
273
237
191
-479
51
30
261
-48
-55
-603
97
-239
-324
601
-117
-195
654
335
252
-355
141
236
-188
-308
-124
109
-201
-295
3
174
-82
-40
121
6
661
-551
-323
301
95
-111
83
-122
-112
137
198
-498
-139
-17
-221
93
387
-679
188
-21
0
219
117
124
-107
229
168
86
-284
-177
-20
330
221
-380
57
-296
-454
-164
-80
438
-170
-271
-557
-249
-421
17
-258
-257
506
-544
60
126
26
31
-201
-471
-629
14
-66
107
389
-63
74
108
574
-408
-90
78
137
492
384
-143
128
262
243
240
280
132
186
590
562
-130
917
658
537
468
313
840
274
598
421
847
354
900
381
910
855
-207
173
300
336
277
218
279
289
481
332
807
54
531
447
320
273
-239
575
285
291
-24
907
57
767
115
-232
504
416
299
536
84
606
220
153
129
462
261
454
232
209
634
333
757
10
93
250
197
354
74
-99
502
304
375
145
40
676
-63
-79
416
356
228
805
309
496
-96
136
61
324
253
104
357
1
114
-117
332
-34
-355
136
793
65
-303
613
446
223
139
409
17
280
501
535
-87
478
352
115
-567
121
-125
-192
706
5
112
400
363
9
-57
380
-161
56
569
1068
-83
151
-109
126
164
-193
34
776
395
107
471
322
406
118
630
881
147
266
-677
-88
1151
117
99
755
48
663
721
309
20
555
78
571
455
647
-463
151
274
407
349
568
214
25
726
-368
609
145
551
404
27
269
-397
466
350
259
194
514
906
-109
431
535
269
490
588
719
76
648
27
-18
49
50
41
-8
64
-172
414
508
309
264
-70
187
-79
28
73
-195
243
209
362
272
77
-72
101
879
474
464
-66
406
-97
453
-318
45
-394
170
494
312
124
158
99
-56
-75
-29
-67
114
276
-72
-349
-414
-100
237
115
298
129
-185
-8
-383
13
90
-200
-57
62
356
-52
-185
-595
-425
-877
-888
-825
-940
-601
-457
-588
-505
-654
-318
-496
-861
-689
-1734
-1416
-651
-1161
-1348
-1587
-1257
-791
-853
-1498
-1278
-985
-1102
-1496
-846
-343
-1425
-962
-1051
-982
-1121
-1340
-876
-862
-987
-1299
-826
-760
-1140
-1013
-738
-777
-1018
-1100
-889
-777
-969
-274
-619
-996
-686
-1008
-974
-1086
-528
-778
-879
-773
-855
-1031
-517
-593
-1201
-804
-944
-1044
-676
-1364
-1184
-932
-1379
-1713
-944
-717
-1157
-903
-742
-731
-1447
-565
-875
-981
-1287
-1180
-1389
-917
-858
-707
-737
-447
-1229
-1427
-1050
-962
-879
-1062
-738
-425
-972
-832
-1056
-885
-845
-1006
-707
-388
-871
-714
-749
-562
-547
-792
-1051
-588
-800
-1249
-834
-944
-1004
-713
-556
-449
-902
-1158
-1038
-691
-979
-852
-519
-1300
-1231
-898
-459
-654
-835
-820
-548
-593
-1137
-1327
-388
-900
-1169
-984
-985
-833
-604
-1187
-711
-562
-1714
-1367
-588
-242
-686
-1130
-1147
-810
-879
-801
-944
-1257
-781
-852
-1053
-696
-1058
-1556
-1306
-566
-933
-1255
-1131
-1264
-1588
-750
-620
-312
-1056
-1101
-481
-988
-1343
-953
-1100
-421
-1440
-1235
-977
-1181
-638
-641
-1241
-933
-1162
-823
-674
-771
-1089
-536
-905
-644
-1181
-521
-689
-1156
-940
-949
-772
-826
-1319
-728
-785
-822
-1332
-1166
-375
-665
-650
-816
-812
-908
-1087
-904
-1104
-1223
-1003
-1419
-969
-1143
-1300
-1127
-421
-518
-748
-409
-472
-465
-715
-737
-978
-787
-632
-672
-744
-784
-533
-477
-493
165
257
-228
-222
-100
225
-283
-168
60
-1
212
3
116
-228
-159
-72
-249
-56
33
7
-351
-734
-835
-405
-55
-393
-786
-248
-44
-713
-64
-76
-258
-503
72
93
-224
-103
-318
87
-283
-982
-273
302
-318
-220
-275
-568
-615
-325
-172
-235
-358
29
-354
-125
155
-381
-529
-181
-145
76
281
184
-405
-445
-59
-8
-240
-137
-786
-341
99
-362
-384
-203
-176
-535
-591
355
-276
51
124
20
-560
-543
254
135
-496
-85
-62
-255
214
242
-86
-321
91
-399
-779
-177
-455
81
23
-103
-45
176
-807
-125
-426
456
-9
-487
124
-333
-366
161
-156
-280
439
-80
403
292
-375
152
-405
-471
-227
42
-94
247
275
-40
-288
95
-119
41
-88
-194
-316
-291
223
325
48
-635
-62
-478
-324
-87
68
-91
-319
-243
-788
-157
-433
228
16
-52
176
107
-253
-341
371
-611
-531
-43
-284
-231
26
-584
-138
-140
129
-357
263
8
-67
-620
-659
-358
-117
11
-181
-586
81
-80
-191
-680
21
-307
-121
-56
-49
-724
-201
-476
-16
64
-211
159
4
-317
251
-220
-369
-414
-99
7
-149
-6
-125
-534
-167
28
2
-141
-66
-427
-75
-86
-172
-364
-188
-277
-381
159
-53
339
177
-207
-454
-611
122
68
194
-270
100
-347
511
299
0
35
-236
-280
-319
-74
-9
-346
1
22
-151
-454
-226
-98
-207
-202
93
-94
143
-299
-527
-405
-307
-189
-392
390
-414
-18
-287
26
-149
-130
2
-302
-834
-596
-292
182
-992
-408
-612
-361
-155
-536
-199
-496
-231
-166
-507
-732
-369
-292
-607
-752
-288
-574
-250
4
-180
-904
-359
-642
-70
-154
-405
-709
-451
-823
-334
-838
-461
-272
-769
-831
-540
-335
-681
-765
-780
-565
-435
-660
-826
-235
-728
-589
-366
-183
-582
-931
-330
-704
-565
-848
-328
-422
-880
-600
-440
-600
-316
-175
-724
-447
-510
-270
-488
-479
-926
-703
-829
-480
-662
-513
-755
-296
-357
-594
-683
-48
-511
-673
-789
-737
-995
-823
-777
-442
-500
150
-770
-708
-400
-495
-247
-633
-293
-733
-765
-489
-418
-956
-614
-651
-612
-482
-363
-954
-567
-151
-632
-195
-498
-501
-987
-362
-661
-1145
-452
-552
-439
-554
-212
-464
-803
-458
-250
-598
-225
-670
-499
-600
72
-984
-907
-558
-332
-392
-451
-582
-233
-600
-209
-102
-855
-537
-826
-791
-446
-1089
-674
-558
-543
-1227
151
-255
-970
-361
-753
-431
-131
-389
-569
-63
-814
-852
184
-509
-431
-517
-336
-966
-561
-306
-754
-975
-287
-669
-382
-661
-457
-493
-886
-297
-632
-595
-1080
-402
-252
-1140
-1018
-584
-440
-791
-476
-720
-300
-1415
-332
-541
-704
-835
-1216
-953
-1014
-998
-899
-1194
-1090
-1180
-747
-864
-990
-1351
-842
-487
-542
-661
-540
-943
-778
-508
-524
-877
-1047
-715
-293
-882
-608
-788
-604
-557
678
250
597
759
300
562
661
729
701
655
139
551
720
642
396
186
-156
74
-99
-753
-307
-378
41
-133
-319
28
171
15
56
117
492
607
-33
658
450
215
309
525
641
37
1
76
640
250
326
-88
-507
213
256
639
-55
-234
74
490
284
-191
184
442
88
299
21
-151
-22
274
256
297
-10
481
350
266
-167
-118
410
-66
-17
121
-44
628
576
607
283
551
74
-243
-136
1046
639
99
-174
75
258
440
480
-32
826
277
-402
267
-206
88
460
862
-505
473
106
213
372
-100
114
-293
78
-172
530
431
-41
358
-192
105
302
178
269
80
243
146
287
110
154
220
498
846
382
-174
-500
-133
552
93
-160
487
681
-126
224
-21
270
251
63
229
476
601
-144
-339
36
231
432
350
211
7
-108
103
507
556
295
699
322
118
328
110
-256
64
161
95
383
-54
208
-21
195
57
-126
85
54
426
187
467
763
174
254
-148
159
363
322
230
276
505
247
459
441
138
-366
363
47
-181
582
577
481
55
-125
670
-209
-96
467
713
121
-663
-106
259
-106
177
-362
38
473
218
-155
402
119
303
563
685
-164
-102
244
-83
-64
-159
-224
420
52
-119
-89
310
526
4
-233
-368
-444
-507
-459
-473
-228
-439
-666
-791
-529
-468
-490
-214
-653
-142
-177
-181
-107
75
145
322
94
277
-3
283
206
411
1
334
45
-70
-200
221
38
451
116
-365
-156
-107
236
-302
234
-474
47
-280
132
-488
18
219
-158
-548
-337
-1076
-562
-425
-361
-618
43
-36
-191
-385
50
-447
130
-292
-257
-150
48
-28
158
-224
-174
-335
71
-254
-410
-216
-386
-457
-154
-64
563
22
137
38
-346
150
211
-386
88
-453
-413
-978
-915
-548
-199
-546
-359
-375
320
-160
-288
-333
-418
-546
-397
138
-44
-90
267
-244
-45
-215
-523
-134
-275
-249
-266
-306
-371
-421
60
89
448
-540
-28
-636
-329
-277
104
-432
-290
117
-88
-387
549
179
173
-210
-266
-174
286
-575
309
-146
-366
-301
-146
-577
-201
-538
-435
-61
-546
-5
-110
386
28
-297
-47
-182
4
-233
153
-49
21
-198
86
-127
-510
-607
122
-489
-84
-405
185
-12
-480
-431
-196
20
168
409
-181
539
-120
180
-428
-35
278
-930
32
-31
136
-245
-483
-478
-665
-50
-320
-795
-167
36
-209
70
-225
-433
-97
-337
-779
-63
356
192
5
-156
-313
-236
168
-421
340
-390
-243
-641
-222
-154
-531
164
-415
-322
-437
-410
-872
-303
-338
-87
-101
-909
-120
-1002
517
-387
-273
-606
-259
-72
-107
-319
-553
-716
-622
-243
-25
-64
-386
-734
253
43
45
-154
141
251
327
159
93
122
119
-259
173
35
194
117
59
-482
-804
-996
-593
-584
-658
-630
-372
-1098
-1066
-573
-983
-1034
-820
-560
-615
-796
-1451
-1495
-1253
-1868
-1221
-902
-978
-1139
-1442
-1385
-839
-1222
-917
-1243
-376
-1118
-1514
-1715
-1637
-1401
-1114
-1132
-1313
-1461
-1188
-869
-1553
-1045
-1205
-1307
-456
-1127
-1262
-1151
-1242
-958
-1402
-1276
-866
-1303
-1518
-1831
-1307
-1164
-978
-282
-1034
-959
-942
-1070
-1344
-1296
-1931
-1850
-1477
-1092
-1203
-1656
-1618
-1627
-1439
-727
-953
-1392
-1368
-1254
-1344
-1076
-708
-1338
-1992
-1135
-1066
-1483
-1185
-544
-1192
-917
-697
-1365
-1527
-1000
-1550
-1447
-844
-1326
-1386
-1467
-1080
-1662
-1450
-1206
-1164
-543
-814
-1320
-1205
-910
-1743
-1593
-1068
-1312
-779
-1028
-813
-1151
-977
-910
-1212
-367
-499
-1160
-1558
-1240
-1067
-1523
-1476
-1536
-1359
-1575
-1132
-1522
-1013
-558
-1439
-941
-441
-694
-1093
-1594
-1116
-1303
-1496
-1264
-873
-1703
-720
-1289
-1118
-1035
-984
-727
-482
-834
-1380
-1568
-1416
-1521
-1359
-1210
-1411
-1075
-1094
-934
-1988
-1359
-1116
-734
-592
-1196
-508
-1332
-1624
-1337
-1336
-1445
-1601
-1807
-1350
-1702
-1422
-1820
-1470
-628
-741
-703
-1182
-1512
-995
-899
-1046
-1176
-1348
-1065
-1582
-1214
-1076
-1670
-1691
-644
-708
-1245
-1093
-1369
-994
-1575
-1231
-1670
-1807
-1770
-1114
-496
-1554
-1446
-1171
-869
-251
-1054
-584
-716
-835
-1012
-1248
-1225
-918
-1074
-834
-391
-986
-564
-732
-361
-724
-437
-568
-783
-727
-558
-841
-806
-908
-685
-470
-893
-806
-915
-536
76
-603
-946
-1244
-1290
-1324
-1113
-957
-1170
-490
-1291
-1368
-1130
-978
-1265
-1012
-469
-1041
-1071
-355
-1036
-322
-948
-913
-403
-747
-469
-1098
-254
-583
-621
-711
-313
-574
-365
-835
-924
-551
-276
-732
-870
-913
-766
-648
-468
-965
-277
-366
26
-213
-828
-911
-521
-131
-771
-910
-1194
-568
-398
-1387
-996
-715
-990
-746
-447
-222
-1089
-444
-613
-419
-907
-563
-863
-554
-1137
-1212
-599
-646
-676
-644
-366
237
-726
-1059
-835
-877
-804
-583
-1011
-676
-974
-712
-921
-324
-499
-64
-340
-498
-811
-700
-851
-148
-728
-762
-1138
-250
-448
-549
-651
-500
-515
-536
-359
-62
-566
-918
-464
-933
-1113
-526
-866
-232
-679
-973
-844
-769
-203
-442
71
-211
-584
-1235
-759
-203
-943
-172
-1014
-715
-616
-544
-665
-270
-802
-282
-670
-313
-511
-521
-556
-960
-342
-939
-485
-753
-343
-450
-230
-1233
-1016
-390
-288
92
-631
-1245
-838
-407
-1232
-868
-776
-807
-1036
-798
-1324
-341
-789
-772
-412
-422
-895
-977
-952
-461
-418
-720
-824
-1113
-644
-473
-843
-695
-644
-293
-170
-255
-555
-795
-709
-1021
-577
-970
-903
-558
-465
-526
-598
-658
-876
-215
-1051
-198
-404
-342
-837
-98
-419
-1036
-548
-812
-694
-723
-613
-493
-102
-824
-113
348
-577
-890
-299
-129
-413
-363
-523
-225
-122
-736
-804
-397
-500
139
162
246
-85
125
168
-104
-16
-223
171
147
-177
58
49
-147
-90
-266
-90
-142
-605
-5
-291
37
172
224
-9
-424
67
118
-118
-151
-31
-78
106
178
-1004
-1055
-746
-547
-399
-770
-768
-587
-253
-1211
-1009
-852
-623
66
156
-486
-679
-767
-619
-679
-1065
-521
-1216
-639
-529
-924
-763
-1092
-764
-755
-608
-731
-362
-1010
-1605
-890
-934
-217
-925
-1502
-596
-823
-897
-593
-340
-552
-459
-306
-1013
-1164
-1284
-504
-1035
-1248
-869
-558
-928
-958
-1179
-1136
-1178
-401
-213
8
-685
-796
-1089
-926
-921
-722
-868
-774
-804
-633
-892
-660
-829
-797
-251
-540
-1020
-1141
-937
-960
-1030
-367
-1066
-1154
-666
-863
-1153
-496
-198
-754
-518
-133
-1018
-962
-675
-733
-703
-724
-294
-868
-965
-619
-859
-1498
-1372
-605
-124
-184
-577
-743
-617
-982
-490
-483
-1110
-922
-544
-987
-887
-664
-1298
-497
-393
-214
-1187
-1549
-497
-1277
-332
-608
-1180
-891
-710
-822
-944
-274
-530
-894
-371
-265
-504
-1015
-1338
-677
-1124
-1163
-1115
-622
-676
-672
-645
-814
-329
-525
-515
-270
-757
-656
-1348
-1202
-1253
-1197
-388
-1106
-1142
-519
-574
-947
-551
-417
-363
-297
-824
-881
-792
-407
-898
-1232
-958
-1127
-770
-715
-977
-756
-909
17
-606
-120
-523
-697
-907
-638
-568
-364
-508
-967
-1048
-1307
-933
-1131
-503
-1172
-154
-433
-519
-503
-670
-589
-636
-518
-503
-289
-513
-549
-652
-706
-434
-830
-193
-654
-653
-738
-902
-590
-533
-627
-475
-557
-415
-948
-611
-701
-583
-693
-379
-270
88
616
532
774
414
605
606
675
400
10
1052
558
549
625
975
374
568
257
220
716
-115
351
388
-401
690
1001
215
105
490
384
-62
54
1196
730
599
366
1026
1084
543
1070
345
556
573
1116
63
369
61
421
525
746
734
1270
269
664
770
686
831
778
744
368
495
763
312
823
565
1151
529
1042
902
857
205
645
387
1129
744
914
911
720
278
759
667
747
455
735
577
514
666
714
507
716
973
764
435
807
835
533
529
671
834
845
218
515
815
494
473
1334
1071
891
919
811
285
613
237
380
935
835
1234
657
193
1115
757
892
171
607
1010
652
380
629
1093
367
296
856
350
1257
916
719
748
728
926
519
1186
822
438
186
338
950
702
698
221
248
507
972
971
882
853
323
400
857
655
442
1150
477
931
717
509
784
931
93
777
504
878
1216
450
936
231
274
-60
925
899
822
632
533
1273
791
814
579
796
773
1057
252
424
578
435
654
177
582
915
1049
680
500
674
247
509
1035
829
484
530
1034
464
426
556
1219
1011
541
907
533
728
657
1411
708
427
648
171
565
748
587
658
545
552
458
495
335
738
900
265
602
734
939
200
403
739
973
551
680
663
567
970
1039
504
560
750
814
771
293
613
-481
228
168
199
37
333
301
360
355
363
83
493
338
171
0
-128
-343
16
-502
333
-35
-118
-147
-60
-205
-41
-155
-495
-49
257
358
878
206
257
424
275
278
305
172
197
245
75
435
456
271
210
310
-294
-89
-453
-396
235
53
80
109
145
209
47
179
-379
0
366
-354
308
-175
176
98
427
-19
6
105
-166
-150
-264
-313
294
312
-70
3
447
214
396
196
-306
-227
-301
638
416
-115
421
90
206
-386
359
96
-351
-235
71
-344
243
238
27
-127
76
92
41
81
-151
344
-69
-387
138
-43
3
-47
178
-137
22
-59
412
371
-132
191
-179
330
-109
236
112
-31
116
261
-281
140
462
545
422
122
218
234
59
-230
410
-39
46
-284
-3
390
561
-15
-58
-99
161
623
-669
564
-160
412
294
-2
213
166
23
-251
145
206
-18
341
-226
-274
450
-76
-108
451
138
-172
357
-168
-378
-81
435
-153
26
626
3
370
-68
-33
227
-59
-121
87
262
-91
435
-114
45
-144
28
9
-211
651
349
-52
121
127
388
-415
25
-119
310
-354
-10
159
353
782
142
-46
-306
-20
191
-22
-79
333
322
305
-229
107
516
292
119
-22
-115
254
2
-98
1002
-3
197
459
189
-44
61
208
-74
22
-95
-50
290
20
35
24
-104
11
-174
-287
-367
447
-198
-347
250
-139
152
-6
-202
244
102
260
264
-9
3
-163
-526
528
-237
385
264
49
546
411
515
202
225
-260
215
511
61
747
378
367
772
656
259
900
509
324
270
73
976
581
488
205
65
388
487
-187
239
169
294
541
694
560
83
360
279
-23
303
773
108
711
-60
-183
-88
736
89
588
338
529
288
370
311
122
367
161
115
865
95
781
584
432
218
149
841
310
255
811
479
754
563
988
926
363
131
405
179
478
182
241
483
262
331
174
431
212
502
723
362
1246
610
63
230
493
272
119
361
526
650
283
903
488
528
-129
172
642
254
543
345
89
337
761
440
545
28
867
287
393
602
514
-12
-41
107
-139
739
474
187
383
256
237
570
-276
527
492
482
457
191
794
-366
248
458
88
139
172
278
375
483
198
445
371
557
-163
313
1028
-63
390
60
199
209
544
338
64
33
124
199
385
393
523
486
519
59
484
280
345
286
715
909
113
631
-49
351
749
377
717
631
795
67
385
474
257
269
144
1575
462
305
169
220
512
55
222
526
972
532
298
714
760
770
275
170
372
913
555
976
768
461
736
914
837
238
115
575
189
489
575
707
551
271
773
675
511
198
756
635
643
284
-151
89
-31
-80
48
-55
315
-145
-509
-131
329
-17
156
-38
326
110
477
622
120
522
242
393
634
287
270
718
504
62
539
562
331
222
462
852
431
344
785
396
247
392
709
500
389
614
489
223
413
201
319
503
746
517
1073
205
1087
681
713
400
607
553
358
965
871
-90
605
701
688
388
748
591
428
800
855
621
787
1025
1060
847
426
4
748
168
727
292
1118
410
523
478
1300
224
709
449
537
480
230
386
705
241
762
905
778
253
945
900
663
428
784
855
514
712
363
590
610
417
484
360
725
805
643
552
96
675
533
451
927
651
719
-132
768
668
8
962
573
222
842
370
218
881
628
588
623
517
620
259
377
186
752
816
89
279
517
587
417
978
392
239
327
456
588
192
380
303
40
951
557
394
528
268
463
871
408
884
696
1042
505
-16
772
177
779
387
415
476
821
858
554
943
259
797
568
730
208
-143
941
160
229
325
769
620
665
379
595
360
528
569
689
373
678
344
759
243
927
426
539
50
471
387
529
955
512
505
489
820
526
225
596
523
614
166
646
27
392
997
743
228
-48
713
342
645
57
-247
521
677
868
682
795
341
560
931
815
514
531
697
758
652
737
155
-324
-330
-344
-427
-263
-233
-262
-193
-234
183
-61
-188
-119
94
-274
-227
-441
-366
257
657
90
683
70
528
207
-285
-615
192
359
308
28
304
87
69
113
-87
365
-145
-239
-282
-127
307
491
235
187
106
675
121
-174
-200
-215
-63
37
120
211
-100
-237
109
-304
-214
109
-154
-22
340
418
52
386
-287
227
132
393
-334
526
307
59
24
316
-541
395
152
-473
70
452
-93
162
-124
-324
-140
7
-84
381
338
377
652
476
254
-98
-743
-385
-182
264
162
161
34
-339
82
253
624
80
53
578
514
474
23
245
-221
284
-420
248
279
-124
525
342
258
-467
-388
437
100
92
-288
56
257
44
-283
-393
-191
563
300
292
361
-389
593
517
686
565
-17
-283
-10
171
4
-17
82
-2
-381
-18
-35
81
62
80
38
-59
62
-144
-14
548
41
192
535
-169
65
-376
174
-86
598
615
138
358
-336
-217
449
-52
-380
66
126
-85
48
405
-108
140
280
295
181
203
-5
260
230
219
79
289
84
-538
-44
185
305
530
-147
54
116
278
104
435
439
-6
290
160
528
399
565
-305
-427
637
496
608
160
-87
200
-17
-192
174
763
396
192
283
-1
199
214
753
-143
178
240
684
783
474
859
753
865
738
670
724
430
664
839
848
566
729
558
-294
-355
69
-355
-193
-438
-216
220
-391
-453
89
83
-91
-452
-271
105
-588
-88
41
-642
-609
-719
-195
-636
-348
-61
55
-477
202
421
-87
-364
236
13
-26
303
-134
254
325
39
-26
343
-233
109
52
102
474
354
574
397
27
-141
266
191
-19
91
80
130
214
-430
158
46
706
7
107
127
-345
-142
-10
187
354
-551
-356
-151
113
218
-233
929
-212
-199
-254
-325
-105
-63
-35
-233
-393
-323
560
33
-119
1
50
-366
-242
49
439
-93
-115
45
-322
-158
24
356
-465
-502
301
-273
-308
136
216
-33
629
192
-17
-600
-157
-324
324
398
-227
72
-258
65
171
383
114
-84
421
150
-49
-187
569
19
-388
212
-20
-217
-103
222
-324
-874
-78
-114
385
-81
40
458
22
121
-21
-389
-145
174
198
427
39
-250
-585
-412
663
-309
232
480
-336
270
289
-22
-7
-45
155
157
254
575
-2
-104
320
-407
166
-637
3
-23
-551
-196
-5
371
-16
-239
-165
-248
-139
52
678
428
-192
-17
-395
-388
3
-86
254
-1
-229
337
215
124
-92
-106
389
-474
179
70
57
-207
-409
-347
-397
-823
-74
-423
-333
-657
-74
-252
301
10
-62
-27
30
242
-198
-39
-719
-67
-94
54
-346
-84
-453
-138
779
66
-151
-227
99
-539
-412
-146
117
-351
-20
-158
131
-359
-290
-373
-395
-281
-981
-990
-601
-860
-1096
-913
-1249
-595
-239
-624
-768
-807
-894
-737
-664
-713
-698
-316
72
173
-284
-676
-725
-131
-240
-431
-439
-507
-604
-196
-257
-706
-418
-1
-408
-211
-444
-474
-304
-255
-559
-106
45
527
20
-395
-76
-812
-434
-212
-13
-99
-361
-213
-237
-499
11
-510
111
-370
-419
-189
-342
-281
-151
-558
-492
-304
-215
-86
-88
-489
-691
-263
-348
-524
-86
-544
-354
-366
-247
-416
-588
-264
-245
-740
-217
-350
-541
-373
80
202
-71
-539
-113
-570
-122
-402
-267
-189
-136
-65
-68
-164
-75
100
-182
-595
-113
-202
-549
106
164
67
-176
-139
20
-282
-609
-264
-308
-261
-642
17
28
-392
-58
-395
-140
-751
-370
-153
-186
-39
-374
-296
-575
-626
24
-231
123
-223
-432
-25
-299
30
-467
-243
-592
-282
-201
-449
-709
-412
231
-885
-326
-331
-354
-645
-147
-711
-543
-337
-156
30
-173
-163
-271
-572
-272
-251
400
-32
-158
-715
-370
-123
-275
-151
-746
-311
-434
-454
2
-183
-370
-174
-268
-406
-255
-575
-414
-661
-380
-313
-302
-589
-1026
-537
-447
-727
-266
-107
1
-72
-75
-90
139
82
-111
-213
-233
141
173
-52
372
-6
-107
78
516
-21
-80
-246
-176
-315
-663
-238
-199
-506
-902
-242
30
-608
-626
201
244
-486
403
722
1115
1010
747
928
907
1004
706
899
989
940
735
742
738
496
518
279
277
322
-126
-71
360
496
404
285
-442
-263
410
246
273
389
659
-246
-203
276
-182
-146
61
-456
-582
128
22
54
368
-167
411
710
-262
-939
-505
-485
-461
-251
-561
307
-971
-330
-233
-460
-255
-582
-506
-427
-793
-839
-363
-242
-590
-735
-1056
-455
95
-458
-446
-431
-524
-712
104
-224
-172
-931
-404
-443
-596
-872
-407
-730
-1002
-1046
-319
-375
-547
-407
-195
254
104
-925
-395
-962
-428
-712
451
-193
-291
-383
-71
-600
-513
-378
-704
-331
-897
-506
-140
-462
-35
-631
-914
-162
-561
-422
-427
-684
-421
-1036
-637
36
-544
-678
-735
-389
-432
-278
-644
-449
-721
-400
-791
-379
-736
-882
-314
67
-89
-258
-755
-832
-633
-258
-270
-175
-642
-293
-177
-632
-579
-488
-520
-397
-429
-827
-530
-408
-459
-594
-1055
-325
-223
-803
-255
-208
-656
-631
-335
-422
-29
-564
-686
-458
-263
-135
-810
-352
-956
-773
-903
-579
-685
-642
-543
-141
-271
-1005
-641
-492
-243
-954
-362
-64
-921
-821
-324
-451
37
-845
-149
-137
-113
-1009
-813
-441
-506
-906
-353
-169
-458
-129
-366
-394
11
-215
-764
-124
-475
-940
-512
-647
-786
-851
-196
-735
-995
-437
-932
-711
-433
-1165
-851
125
-587
-538
-124
-613
-704
-1103
-811
-686
-182
-421
-1003
-478
-559
-978
-402
135
-1223
-1309
-1348
-1338
-1393
-1212
-1120
-1299
-1231
-1132
-1421
-1192
-915
-1372
-991
-149
-43
262
-252
95
334
117
72
-50
-173
-172
-2
-414
-355
-510
272
34
70
-390
26
-602
-671
131
-368
-48
63
-598
-52
1
-178
-450
-615
-794
-291
-712
-957
-560
-616
-690
-100
-1480
-774
-623
-1076
-1279
-917
-670
-793
-478
130
-382
-601
-555
-464
-227
-412
-838
-456
-356
-728
-665
-114
-818
-790
-188
-463
-150
-408
-550
-949
-1104
-776
-596
-821
-550
-649
-750
-891
-636
-160
-596
-528
-800
-723
-675
-450
-737
-677
-420
-781
-550
-811
-1017
-489
-792
-413
-286
-293
-184
-534
-683
-1262
-835
-918
-538
-536
-759
-433
-32
-412
-1077
-938
-500
-509
-573
-619
-661
-796
-944
-510
-414
-1725
-796
-76
-310
-899
-595
-331
-826
307
-386
-908
-1141
-366
-472
-1059
-921
-354
-743
-804
-832
-680
-1052
-654
81
-126
-170
-558
-345
-620
-378
-583
-497
-763
-381
-822
-1115
-484
-1209
-552
26
-15
-75
-883
-188
-473
-697
-838
-944
-107
-680
-851
-598
-681
-868
-177
-229
90
-589
-238
-349
-606
-572
-1046
-988
-477
-708
-490
-704
-1176
-102
-171
-673
-217
-852
-468
-690
-921
-586
-666
-336
-364
-915
-632
-949
-499
-993
-784
-304
-327
-829
-1097
-762
-418
-1182
-1134
-936
-461
-732
-524
-350
-665
-1118
-313
-381
-440
-515
-674
-455
-861
-559
-757
-50
-705
-533
-357
-778
-891
-51
-261
-208
-498
-984
-659
-438
49
-235
-244
-549
-757
-480
-396
-501
-598
-562
-355
-51
-379
-298
-185
-488
-603
-700
-557
-650
-714
-913
-259
-820
-233
-634
-662
-501
-662
-788
-1407
-1510
-1006
-780
-607
-1075
-1679
-102
-15
-704
-704
-716
-812
-338
-867
-1090
-1326
-1344
-1039
-830
-583
-1082
-539
-1159
-1198
-1095
-1049
-810
-427
-331
-634
-471
-592
-682
-239
-514
-635
-598
-214
138
-560
-138
-1051
-656
218
-89
-842
-1014
-734
-1306
-537
-278
-1249
-1178
-1043
-498
-1008
-887
-501
-824
-482
-672
-1284
-696
-1108
-662
-846
-588
-1189
-536
-867
-622
-697
-602
-873
-1172
-636
-270
-1260
-699
-599
-1069
-1014
-668
-829
-743
-726
-462
-748
-355
-1003
-484
-744
-465
-1215
-645
-953
-443
-558
-421
-898
-1001
-1000
-528
-1127
-796
-490
-305
-358
60
-689
-235
-1104
-662
-936
-1089
-572
-783
-879
-941
-928
-916
-847
-898
-1064
-263
-993
-412
-1188
96
-536
-662
-604
-1000
-509
-736
-927
-684
-663
-466
-6
-170
-655
-33
-953
-918
-935
-690
-695
-1085
-423
-1126
-636
-816
-968
-1052
-397
-256
-976
-731
-1165
-1016
-635
-923
-684
-441
-545
-1207
-618
-547
-695
-785
-1029
-342
-1101
-912
-1178
-684
-571
-740
-824
-422
-1037
-808
-655
-670
-635
-349
-547
-560
-1580
-990
-1112
-1107
-1102
-429
-494
-481
-999
-993
-563
-774
-873
-836
-928
9
-868
-364
-555
-327
-769
-996
-826
-1011
-940
-414
-895
-605
-544
-666
-180
218
-990
-605
-159
-254
-332
-393
-419
-297
-228
-416
-575
-351
-247
-524
-470
-51
739
-1
-105
83
-434
-404
-87
17
-37
-67
-610
149
125
-43
-53
-245
928
150
169
41
-171
-456
287
148
151
-243
-158
346
187
-218
67
-758
633
127
-201
-53
-150
231
409
-146
-556
-48
353
-507
68
-624
-923
-257
482
-269
401
11
-347
-246
-263
-73
-445
-196
242
-85
-43
-172
-98
-383
667
-34
-250
-218
-528
-382
-7
463
-452
-526
116
-254
-546
6
-442
-915
272
-691
-669
-53
-124
-353
17
-174
61
-174
-331
-123
-156
-5
-852
-556
82
-383
91
120
-258
-740
-266
176
-172
-148
37
-42
-75
-58
-291
-464
494
77
45
-754
-171
102
13
-8
-481
-557
163
-239
-192
-319
-700
-499
244
67
-90
-214
156
230
-209
-666
-76
-55
-493
-392
11
-433
-392
-227
491
178
276
-235
-503
-185
-147
-325
4
-192
-125
-89
-370
-620
-934
-256
630
-114
-212
-126
-323
89
6
-356
402
-418
-200
-44
-318
-342
-806
-692
508
284
10
-55
-47
-383
-802
-154
-142
142
-341
-472
-686
428
-264
-599
669
-543
-557
-504
-190
-150
-98
-407
71
-707
-120
-211
265
-762
-758
-264
546
-136
-557
631
64
-325
-292
-354
-147
-93
-448
322
-48
-99
-65
-188
61
-446
-314
-122
-501
-608
-446
357
-320
-411
-381
-423
-27
-687
-568
-783
262
-542
-183
-425
-616
-170
-6
-692
-412
-28
-503
-300
-283
-99
-342
-167
-38
-387
-187
-238
-574
97
248
225
-241
-607
-39
446
34
-261
-335
-251
-318
-811
-84
-693
-837
-1135
-529
-751
-287
-254
-432
-763
-538
-350
460
12
-18
112
102
-403
38
87
198
-108
-408
346
121
-23
-24
-530
224
163
-248
-222
-283
-480
-399
-24
-89
-171
-137
-200
-498
-825
65
-108
405
52
-501
-582
-95
19
236
45
135
-331
-190
-244
425
525
-252
322
-290
-58
-162
-622
-142
-76
-184
71
151
-720
-164
-112
-338
-830
-166
114
-171
111
247
-263
-301
319
175
-428
51
357
11
-534
-53
-467
-324
-361
-3
250
-7
-210
328
-557
35
-932
-1
19
501
11
106
72
29
9
-58
186
642
-210
153
3
534
253
170
-775
-310
-301
-187
-139
37
-438
-722
-109
-256
-167
-485
-135
-111
-55
-55
53
-112
-276
-228
262
-661
-167
-13
64
301
-423
-8
-237
-230
-183
241
-280
-592
-152
-171
358
-520
75
-189
-87
203
-566
114
-343
-224
159
-241
-374
-35
-433
-208
-39
-85
-355
-441
-166
-176
47
110
43
186
-132
-373
285
13
590
72
105
-73
-182
79
-206
174
-928
-87
-339
-232
319
-499
-644
-565
-526
-515
173
102
-955
-222
213
348
-241
-197
-36
-263
-14
-178
286
39
190
-128
325
318
-74
-170
140
430
16
-16
-219
-79
-428
-274
-81
-8
-262
-221
-410
374
-133
-124
95
-673
-176
-224
-526
-59
-261
-142
-265
-1010
-184
-523
349
-165
-118
-479
10
-391
-631
-603
390
-833
26
-191
-558
-207
-150
-491
-401
-571
-39
-341
49
-639
-1196
-1241
-959
-248
-230
-417
-455
-712
-1095
-219
-1027
-469
-1361
-355
-12
-465
-633
-839
-476
-536
-448
-577
-851
-322
-355
-330
-1004
-545
46
-39
279
-530
-629
-378
-676
-413
-366
-101
-640
-368
-432
-538
-443
-396
-697
-200
111
-713
-807
-352
-479
-95
-707
-411
-1216
-722
-380
-619
-982
-498
-38
-281
-132
-711
-895
-750
-358
-830
-954
-576
-156
-519
-741
44
-16
-259
-545
-127
139
-427
-830
-351
-848
-264
-367
-804
-72
-477
-509
-474
-434
-64
-739
157
-93
-563
-577
-172
-557
-405
-424
-620
-377
-468
-357
-498
-590
-286
238
-608
473
-423
-905
-497
-349
-724
-842
-311
-378
194
-755
-591
-1099
-302
-224
101
395
-184
-766
-650
-593
-175
-275
-86
-355
-552
-289
-491
-505
-754
-708
-598
-21
-675
-900
-451
-758
-439
-802
-180
-808
-572
-306
-535
83
-1116
-129
-685
38
-660
-929
-233
-686
50
-765
-393
-75
-430
-1130
-355
-809
-419
-375
-462
211
-1046
-1220
-536
-153
-486
-550
-461
-910
-893
-245
-344
-719
-375
-595
-162
57
-761
-779
-477
-57
-654
-398
-163
69
-145
-291
-297
-91
122
-244
-270
68
-366
-387
-55
-217
72
243
82
84
-265
137
-159
-254
401
-94
8
317
-63
-265
60
468
-95
421
-35
-242
-20
-244
110
72
-217
183
27
149
4
443
286
213
-102
377
731
112
497
447
-26
329
227
382
287
-135
414
87
-202
29
380
329
-90
-173
224
-196
196
307
434
205
-11
610
-314
288
144
-53
128
8
305
535
-305
144
65
373
154
131
-392
228
152
537
215
220
-320
332
20
44
-223
-54
181
221
371
167
166
436
-191
50
-152
102
136
-163
103
193
-75
-195
-156
99
190
118
333
619
177
99
234
-149
287
114
263
604
-95
369
510
36
241
-96
517
-307
-192
-52
-276
-44
117
90
236
277
351
288
39
219
45
216
-6
225
-31
387
216
-24
22
358
355
179
117
-168
310
65
260
437
459
813
65
-93
201
-143
-297
292
143
286
231
427
262
-454
32
7
-111
361
-36
-2
536
198
-106
349
123
43
253
182
313
-176
582
21
237
94
-312
445
-77
-301
-66
160
172
150
132
150
-50
-50
242
-68
375
135
-42
-435
174
137
-3
292
169
388
351
246
115
136
-36
34
54
-86
-17
-292
201
306
-316
-33
-450
229
248
148
433
124
737
556
-91
-146
-367
39
284
50
516
88
77
277
-85
-20
53
-540
72
213
379
454
-385
250
278
72
-253
-293
-411
-58
-264
-113
-278
-363
-288
387
296
69
-93
907
593
740
-19
835
721
36
644
213
218
669
383
635
288
-47
-31
156
701
277
442
-129
542
136
407
288
214
561
339
158
20
-50
28
575
-43
374
520
734
611
178
362
98
814
868
378
323
-150
747
-390
403
407
-248
114
-100
191
30
-487
606
511
117
-516
-263
447
586
275
797
48
219
-69
663
84
-91
219
510
100
279
507
267
-196
36
-164
29
251
305
45
-392
421
-56
87
-187
243
-231
-28
-440
380
486
-335
-42
456
176
-266
381
39
-94
-124
48
-240
-101
-118
14
281
36
-374
601
-128
142
132
375
316
141
26
230
-288
-73
21
189
-359
430
-628
816
307
148
301
-20
110
-142
250
-127
238
57
257
111
-375
701
41
909
422
-81
-444
393
19
103
-143
255
-61
-364
-72
9
80
751
-236
790
514
157
117
319
-70
-149
214
-126
1
483
243
-40
-114
114
-403
1000
210
-482
298
-125
76
-57
-83
-7
-75
-180
92
32
205
296
22
36
148
151
39
49
16
211
-62
-188
192
726
-59
-509
-252
-37
-283
-213
23
-316
-412
-291
-129
177
107
-134
177
-24
-34
-75
-408
605
-516
-151
-160
-511
-269
-393
-545
-172
-737
-226
-283
-543
-152
-559
-481
304
64
-640
-322
132
-181
-39
19
0
188
-201
-104
38
-38
186
82
214
-157
422
678
755
124
611
473
158
711
455
240
858
350
597
413
71
198
-305
-239
22
81
-168
-441
226
337
259
-368
-354
-325
-3
-141
-128
-407
-10
240
163
-139
-168
456
221
-203
256
126
-136
-41
330
-77
40
-276
-241
-341
-182
170
297
-577
-334
316
41
-302
-336
-8
-87
350
159
-269
183
-110
-165
-195
-178
-49
487
-190
494
179
-130
-95
433
138
84
-181
-206
120
77
-22
-60
0
197
-37
-198
-286
-31
111
147
460
32
-27
-29
140
72
-96
407
-205
-86
407
-390
-398
19
281
109
118
605
-343
282
343
-107
-112
47
71
-68
54
136
197
231
293
-86
-99
84
240
398
-132
-64
3
203
-197
-60
-172
276
-175
304
282
-34
642
543
-261
-133
161
-233
69
-156
47
64
229
-159
59
-30
-38
65
393
461
93
290
-195
-103
-118
77
1
236
95
183
102
35
93
223
204
120
-356
120
-434
-254
1
53
-307
-6
-184
-166
158
255
-247
372
331
-207
135
318
75
188
28
78
268
73
124
4
63
-358
-17
267
-137
650
-224
-140
-133
-62
168
27
108
-143
146
77
-32
47
-161
-237
288
320
-140
509
825
1065
1104
569
857
427
457
563
627
626
608
965
601
675
18
-55
-147
281
95
-366
-83
49
-138
235
-189
42
66
211
-118
233
694
-137
67
373
-52
20
275
147
-155
32
23
399
-261
-437
44
45
458
657
720
336
89
425
-287
637
211
-35
-309
124
-157
216
63
44
109
436
287
-341
-246
378
45
312
143
125
174
452
612
-42
109
-191
414
-215
-56
278
172
375
484
402
755
257
301
282
558
357
-213
468
597
681
541
378
138
-172
77
456
-7
313
263
403
466
212
79
285
499
920
579
264
169
163
162
205
-87
230
85
618
232
88
601
-125
450
94
132
-269
503
286
88
396
90
33
116
335
264
-173
261
420
295
189
478
71
326
-70
333
172
225
-65
625
-113
291
-365
417
-253
774
-430
265
316
47
198
80
355
144
292
25
381
229
-139
703
624
790
-128
267
129
297
-49
545
-20
310
230
-113
439
81
40
-107
511
695
226
220
92
158
-58
20
328
63
541
462
-65
341
8
137
267
334
-375
99
619
-204
585
75
56
4
503
-44
294
356
-323
233
382
861
69
725
521
163
101
420
124
453
-27
-42
-121
316
19
-222
376
444
264
-134
247
305
35
-58
55
-25
323
-51
484
444
-274
589
202
1050
338
464
764
321
702
372
208
932
666
855
707
749
590
959
176
-29
447
259
160
439
543
507
521
-38
407
321
-65
210
546
214
532
-516
-647
-1037
-747
-745
-545
-902
-632
-348
-472
-291
-235
-607
-427
-990
-177
-109
184
-384
72
92
-183
42
-370
-425
-653
-421
-109
-536
-581
-196
-252
-482
-280
-428
-106
-501
-524
-781
-792
-693
-112
-605
-24
-94
-596
-174
-94
-269
-448
-238
-727
-298
-33
-63
-793
223
-884
-273
2
-436
-289
-81
202
-207
-258
-753
-353
-504
-733
-448
91
-475
-402
-458
-198
-934
-121
-41
-448
-244
-219
-223
465
4
222
-213
-32
-27
74
-361
-552
-181
27
-508
-102
-391
-647
-62
-328
-170
-539
-147
-331
-109
-439
-437
-372
-167
-77
-510
-138
-628
-124
-182
333
-535
-59
-469
-271
-420
-379
-105
182
-168
-136
-89
-112
-376
-399
-27
-429
-470
-396
219
-342
-194
238
-355
-109
-432
-120
-160
-148
-421
-317
-312
-679
49
-592
-51
-316
-78
-361
-424
-443
86
62
107
143
-356
40
-362
-317
-487
-147
-545
-358
-465
-119
-477
-395
-119
-481
259
113
-533
-397
-760
-403
-250
-84
-54
-240
-154
-538
-683
10
-557
18
-159
-214
-457
-18
-266
-369
-174
-182
-175
-471
-48
-56
-69
-328
-752
-357
-230
-56
-451
-708
-812
-344
-475
-301
75
-367
-36
-599
-352
-230
-367
-672
-139
-465
-564
-473
-809
-1042
-568
-761
-948
-701
-445
-945
-634
-412
-657
67
-742
-86
-249
177
-102
243
615
46
335
173
-9
302
219
-149
-55
427
269
334
-40
-14
105
141
420
-54
-121
75
126
-122
-289
-24
237
272
-295
295
476
47
945
319
403
317
323
229
359
242
667
341
-65
61
-81
336
257
352
376
-131
-161
237
563
-303
145
397
-126
176
44
-287
697
-574
529
362
-323
299
556
-8
265
207
757
320
130
220
84
-263
628
96
294
295
127
-37
20
-139
83
206
208
-210
424
293
-269
-22
32
186
399
132
136
453
-718
93
257
-19
-53
32
115
-258
184
616
-103
-207
327
9
273
5
-183
-104
238
-109
170
-128
18
151
321
324
-431
372
143
341
34
-42
-228
-419
262
273
-176
-148
53
19
225
-415
-268
594
543
554
153
368
-407
39
239
-27
246
-261
-92
-3
-129
-468
164
-242
472
293
567
-441
448
66
-38
5
-280
124
-344
573
-557
39
52
-422
266
617
300
25
511
-157
202
-33
213
56
193
245
-317
5
-154
201
359
701
92
555
105
-9
337
-338
66
134
215
27
1
-149
24
154
307
651
268
373
-229
246
-24
-308
245
4
-295
-146
-351
-233
-85
-459
401
465
-3
374
89
64
-25
-475
-59
-131
0
289
-95
-314
-198
555
513
-210
-241
153
-252
-526
-190
-307
-15
-315
-310
131
-341
-383
-169
-122
-68
-385
122
-15
163
202
192
-112
364
-93
-280
75
61
-36
-36
7
-582
-851
-480
-653
-839
-493
-805
-1034
-642
-759
-1141
-494
-567
-646
-504
-22
-503
-971
-413
-688
-482
-423
-211
-797
-451
-481
-904
-398
-835
-681
-1206
-529
-205
-1385
-558
-1033
-420
-422
-148
-397
-825
-415
-617
-327
-563
-835
111
-267
119
-315
-680
-257
-74
261
-85
-295
44
438
-143
-470
-489
-309
-143
-287
-223
-231
-307
-116
-473
-227
-68
-249
-405
-61
-334
-229
81
-613
-434
13
-215
-516
376
309
-307
-273
-73
-466
-666
-347
-438
-301
-372
202
818
-56
-237
-871
-595
-463
-172
-424
430
-458
-406
-197
-134
-456
-645
265
29
-153
-207
-513
-703
-737
-131
-284
-294
-314
-156
-70
18
-532
-500
-100
-1150
-336
-67
-280
-314
-268
-411
67
32
-138
-133
-138
-511
-913
-182
-73
-106
177
-499
-130
49
-639
-431
226
-418
-390
-390
-236
-654
-52
-290
-691
253
-135
176
-503
308
-1298
143
-147
-369
-443
30
-19
-309
-121
-542
-333
-68
-175
-69
-286
-246
-583
-354
-279
-66
-484
-253
-654
-128
128
-386
-508
-306
-5
-329
-465
15
-541
-590
-137
-373
-35
-25
-731
-565
-428
-356
-351
-27
-97
-364
-608
145
45
-772
-583
-464
-477
-230
-337
248
191
142
-35
-386
-282
-194
-80
-313
235
453
-19
888
499
274
313
356
561
-99
409
19
268
-1
-457
-275
-321
-11
-295
-379
-547
-506
-533
-586
-442
-302
-167
54
-561
-250
-943
-693
-646
-700
-639
-828
-905
-723
-513
-882
-477
-923
-1000
-484
-883
188
-228
429
-145
-310
-88
-123
-379
-7
-432
-45
-383
-238
-28
-156
-636
-98
-93
-845
-475
-355
-376
-471
-972
-53
3
-393
-236
-503
-459
-573
-453
180
-296
-671
-413
-742
-792
-438
130
-396
-561
-149
-440
-110
-707
-414
-563
-24
-562
-366
-234
-504
-509
-76
-561
-932
54
-439
-529
-771
-295
-231
-419
-114
-289
30
-431
-21
-166
-70
-493
-153
-356
-439
-506
-49
-480
-144
-43
-155
-45
-634
-224
-320
-668
-356
-486
-430
-822
101
-232
-430
-659
-69
-453
106
-288
-496
-391
-606
-74
-446
-354
-829
-173
-508
-647
-550
-541
0
-515
509
-354
-196
-471
-230
-515
-255
-768
-191
-265
-692
-487
-601
-431
-555
179
-182
-142
-363
-588
-185
-404
-863
-505
-330
-419
-66
-628
-142
-579
-45
-54
131
-24
-776
133
-624
-128
-454
-515
-551
-510
-608
-320
-456
-434
-47
-449
25
-619
32
-534
-738
-291
-371
-409
-229
-421
-599
-669
-519
-513
-586
-123
-43
-170
-347
-497
-285
-522
-528
-450
-486
-326
-409
-63
-324
-643
-439
-675
159
-162
-43
-329
-321
-243
110
-119
-16
-758
-530
-81
-14
-345
-256
-698
62
-379
-728
-627
-716
-365
-1018
-589
-1040
-467
-668
-562
-935
-598
-290
-489
8
286
436
152
94
247
407
456
143
249
343
254
352
111
639
-38
66
295
358
379
24
333
56
473
64
71
312
51
-106
170
509
522
-206
-244
-659
-630
-243
-518
-53
-933
-761
11
-123
-467
-417
-907
-745
29
-132
-192
213
-253
-364
-789
-404
-87
-327
-937
-533
-245
-269
-228
-239
-469
-597
-538
-557
-683
-263
-287
-155
-196
-193
-645
-941
-392
-574
-499
123
-230
-706
-454
-663
-742
-26
-408
-311
-618
-257
-345
232
-585
-461
-417
-340
-113
-109
-355
-132
-155
-595
-445
-516
207
-721
-381
237
-87
-363
-88
-679
-109
-308
-273
346
-392
-285
-97
-655
-648
-241
-211
-807
-586
50
-9
-705
86
-651
5
-667
-338
-650
-298
181
-555
-350
-663
-197
-287
-552
-415
-340
65
-813
-514
-582
-365
-467
-492
-343
-483
-874
-448
-74
-128
-323
-252
-76
-493
-505
-297
-671
-659
-227
-161
-240
-93
-186
-734
-463
-1151
-756
190
-355
-221
-788
-191
-65
-412
-234
-772
-434
-311
-275
-253
-138
-363
-345
-467
-820
-41
-549
-148
-1173
-264
-326
-588
-667
-687
-706
-356
-91
-475
-383
330
-43
-549
-638
-63
-57
-120
-190
-7
-452
-283
-524
-382
-499
-609
-262
-483
-323
-371
-543
-413
-323
-623
-713
-590
-672
-580
39
-341
-276
-869
-860
-378
-480
-291
-384
-440
340
318
-179
-531
-251
-206
-566
-209
217
-151
-311
68
140
-225
-216
-278
-322
-87
-374
-15
-367
-30
89
-272
-75
280
-394
-225
-79
-176
-190
-178
442
178
-219
-235
-107
331
54
-176
-157
169
536
33
280
32
-600
-308
-67
161
-652
694
269
-493
-221
361
20
213
-93
-417
170
-109
139
-152
444
657
203
177
590
-3
-94
163
285
59
-4
234
451
344
387
36
265
-51
210
583
-210
-417
245
-235
31
314
-152
-28
218
117
-34
91
-61
-9
548
204
70
321
270
-37
359
180
336
64
-71
122
285
-84
283
381
227
116
298
996
-101
180
477
270
44
372
246
52
393
94
549
293
-119
299
221
468
457
366
159
127
474
448
-229
-64
113
133
286
481
394
328
479
704
557
-130
271
737
622
104
-110
16
333
-5
339
226
20
421
489
389
-170
404
390
602
483
108
-519
-354
2
-113
481
233
155
331
559
362
402
155
451
98
13
437
-452
-367
-336
-10
581
321
266
463
22
546
315
498
287
-47
243
-1
-388
258
4
417
-228
198
-4
119
374
258
405
396
263
760
230
553
82
110
112
135
-102
269
455
298
191
165
477
380
754
227
266
766
-35
123
91
368
385
220
404
589
405
596
829
642
438
323
102
-321
339
306
53
-66
378
-16
43
-125
-14
2
-174
-202
-84
200
-161
-23
-301
65
-60
-51
219
496
339
22
10
151
-63
205
102
185
360
333
40
496
-109
-91
227
221
-90
158
247
37
57
582
349
248
355
283
560
465
0
1193
349
150
212
570
892
772
663
853
952
514
204
740
282
190
384
453
426
553
761
463
519
924
191
254
116
500
883
105
116
263
365
259
1066
696
606
928
490
570
96
332
599
735
706
481
413
433
-206
515
1031
612
928
631
493
296
629
714
815
526
772
346
210
392
427
624
248
248
489
443
198
761
392
496
390
741
271
108
273
11
410
820
113
292
774
578
420
711
198
717
236
678
347
263
93
-70
195
368
382
227
637
655
205
384
594
365
423
282
284
588
-181
48
107
488
1002
803
796
395
416
324
380
627
506
562
222
415
-396
156
35
422
421
1255
756
500
611
737
423
500
449
166
444
773
-370
-80
179
366
1288
642
588
452
852
720
528
795
255
251
923
619
-67
738
33
791
798
390
633
120
277
692
492
579
374
665
571
521
171
322
347
329
607
556
704
621
358
688
259
368
621
427
530
167
-11
84
456
494
324
107
255
247
470
455
371
342
506
292
-45
-116
320
749
47
-497
-278
-523
-295
-223
-103
159
-251
134
160
-197
-129
-136
-554
-359
76
660
435
333
523
445
478
464
504
406
827
546
540
473
100
390
-44
131
73
281
464
600
722
397
335
232
688
439
93
321
273
566
144
94
83
241
502
-258
-344
595
173
486
-293
-33
419
30
551
347
596
545
228
234
450
1496
347
484
340
-239
209
721
350
211
-230
-43
462
-335
-306
395
210
297
535
28
285
54
-3
251
356
289
434
326
584
138
276
542
303
-58
253
128
563
263
603
610
607
840
188
28
-94
674
142
-255
14
-352
391
202
505
592
-111
410
-286
-229
383
-268
31
-54
213
271
470
379
251
536
277
-158
160
-62
184
319
192
314
217
-364
-116
18
41
275
778
-38
-7
215
651
294
47
436
295
254
-12
-730
280
613
446
173
248
348
415
495
97
230
226
317
717
-143
251
36
449
136
72
-66
794
5
551
501
-129
242
-52
-289
37
594
154
434
-35
16
342
54
391
261
233
258
671
451
349
515
706
672
39
-373
201
272
-128
477
-41
217
154
189
-240
372
228
180
831
573
395
38
500
442
62
432
530
269
889
210
467
719
100
54
-422
432
-361
-255
-446
-199
-112
-491
96
1
-109
-133
-589
-176
12
-42
302
383
170
360
183
121
39
-21
121
-63
369
364
-2
681
550
236
437
214
-25
-109
151
299
184
674
431
141
138
571
310
-90
177
524
312
457
-303
-243
75
-3
259
-144
-105
-193
-256
-257
-357
-228
-86
-105
-52
450
-1177
-65
-108
-984
-469
-330
-188
-122
-182
-498
-72
117
-493
20
-3
94
-744
-421
-115
-493
-86
-19
-133
-133
-107
81
231
-162
-305
207
-130
-345
30
294
-171
-367
-640
-164
-311
-459
-140
-300
-778
-324
401
-263
195
-4
-788
301
92
400
133
-21
-9
-399
-502
-25
20
-145
-6
-34
346
-5
-833
37
-271
-67
-337
-84
-634
-556
-231
20
-806
-87
-61
88
34
439
-851
217
-491
-419
-544
-330
-310
-822
-476
-267
-213
-475
-107
-486
-120
-145
-430
136
-288
-302
-323
-203
-226
-138
212
-123
-16
-611
-579
-140
121
-202
-532
7
-191
-68
-6
-116
-396
101
-615
-373
-549
-269
-75
-108
201
269
-616
284
-360
-234
9
-413
-554
-714
-444
-158
-274
-658
-134
-296
-84
117
-716
290
-91
-72
-110
-305
-310
-304
-551
-70
-345
-438
-189
-5
41
-296
-495
-34
268
-741
-350
-375
-754
-263
-28
-765
-116
-111
-380
2
-104
-98
-554
173
-147
-496
-254
-233
-229
-184
-237
-358
350
-193
7
-342
-131
87
-695
43
194
-311
-228
-521
-375
-414
-7
-423
-570
-249
-333
54
613
-266
-356
-409
152
55
339
-39
-33
68
-302
-156
82
-437
-335
278
154
79
-568
486
195
226
533
56
488
327
247
195
78
119
198
548
-3
41
-117
-284
-499
-354
-455
-456
-167
-264
-356
-401
-418
-583
-175
-273
-586
-232
160
-332
-842
-175
-489
-706
53
-848
-589
-548
-271
-255
-214
-956
-636
295
-558
-380
-560
-164
66
-405
-409
-373
-632
-64
-75
-168
-324
-526
-220
14
-840
-232
108
-438
-660
-735
-567
-351
-330
-438
-560
-387
-702
-79
-148
-82
14
-100
-105
-474
-149
248
-552
-42
-80
-76
-167
-131
-148
-221
-613
-94
-42
-510
-728
17
-912
-178
133
-667
-309
-473
-235
-779
-110
-161
-637
-708
-459
-135
230
63
-25
-362
-275
-448
-421
180
-509
-87
-227
192
-309
-127
-639
-272
-346
1
-279
-288
-187
111
-3
-264
-437
113
-53
-290
-5
90
-494
-246
-460
-163
-404
-585
-220
-191
-274
-107
-177
-178
-347
239
-249
-515
-608
-620
-218
-601
-408
-237
-460
-134
-311
-91
30
-501
-634
-94
-591
-250
-327
-815
-657
-239
-458
-138
27
-182
-246
-533
-740
118
221
-183
-539
-34
-501
244
-468
-546
-279
-432
95
-319
-62
34
-466
-98
-494
-137
-340
-170
-178
-548
-110
-512
-42
-98
-75
-444
-663
-112
-229
-19
-657
193
-128
23
-239
-314
338
-154
-388
-220
-481
-206
-34
-532
-689
-306
-213
77
-264
420
-31
-318
2
208
142
57
-155
-547
-86
136
-366
-219
-134
-385
-95
-162
284
5
-24
-102
266
25
-25
235
-25
324
122
-139
423
254
-128
99
821
228
123
393
695
-51
728
521
87
414
341
404
402
-346
374
728
864
161
-584
535
-256
31
-345
156
-278
-197
128
-52
306
-456
-224
252
337
778
-116
12
-321
399
126
-394
-612
562
736
-19
-434
-195
-83
325
1025
362
-500
-244
-223
-649
-493
-184
150
-779
-362
-173
-240
19
-128
330
1162
-494
160
-326
40
224
-88
280
47
-293
172
-301
-421
136
-67
-303
384
105
621
-205
272
-180
-173
23
34
-68
-76
-296
152
152
-526
180
186
140
-177
280
-289
-177
-387
-50
-136
-561
-327
505
160
-269
256
630
810
399
947
-61
-530
60
54
279
-67
68
151
278
-151
-102
207
60
793
-190
-401
-266
120
81
-39
41
-277
-136
-181
82
-185
347
-113
-103
703
24
-66
-325
-580
-396
82
-364
-33
-501
291
237
428
-225
-535
572
547
39
-551
81
-134
-8
-167
-143
-247
-98
218
-91
-15
-19
-473
4
614
-10
-176
346
-404
-61
-386
35
-284
104
-171
-112
-433
-178
-567
351
628
-55
-160
-307
-182
-84
-39
-198
85
278
274
-121
123
-61
-58
446
188
258
454
9
373
-278
-269
125
-290
-9
-457
-1
-277
643
-292
583
748
124
178
622
106
470
-60
324
782
499
242
537
519
209
161
423
271
-245
134
64
-299
-175
-4
-352
-463
-151
-320
-360
-179
-274
-258
-100
-268
-168
-44
-480
-37
-356
-150
-207
-569
-432
-634
54
-299
-665
-217
-388
-621
-617
-761
-311
-959
84
-993
-536
-576
-405
-571
-725
-596
-613
-940
-77
-536
-451
-431
-762
-668
-122
-541
-1104
-1014
-574
-605
-736
-804
-740
-339
-421
66
-453
-701
-728
-798
-803
-562
-689
-532
-737
-707
-995
-337
-546
-524
-303
-261
-435
-786
-1138
-288
-771
-599
-651
-486
-622
-566
-817
-1046
-654
-460
-169
-756
-704
-499
-647
-220
-715
-685
-251
-930
-542
-886
-858
-573
-1260
-396
-158
-767
-773
-797
-89
-1056
-537
-898
-614
-725
-705
-888
-523
-363
-410
-336
-241
-282
-710
-55
-1236
-744
-948
-264
-595
-809
-780
-318
-655
-589
-617
-447
-21
-320
-844
-840
-427
-774
-464
-565
-603
-584
-690
-769
-847
-438
-781
-638
-397
-397
-38
-739
-690
-1089
-608
-292
-872
-680
-453
-1027
-1249
-825
-445
-520
14
-658
-434
114
-1056
-923
-677
-869
-865
-904
-823
-449
-914
-808
-390
-482
38
-449
-289
-666
-875
-916
-412
-1023
-726
-888
-645
-827
-921
-571
-1368
-480
164
-629
-642
-1023
-1138
-1131
-769
-648
-805
-493
-724
-562
-502
-758
-687
-496
-689
-876
-1157
-1019
-1213
-778
-923
-1307
-603
-966
-518
-553
-770
-828
-461
-673
-544
-741
-748
-816
-488
-1117
-1041
-712
-1189
-613
-851
-1145
-856
-1082
-519
-771
-627
-472
-717
-459
-478
-330
-635
-664
-522
-1202
-757
-167
-715
-746
-780
-427
116
25
-149
-228
189
-59
-362
251
-103
30
77
-19
204
86
104
21
60
217
313
251
217
199
275
95
226
226
210
202
61
-18
77
313
154
224
149
163
197
226
173
210
213
192
-34
52
340
226
192
-19
80
133
229
141
340
324
324
293
95
219
293
204
36
251
179
293
291
197
318
251
226
210
204
152
208
324
226
210
210
163
313
-51
244
28
213
188
128
296
130
141
277
313
226
255
277
157
134
172
86
101
212
-23
235
152
324
179
277
203
302
164
281
141
324
170
35
269
202
229
188
302
226
156
255
141
179
297
302
302
231
69
22
206
30
163
163
293
210
277
324
340
210
277
163
148
179
192
61
244
81
148
277
188
141
277
141
163
293
255
219
229
128
56
-15
90
164
141
141
148
210
179
163
277
277
324
226
36
278
192
293
222
14
117
199
271
172
302
324
210
163
291
83
293
277
145
153
124
271
293
277
210
163
179
157
210
188
218
277
277
86
150
108
275
50
136
134
213
188
324
188
141
255
126
228
83
222
258
237
90
172
48
175
36
61
58
61
130
197
34
83
70
64
197
74
65
185
266
250
255
217
271
214
170
140
217
302
269
282
69
343
-24293
-73363
-117174
-100527
-68750
-70455
-75527
-52721
-41809
-63718
-91950
-54565
-83490
-69326
-53259
-79090
-31533
-81390
-64413
-91338
-108579
-77709
-38011
-46420
-52989
-86836
-42707
-55327
-76090
-82041
-91250
-72227
-54992
-92442
-72915
-86482
-89933
-65646
-61592
-21701
-41385
-65043
-88521
-66882
-52320
-68429
-36199
-63131
-1099
-98687
-89822
-95781
-132242
-82030
-43940
-73468
-47097
-60542
-101281
-55188
-67085
-34529
-73237
-105185
-14610
-28464
-133031
-100548
-88772
-79763
-84389
-22597
-49521
-94057
-56334
-58314
-69682
-106610
-80721
-43272
-47950
-76230
-83300
-47426
-54466
-75607
-63231
-93136
-71303
-68948
-77399
-78334
-99113
-88617
-66395
-72052
-12836
-40958
-45424
-43749
-27638
-47701
-72037
-25139
-65291
-93270
-84985
-55931
-78357
-81186
-130439
-131475
-4803
-73991
-78971
-69213
-52854
-49470
-25367
-39503
-49641
-61123
-91758
-142064
-113923
-42862
-30350
-70980
-7103
-34010
-100253
-45326
-49898
-61077
-42982
-58201
-72167
-87142
-58307
-62138
-71076
-48106
-46687
-66678
-49636
-96973
-60271
-102973
-96016
-98532
-65413
-57413
-70507
-2247
-45076
-79277
-94854
-103477
-66065
-61998
-43030
-101829
-73388
-91910
-75909
-65523
-67821
-59653
-72414
-85493
-65942
-94536
-53471
-56180
-61805
-77133
-67299
-97598
-71301
-63205
-62018
-120830
-117058
-84855
-128549
-107504
-64594
-87484
-66236
-41764
-82768
-81925
-11026
-106997
-97125
-107596
-113762
-84545
-132059
-105006
-53772
-71296
-33252
-47724
-69296
-83278
-61091
-68869
-12164
-112830
-104714
-88771
-38483
-2249
-74392
-82780
-33920
-56536
-75837
-45528
-88353
-79516
-53294
-69697
-16570
-42139
-85234
-101020
-96444
-69679
-90557
-93916
-51387
-71248
-88127
-84698
-74495
-69886
-85109
-71899
-8621
-44364
-6186
-39786
-56406
-29372
6374
-12748
-25929
-44671
-37646
-15916
-12847
-19787
-51036
-36344
8454
-25854
-23878
-38294
15238
27804
-21669
-28779
19804
16422
-30082
-26614
-4217
-17227
2348
-17451
-11476
-36220
-36570
7452
-10677
-35980
11279
-2156
-1539
-26232
4151
-23646
-13498
2056
-14011
-34434
-27746
-31692
-8196
-54572
-9632
1046
-20488
-15333
-17437
-14664
6761
-35611
-44263
-24595
-23249
26781
-31213
-18747
17792
-3286
-51124
-4533
-9655
8474
-73263
-6638
4064
-11480
-131
-773
-38843
-14411
-46904
6720
-33900
-9891
-34667
4149
-17234
15068
4916
-69988
-25191
5196
13818
-10380
-17914
-20432
-7940
-24061
-57648
-27713
33189
-20319
684
-3437
-34370
-12323
-47559
23022
-46008
-43678
-11259
17804
-25780
-27966
13550
-3756
-27212
-4965
-5006
-30061
-4426
5847
-23078
-19371
-24172
-18556
439
9498
-26523
-45182
7487
3115
-14763
-9722
-11927
-53779
-18762
-6339
-8477
-24410
-13777
-46396
-16371
-5400
-30758
35496
-36839
-53309
-22505
9445
30305
-10176
-12921
-12411
-61184
-46165
-14115
3288
-4210
14585
2114
-11791
-23595
-4314
2806
-57085
-24857
-20070
-35092
-13415
32049
-17452
6144
-2763
-47287
-32704
-37357
-1108
-6773
-20664
-34774
-16345
-13373
-30800
-15035
-15820
-26154
-19337
-15523
-18642
7488
-11483
-50817
-51881
-7654
-40051
7385
24283
-5278
8424
-55839
-28975
-15538
-21685
-14690
-12982
5942
-24530
-35133
-10671
26178
4750
-44090
-40710
-33027
4398
-40526
-60818
17319
11646
4122
-28066
-28787
25312
-22819
-33756
-42168
-25709
-26162
-18516
-2813
-7907
18275
2947
-14775
-15348
-21047
13969
-38572
-16503
-33844
-17312
-14350
-10992
4084
4076
-44077
-39552
1433
7683
-8774
-44308
-38183
-17722
3426
5949
-3664
-34200
-15447
257
-9876
-18213
7676
847
-6308
8100
-12199
-30805
10627
5344
-51355
18781
-29598
-70327
-80482
-75964
-88598
-91534
-48726
-37077
-52171
-82870
-43092
-48267
-79134
-52775
-72163
-59633
-63370
-74075
-38393
-47461
-51070
-29898
-30967
-19463
-45141
-76828
-69103
-62876
-70121
-53075
-64666
-32181
-64816
-91786
-36170
-23969
-27942
-12791
-4660
-15515
-16238
-13856
-33439
-30290
-27225
-14912
-40197
-41723
-31743
-17105
-64269
-60583
-50386
-19487
-43433
-15513
-31717
-50408
-50017
-63650
-34441
-32220
-31591
-33308
-35114
-30829
-30503
-50126
-31968
-50740
-44282
-50029
-52592
-16517
-39984
-36244
-35698
-66208
-70733
-6735
-34943
-47752
-36754
-12192
-27174
-40252
-50200
-15856
-75749
-42288
-23238
-17813
-30451
-58706
-37257
-13637
-28710
-58975
-19317
16796
-11010
-26774
-11000
-36561
-71758
-66579
-51752
-83653
-49299
-1055
-42404
-73394
-27760
-8811
-4802
-13231
-33329
-35527
2409
-14516
-20676
-21946
-29750
-67749
-50911
-29045
-31632
-12952
-63835
-68858
-12486
-41498
-30108
-36248
-56984
-61528
-42365
-51027
-58632
-44053
-7545
-12872
5879
4337
-38057
-40418
-51584
-63441
-63502
-49920
-37542
-37723
-9001
-44221
-21162
-41523
-37307
-42099
-23518
-23408
-43823
-59739
-54807
-42398
-26258
-50887
-29567
-13591
-10377
-14602
-30162
-42039
-659
2394
-33782
-46583
-44756
-33369
1839
-4431
-51589
-76558
-85352
-61374
-34209
-71304
-45773
-19843
-13528
-33713
-33352
-24907
-27124
-32417
-64516
-59332
-38774
-33574
-37793
-48657
-45554
-22990
-15135
3673
-47087
-25909
-45315
-44003
-47227
-27875
-49178
-37391
2659
-5558
-29287
-24573
-28494
-13766
-12683
-40517
-70350
-38035
-15590
210
-61605
-44149
-10402
-17202
-34147
-47402
-24189
10958
-32251
-50873
-52044
-61356
-43382
2755
-43287
-40668
-21948
3902
-12773
-13474
-25792
-38173
-23133
8972
-27353
-55761
-53406
-34060
-10789
12506
-12720
-17976
4864
38457
30821
23798
12527
45281
3995
6963
-6358
47731
22525
-2841
65761
-4163
40023
40176
35370
73107
26956
42422
48903
-13729
23276
18157
7354
32298
-13699
57496
23976
22665
31288
2663
30246
27369
18333
34396
27554
15784
909
1082
57593
4607
8747
25121
16280
48493
11750
50046
45578
12512
-1371
50046
20641
-14591
19299
6943
31757
34086
31215
14235
13465
15393
54618
24873
31198
23509
58960
13056
6158
31935
26971
-46
65118
41068
31463
1374
21121
41196
29777
-20840
24175
29430
41672
13255
16860
30662
15257
32660
5609
55189
31013
32538
29457
36110
-8912
28492
11432
57535
12402
1082
21733
17817
18858
20500
54065
13229
9977
33387
60677
17151
16256
29480
57287
6766
25337
18005
5314
1147
-15489
54884
20130
25883
51889
39370
29076
-9636
36803
-4723
14347
51282
18294
40102
38405
36247
20258
48909
21313
24203
3925
69516
3317
66329
17366
21654
31237
-755
29787
21544
48526
21967
17358
28010
32089
7749
12420
43170
11418
-1365
12541
14269
47368
36060
-17338
23970
-32834
20974
29151
18387
44586
10543
20853
14185
16397
-23574
23013
21220
70066
17413
-2002
15690
37773
44686
11942
13718
30730
27386
12215
-8483
7270
15835
26569
10173
35901
40728
33870
33342
19429
-5763
22615
-3110
30872
26114
17592
27766
25847
49042
21980
20963
73566
32645
37194
14216
12036
7961
66197
31268
8590
25432
14280
43264
61528
7818
36663
941
31541
65008
9725
31626
-3797
41951
26170
-2484
-2789
16312
34431
51404
27875
-8819
25781
12955
30700
4335
18852
13180
12787
-3562
-565
14608
16919
15618
4527
19799
-12309
25264
26471
-23470
11904
50649
62256
65166
64036
30693
14041
27006
29369
31656
20339
36236
32760
22639
28585
19087
47870
28214
-15552
-2979
10255
26736
-5674
3475
22187
46692
-8635
23883
-5438
25058
27311
5531
30918
21752
-8448
33224
16204
11108
13554
1606
19951
14145
37645
8925
-737
18695
5618
7187
5810
35019
35928
23116
61900
38951
18068
24670
23821
41214
62078
16333
2272
-44830
5492
6268
21161
-21034
71148
32847
28126
34337
42881
-7861
-18505
24764
2657
12327
16856
88577
26437
-34040
21549
41032
11385
-15383
-4479
-5158
-16087
33598
45735
-11942
22468
2705
48793
22880
23436
41884
20501
13607
-33757
-5256
10664
-1574
2795
-5056
15398
8177
18659
28515
11351
-4474
72458
24958
-9814
17672
13652
50908
41984
8700
-20068
10569
-746
-4569
29355
65484
20065
25332
-10186
-1113
28723
-34989
30447
24361
43760
42246
34619
5351
17212
35189
10371
-19270
11734
4
16415
1005
9075
34005
-6474
16777
-21489
16271
1203
235
33875
-7698
-11650
-17508
-9986
16191
17862
41501
62437
63167
44065
31791
48241
25498
9375
8711
5740
58402
63399
43918
17259
37195
29439
14621
28854
39075
45516
49146
41714
59544
46949
14292
67265
71435
17636
25933
32881
40623
33397
29151
-13203
34530
45781
18469
32404
10046
58416
55930
4087
20317
-3935
9786
22150
32973
30302
9844
-12656
28408
43696
55442
18128
6592
9795
15729
-13519
-33157
891
4779
28673
-6903
-12480
11599
7844
-33506
10025
12088
41012
19336
-2414
20210
29561
34554
22253
36088
-7985
17899
61250
24178
-27215
-11368
-25303
-5188
8566
16743
-37936
-24305
11246
-4533
-18984
-36289
-43074
-25364
10951
-1763
-46497
-18504
-39647
14427
-13590
-33753
-42371
520
-51343
-40386
-90868
-37888
-39921
-47884
-28543
-28146
-37310
-85284
-63319
-38672
-64019
-39226
-9042
-37775
-44521
-25423
-34416
-44672
-64577
-27977
-91870
-5822
-81778
-19104
-114416
-55675
-69453
-36169
-68486
-11346
-59394
-73900
-67902
-93798
-41273
-55604
-24740
6151
-46178
-68501
-36563
-63718
-40696
-70847
-15850
-83183
-6617
-18093
-81962
-23413
-89133
-65819
-77832
-49537
-36635
-59765
-56232
-58891
-31209
-14907
-63824
-26033
-63591
-44524
-38466
-40270
-39578
-59821
-86827
-17572
-57485
-61262
-42947
-32372
-44458
-64505
-25090
-96985
-65082
-54959
-90333
-101832
-25044
-56556
-14660
-12726
-28329
-10578
-25695
-50969
-57781
-68971
-41978
-32136
-49340
-36966
-45912
-34595
-72085
-87151
-46377
-32387
-65245
-74763
-8167
-53861
-39564
-63564
-61111
-48467
-99753
-67442
-71952
-94895
-11517
-24754
-39036
15685
-25748
-35546
-46431
-12604
-25296
-33089
-42590
-54476
-45469
-89048
-49581
-35330
-33746
-40288
-46700
-33308
-77983
-78792
-61068
-79581
-77899
-56822
-81211
-3762
-22415
-48553
-70993
-53730
-73969
-37416
-27720
-9994
5506
-63790
-53491
-49856
-78153
-48395
-86026
-60952
-19953
-94345
-50426
-65748
-37994
-54611
-746
-23312
-11013
-38312
-55564
-6126
-58438
-52820
-59579
-73264
-33962
-38867
-49986
-5085
-16546
-12532
-86689
-1967
-13135
-21456
-49110
-72122
-81466
-75874
-20691
-56675
-20341
-18258
-17417
-33873
-37356
-35682
-25565
121
-29350
-78339
-27556
-11955
-39365
-33070
-17336
-37119
-68391
-46038
-63982
-48742
-58770
-42193
-65248
-34139
-33270
-30989
-75963
-22210
-54015
-102084
-63629
-49014
-71499
-63101
-90611
-73481
-73149
-15431
-26959
-25139
-38208
-15151
-1244
-517
2485
7395
20046
5259
-25689
-13038
-2022
-6197
-317
-5607
-1174
28474
22808
6723
39056
45651
43107
20479
37537
26026
48519
25397
32714
38260
6036
58987
16036
12745
30477
23080
27731
-6226
22222
33572
28753
-1353
38225
26852
69942
34936
51652
48387
44895
25474
25812
49229
70024
43610
34974
23633
4668
41406
28835
27876
30240
28035
42405
18147
55504
8878
16011
15512
61240
57687
38225
42569
21984
21525
13393
55240
46791
17649
47414
42773
-130
-5830
5469
46997
13358
27962
44083
21232
9283
69737
2553
5594
6478
26962
97809
36634
37579
51668
34214
4882
10002
30201
-7789
-1369
50392
47254
43990
51246
44282
22701
-35646
66539
76855
15008
14876
4616
39113
22709
17413
12663
23561
31466
39573
9543
93075
44079
62015
37587
-27435
4142
3611
2227
44398
17521
9559
47834
31916
6774
44043
60799
7991
37453
32714
13091
42159
10740
5809
64901
14196
30244
37311
35380
27958
37976
74950
-3215
37290
70971
10386
37326
1087
-9353
46762
28069
28367
12175
26128
-10857
39248
24234
30359
40122
39355
-21039
43445
640
59958
-1270
31146
45982
40691
90683
51308
71071
46770
16984
35487
43473
7662
70064
50519
38433
-10293
14171
-7784
42628
36271
-9390
55772
18855
61082
82875
18510
21155
10087
50880
-4666
31636
31176
6475
2110
37709
-948
4227
12923
30363
35377
42168
11150
26078
27321
9533
-4093
10403
19121
-15363
-8053
12698
34614
50264
40569
18468
-7644
40122
219
-4767
15817
17698
12839
25767
42508
-8090
11772
60593
9086
7697
10319
13626
-5413
20263
50633
36519
65385
21529
40733
59201
29439
19482
11802
-9782
32288
-35477
20995
15593
35014
10992
-14408
3234
27592
39211
30980
-17260
-11490
-5654
12941
1536
15632
3132
-21941
-20707
-543
3727
3241
-14199
-6142
4690
-1275
-636
-6266
-10347
32784
20193
11099
3379
7782
18539
-25822
-13044
22572
21506
-32178
16377
20739
-12670
18084
-31723
69426
15676
-11009
39218
-7498
-22870
-9130
21772
39921
30925
-31561
19784
-4942
21404
24845
-43019
55099
3714
-21661
23677
-21211
1747
-27929
-10482
36794
38857
18333
-39255
728
26413
-4601
-15894
60812
36929
6913
8359
5157
-28579
-10646
28391
-11107
35905
28459
4980
23192
-16070
-10573
-25929
43817
-2845
33013
16486
-4765
3702
3956
17888
19801
-1746
28064
-11699
-16327
74521
6383
-71303
49441
18157
4440
6348
41756
-18433
-15648
35181
23053
-34653
27769
10810
37320
7914
-32377
-43317
37437
17581
-3717
-6868
14312
4530
-3577
16241
65321
12975
-18008
14312
-15861
-10100
71821
-40892
39073
-2864
-3752
28778
38582
-6385
-24964
21574
30552
-21088
34176
44912
-9925
3648
28117
-33234
54509
-2646
-20084
-6787
13277
-6252
31362
3564
30326
34951
57
-25427
-4737
-12424
30320
-18923
60827
-8251
-7438
22490
-5460
-2706
-26824
4130
35954
15367
11197
7078
-4974
-4342
-27722
-21917
71415
37403
3695
2605
16895
-5753
-23720
114
2515
-5368
13913
14202
-24434
24877
35106
-44454
66894
10927
-10774
-2576
28569
43882
-15170
-16617
5661
24856
4896
15675
-20073
23791
23254
-39780
32693
25480
33926
13978
6275
13519
16787
18037
-1057
-23532
2948
43108
2561
5156
37710
-21501
56777
32053
16401
2981
-15575
17030
11599
12288
21330
-15996
-13946
18712
13522
10791
1066
-44138
33302
2918
28582
-6432
6239
16667
-2315
-3180
11148
5189
-486
35365
-19008
-2026
40622
-26062
76
414
665
516
217
652
463
252
181
591
413
406
658
373
495
-10
-874
324
148
82
-168
-258
-113
-4
435
247
233
-136
192
103
387
-36
-329
132
381
-6
-173
411
456
-138
-555
354
453
-171
335
-94
-236
-235
-608
145
369
-253
247
63
86
-115
-624
-501
18
255
537
-360
-119
-174
-775
-159
-120
147
-10
-172
-109
-41
226
-28
-64
-30
-369
-231
529
136
-460
132
240
341
89
-16
-114
-47
-25
-117
-54
278
-194
409
78
-389
-723
19
-39
52
312
450
-72
-159
327
-18
-541
201
182
-108
362
271
-115
-141
-289
-292
-122
348
-270
-326
-251
129
-305
30
-113
176
292
-666
-554
-35
-124
-199
-477
-57
-276
-208
306
381
-96
145
-475
-83
-239
-51
-481
185
-163
-245
372
-89
-124
-233
-120
138
32
283
301
-104
73
-449
-595
-9
108
-50
187
263
104
-252
-262
-70
220
163
99
83
345
144
-191
187
-164
-548
223
12
-97
-149
-204
118
335
133
-263
143
26
-336
-261
-323
202
376
77
70
250
-202
-2
87
-348
282
-70
-229
-300
23
-254
434
45
215
-14
148
365
-390
-6
73
-111
-74
457
239
3
-475
-176
307
12
379
28
494
772
378
544
268
80
511
441
-125
115
169
-690
-539
-422
-460
-222
-578
209
-670
-384
-40
-436
-375
-127
-493
-683
-138
7
233
59
-9
191
-184
-279
240
-9
-175
-91
170
-121
40
-344
-29
333
515
326
146
364
383
413
38
287
713
534
343
204
655
246
734
434
652
73
3
440
422
177
-4
640
861
345
223
-80
-29
570
509
500
827
266
-9
929
473
668
-239
360
451
581
229
474
322
687
49
329
220
354
483
622
244
184
271
344
-159
341
632
224
120
383
652
-59
648
398
634
106
97
163
0
369
168
492
49
211
635
522
709
424
949
506
256
97
286
-234
781
424
216
416
212
465
448
384
-223
588
489
143
-11
389
756
237
706
19
374
394
254
516
-449
254
145
156
166
102
508
-91
540
360
451
320
700
515
374
572
340
-45
723
166
471
108
250
192
332
-22
-49
286
609
333
61
145
-155
278
1105
123
724
223
638
499
411
258
240
456
429
349
178
339
714
-28
422
419
781
605
633
505
-125
562
-35
470
617
281
471
334
453
239
510
-135
1030
400
-172
1
460
7
647
651
411
87
314
627
-94
441
652
-18
393
347
613
585
798
11
511
120
121
-457
241
50
132
634
501
186
637
764
630
466
82
545
584
551
552
443
746
546
221
1052
408
-87
695
442
128
612
482
365
528
806
252
157
759
254
265
877
176
921
584
777
637
766
517
709
541
657
566
594
620
871
352
720
222
1055
1100
929
799
1167
1405
969
860
1065
1088
515
954
773
1066
1578
311
1409
1192
408
1015
1111
770
534
703
1223
822
1245
1057
1021
922
839
338
1182
904
930
1057
1055
840
1257
977
1136
1358
1479
888
1137
1298
1005
527
1198
838
1438
1256
939
1376
725
927
876
916
1388
1312
987
880
514
-136
1282
908
881
1412
391
1252
704
936
1078
833
1417
913
1015
1384
1017
537
923
1373
975
744
850
728
593
996
465
1031
791
1235
1230
809
906
163
1540
1034
969
815
926
1076
886
954
753
1121
1128
1520
580
383
1123
100
728
486
1076
1438
1432
486
1125
1011
891
985
1097
1074
1181
1162
284
205
885
792
858
576
648
839
1327
1051
487
1008
825
784
582
1095
644
687
739
849
743
613
877
887
1046
990
1701
1234
925
869
333
925
443
236
1175
1384
1044
1251
1395
927
1210
1022
1314
996
993
1492
876
1378
1841
514
1225
1068
1015
1011
1323
1335
419
1261
1104
1473
1034
889
1025
1162
1245
197
1111
1034
1096
1269
757
968
1033
1531
1006
529
936
1160
889
1320
1219
401
1186
1060
1556
1025
1210
991
913
1506
1055
1339
1127
1475
953
568
1120
4
369
533
374
272
653
260
0
381
229
719
785
430
-64
308
385
554
-112
-360
-489
-682
-781
-853
-662
-527
-540
-794
-927
-271
-637
-595
-712
-715
-336
-453
-1161
-601
-778
-363
-832
-1122
-683
-897
-990
-726
-942
-182
-1053
-919
-404
-872
-1165
-801
-792
-570
-1547
-919
-725
-1135
-881
-905
-651
-674
-1053
-1100
-145
-1201
-798
-1024
-1225
-895
-1099
-1142
-1047
-507
-1135
-1511
-887
-914
-368
-828
-434
-625
-212
-1196
-599
-886
-766
-985
-1145
-809
-1162
-844
-1271
-1107
-1219
-1038
72
-952
-896
-828
-265
-1104
-461
-953
-746
-830
-457
-443
-1191
-861
-1003
-886
-525
-834
-1184
-924
-686
-956
-885
-634
-888
-1164
-1043
-993
-953
-526
-936
-1392
-206
-714
-1001
-1204
-1628
-738
-972
-933
-381
-637
-573
-863
-1238
-1239
-376
-893
-475
-539
-712
-975
-802
-864
-1149
-1389
-510
-1103
-572
-903
-757
-781
-429
-964
-332
-781
-773
-714
-948
-731
-645
-715
-1059
-883
-769
-960
-498
-749
-471
-1014
-424
-785
-795
-1210
-1336
-1127
-1476
-1103
-727
-777
-699
-809
-672
-793
-1526
-1370
-677
-490
-622
-1158
-740
-1039
-1269
-971
-969
-1189
-1382
-729
-1248
-768
-995
-802
-312
-189
-975
-1055
-682
-739
-723
-1158
-1509
-703
-795
-686
-1304
-635
-950
-1064
-79
-471
-586
-815
-1417
-385
-1112
-713
-857
-1119
-920
-545
-867
-694
-895
-616
-199
-560
-507
-1091
-906
-1681
-1298
-703
-319
-823
-1042
-671
-786
-698
-1126
-1309
-234
-825
-207
-857
-726
-1221
-731
-687
-773
-964
-1096
-682
-421
-764
-873
-796
-157
110
343
84
-87
89
-80
155
-238
89
308
-171
383
-338
180
100
139
569
276
287
528
538
418
628
248
659
216
583
100
301
355
447
437
767
384
581
461
585
73
593
800
181
568
755
195
918
460
327
528
566
421
623
518
511
834
389
953
281
646
299
696
399
534
756
503
-149
1026
521
793
398
344
424
559
612
447
604
493
318
770
190
310
789
959
752
465
419
178
253
884
198
874
899
449
575
68
713
291
238
774
491
870
611
691
730
702
417
443
328
436
570
298
311
209
801
476
452
427
777
494
897
329
704
337
1130
528
432
840
419
501
294
357
409
698
267
243
839
798
917
855
768
157
727
218
305
352
550
632
480
416
391
413
708
513
542
634
348
535
640
565
798
423
684
215
495
312
911
335
595
364
422
591
485
599
341
389
418
216
591
792
507
415
273
491
624
775
604
751
583
530
-37
537
663
434
474
445
404
665
304
500
427
586
852
337
374
692
645
686
511
441
475
317
927
407
670
177
74
660
225
702
-29
574
583
111
1075
548
708
669
646
73
788
1036
414
560
904
683
840
553
623
572
788
578
366
243
-29
140
171
291
291
144
135
-280
160
140
18
221
369
356
-24
-171
-138
184
258
163
139
-83
223
66
-152
24
98
-17
-103
785
-176
-23
-250
-98
170
179
-57
86
62
-84
-132
-41
-150
476
-267
630
102
-458
209
58
-304
185
511
177
-393
54
165
-465
106
88
-360
966
-683
-10
320
111
-135
279
396
258
-435
474
-3
-27
-122
-175
-334
679
-532
206
131
-585
-153
26
302
162
-190
345
144
96
369
279
-518
311
361
-285
-244
-427
-65
-433
-66
330
-68
-104
121
292
-320
175
-498
890
-76
162
-406
-70
-131
-1
47
-480
135
87
168
240
-158
-382
-163
633
-323
10
515
168
-147
37
204
-755
-376
61
87
38
-435
-114
-10
638
-447
93
319
-33
-252
279
172
-51
418
-535
64
-221
36
-251
-454
392
-398
352
164
-275
-102
-29
193
-210
-52
-389
55
-459
620
132
-165
860
-540
-12
317
148
210
274
-76
54
-15
14
167
-336
512
160
-223
359
-258
-74
-29
-332
268
374
314
382
57
-227
-189
-55
-501
435
-270
1014
-363
-228
-5
-47
12
-168
779
303
-89
-36
-272
577
-377
98
-487
827
-468
7
494
158
-523
-326
29
134
43
-94
212
199
246
-149
-372
536
-334
-283
19
34
338
-66
-706
170
380
248
323
-259
-279
558
-437
305
54
-241
-67
197
707
579
612
2
153
455
113
-24
393
-27
-59
293
-35
111
108
-104
-234
-47
-28
105
-165
-84
-207
76
-66
-65
-374
338
-151
437
-1
-41
-191
279
-329
360
295
508
-28
248
83
-65
-51
347
-199
114
10
-314
-294
388
-37
-9
-383
287
-220
61
209
179
-525
-12
-47
173
-120
145
-225
-211
-23
-84
-596
-22
33
300
-38
-582
-734
546
-218
-398
349
-40
-53
-34
298
242
-473
45
-76
107
-707
-136
-376
-72
150
16
440
207
-154
-41
-23
11
330
-534
187
127
59
-354
-196
438
-287
169
-331
-397
105
105
-14
-28
287
-281
-271
-116
-192
-191
11
162
-184
-56
-203
-571
18
-231
233
-144
9
-70
-255
-189
-71
99
81
392
-387
-161
211
161
-144
-331
-146
-511
-176
-455
107
-475
-21
29
-111
195
-259
97
77
7
95
316
10
47
112
-58
25
-233
-121
-385
-558
70
-296
314
205
-147
-304
-58
-79
-366
-566
-347
-99
212
44
356
-552
231
-60
-245
-39
-187
75
-318
-56
-253
-88
173
-64
-128
-346
25
-472
261
-340
-172
-157
53
305
467
-49
-168
25
247
-177
291
-552
207
-202
238
55
-152
374
346
186
66
138
277
-10
-230
-294
456
314
-196
-707
183
19
-80
226
-230
-226
425
213
197
113
-158
-150
366
487
199
-1076
280
138
-443
-112
-32
63
190
-424
-56
290
18
79
-134
-165
18
-362
158
354
325
562
130
178
244
486
157
170
717
445
199
606
331
234
698
763
917
625
1004
966
1005
899
537
1123
935
867
1294
610
904
701
309
292
753
415
824
503
902
1199
412
875
402
1133
556
1147
695
96
591
561
642
1024
871
1040
792
734
859
725
903
857
651
864
760
344
486
707
960
866
949
456
1306
781
614
1129
741
693
484
589
968
427
449
411
1298
836
462
1219
974
624
456
624
1288
426
430
891
1040
355
521
941
682
1026
727
-67
1007
682
905
462
1152
899
616
841
317
787
499
536
514
596
979
988
1032
926
384
730
765
630
669
999
978
268
175
393
887
1113
862
837
619
978
232
495
1018
524
865
840
705
114
122
522
979
274
905
921
899
881
1205
859
459
650
495
609
1188
251
285
126
853
1055
587
913
441
930
693
964
501
406
219
876
764
518
727
579
906
984
585
906
701
842
782
634
961
769
1559
1056
979
676
299
306
473
1262
913
1042
1166
521
1233
891
468
1109
784
840
763
294
301
429
998
413
1110
471
1019
930
666
559
855
1059
980
667
1168
482
681
506
569
1260
405
1381
806
850
864
425
942
680
723
717
292
461
332
75
461
224
363
192
-98
81
852
332
488
433
145
655
892
-155
-412
-441
-325
-371
-243
-177
-781
-433
-246
-853
-449
-232
-566
-602
-459
-504
-185
-299
-564
-491
-644
-692
135
-414
-318
-282
-577
-392
-240
-90
-349
271
209
-50
-106
-53
225
-191
169
136
59
-110
23
-390
-192
-188
-289
-259
79
-448
-54
-176
118
109
-67
-388
-415
93
-497
-271
470
-396
-481
-136
281
-265
60
-29
173
-570
-494
-32
-74
-67
-73
241
-828
-467
-750
125
340
-294
19
-242
190
-54
-60
-30
-183
271
-51
-501
185
143
-212
280
334
-546
382
-334
-82
207
-201
-97
-96
-96
222
398
195
310
-84
-134
-102
54
-239
224
7
12
-114
353
180
148
274
-153
-292
-337
-489
-105
39
-39
-383
-273
270
-199
140
-550
-194
32
47
-385
371
-261
-362
151
405
-228
-344
335
-906
-110
106
239
-54
14
-85
-464
-614
-382
-452
449
-202
-214
-109
-582
329
-167
-304
-86
309
159
-154
-203
-262
44
-200
384
494
-345
105
260
-369
-778
-410
-56
-218
-122
-532
358
153
30
-79
-401
82
-485
444
74
-543
55
-302
133
-234
290
-247
195
-29
-192
-200
-27
145
-95
61
27
-266
548
253
-218
350
-301
271
-301
-257
-134
-555
62
86
153
194
-132
-100
-362
-481
-206
-245
351
3
-317
-16
35
57
-373
240
-41
-209
60
60
-25
-43
195
-438
-88
-15
96
298
321
-105
165
-576
-68
-441
-290
-100
116
-355
-222
-99
-108
200
-41
-513
-101
-345
-59
-630
-620
-312
-659
-325
-465
-60
-474
-831
-720
-475
-971
-181
-189
-496
458
-881
332
695
320
-13
-123
68
143
-293
-373
412
503
-114
-93
-206
-198
-759
-166
174
-425
-481
637
83
15
-408
61
68
127
-410
-178
119
528
-562
525
272
290
355
-76
-361
-475
-57
-384
149
110
-188
-471
125
900
-738
17
221
-179
-24
-165
393
339
-73
36
13
-368
-158
292
488
602
-304
-414
-373
23
-120
539
-166
-278
198
-76
-125
-131
187
410
159
182
-351
148
399
370
126
-703
-434
226
-4
-8
572
247
-240
-223
-246
752
-784
133
127
281
174
-275
101
315
334
160
17
201
-363
-114
-24
299
-475
-15
145
105
-388
-413
-242
322
-177
4
116
-136
-498
87
386
526
-685
-291
34
-307
326
-24
68
56
-431
41
327
55
-404
30
345
392
-633
-240
-126
366
-223
157
-100
-309
-216
-70
-16
-143
484
105
173
263
-482
312
198
67
214
-572
-314
-234
179
121
191
16
420
89
-59
341
-375
129
-244
-511
-201
195
365
182
112
-383
-554
-702
-416
-495
173
729
-722
-375
-221
-313
-316
52
-269
169
89
-76
-223
-301
-254
-130
620
358
-371
139
309
320
259
-54
-157
-174
168
206
376
447
160
534
552
643
96
558
885
298
304
467
563
364
664
442
650
241
528
692
916
646
-20
793
408
259
181
286
677
559
614
549
595
64
252
755
-201
425
-169
512
71
398
330
259
180
754
429
508
-49
816
3
828
301
-41
18
434
171
502
489
117
662
49
208
267
-14
279
317
7
415
150
-211
123
176
338
576
124
775
636
-125
737
165
867
567
573
209
574
-200
79
437
-61
364
-173
208
627
249
741
507
-182
116
224
226
706
273
61
339
221
301
494
281
161
200
-177
526
-488
-46
706
198
540
-154
433
429
152
158
-88
283
-34
54
-87
489
294
655
428
-27
696
-327
-192
339
86
492
-28
80
219
349
-10
307
465
511
253
-75
188
98
56
12
641
178
170
144
146
230
350
105
80
234
243
-41
148
-336
137
48
334
554
334
122
626
507
207
117
519
302
94
90
526
11
298
181
390
17
106
634
33
715
538
-580
-49
285
731
-323
237
-307
165
738
-50
376
282
355
382
-256
-428
42
197
-329
906
-2
138
-479
95
363
603
119
-53
67
460
426
0
283
1020
295
698
-224
174
-438
-118
401
422
422
-52
574
-175
137
439
-12
227
-266
321
630
-266
-215
-389
-178
-58
-13
-37
255
237
-139
-157
-14
333
-79
-129
-187
172
-239
-643
-595
-688
-697
-794
-782
-891
-391
-875
-903
-421
-547
-387
-496
-1088
-679
-1535
-1410
-1348
-1124
-1028
-971
-1204
-1282
-1052
-1411
-837
-430
-1685
-1296
-909
-192
-1148
-1253
-1136
-441
-273
-654
-428
-937
-1271
-1673
-1013
-802
-1455
-1094
-404
-284
-1225
-1133
-857
-823
-989
-931
-304
-480
-661
-855
-1304
-1319
-1405
-933
-715
-383
-1467
-1498
-869
-469
-628
-942
-1080
-826
-952
-796
-1205
-1261
-737
-924
-935
-479
-951
-772
-739
-750
-951
-625
-1111
-629
-799
-1060
-797
-692
-820
-1136
-1595
-909
-1418
-967
-1261
-1164
-928
-973
-573
-678
-765
-667
-983
-1296
-1367
-938
-963
-221
-901
-575
-1147
-1094
-1075
-864
-1306
-979
-969
-1271
-741
-527
-588
-420
-748
-816
-382
-1017
-1135
-927
-570
-657
-1116
-1211
-1029
-904
-438
-628
-1217
-1486
-906
-374
-1164
-1143
-889
-1411
-1001
-755
-936
-498
-642
-614
-1136
-1294
-960
-1526
-961
-421
-1082
-797
-1143
-1295
-1125
-1053
-1108
-1630
-946
-985
-1051
-857
-428
-1588
-1014
-818
-1277
-971
-760
-1113
-734
-415
-400
-702
-563
-539
-967
-1215
-1164
-1318
-1195
-319
-722
-590
-954
-1016
-1092
-1093
-1420
-900
-617
-932
-986
-778
-1546
-1063
-442
-467
-1541
-1070
-558
-462
-1144
-1132
-1283
-1583
-1163
-806
-348
-542
-918
-1222
-397
-394
-1252
-1079
-606
-632
-797
-774
-1250
-1152
-1182
-1048
-1154
-1266
-1198
-988
-672
-688
-423
-722
-640
-690
-484
-725
-435
-790
-846
-655
-607
-748
-1122
-928
-469
148
-198
91
155
229
127
94
-113
538
-71
134
261
139
178
130
-426
-34
-111
-81
-419
5
-116
-596
87
-60
-265
-340
-295
-295
-21
59
183
147
-89
-165
575
390
473
-138
465
191
-465
-268
331
-196
-90
7
144
142
-9
-207
-209
-252
-188
292
51
-275
-108
88
-68
-282
114
-237
-166
164
-246
-445
186
619
519
-580
-484
-160
72
-399
-68
-349
3
-399
314
-78
241
326
-95
-3
-304
-36
96
-94
133
108
-3
-173
-407
129
172
-357
-218
-406
-177
51
-3
-226
47
283
-307
230
-52
-56
199
117
-328
-57
72
34
-326
-271
-57
19
-525
24
-31
-203
235
-121
-443
-118
-227
-340
-314
146
-88
-273
78
-231
39
-455
295
194
-440
69
-368
-307
-136
265
-370
-487
-17
-661
-147
-124
-154
-123
-4
-142
-19
-272
-913
-360
115
-404
82
290
-458
-253
225
-273
-350
-279
-263
33
-245
-451
-61
-374
63
1
76
-350
-232
288
-212
167
-236
-209
-297
-329
67
-326
-328
-447
-213
152
243
678
79
-11
-281
-157
141
237
-143
-41
-336
327
-59
-417
71
-44
-126
150
257
-365
-164
81
23
-159
-173
-204
-9
-210
226
-247
-588
-291
51
406
249
-322
-595
151
160
-36
192
163
158
-54
-31
789
141
-472
-98
-136
137
-8
-186
-869
-228
-300
-703
32
-204
-264
147
-161
3
195
88
-145
89
-472
-660
-275
-155
-10
-158
-341
-196
-412
-95
-702
-93
-223
-487
-96
-162
-434
-168
-515
-543
-11
-897
-532
-243
-51
-296
-106
-502
-241
-192
-337
-399
-416
-389
-433
-268
168
-636
-561
-426
-277
-737
-832
-104
-389
-1012
-675
-428
46
-424
-529
-325
-490
-892
-914
-176
-1014
-775
-709
-392
-560
-589
-297
-252
-993
-553
-323
-131
-748
-693
-425
-520
-105
-658
-681
-656
-782
-1150
-929
-775
-445
-308
-169
-424
77
-95
-732
-519
-895
-787
-927
-739
-818
-653
-727
-299
-529
-865
-886
-379
-192
-401
-779
-736
-771
-1670
-590
71
-410
-531
-295
-877
-793
-773
-162
-946
-1277
-782
-891
-704
-713
-885
-359
-243
-875
-839
-742
-310
-983
-662
-1080
-424
-526
-739
-496
-398
-821
-697
-544
-568
-567
-554
-318
-472
-461
-762
-679
-611
-706
-1041
-566
-411
-423
-692
-948
-426
-498
-1006
-634
-666
-244
-706
-98
-193
-447
-336
-768
-333
-90
-939
-873
-497
-718
-694
-289
-816
-785
282
-538
-292
-386
-428
-185
-583
-753
-776
-490
-368
-243
30
-732
-867
-551
-735
-481
-404
-307
-1111
-344
-628
-322
-899
-1363
-408
-646
-796
-382
-310
-344
-988
-432
-368
-1143
-655
-726
-520
-558
-985
43
-498
-818
-1054
-1031
-1029
-1218
-261
-870
-586
-573
-1124
-1041
-739
-846
-1296
-1392
-770
-914
-606
-453
-632
-753
-528
-664
-475
-252
-733
-517
-1085
-850
-588
-561
-593
395
599
494
652
684
438
219
355
447
706
690
703
607
305
210
-32
-142
373
204
337
-31
10
272
48
202
47
-250
-232
-241
-204
725
457
78
522
525
599
445
-135
-93
19
418
492
553
-10
-36
331
89
2
250
391
16
-61
201
57
523
104
245
64
-405
-138
319
312
197
189
-13
724
493
470
146
-391
345
495
582
152
185
392
411
413
-447
147
292
512
-64
-376
-165
355
334
439
657
694
268
248
86
83
-96
130
441
292
163
-341
376
573
244
241
-60
335
-94
-256
-17
159
138
565
234
825
497
504
-37
-84
-364
154
-25
-107
532
577
469
81
-171
-96
190
452
-443
710
629
224
-123
-234
-43
634
351
596
554
294
101
375
34
-45
71
553
153
-118
-6
648
54
-179
-79
-22
286
214
289
260
260
514
-59
-14
647
326
-93
522
659
842
364
726
413
-301
104
115
243
628
132
99
-73
385
273
120
444
172
-89
79
171
-81
228
83
479
829
297
-102
175
268
7
52
675
-334
-66
395
480
536
390
-55
132
654
380
325
120
341
-58
400
338
296
347
67
148
71
106
191
-76
485
43
-118
-421
167
284
198
817
448
-245
-250
-38
4
324
-169
-233
-166
-750
-417
-175
-199
-583
-436
-733
-856
-797
-782
-609
-642
-271
89
-328
-74
1
265
326
58
-25
122
-222
181
137
253
273
-50
142
-34
-351
-152
-715
-881
-424
-795
-172
-554
-249
-283
-159
-327
-163
-280
259
-531
3
-396
-324
-309
247
-756
144
195
-289
-457
-223
-681
36
107
-128
-436
74
-474
-332
-592
-451
-312
-213
-226
-104
49
-173
-21
-89
-471
-393
-1220
-211
-292
-489
-198
95
110
-234
-380
-240
-550
-571
-711
-49
-695
325
-431
350
34
44
-172
-474
-495
-72
88
-140
-310
-515
287
96
-132
33
59
73
-435
-101
-658
143
-334
-12
-305
-618
-368
-104
-105
-133
-392
-86
-551
-125
-358
-306
-127
426
121
166
-87
-290
-492
-735
-806
117
465
-150
-284
-179
-86
-501
-112
46
23
-389
-462
359
-248
-184
-75
-111
-24
-56
-492
11
-361
-36
-817
252
-785
-48
-33
-112
565
110
-58
6
-456
-401
-719
370
280
-308
-122
-225
-136
-589
-326
-574
-462
-626
550
-108
141
529
-835
-143
-473
-864
-249
-411
-262
-410
146
-228
-394
219
161
-165
-201
-264
-162
76
-442
-667
-354
-10
-535
-288
-189
-83
450
-112
-347
-541
-155
-161
-607
15
-568
-398
-616
-224
-221
-284
-214
-422
-264
-656
-270
-292
-696
-567
-955
244
-18
-230
-446
-401
281
-616
-202
-376
-630
-129
-679
-458
-303
-599
-371
355
322
266
25
-206
-455
208
34
-17
194
59
388
292
-179
97
-203
-119
-295
-855
-903
-745
-479
-848
-603
-626
-581
-943
-882
-1031
-886
-921
-571
-616
-1072
-1517
-2358
-1462
-1346
-1675
-1650
-1167
-1536
-1262
-1819
-1693
-1428
-1505
-1094
-611
-889
-1291
-1386
-1334
-1726
-1117
-1133
-1182
-1103
-856
-1521
-1693
-1609
-1850
-747
-738
-1430
-1229
-1636
-1565
-1205
-1253
-1530
-1359
-1608
-944
-1006
-1389
-1254
-902
-798
-732
-682
-1291
-1546
-1178
-1158
-1628
-1689
-1352
-1710
-1363
-1574
-1430
-1567
-650
-110
-603
-937
-919
-1414
-1676
-1946
-1416
-1133
-1523
-1104
-1457
-653
-1283
-1291
-1243
-176
-483
-925
-1056
-1100
-1442
-1456
-1461
-1482
-1860
-1350
-983
-1215
-926
-765
-1075
-1049
-770
-1391
-1274
-1069
-1702
-673
-876
-1221
-1335
-1453
-1832
-1614
-1438
-961
-1405
-912
-791
-1548
-1064
-1333
-1958
-1071
-1347
-1005
-1112
-862
-1371
-1332
-1264
-1337
-1074
-826
-493
-1182
-796
-1446
-1713
-1228
-980
-1155
-1495
-953
-1386
-1261
-1220
-1722
-1077
-827
-913
-784
-978
-904
-1228
-940
-1471
-1544
-1623
-1775
-1041
-843
-1292
-1210
-926
-866
-666
-1075
-1442
-1538
-1298
-1051
-1171
-1032
-1323
-1631
-1443
-1216
-812
-1679
-1654
-803
-760
-1196
-1232
-1051
-1203
-1444
-1139
-1269
-1177
-895
-1516
-1856
-665
-1262
-1310
-794
-898
-1325
-1329
-1159
-1272
-1002
-1139
-1076
-1114
-1357
-1572
-1867
-1213
-1681
-1381
-1195
-577
-630
-1156
-977
-1503
-1224
-1174
-674
-687
-960
-841
-975
-1069
-1145
-562
-270
-664
-923
-875
-446
-488
-890
-1022
-1425
-1107
-877
-723
-516
-1128
-851
-418
-50
-771
-1392
-1235
-1668
-1507
-1184
-1293
-1322
-1413
-1556
-1392
-1515
-1104
-1286
-957
-444
-751
-838
-888
-688
-581
-958
-760
-510
-555
-649
-587
-630
-785
-951
-831
-256
-197
-1268
-984
-913
-560
-397
-143
-249
-398
-910
-635
-754
-375
-791
241
-137
-108
-583
-960
-661
-702
-393
-650
-994
-578
-1186
-872
-1267
-387
-948
-223
-110
-78
-645
-576
-686
-419
-1088
-984
-690
-461
-575
-582
-510
-775
-572
-749
-480
24
-417
-1012
-709
-820
-825
-794
-278
-388
-605
-295
-768
-752
-609
-826
-579
41
-707
-588
-1027
-408
-490
-337
-656
-964
-350
-984
-820
-653
-529
-262
-561
-370
-555
-1224
-275
-936
-153
-737
-680
-320
-524
-680
-177
-465
-690
-171
-305
-272
-666
-577
-798
-487
-1142
-300
-606
-1076
-270
-213
-550
-678
-1122
-541
-294
135
-869
-550
-278
-1545
-428
-750
-1137
-656
-411
-706
-770
-685
-777
-711
-338
-369
-685
-831
-988
-1029
-222
-714
-520
-783
-1065
-873
-922
-480
-660
-528
-68
-152
-484
-714
-1054
-961
-544
-770
-1002
-281
-457
-707
-1213
-484
-892
-745
-736
66
-586
-688
-920
-1046
-539
-1137
-472
-1146
-982
-648
-849
-674
-1227
-245
-257
-225
-830
-839
-311
-681
-656
-803
-456
-646
-1285
1
-723
-331
-587
-628
-92
-112
-374
-341
-91
-231
-741
-401
-907
-976
-273
-429
-391
-428
-539
490
-369
502
315
-219
-26
126
-83
-101
188
-302
-185
-41
-96
0
158
-213
-223
68
-563
35
313
75
85
339
96
60
84
176
110
221
-318
3
-4
3
-729
-528
-778
-988
-621
-410
-534
-429
-403
-581
-1093
-607
-457
-414
-245
-297
-682
-625
-521
-496
-533
-1131
-537
-279
-411
-783
-1097
-387
-854
-527
-297
-137
-553
-829
-1001
-1223
-225
-731
-777
-620
-867
-287
-272
-636
-720
-631
-624
86
-672
-1099
-1033
-1038
-718
-850
-1163
-425
-894
-566
-989
-864
-679
-948
-386
-507
-188
-299
-461
-703
-1028
-1081
-1151
-502
-1267
-764
-439
-596
-694
-845
-144
-541
-650
-1231
-776
-881
-755
-800
-669
-640
-522
-917
-717
-1002
-657
58
-327
-524
-738
-1095
-837
-1006
-783
-829
-519
-973
-703
-1111
-977
-542
-446
-741
-159
-356
-776
-885
-775
-387
-634
-980
-1161
-1014
-397
-503
-905
-544
-844
-538
-556
-234
-1199
-1104
-854
-1195
-738
-662
-637
-1123
-808
-1145
-1017
-1190
-848
-341
-424
-373
-967
-560
-750
-845
-795
-1450
-566
-709
-848
-731
-970
-975
-879
-85
-552
-350
-1132
-732
-141
-628
-746
-736
-1385
-1286
-1006
-526
-1077
-872
-1096
-278
-590
-79
-833
-950
-796
-533
-623
-996
-912
-623
-1108
-1114
-759
-306
-1088
-34
-385
-124
-701
-1000
-1119
-285
-191
-1148
-968
-920
-1272
-642
-1276
-398
-583
-737
-396
-447
-276
-983
-885
-944
-91
-292
111
-445
-734
-556
-576
-271
-1010
-530
-128
-340
-435
-763
-603
-850
-897
-342
-724
-347
-601
-898
-510
-291
-547
-444
-351
-89
-147
332
339
453
636
447
141
282
566
439
499
582
249
1091
1031
301
611
555
307
110
199
565
264
88
261
972
-66
528
630
115
-73
240
291
683
396
1000
612
1031
660
655
305
903
497
1036
880
393
667
435
560
1069
1037
535
433
358
605
1169
562
706
549
469
228
700
371
338
873
596
622
497
976
892
426
350
479
393
814
642
481
1005
394
298
554
309
1073
830
695
252
673
599
604
346
536
1050
994
604
369
724
699
548
601
140
648
1127
1053
620
1104
897
836
650
756
933
776
977
848
601
1192
971
557
464
513
738
430
1227
778
980
948
594
23
225
899
797
841
723
688
1305
685
511
722
319
622
961
877
598
303
541
368
447
374
714
156
552
817
664
631
1197
649
884
585
952
221
559
449
421
565
1061
1066
490
255
252
727
268
736
688
345
1561
353
394
486
416
944
300
876
80
798
1053
1010
853
680
1107
688
672
136
783
680
459
775
858
479
964
871
671
847
1031
89
570
531
469
755
542
818
930
407
730
881
635
653
587
513
584
573
1149
770
559
148
415
1167
639
548
798
1005
424
555
805
954
810
513
517
557
483
126
472
764
726
854
672
333
905
835
592
594
784
697
721
681
544
600
-574
533
150
344
359
-12
191
430
358
361
455
540
-52
435
-226
157
-189
181
-6
53
-81
332
101
-39
-60
-107
-324
52
20
127
290
177
-188
251
320
338
536
-61
237
123
292
416
129
618
488
-213
-6
186
-10
170
146
-38
297
411
873
235
-417
393
-295
376
218
47
294
170
62
423
63
-91
790
43
-72
224
52
370
314
-79
145
-446
-236
51
-15
-391
372
183
531
-136
-5
255
317
83
-142
-127
32
29
-21
173
11
-1
114
-255
503
244
112
-96
243
115
213
160
16
476
303
153
276
-264
615
-81
-64
-287
-186
563
171
92
652
307
119
112
-573
67
-105
-266
20
625
96
251
254
-110
234
300
579
219
-116
14
84
225
-102
172
40
-71
-246
-61
383
231
264
-123
-436
-329
41
178
-12
480
-183
247
-29
-201
598
518
342
18
26
536
12
352
-489
46
-277
-60
-241
195
286
-32
-30
-9
-202
40
-248
-128
-144
25
115
347
-457
438
43
97
189
23
89
-9
19
279
158
272
65
365
130
184
-188
-164
-56
128
665
339
123
123
367
-257
36
454
76
324
74
43
545
-135
-71
-122
196
230
66
284
126
294
436
268
1
-45
318
167
-48
277
208
-72
-244
244
325
21
40
-198
-392
-207
-269
67
200
54
-208
-103
357
-237
-47
323
298
126
178
237
441
154
238
-306
340
-485
283
-569
279
-40
-77
187
398
443
-60
460
196
394
-54
358
736
249
712
518
403
452
734
657
463
-179
733
1121
893
474
644
408
-18
734
443
103
226
35
119
616
-126
967
411
152
675
134
613
252
899
874
572
-176
502
624
402
508
186
-33
49
-109
640
196
319
620
583
-368
635
-165
-6
1126
427
291
89
731
590
485
278
202
242
389
835
735
317
49
191
-255
255
580
1156
153
134
384
349
356
136
624
1116
1003
427
-141
216
465
-325
86
342
708
525
365
497
949
255
402
224
-149
893
49
177
680
283
661
786
-30
169
281
613
318
500
883
850
401
299
-399
407
-56
505
173
458
382
171
300
-22
297
488
615
460
190
624
69
236
355
300
609
275
430
136
870
665
397
373
87
-321
298
760
60
81
304
320
753
512
507
-136
358
813
-353
412
846
344
36
1271
213
569
226
319
8
834
205
428
574
338
738
337
392
626
360
290
24
590
658
433
70
506
916
463
569
367
55
576
-248
492
346
726
284
259
805
952
612
243
608
749
707
1040
208
828
550
677
624
737
296
70
543
943
870
412
482
513
445
825
581
757
631
382
605
942
667
-56
-273
95
191
-26
-156
170
-201
-51
-119
263
22
33
-37
421
358
505
300
458
553
626
389
1331
404
328
505
927
104
718
756
277
152
434
430
503
825
488
623
257
200
749
646
260
-80
599
520
433
332
432
605
672
897
413
377
-128
348
1114
562
956
235
670
179
963
156
627
778
17
294
294
710
718
803
642
1179
693
372
834
707
872
-52
528
-16
572
610
738
524
416
842
628
541
164
454
917
1176
221
-136
775
801
127
825
399
817
511
125
438
557
779
847
107
685
525
203
611
649
752
602
759
100
523
645
923
721
549
592
806
619
267
473
682
324
787
614
620
844
596
220
700
237
490
631
489
771
747
180
840
488
220
338
909
853
793
687
695
554
869
-245
810
875
777
274
595
263
661
776
563
453
360
711
885
826
810
280
742
571
802
294
822
392
532
871
154
508
695
689
567
691
673
636
801
414
97
310
645
657
673
471
698
669
712
131
552
741
577
577
408
597
633
269
679
946
270
538
906
723
71
476
864
779
358
359
858
585
559
280
666
324
253
555
322
373
652
623
376
527
476
241
427
422
251
-108
360
724
610
810
531
408
751
767
598
868
494
840
638
538
381
109
-98
-228
-332
-158
-316
-418
34
-335
-293
-221
-152
-217
-436
-527
-141
-179
-327
-648
-215
-104
-34
171
-336
-82
-153
98
268
24
258
-238
290
386
87
-335
-2
-401
-141
-42
-73
-160
-84
125
-275
-87
-16
-10
757
318
210
36
594
208
110
-116
-220
-126
-275
-82
753
178
159
58
-358
-60
433
-36
260
159
-283
439
-616
-373
-97
39
281
111
247
-261
-135
213
236
127
661
6
449
-20
171
394
196
-454
-99
504
299
-20
1001
379
56
390
-134
99
57
377
181
174
64
157
350
270
543
194
57
214
185
-392
180
184
772
151
677
253
494
305
18
270
397
331
174
80
53
-217
155
210
156
-176
35
-88
588
104
487
49
-222
148
867
86
355
78
236
1
41
-98
275
251
156
288
168
314
-156
213
35
225
193
115
550
479
92
-46
53
-74
27
292
-137
-96
19
564
332
-32
206
-113
-30
-77
144
156
-256
250
-249
8
347
505
-467
163
799
694
147
-332
-143
-83
-93
-141
-320
-12
171
241
404
93
286
-266
-173
-6
419
-56
312
158
609
-114
-52
111
235
663
428
-483
33
198
342
394
636
120
46
-201
122
280
119
327
-265
-75
-350
-48
728
-28
421
444
278
628
1066
549
636
985
313
-109
1032
749
843
824
684
953
1039
437
-138
-297
132
-25
-632
-554
-320
-168
-305
-648
-3
-364
-407
-401
-157
76
-318
-688
-503
212
35
-416
318
-83
-35
-66
111
-864
-199
368
-225
-65
505
-361
93
-133
-571
690
-465
-160
253
249
277
-431
405
-354
-137
139
281
400
-434
-460
559
467
29
216
-40
117
-258
-231
130
-444
-128
94
145
9
-145
373
-92
-150
311
361
-291
-73
66
-374
-82
156
201
-362
519
174
-516
359
-263
43
-109
-146
82
350
-16
-5
-599
259
-93
-66
606
70
389
-62
162
70
-115
-294
-3
-74
-208
593
102
91
3
213
96
68
350
451
182
-270
-217
38
-173
414
-36
-226
-374
265
709
-243
451
-261
526
-342
-489
-356
-27
217
-276
-75
81
-309
74
178
129
440
345
513
-10
-197
95
-322
-253
-242
-261
-315
39
-320
304
-49
-167
93
496
202
-410
715
23
200
663
372
-330
417
186
-140
620
49
193
-162
575
-43
-6
-164
-269
-250
-82
-160
-291
315
-62
-192
-553
407
399
151
279
-158
-138
263
110
-46
-102
-167
360
-74
-122
-205
218
-259
-414
294
231
8
-458
-363
-355
234
-389
167
-221
-864
-421
-287
-309
-460
162
-495
116
-569
223
-69
28
-640
-261
-229
-223
-247
5
-29
-270
380
92
-392
525
-167
39
-234
147
38
-157
-191
-351
-31
-263
-489
-88
-386
-289
-674
-152
-841
-715
-790
-893
-556
-364
-313
-623
-699
-529
-1184
-471
-570
-1013
-753
-411
66
-347
-847
-480
-398
-212
-439
-466
-135
-334
-803
-641
-333
-473
-477
-22
-403
-688
19
110
339
-89
-94
355
-374
-271
-585
-212
-130
399
-175
-236
315
-315
-215
-691
-449
-665
-494
166
667
-65
-294
-310
-488
-248
300
-4
-99
-495
-158
-267
-422
-224
-387
-632
-556
0
-188
-583
239
228
-348
-67
-159
-669
317
-174
-362
-621
-517
-229
-132
-131
-279
-6
51
-683
109
-507
-489
-383
-291
-209
-567
34
-146
-636
-349
31
229
-979
-506
-18
-85
-615
-526
-570
-39
-101
-106
-613
219
-337
-357
-567
-385
-257
-181
-296
-280
-503
-505
-384
-878
91
-618
-337
-475
-436
-487
350
-248
-227
-867
-59
-153
-50
-157
-472
-469
60
-122
-605
-85
144
-320
-680
-366
214
-297
65
-366
-322
133
-456
100
-278
213
-303
-487
-860
-589
-574
-945
-381
43
344
-327
-36
-15
96
-164
-363
-464
-65
-264
57
-167
-172
-467
-210
-364
29
-96
-378
-364
-182
19
-961
-80
-587
-527
-500
-492
-500
-412
-928
-557
137
-71
-583
-120
-37
157
76
-84
-343
-201
316
-517
11
-120
-478
-139
487
-108
-200
-318
-251
-55
77
-363
-117
-40
-311
-803
-813
-569
-690
-224
675
-42
273
848
820
870
917
889
675
832
875
934
996
1084
1036
897
877
475
881
397
-282
45
179
-123
-168
-109
-120
175
114
304
612
-152
26
263
240
-135
98
-252
19
-194
-265
-265
-448
37
1
77
9
-631
32
280
-263
-789
-521
-254
-923
-977
44
-90
-490
-498
-327
-498
-357
-334
-828
263
-168
-1248
-271
-480
-448
-292
-539
-344
-831
-928
-787
-402
-171
-462
-233
-259
-111
-1064
-274
-146
-348
-730
-743
-387
-693
-1067
-41
-539
79
-1004
-414
58
-283
-1006
-519
-574
-757
-481
-427
12
-468
-324
-198
-508
-563
-585
-668
-104
-204
-724
-278
-897
-515
-300
-179
-371
-30
-342
-660
-929
-471
-703
-396
-33
-91
-425
-524
-335
-271
-693
-344
-1079
-595
-739
-179
-453
-383
-827
-156
178
-99
-553
-688
-144
-242
-474
165
-560
-240
-809
-452
-417
-55
-662
-14
-145
-290
-1132
-509
-412
-477
-750
-310
-607
-157
-705
-350
-447
-733
-716
258
-245
-512
-976
-468
-783
-410
-624
-873
-219
-135
-704
-612
-87
-402
-839
-216
123
-245
-758
-287
-740
-838
-210
-436
-270
-625
-633
-392
-252
-180
-460
-983
221
-284
-434
-398
-431
-298
239
-665
-217
-383
-685
-353
-835
-504
-478
-629
178
-95
-718
-402
-687
-364
-966
-491
-496
-871
-401
-271
-899
-651
-579
-311
77
-31
-960
-452
-486
-852
-615
-862
-607
-810
-376
23
-692
-574
-954
-480
460
-964
-1222
-1640
-1263
-1347
-1115
-1342
-1333
-1103
-1200
-1181
-1523
-1356
-1295
-773
-527
349
-163
-165
47
-473
-216
464
-290
188
-213
14
-397
86
-136
-160
0
-40
298
356
-457
-58
-294
-1096
-221
-264
-349
-502
104
-241
-399
-461
-685
-117
-496
-1131
-816
-858
-788
-705
-885
-708
-920
-894
-846
-888
-797
-402
-470
-181
-868
-512
-652
-689
-648
-834
-1292
-812
-526
-553
-193
-778
-589
-1314
-260
-153
-572
-441
-402
-846
-466
-457
-364
-833
-824
-958
-749
-411
-444
-782
-335
111
-198
-727
-967
-378
-556
-694
-985
-956
-1185
-583
-784
-691
-814
-265
-714
51
-408
-862
-53
-841
-625
-524
-1023
-768
-653
-949
-509
-509
-417
-899
-259
-386
-691
-690
-968
-405
-931
-275
-745
-1136
-143
-651
-927
-855
-845
-202
-596
133
-447
-985
-656
-628
-373
-585
-365
-698
-642
-943
-510
-623
-779
-788
-186
-279
-416
-380
-791
-675
-420
-383
-898
-742
-80
-400
-329
-152
-629
-489
-365
-384
-1080
-985
-717
-752
-1138
-783
-660
-602
-939
-803
-379
-890
-853
-656
-329
-563
-467
-851
-608
-908
-538
-827
-292
-908
-520
-355
-591
-404
-928
-799
-813
-296
-986
-784
-336
-350
-1265
-161
-784
-912
-1057
-315
-435
-828
-630
-384
35
-656
-719
-760
-998
-930
-141
-1087
-864
-278
-287
-469
-557
-342
-1120
-1090
-413
-440
-119
-774
-915
-485
-505
-740
-841
-560
-563
-325
-589
-923
-1013
-576
-116
-408
-695
-579
-799
-744
-520
-649
-841
-673
-541
-458
-437
-602
-434
-431
-12
-383
-42
-953
-845
-568
-467
-1069
-853
-594
-369
-65
-384
-652
-492
-649
-405
-914
-515
-1529
-1080
-1742
-350
-960
-1051
-1397
-698
-327
-613
-1033
-919
-982
-375
-1304
-115
-1069
-1082
-690
-806
-739
-744
-1193
-1128
-729
-962
-1321
-690
-1075
-643
-1024
-654
-992
-402
-1011
-447
-701
-92
-813
-497
-758
-1261
-710
-983
-870
-112
-1134
-532
-604
-725
-802
-867
-633
-737
-701
-1443
-319
-525
-215
-520
-175
406
-838
-633
-961
-960
-1056
-543
-657
-1130
-795
-1059
-685
-869
-68
-904
-1433
-341
-1215
-620
-780
-810
-674
-599
-129
-1053
-469
-396
-964
-603
-584
-491
-832
-289
-758
-347
-766
-832
-697
-591
-1525
-837
-743
-788
-823
-807
-1269
-221
-257
111
-753
-443
-854
-1178
-489
-345
-631
-909
-651
-974
-963
-595
-127
-716
-1187
-285
-973
-673
-466
-717
-506
-926
-1582
-980
-571
-437
-275
-499
-492
-130
-273
25
-1390
-743
-1121
-1181
-1131
-411
-854
-311
-1032
-1008
-410
-549
-817
-346
-576
348
-1275
-577
-796
-521
-413
-371
-367
-396
-481
-935
-356
-965
-601
-713
-1158
-350
-1288
-436
-728
-646
-595
-708
-725
-994
-457
-602
-1148
-369
-396
-674
-848
-256
-900
-1023
-1101
-1270
-1132
-1070
-1206
-1102
-607
-1299
-995
-594
-694
-736
-367
340
-1065
-549
-961
-652
-719
-560
-1125
-1019
-1109
-950
-701
-1079
-1116
-986
-724
-113
-860
-281
-610
-437
-271
125
-184
-256
-318
-358
-111
-477
-367
-170
-582
-106
388
78
419
168
-1030
-236
-327
-232
-383
-317
-793
-153
49
-356
-139
-203
529
309
259
617
267
287
420
239
391
-217
176
-32
202
-270
-510
-711
544
-206
-122
-47
-569
-141
117
335
-63
68
-237
-221
-128
-164
-666
-410
532
-218
-717
-215
-244
-761
-430
-353
161
-433
-215
-520
-584
89
-211
-591
670
-58
110
-80
-380
-506
-452
-320
-336
-543
-452
-345
83
-498
-837
-724
470
8
-517
24
-28
-467
-27
-133
-98
-62
-25
-97
-183
132
-75
-630
868
-237
-303
-13
-315
-194
-205
116
-549
391
-132
-245
-649
-230
-198
-781
749
-409
43
-161
-616
-131
-98
-470
-433
54
94
-323
-289
-625
-445
-63
373
-550
106
-101
-395
-263
81
356
174
6
-82
-427
-345
251
-502
90
335
-134
-285
-48
-98
32
-169
-704
-603
-610
-287
65
-111
-358
-502
-322
392
-509
98
-292
84
-832
-400
157
208
-359
-219
-156
158
-405
93
-550
454
-49
-838
-554
-40
-40
293
436
-292
185
-350
-211
-342
-179
-408
-487
591
115
-14
428
289
-439
206
-385
-239
-26
217
-208
-119
178
-622
-214
522
73
-42
-340
-528
210
80
-56
-38
-342
-121
-152
8
40
-526
-477
345
-265
62
-615
-72
-152
-244
-340
-472
-291
-433
-287
-667
-580
-591
-710
384
-804
-454
-230
-941
-501
-212
-665
-554
-519
-343
-258
-384
-448
-214
-267
-435
-552
-452
-102
-120
7
-33
-86
229
-459
404
-31
68
-444
389
356
-337
-449
-525
-278
-409
-282
-121
-648
-342
-122
-139
-403
-441
-217
118
335
25
-850
163
-52
-313
-435
202
24
-153
-308
112
-307
174
-125
-427
-81
224
-234
156
-701
-137
-1
-262
3
-334
-426
-1004
-624
122
-254
34
-5
118
-295
-175
-34
-176
-486
281
317
18
-35
-31
-33
-331
-885
412
7
-113
-111
-267
-36
-186
-200
129
-53
-380
119
-633
388
-181
202
-773
-81
227
-818
-82
-293
209
447
-348
-312
-222
-235
-456
73
175
-183
-93
-293
91
-160
-265
-232
-161
-39
-920
-504
219
465
-377
-216
-27
98
219
-193
42
-407
412
-20
-186
-254
120
-718
-946
-278
409
-248
-590
59
128
258
20
-218
276
-125
-431
-338
89
583
-306
44
-363
-513
62
-305
-382
-59
-222
52
-425
-14
97
-382
-32
-182
-493
147
170
425
28
-46
377
-193
280
-885
-302
-154
127
-17
-132
-247
-22
-483
-377
83
58
-234
121
-3
446
-520
-366
-427
104
-77
22
-66
5
311
-720
-783
256
-513
-40
147
0
-62
-397
-205
-640
-246
-401
-158
-587
-612
-89
-584
251
-211
-22
-131
193
-562
222
-251
-381
-70
-445
-108
184
-229
196
-17
-239
179
-88
272
368
-53
157
-124
-117
-17
240
-221
-290
-116
-102
-285
-403
-158
-171
-270
-491
-429
-857
-529
-629
-452
-316
-631
-161
-268
-193
-338
-764
189
-390
288
-375
-93
-116
-916
-824
114
-905
-919
-429
-744
-166
-712
-148
-713
-28
-217
-990
-901
-793
-629
-716
-141
3
-647
-793
-218
-811
-12
-111
-1071
-300
171
-656
-1031
-366
-754
-554
-967
-496
-627
-964
-118
-490
-772
-530
-541
-94
-350
-556
-931
-837
-197
-682
-366
-337
-45
-476
-980
-78
-1040
-279
-441
-244
269
-383
-908
-323
-816
-228
-44
-235
-747
-464
-1193
-847
121
-485
-219
-541
-37
-674
-844
-731
-115
-545
-5
-727
-523
-580
-455
-523
-409
-64
-919
-385
-80
-559
-1358
-383
-901
-360
-590
-315
-153
-352
29
-459
-275
-312
-699
-131
-112
-689
-819
-221
-355
-613
-15
-415
-443
69
-1188
-744
-600
-655
-252
-579
307
-607
-352
-667
-444
-705
-350
-36
-671
-402
-628
-306
-521
-348
-95
-524
74
-689
-1218
-206
-565
-430
-1106
-682
-575
-1047
-589
-574
-464
-356
-717
553
-263
-997
-1474
-317
-641
-762
-399
-652
-130
-702
-161
-572
-435
-365
-710
-666
-76
-1177
-1243
-869
-47
-137
-347
-550
-732
-264
-297
-450
-381
-155
-341
-304
301
-560
-1248
-461
-546
-340
-915
-755
-816
-466
-416
-640
-316
-518
-428
-80
-112
-428
-1128
-590
-380
-144
140
-969
-461
-868
-628
-530
-743
-231
-506
-977
497
-297
-286
-349
-78
-389
-81
254
-461
-211
-51
32
-208
-192
-219
-136
112
73
-123
113
144
137
298
-66
590
-92
-13
73
-46
37
206
217
137
301
526
345
374
475
25
-23
345
402
-21
128
-50
219
292
148
-11
59
-242
38
184
199
122
175
280
444
-60
71
-159
-66
-43
133
331
-463
288
40
131
170
-40
310
-345
-214
-18
-14
118
-167
368
252
-97
-90
-20
-118
45
12
33
35
-333
11
-3
-128
-196
513
-186
-113
-227
230
288
480
-61
292
113
4
-91
148
37
55
201
83
84
401
228
-273
146
-83
-153
234
-145
-198
19
195
19
108
-222
98
-206
-195
-322
-168
-155
141
246
70
-136
29
283
-100
111
190
-4
329
26
-193
103
110
-178
216
521
252
4
374
202
-137
103
272
-187
261
-252
313
362
-408
209
54
421
147
224
218
502
301
335
277
-47
195
266
505
379
-102
27
-20
338
76
-179
176
254
194
75
269
-319
147
451
-60
-133
28
-1
-8
-188
470
62
487
524
-9
-151
-248
-359
399
523
326
403
-88
239
239
324
-64
-101
43
265
-20
-122
397
164
-288
-119
-44
11
-131
-22
-37
210
264
217
290
-400
283
-142
-56
376
600
645
166
-115
-44
226
16
196
-175
583
228
349
424
382
239
201
-111
-40
379
530
-93
238
354
136
116
199
-335
-115
111
314
32
-137
-10
-341
340
177
81
641
624
550
358
551
454
993
139
820
575
336
647
443
719
215
-93
803
517
465
496
275
417
496
339
-205
153
-369
230
509
-773
199
584
267
224
288
242
453
604
382
790
210
672
645
-22
338
376
212
-561
661
348
158
357
-29
267
433
56
425
-206
169
-171
274
101
172
-225
312
280
14
-361
145
183
-105
237
-135
337
118
266
-700
-730
568
-579
409
271
-55
-88
84
-47
186
356
-260
-148
166
149
-131
-253
427
-246
368
119
166
-98
85
-1
131
-198
-248
172
-328
-152
-611
230
199
-388
329
365
-303
-32
184
-42
-12
91
95
-603
153
76
-132
-389
468
-449
625
332
183
260
-111
93
-19
-14
44
581
-227
333
-397
-21
945
-591
781
258
431
-159
100
244
308
8
185
0
15
-261
-45
39
344
40
123
445
544
-72
181
370
335
382
125
219
-34
158
69
-10
122
-409
336
179
-70
740
-108
263
386
-659
219
22
98
640
322
-285
407
-404
104
13
197
-187
-228
249
-38
80
-453
252
546
-82
-238
-275
296
-527
183
-153
-117
210
348
270
-285
-129
-463
277
456
-413
-255
-197
461
-52
-289
-319
-23
15
111
-406
-199
-727
-375
-263
-226
159
-634
-290
242
202
-590
-163
-35
-189
-449
89
20
255
-16
58
58
-436
-241
259
456
243
266
166
390
548
743
449
540
229
496
266
304
822
401
564
501
-405
-216
-353
-162
-79
51
-743
-157
262
-98
-337
257
271
79
-482
-245
348
265
107
261
482
84
748
48
319
174
243
731
-21
158
617
409
-130
-207
210
-123
2
2
-40
-250
202
313
117
-37
154
-603
35
510
-188
-495
-199
-232
-47
136
-20
-206
-271
185
-9
-160
334
183
240
114
-339
362
-149
-158
220
57
-352
277
238
-60
174
-16
104
689
332
655
-447
31
197
-36
79
278
269
-27
93
6
446
-46
12
376
864
440
-118
204
-165
105
111
42
-199
41
-145
127
289
366
214
246
330
448
-126
495
-330
-329
437
-132
-250
101
-315
204
77
-29
-271
688
256
753
-397
135
10
298
-125
154
413
466
-11
-101
-34
-67
52
68
-62
-1
-124
-150
-125
-166
390
-430
-225
-408
121
97
372
326
-94
-282
238
50
-397
23
214
-133
68
-216
-323
144
-352
-64
-126
-273
14
129
145
-37
-189
-5
-369
-19
-7
-84
210
-26
100
28
187
38
-246
-605
228
572
-253
328
340
581
-374
-68
286
-216
182
-54
62
308
-188
142
542
254
141
663
241
745
867
746
484
400
-70
619
459
249
501
919
665
584
157
-39
67
221
-165
-380
210
156
231
253
-205
109
-221
208
9
5
333
176
248
411
-88
-61
275
-72
250
-210
253
-56
-20
240
-14
-204
397
727
786
18
144
-91
-41
295
251
-28
460
348
114
350
26
83
349
367
438
360
382
-53
445
77
342
337
240
95
209
97
228
-79
-68
416
269
385
-6
480
341
45
892
-161
658
27
403
-422
-222
318
120
787
56
438
608
231
230
600
153
495
38
353
476
-23
613
175
573
255
-316
21
386
161
485
211
83
-95
366
402
346
374
363
-125
369
-179
551
395
600
-28
-231
-246
-44
289
-85
-37
86
-114
75
176
580
206
-138
260
254
68
397
313
130
-77
417
163
39
-178
575
6
456
-174
252
-21
65
419
74
383
141
-37
86
268
-281
-171
297
336
679
-191
312
461
174
258
145
133
261
141
-239
29
201
-180
406
441
412
129
348
197
16
-460
281
58
170
278
242
-13
444
-32
557
278
665
460
223
454
-601
356
232
376
109
609
201
364
390
-565
356
105
451
381
150
506
336
318
461
415
99
340
223
22
233
-182
668
498
654
181
549
702
156
373
-171
-7
455
-66
493
95
349
13
-43
93
857
125
427
612
566
615
212
7
594
128
570
641
270
536
618
223
234
512
184
437
85
467
501
465
269
430
223
606
410
150
130
495
-569
-627
-734
-1147
-172
-386
-635
-330
-605
-792
-866
-881
-609
-997
-676
-463
-150
-218
-556
-852
-243
-582
-328
-244
-458
-305
-416
-80
-423
-44
-406
-206
-580
495
38
-167
-69
-877
-673
-695
-570
-358
-473
-254
-381
-105
-1065
-448
-322
-361
-805
-125
-798
-1020
-564
-632
-501
-758
-308
-488
-576
-508
-345
215
-364
156
-599
-72
-37
-276
-62
-266
-434
-49
-504
-198
-3
-518
-98
-302
30
-521
-183
-432
-644
-65
-105
-591
239
-65
-232
-554
-220
-389
-614
44
-365
193
-98
-206
-365
-539
-377
-556
-154
-517
-310
124
-1010
-3
-487
-241
-357
-347
200
-114
-132
-141
-394
-521
-435
-709
-28
41
-321
-431
-499
-505
-605
-374
-428
191
-271
80
-271
51
-82
-198
-45
-493
-294
4
-934
-276
-270
-1
-166
-336
41
-126
-321
-122
-97
-226
-124
-452
-389
-402
-198
291
-407
-1133
-737
-597
-414
-373
-460
-397
-526
-965
-735
-623
143
-408
60
-10
-292
-491
-113
-296
-223
-149
-552
-235
-767
-238
-720
353
-408
-376
-155
-303
-490
-390
-236
-607
-291
-262
-359
125
-577
-144
-63
-69
115
-174
-592
-397
-356
-328
-366
-386
-391
-409
-281
-38
-186
-559
-398
-282
-166
-463
142
107
-888
-181
-1034
-689
-661
-918
-398
-893
-399
-481
-864
-537
-1171
-494
-663
-28
-191
336
-104
312
160
51
6
55
104
477
87
216
123
85
398
89
-203
444
77
64
411
224
37
-175
360
119
-169
132
404
188
28
-6
401
414
462
313
422
438
364
827
-38
356
268
810
416
-12
157
331
293
402
-101
-47
198
177
30
290
-69
117
67
-255
-207
287
-599
-177
373
206
372
402
-156
499
376
28
257
504
-205
89
183
175
-224
271
541
407
103
26
-45
255
405
140
386
342
328
509
-404
304
517
72
308
270
137
-36
102
35
399
-241
-61
167
121
6
386
372
-74
265
87
-25
17
424
-68
237
-286
-252
267
-221
3
143
47
143
-351
418
-60
146
212
-168
323
-243
43
340
225
-179
-42
510
-397
168
-307
484
244
410
-257
478
-344
119
-189
-189
-98
-274
326
-278
-250
-195
551
348
442
184
482
-119
31
267
-284
165
-99
277
-366
225
-173
28
370
226
220
137
765
44
50
203
-458
220
19
-267
213
393
-316
-149
-159
263
452
267
685
285
593
-284
467
416
149
190
261
62
215
-328
-196
61
498
255
305
166
394
-143
383
465
-28
17
97
-45
99
-186
411
6
357
497
388
465
9
53
-121
262
-228
341
292
104
335
-749
-146
58
413
-143
160
-12
-394
-526
319
-750
-119
-214
-174
-229
-84
55
-109
63
158
-126
-20
-141
-5
12
-30
-38
58
-289
-120
303
-536
311
3
116
-597
-672
-755
-1202
-952
-943
-263
-667
-783
-893
-737
-963
-570
-422
-640
48
-314
-1044
-698
-1062
-973
-99
-568
-468
-891
-504
-478
-498
-513
-829
281
-501
-98
61
-67
-794
-180
-176
-216
-368
-856
-188
-649
-543
-226
-479
445
-300
-245
-905
6
517
-416
4
35
-407
175
19
-120
-102
-940
210
-302
-497
-314
-667
-282
-106
-272
-143
-18
-67
-80
-84
-422
280
-459
-217
-9
-110
70
-599
39
-478
-388
-261
494
-284
-301
-643
11
-92
96
231
-57
207
-354
-505
-210
-368
-311
106
-283
-480
-471
-295
-437
-582
145
-291
-285
-72
55
-1034
142
-407
-418
252
-252
-46
-307
-155
-163
-84
295
95
-55
-321
-340
-317
-333
-657
-415
76
-561
-492
-341
-548
-409
-155
-656
21
-384
-515
-274
-113
-269
-605
-260
72
48
-129
-285
161
-481
-334
-523
-34
-321
-455
-502
-490
-146
-637
-526
-506
-704
-358
-573
-304
-292
176
-233
-196
-565
-605
-189
-580
-309
-130
121
-160
370
187
-70
-513
-372
-696
183
30
-181
-390
-4
-484
-124
-415
-265
-283
-84
185
-245
-332
-453
-226
-20
-514
-291
120
0
-759
-475
259
-216
246
-579
-596
-217
-249
-202
366
-71
-427
-455
-259
-344
-648
-262
-170
541
105
84
8
-364
487
-25
116
231
307
362
622
104
-585
-404
-348
-258
-162
-242
-120
-77
-1
-126
-328
-34
-406
127
-550
-326
-604
-650
-536
-900
-408
-608
-842
-626
-897
-977
-913
-713
-1184
-740
-371
406
-297
32
-200
-438
-252
-81
-53
-517
115
-47
-85
-130
438
9
-661
-572
-376
-576
-184
-434
-740
-140
-791
167
-394
-109
-269
-472
-442
-351
14
53
42
-403
-425
-655
-425
-640
118
-804
-154
-477
-402
40
-346
38
-350
129
-481
60
-143
-3
-305
-231
-160
-262
-242
-168
-300
-202
-263
113
-296
-43
-820
-410
-352
-566
-173
-91
-585
-460
-430
-350
-554
-486
-503
-205
-23
-204
-451
-522
-359
-742
-500
-710
-145
-479
-655
-560
-84
-325
-561
-703
-405
10
-646
-386
-674
-267
-233
-75
-569
-574
-442
-640
-345
-227
-343
63
-494
209
-81
-497
-254
-495
-152
-373
-299
-478
-222
-433
-438
-458
-717
-663
-7
173
-604
-97
-811
-177
-529
-320
-677
-263
-506
-425
-470
265
-790
-100
-606
-243
-284
-639
-249
-896
-447
-186
-568
-531
-623
-640
-662
-371
-372
111
-849
272
74
-302
-236
-474
-151
-486
-461
-495
-186
-391
-37
-433
-432
-811
-707
328
-455
-317
-572
-457
-479
-624
-493
-231
-289
-416
-361
-76
-289
-286
-510
-44
-373
-417
-443
-182
-181
-247
-91
33
-347
-416
-308
-183
-484
159
-265
63
-298
-830
-696
-677
-728
-833
-405
-288
-961
-240
-502
-882
-481
-626
-440
-24
57
225
359
306
520
29
105
-174
211
438
-118
598
382
320
170
-38
384
-19
34
462
648
257
599
-103
347
173
452
-86
78
223
310
-49
-194
-1136
-351
-594
-675
-463
-732
-190
-477
-487
-915
-498
-534
-449
57
-665
-432
461
-684
-355
-499
-514
232
-870
-775
-289
-680
-606
359
-59
-108
-326
-512
-261
-392
-271
-329
-334
-621
257
-394
-295
-211
-623
-412
-359
-286
-70
-507
187
-138
-814
-83
-512
-262
-726
-240
-343
-286
-552
-121
-391
-251
-224
-420
-133
-299
-541
-460
-756
-334
-223
-106
-497
-379
-187
-270
-532
-322
-610
-297
-238
-450
-422
-82
-114
-453
-206
-783
-147
-139
-248
-228
-505
389
-377
-382
-407
-19
-398
-507
-587
-621
36
-746
-314
-423
-391
-580
-931
53
-549
-343
-531
-268
-230
-684
-458
-466
-724
-225
-450
-287
-119
-226
-121
-130
-890
-167
-797
-198
-328
-391
-574
-205
-481
-1008
-468
-817
-1003
-256
-529
-48
-248
-434
32
-898
-98
-372
-569
-746
-235
-17
-209
-249
-503
-794
-732
29
-632
-591
-521
-465
69
-828
-616
-518
-654
-1299
-412
-276
-690
-42
-86
-665
-232
-251
-245
-773
-451
-307
-85
-189
-217
-137
-380
-445
-728
26
-307
82
-566
-487
-150
-88
-581
-819
-546
-480
-335
-365
-277
25
-782
-577
-714
-307
-506
-546
-74
-193
22
180
-453
-356
-85
-136
-304
-4
300
-448
96
-184
-482
-205
-60
-202
-94
-286
22
-527
-153
-355
167
-184
-521
-101
-198
37
-294
149
132
-61
204
-124
-2
252
-45
68
-342
417
150
-378
-72
-105
-402
-509
-367
195
116
512
-344
263
194
262
-253
242
129
-161
-566
171
-59
232
215
468
916
494
325
410
102
380
134
390
118
306
-18
440
42
-126
-18
612
493
-204
463
-498
448
-313
82
-50
-55
-115
-216
-220
602
-57
59
530
-168
-109
-72
-153
-137
264
11
32
269
-16
114
-255
477
-141
542
143
-113
395
-173
88
242
713
-132
-72
320
4
7
15
101
-27
236
348
511
559
414
141
370
484
329
470
150
776
-381
69
-141
-82
318
629
410
282
-41
165
435
-99
469
544
392
144
-181
-63
156
-93
571
400
508
135
276
156
335
643
237
541
237
203
-470
-202
-53
68
32
367
238
662
515
661
394
503
726
97
440
395
-704
-87
234
38
359
-173
658
239
292
273
562
883
6
172
400
-424
320
150
-184
61
88
1056
397
169
-133
158
491
-2
-701
45
-157
221
90
-22
286
621
267
61
190
150
256
399
308
-236
-198
358
207
434
-903
-70
228
399
691
327
71
206
836
238
245
361
611
504
235
42
-2
12
-34
476
429
-87
89
399
289
181
-47
118
128
41
335
-16
-155
252
-93
-11
210
321
71
24
415
299
637
410
236
436
-71
179
81
388
-261
-341
161
-208
69
75
133
434
69
180
439
311
-278
631
234
-82
326
279
496
625
430
463
393
395
731
438
609
402
534
1041
204
341
-156
-189
713
492
780
683
538
948
880
23
564
587
723
487
202
21
435
643
1007
899
618
897
1183
423
739
265
1123
921
403
331
3
-38
408
812
362
333
199
825
683
377
619
806
742
539
551
83
340
698
376
387
244
36
448
679
34
575
580
647
295
364
785
253
84
269
-17
321
381
208
539
326
621
916
646
719
607
760
320
711
154
143
336
547
584
622
807
875
829
634
821
388
763
342
504
751
-52
225
487
818
684
467
527
395
489
175
677
435
500
356
447
311
-226
447
-173
318
558
896
781
486
551
686
542
624
481
999
381
938
-54
-38
489
641
460
826
588
609
556
266
823
1342
497
502
687
234
382
753
-24
412
492
497
716
653
397
616
1121
625
506
607
178
295
51
544
109
497
603
321
717
887
486
1026
854
156
299
707
441
728
144
341
-21
689
1205
615
340
429
567
431
176
408
721
-20
247
255
-318
267
475
-85
122
-491
-185
-53
-401
-162
-390
-286
-70
-128
572
23
-536
-219
-7
587
267
670
596
446
699
235
268
403
342
441
780
179
205
601
68
-36
-118
-60
502
190
306
394
505
565
437
418
474
392
501
127
393
877
799
391
407
294
204
-613
80
106
-184
111
129
294
597
557
525
468
201
468
753
301
754
728
454
728
929
731
366
800
-268
684
206
601
49
505
332
413
756
-120
235
-92
407
603
667
-314
150
879
-205
634
-77
233
440
6
72
436
598
416
228
-383
3
352
230
-126
-148
13
-194
146
278
381
235
597
91
288
376
619
184
117
279
50
518
-20
721
424
-47
406
155
66
99
570
276
334
-130
497
438
290
134
182
271
489
94
162
512
118
309
27
-111
113
141
757
-15
40
-251
-181
385
148
35
328
348
308
244
15
342
233
193
276
797
131
399
-240
-14
-17
170
459
197
394
381
225
28
101
120
328
635
669
183
-41
952
793
329
303
587
156
187
418
383
-120
275
388
722
272
37
-27
50
242
-629
40
443
525
255
569
-43
563
185
-153
577
69
-182
-129
154
518
210
709
167
336
-53
243
297
564
601
444
322
485
444
-339
5
-169
347
96
270
547
201
-285
-44
-410
-72
-170
298
570
153
209
399
283
331
127
-107
-134
205
114
287
268
239
512
-59
465
-201
7
6
139
262
-219
287
240
344
91
281
437
67
173
277
516
-346
-522
-95
-362
-74
184
98
273
-308
-103
-155
127
-251
144
-2
36
-506
225
-196
-164
6
-356
30
-252
-556
-248
-493
-277
-217
-119
373
-112
-794
-74
108
-121
-397
151
-662
284
-155
133
-332
-256
-229
-11
208
82
-473
-309
-6
-151
-448
-237
-501
-447
-37
-586
-75
-153
-102
-213
-280
151
-556
-313
-226
-206
-434
-270
-37
-196
-366
-299
-416
-261
-76
268
-445
76
-561
-2
-393
-961
-109
-171
-536
-279
-381
-591
-552
-553
-77
-436
455
-105
-311
4
-82
-767
99
-269
-310
-240
-296
-366
-428
-106
98
-236
98
276
-782
-285
-532
14
-193
-104
-485
-254
-623
-160
-98
-260
-634
10
-66
-379
-445
539
127
-699
-372
-562
-456
-346
35
-2
-444
-406
-529
188
-201
-348
-835
-99
-609
-179
-171
-213
-492
-395
-387
-487
-407
-382
-215
-60
-498
-70
-694
316
-604
237
209
-368
-89
-303
-777
398
-300
-167
181
-249
-261
-217
-666
-12
-25
161
-505
-304
-306
130
-75
-342
-140
-386
-23
43
206
31
-589
-112
286
-522
-246
-18
-362
-170
47
-620
-186
-2
247
-179
-92
210
-482
-174
246
-463
88
51
-189
-147
-629
-167
-343
-799
-230
-231
406
-1
-161
-119
-294
27
-10
-30
-194
-139
-202
197
144
73
-297
210
-66
-182
-517
597
-87
13
229
21
478
422
292
569
-160
207
478
615
346
-11
-173
-297
-562
-976
-328
-77
-481
-614
-704
-23
-526
-386
-566
-493
-304
-77
-277
-707
-16
-354
-628
-411
-443
-6
-714
-257
46
-590
-622
-54
-397
-295
-302
-613
155
-513
-391
-465
-125
-449
-539
-184
187
-219
-536
-352
74
229
-355
-40
-267
-562
-227
-487
-424
-370
-1085
-339
-552
-618
-512
399
-119
-238
-363
-517
-268
-141
-329
-89
-625
-353
-199
-241
21
-466
-594
-398
-244
-227
-230
-206
-164
-56
-452
47
-170
-583
-109
-330
-137
-299
-268
-367
-327
446
-227
282
-316
-358
108
-483
-301
-45
-317
-450
-406
-61
13
-172
196
-303
-159
-463
-215
-292
45
-55
-207
-226
-308
-449
-256
-176
-126
-106
-534
111
-372
-354
-254
-410
-12
44
-306
-311
-296
-88
-82
-286
-522
-291
-868
-200
-506
-337
-408
-608
-490
44
-400
-355
-400
-751
-215
-155
-277
-189
-771
-795
-111
-185
-308
-555
-458
-190
-683
-92
-34
-582
-321
-602
-647
-222
-728
114
-394
-780
-220
-432
17
-624
-659
-434
-463
-350
-654
19
-194
-271
-251
58
-259
-271
-321
-174
-534
-411
-321
-403
-643
-382
-448
-560
-467
-16
-226
-99
-457
155
-40
258
-262
-552
336
-208
-345
-184
-464
-402
-425
-116
-472
433
-177
-163
385
-206
243
-478
-224
67
-152
339
-22
-1
152
-349
-173
-106
185
-318
-93
-288
-168
231
-418
-31
38
247
141
-16
122
87
200
313
1073
460
322
752
340
512
498
-42
707
87
204
231
398
161
76
371
597
103
82
168
434
531
816
297
-81
448
40
379
59
-121
195
311
957
-72
-123
-52
-455
-762
-340
-851
10
-191
58
-905
-752
97
-438
-98
708
176
-433
-325
-29
-518
253
-414
-404
-508
-484
-209
106
-383
-378
640
707
-129
-22
60
-24
-117
-353
-264
127
-95
56
-783
-72
-337
-57
-473
451
162
-568
238
-96
62
-418
24
-566
-207
-274
-153
-365
244
340
222
1175
242
15
171
-231
346
-91
-153
-85
-264
-269
286
112
-343
-293
598
337
197
-282
273
149
-158
-196
-374
-463
119
149
-328
-386
-241
17
-146
636
123
356
-44
-241
-637
83
54
137
167
-57
-123
-61
134
-324
433
1100
-228
-26
-744
-85
-195
-219
-187
-24
-448
-511
-686
144
-325
-414
394
366
116
-11
369
125
-161
216
-255
-118
-332
439
-230
84
40
-247
-60
481
169
109
-174
-398
-416
-288
-609
-161
109
-353
-42
-351
-132
85
98
486
73
-225
486
-292
34
255
-382
-310
21
-257
225
-288
240
-217
716
618
474
235
-206
31
-159
-88
273
-57
262
97
-7
56
-118
-203
530
523
503
4
268
442
-293
375
229
738
376
812
432
47
358
638
749
122
-244
-97
-512
-283
-286
-493
-84
129
-46
-253
-307
-175
-152
-411
123
-74
113
-621
-223
-131
-548
-129
-291
131
-669
-254
-447
-286
-240
-376
-137
-533
-333
-234
-392
-588
118
-492
-295
-656
-547
-834
-733
-439
-397
-1176
-201
-397
-135
-894
-373
-484
-648
-630
-527
-439
-1218
-388
-1169
-627
-1132
-232
-532
-354
-539
-673
-806
-487
-845
-513
-1162
-780
-957
-561
-611
-124
-1374
-945
38
-342
-822
-917
-510
-517
-1022
-911
-832
-539
-740
-820
-1046
-815
-669
-441
-889
-393
-375
-749
-849
-858
-469
-1339
-359
-816
-518
-1128
-653
-870
-952
-493
-202
-338
-754
-463
-695
-993
-155
-722
-914
-917
-984
-658
-399
-753
-537
-702
-486
-959
-473
-755
-302
-349
-528
-339
-1166
-602
-1106
-657
-1047
-657
-294
-1278
-746
-637
-790
-497
-452
-885
-835
-588
-618
-486
-759
-669
-696
-750
-562
-832
-240
-551
-842
-592
-989
-696
-744
-529
-640
-673
-244
-1178
-804
-340
-973
-200
-542
-733
-655
-1049
-502
-793
-707
-399
-740
-925
-476
-499
-1251
-787
-831
-292
-269
-956
-860
-574
-510
-652
-832
-566
-519
-337
-1151
-902
-834
-542
-690
-991
-521
-492
-764
-311
-554
-745
-699
-635
-249
-951
-1243
-500
-649
-760
-163
-474
-531
-333
-752
-583
-975
-629
-714
-896
-581
-955
-943
-976
-443
-412
-1212
-955
-370
-507
-397
-947
-962
-775
-768
-246
-1080
-573
-816
-366
-619
-1177
-729
-832
-195
-533
-720
-630
-668
-302
25
-813
-571
-594
-376
-323
-693
-121
-804
-620
274
195
-162
107
48
-310
-187
55
-107
-167
76
52
-35
55
52
-29
-161
97
72
199
183
338
300
202
202
266
208
291
322
313
186
78
168
217
78
210
197
324
210
297
210
313
89
103
210
313
250
130
77
224
226
157
210
277
313
148
130
324
182
226
179
278
201
145
155
191
213
157
163
172
271
293
213
164
163
340
244
193
145
313
244
219
244
188
23
313
210
219
340
179
324
179
340
141
271
104
170
217
152
210
129
255
262
277
226
163
324
324
235
177
277
145
100
291
191
226
302
324
163
293
226
262
271
141
324
277
278
123
121
409
-24
210
163
188
340
210
172
340
141
277
163
277
302
96
234
217
204
271
302
163
210
163
210
324
324
255
340
210
277
219
182
211
142
163
204
163
163
210
210
163
163
204
157
83
313
313
217
148
191
313
324
255
128
340
293
163
340
318
99
172
255
172
81
5
79
179
204
179
164
188
277
255
58
340
210
266
235
123
248
201
166
253
272
433
157
207
188
62
302
141
20
193
291
200
273
291
114
200
244
309
31
195
81
197
127
244
83
179
170
195
146
70
165
177
297
179
356
285
258
285
255
340
250
301
180
95
251
-72542
-54465
-51757
-69461
-78791
-58912
-65360
-68159
-42947
-45125
-81058
-66937
-67914
-43698
-17698
-64447
-40389
-110758
-102453
-88261
-58591
-73858
-62482
-53340
-49570
-32538
-53338
-103569
-75900
-91360
-52554
-45072
-56797
-105819
-70066
-49969
-113304
-135796
-81189
-90096
-78364
-36314
-74993
-114578
-78545
-69881
-71391
-80923
-39236
-95933
-65664
-120787
-95772
-98474
-107615
-105458
-64672
-36970
-64969
-87686
-61109
-113359
-133738
-57449
-31973
-71301
-51847
-65638
-82274
-81180
-46650
-34955
-77558
-79859
-57339
-56490
-109388
-84475
-35280
-86095
5774
-59680
-10247
2762
-98416
-96260
-65665
-58479
-62219
-66395
-70863
-94627
-79418
-41092
-74387
-69105
-16721
-71144
-63390
-96706
-82993
-79200
-46824
-16839
-38047
-108527
-91946
-35657
-93239
-73162
-5509
-67844
-66834
-112162
-82055
-69091
-108508
-60927
-40875
-51259
-77504
-88341
-82041
-94779
-87012
-69588
-84168
-88813
-36212
-68665
-93412
-86402
-53312
-82646
-64809
-45189
-53147
-75258
-124982
-95526
-55841
-58092
-9711
-32615
-12122
-93915
-36646
-27037
-110713
-119047
-67709
-25253
-73595
-85040
-79610
-79558
-50162
-49441
-73586
-62632
-18069
-55997
-84369
-67235
-85029
-78860
-38856
-63508
-64945
-69578
-112962
-102511
-66414
-101857
-109472
-73684
-24653
-105473
-115009
-35898
-53742
-63642
-56414
-40926
-70481
-40046
-74870
-86224
-94529
-71035
-52417
-82863
-68500
-89127
-61106
-52367
-59790
-42464
-34791
-75539
-69538
-43212
-64167
-79896
-64700
-61545
-29007
-53115
-21225
-55889
-59236
-69275
-110744
-110837
-99711
-93755
-76654
-84472
-52395
-27112
-50470
-59193
-67679
-95180
-16677
-101701
-102683
-65732
-53204
-71412
-85446
-64531
-35605
-42186
-65582
-45907
-59332
-101939
-69289
-83498
-2184
-54253
-43518
-33780
-21550
-7687
-18447
-16608
-20182
-27482
-27716
-16435
-5680
-29723
-46314
-34583
-13641
-24779
13389
16673
-4242
-4119
-9647
-24013
-15243
19505
-18400
-29108
-32548
14949
39376
-38921
-30281
24046
-12608
-73542
-8294
22190
-9383
-30071
-12417
-24858
-16356
179
-13185
-45651
394
5939
-50056
-13660
-7146
20000
-20622
-75801
712
-4760
3975
-8076
-29912
-42634
-2869
-4151
-22710
-13660
-27438
-25129
-21648
-15093
10870
-8037
-29677
-18743
-30780
19097
-35228
-58614
5058
29313
-35917
-25557
-46508
-18228
30383
-63651
-43322
-12235
-37068
1489
32250
-40886
-16103
3091
-21596
-39772
-23613
23498
-7094
-36745
-38816
14384
16921
-22642
26366
-19088
-28122
-14904
11876
-29145
-73613
11267
6289
-7799
-9250
24732
-20045
-34900
-31391
-40567
-29283
22596
-12206
-17509
-37469
-19329
-1513
-38519
-21275
6231
-25787
-34324
-12505
12279
-76056
-25431
36694
11590
-25620
-55016
-13693
-14120
13998
15360
-10049
-38978
-15461
-45548
-10189
-14419
-10925
-14861
-16944
-11995
-17323
-26284
-3003
-51905
-42117
6391
-6213
4446
-33844
13582
-6812
-30646
-16848
5749
-18721
-44129
-26127
-10600
-45156
30909
-17852
-40566
6080
5114
-49741
-26914
39347
-27905
-48707
4827
8672
-15357
-51773
-11938
-1225
-21799
14259
19894
-48295
-34439
7521
-847
-55792
-37738
-18180
5358
-10589
-21502
-4821
-17390
-40783
1257
-10970
-34400
1600
18346
-9013
-40514
-37760
-5418
4822
-12946
10750
-25251
-31984
-9347
-18180
-31369
-20359
-15751
-39906
16450
-43558
25983
9232
20083
-31585
-35906
-8517
70
-18862
-51447
-22262
-10391
421
23517
19525
-32592
-49417
-14863
-6778
-33963
13143
-3022
-51639
-20464
11458
1693
8157
-21531
-34387
-34175
-3069
-9867
-557
-33436
-2427
-27530
-27346
5162
-10077
-2270
2742
5544
-9623
2292
3096
-4475
-44732
18889
-38760
-60753
-49511
-71384
-60927
-65093
-68173
-52601
-64739
-84094
-54040
-41344
-48022
-74380
-71879
-59402
-46328
-56034
-41916
-42061
-55868
-54796
-31928
-31438
-41627
-17564
-17491
-48898
-50951
-16178
-24718
-39045
-58641
-65520
-49701
-61578
-13721
-23598
-57701
-69036
-32375
-25891
-62466
-68427
-54894
-51939
-54974
-39531
-55572
-15380
-11239
-41387
-76184
-59356
-57241
-32438
-25430
-57737
-45732
-4104
-33008
-68708
-54435
-51003
-39493
-24108
-39976
-26302
-23961
-6817
16487
-7733
-20218
-51369
-49152
-41298
-65577
-35219
-28178
-6348
-28090
12879
-38
-18418
-2508
-29914
-48807
-41333
-44989
-66381
-45905
-31132
-53618
-18940
-9613
-44423
-42069
-37568
-51004
-30190
-34498
-3284
-11720
-31701
-32016
-34984
-17664
-47619
-35796
-9650
-31267
-7715
-72871
-83336
-96517
-82291
-32388
-55424
-43540
-48405
-52050
-52246
-65510
-72946
-58533
-53027
-66649
-56847
-70075
-58812
-25951
-19177
-68631
-38375
-11595
-18866
-48307
-58865
-57633
-24387
-13144
-19736
-32331
-7703
-45681
-38185
-15364
-12544
-43100
-43574
-17283
-30570
-63649
-46014
-40850
-25357
-1554
-13406
-20582
-6578
-24546
1054
-6099
-43538
-72767
-45878
-45251
-61137
-55729
-33619
-35244
-24686
-56441
-55599
-48867
-50555
-42877
-27946
-30409
-42438
12499
20745
-25840
-72198
-39385
-16126
-16658
-30845
-46004
-19549
-32639
-29070
-41735
-43174
-27291
-22869
-35546
-33405
-48048
-30357
-9948
-16898
-22843
3837
-16621
9905
-3069
-19635
-24546
-35438
514
-18743
-35652
-57661
-70068
-56751
-35408
-60515
-42003
-12392
-27688
-36208
-35731
-32141
-1518
-18990
-17444
-58317
-69500
-31322
-24257
-27405
-50666
-44306
-5870
-1377
-19047
-4978
-52742
-44161
-39198
-41230
-54793
-25872
3678
30126
12607
2417
-8521
15161
6037
-28320
-51337
-20447
-25166
-31756
19443
-2527
4444
34890
12508
3744
16274
20258
11513
47170
13906
14809
22030
6999
11851
46330
57161
8655
33111
9134
20457
25787
-803
1965
20861
916
25345
45694
17132
29058
-17703
39438
60005
35352
11085
17163
35772
12730
20650
37573
14377
-16399
63570
41554
271
-5184
55755
29255
72965
25432
-1852
47555
16988
42604
-869
-916
-20427
21619
58206
17285
12851
57292
27512
434
59700
-11306
47953
1891
34745
8849
10736
9792
36215
57732
5710
46413
72156
4922
6659
40790
9826
31337
2456
42957
47801
18017
-7383
22064
16423
48723
25313
11494
47518
14206
28197
3447
19972
39541
41245
39781
42334
28615
-10123
16186
49896
47930
11568
18861
45400
2570
40263
58855
66338
35351
13001
40614
56752
21501
36018
4133
50193
25725
35957
68718
1992
13476
21203
26827
23522
41943
28573
2728
34282
25237
9019
10216
29725
48069
35043
17151
7370
16453
11264
8918
47534
28817
-24094
34615
33164
34085
-23414
44672
52733
30331
38460
2634
11657
8951
40538
14584
50419
-8253
22213
25148
33235
-14815
17346
39692
68373
17169
56272
-2897
4424
25152
1059
8478
-1727
34987
4157
17542
12810
-5158
-3088
57029
23068
25578
24563
19477
17269
3450
-1084
11728
14711
25485
1826
-230
27346
31819
22658
40848
1603
31403
54448
4999
27512
-1842
29613
19565
30548
29108
-7263
-566
27762
14325
43944
-5045
7633
33046
35249
17592
30430
15296
6165
29320
47044
32393
19311
37153
32146
6068
27106
-4190
16339
29637
1350
8255
33717
1885
32694
14130
34333
32192
10240
27874
-6334
11373
14837
17774
3045
-2720
370
11809
9580
28696
21707
-5988
55078
41483
37984
37229
36933
9540
7062
-1650
13403
-14519
-2480
23864
62782
27876
-23452
2757
34207
47874
43083
55883
40707
42218
35416
25379
9735
-10260
21845
57064
13551
35174
36448
-19806
28586
39985
27285
-22801
20592
92637
65644
57956
20268
14635
30007
42522
41722
26008
37472
40585
1259
-376
15729
80464
48088
3520
31442
16142
27030
23590
-2425
10185
16314
31905
42927
-16930
-4582
19172
-1408
2335
23192
45568
33660
16907
18358
48773
13600
-9582
54740
18107
-21851
14536
-29632
13175
-151
-22332
9010
35617
14457
-12333
3183
-6950
-20672
32073
11654
-28236
20035
-4571
27532
13992
10677
48008
19811
43949
43985
-3462
-5970
33134
59835
19471
-681
24637
-13089
-951
33340
41418
29601
-19594
38085
25229
-21997
-6405
11999
25632
23945
41060
4980
-7788
8322
2780
11595
-6693
2620
24018
-26863
-7131
7216
26578
8456
4459
26741
2416
15629
35289
-20959
-33433
22324
22798
-17157
3748
66745
47933
19462
17330
41178
22032
28526
13988
-1404
15422
36921
19489
-11527
1841
34989
42082
24799
-6713
-582
20858
-19993
3873
21280
44156
49403
28635
43946
38870
18216
51348
83913
28956
-6160
6485
29824
-18454
-14297
-29166
9384
32957
54056
38051
27671
2952
60354
56908
19623
30384
31429
36460
12621
11327
9597
25335
9671
27001
28052
19679
22774
22826
35742
-3979
-747
13110
28918
47609
56281
25632
17465
41509
-13441
-3435
4537
648
7655
5699
-385
54826
85087
83160
7846
-893
25045
42152
14248
-34562
-21247
10129
16946
73974
60298
49351
-24673
-22233
-27822
-40641
-27062
-18792
-22370
-23836
-19463
-19802
4651
13421
-28276
-39280
3765
-33552
-13676
-4521
-18370
-41898
-54681
-57767
-45094
-44629
-32756
-40343
-35659
-4918
-7672
-5254
-53494
1814
2016
-96765
-40673
-67642
13193
-62459
-62177
-49013
-71258
-76995
-17530
-66696
-78344
-55947
-97362
-12977
-22570
-39486
-31679
-57363
-76607
-40400
-50424
-40715
-73764
-60292
-21315
-43575
-38298
-30672
-50579
-41896
-17468
-89799
-51003
-52221
-35996
-41768
-49713
-46744
2731
-80038
-55634
-50544
-78400
-48223
-76578
10492
-29654
-24149
-47258
-47295
135
-46729
-55194
-20855
-77740
-48848
-59686
-37316
-67048
-88812
-13916
-36405
-33722
-19261
-59676
129
-54795
-9640
-55659
-62738
-46374
-42565
-71382
-86136
-26883
-52129
-52827
7951
-25623
-69518
-83722
-83445
-24819
-57290
-53297
-54451
-68359
-73426
-65204
-76991
-53301
-70360
-58262
-30795
-65764
-53841
-73182
-27661
-45608
-20336
-55163
-72626
-52920
-48120
-42697
-48616
-79617
-50085
-79912
-8954
-73411
-49740
-105205
-47837
-41650
-59779
-68008
-65973
-66119
-58107
-96228
-59569
-26316
-54248
-37328
-9678
-22535
-51573
-35510
-51826
-95420
-56043
-80119
-26845
-60268
-77916
-16596
-57377
-63146
-40189
-59003
-44421
-66571
-20774
-55218
-60214
-23667
-30979
-24608
-79719
-62338
-55192
-30186
-60912
-31803
-68452
-53185
16600
-43095
-26499
-70104
-38051
-72133
-54026
-87136
-32756
-63247
-63141
-5370
-27554
-44059
-14025
-31830
-23035
-49671
6557
-20419
-18556
13069
-59722
-84220
-69642
-70112
-46826
-41344
-70154
7071
-44795
-23105
1551
2837
-12036
-47809
-83229
-67682
-55679
-59228
-78962
-48557
-47086
-12039
-15023
-16762
-21812
-82646
-29306
-37371
-34507
-56755
-28580
-54489
-31191
-18813
-22228
-45813
-36135
-40572
-66962
-45976
-53788
-41154
-15443
-20240
-2694
4449
-6751
-12954
-9222
2609
-16958
-37589
-10647
-371
49
-2320
9877
-5789
14760
15282
12341
53426
27945
20624
23991
16853
39094
8000
10117
40755
46300
-4437
17357
38153
1798
-3408
40675
17517
26854
50017
83694
59058
19506
51331
71016
56639
20361
38133
17736
39428
11406
-5255
57685
4365
69400
20620
34414
30870
42662
58564
27314
5348
66178
30534
42952
91185
3820
3156
25852
46265
30364
22596
22251
6769
22657
27434
59810
18504
28219
29406
18178
-5273
36628
-1002
49050
-1384
2801
57014
35233
34010
-3069
37167
21030
34491
59043
15749
29286
78974
10582
2644
20985
12836
20585
-3287
-402
-20260
9046
19481
17059
69042
2710
32154
55795
-32431
2962
27716
31951
34290
10817
59295
2475
30038
25444
64295
69661
30138
58189
23411
36976
48750
22385
18637
22728
56107
95985
19926
-7740
12575
43129
37563
36742
38986
34185
36661
35420
27455
11010
32573
45198
61928
6742
23069
45536
32477
54960
33747
39812
27003
27419
52744
14133
48451
25286
9818
13940
69620
63132
48841
22322
60454
32530
32664
50549
60612
38040
7251
41841
34513
11866
1782
35967
24993
-23411
16713
55394
46757
2337
48446
31032
14066
61080
2175
41776
37497
12899
36105
31138
31713
26332
33093
3179
-10512
55006
24898
48387
7637
18574
32649
37669
19172
-6705
36492
-23117
29792
17776
33662
28115
61231
14791
89810
23384
9826
31378
-9821
1364
17166
-5452
-6113
-571
18887
5838
-19030
42284
45776
60375
24954
9186
34216
18893
-14186
22664
1591
2858
15214
27128
26862
25554
26446
43737
34501
37607
-2228
47823
30261
28924
6119
34656
68711
-3249
-21420
-16105
-22684
1013
27810
-7272
-29416
-18478
9355
11049
14812
-3849
-2231
12196
-34936
10456
24364
-28585
6073
-10496
-14056
-17701
-1501
3281
-14079
-11801
26506
12236
-9447
-18512
-7916
1460
42229
-17657
-7525
8294
16465
11056
-3230
-34599
7965
27938
6443
-4952
13153
-8654
3056
-20151
65679
6788
-217
6766
13976
18684
-2328
-9165
-7256
-26855
25270
47325
-22402
-8745
26405
-27943
56801
5203
28327
-3984
-12412
-539
7441
2817
-18099
21184
31041
16269
22134
-24433
-20925
-8086
50100
-5847
-7603
35278
55027
18647
7436
-23003
-369
19363
12457
15937
3783
34533
22265
-55356
21584
4615
39507
10337
16154
3615
-25604
3551
23296
28576
7611
4002
40351
-8355
-28875
-17758
23327
9427
-24331
30710
48112
7327
4793
-12137
38528
28173
-15679
31845
-21257
-12975
53315
-25886
39943
-12341
-2851
30454
4240
-8226
-3694
20503
21439
21000
4803
17965
-5570
-34122
-8850
-15830
57185
7159
-6132
360
905
3836
-1199
25485
23805
7404
-509
19975
4646
-6180
7602
-25166
49339
-20052
7547
56821
6313
-51086
-19332
40803
25866
23896
26008
-33499
-14977
38437
2683
-35825
60728
26076
-29704
2664
24494
8903
-29898
17741
46477
14874
11010
8672
-35807
-8316
9415
-35530
23628
-13700
21559
26901
22903
-33089
-5403
31072
-12885
26241
27020
-8506
20468
13277
-9094
-47863
34836
-4874
1012
17710
-4006
13509
28239
-66
13012
-1289
10395
32821
4114
-5422
41941
-27535
63701
15140
-8468
6157
-12640
11008
25884
-3173
-42022
6045
20465
12118
19966
-9007
10509
-18238
82010
28147
-19367
18190
-8416
5081
36398
-3874
-21414
14223
-12597
26382
8507
19117
26992
-58366
22520
20239
2914
46307
28190
8223
1776
15396
19566
-7044
-13121
-1006
2603
16241
30529
-5793
39
327
385
498
1085
502
165
492
282
697
562
515
290
388
466
54
-484
146
-65
-109
-279
-210
201
121
-12
-167
-236
74
208
-333
-163
-163
-471
-3
-272
-135
-301
-403
116
41
-101
-95
-167
249
-145
-367
-103
-140
-351
-218
-214
-510
82
216
657
214
-521
-119
429
344
228
281
236
-330
-309
105
512
291
-185
-190
-201
287
72
-54
-17
100
13
-14
282
-114
-28
325
-566
18
-343
-159
486
291
-325
-82
108
-223
-66
171
151
-462
-228
-98
-141
-194
-150
354
48
-177
-380
57
-20
163
310
58
-55
-207
-222
-60
-9
124
-263
-72
265
-22
92
-31
-119
206
517
38
301
-93
-131
148
299
-150
310
311
-510
43
275
221
371
-156
103
219
55
-339
-698
125
-259
-214
355
230
-240
-249
-250
-54
154
122
115
-234
211
-160
-515
-283
-171
-41
579
-194
-228
-377
278
-57
-24
-76
386
207
21
-348
-215
250
-289
217
190
217
127
-78
215
120
3
75
158
-242
70
60
-351
178
-378
-190
-279
-542
385
8
21
-295
241
156
-132
-199
0
-553
-227
203
236
-58
-93
169
-270
105
-97
8
-93
-310
12
585
-121
194
-198
-285
93
328
674
525
-23
490
311
502
-22
5
129
237
186
292
-339
-296
-311
-600
-554
-477
-950
244
-300
-180
-726
-282
-355
-403
-531
139
444
362
44
-557
118
-88
52
3
33
-469
-215
208
7
-73
-499
153
408
631
235
481
869
807
915
364
602
294
397
584
248
414
361
543
207
437
483
511
343
452
504
120
186
175
257
585
519
686
261
-45
-69
1213
513
366
145
390
605
333
546
261
165
581
906
301
433
281
303
576
459
476
450
679
727
712
94
423
251
357
430
393
560
508
-49
673
243
330
256
328
344
-54
144
510
344
-15
555
255
111
29
448
410
369
-551
37
681
766
-218
451
159
163
538
530
-77
508
217
270
298
468
28
745
234
29
-137
201
465
510
52
835
401
43
343
666
978
-2
227
732
215
321
199
683
510
398
327
674
-138
444
632
363
438
242
681
851
216
459
322
439
281
564
284
410
266
176
194
120
806
-99
309
185
257
322
63
518
34
314
605
78
85
424
636
7
-25
493
32
464
654
444
-22
188
186
229
364
-31
643
303
289
679
392
642
462
160
622
481
103
377
132
259
464
707
167
137
269
418
452
696
167
369
122
202
575
244
859
-161
493
489
668
-417
603
-86
207
409
245
365
91
730
1188
549
103
167
591
313
651
512
878
-132
327
553
332
695
645
428
778
324
161
532
617
101
14
1007
148
647
407
812
639
682
508
382
521
279
297
426
479
471
390
576
-68
1195
1766
729
1317
888
1075
674
603
645
1029
730
1065
1078
873
825
102
1021
1219
1009
1175
1113
1510
1243
848
740
619
1113
1469
972
838
943
579
1224
1425
909
1082
887
999
1343
749
983
1214
1030
910
1373
993
1107
68
942
653
631
1019
1495
1499
673
1137
835
1020
918
1000
746
1040
840
459
853
440
869
750
1096
980
800
728
1346
1181
902
1032
1463
750
646
162
1037
1108
899
874
1529
800
1220
920
1071
840
960
1283
729
704
949
164
1217
1198
572
844
1123
1029
802
1119
967
1085
1059
1211
1325
799
944
177
1225
1084
807
783
1131
744
961
648
1146
1177
1168
877
1084
858
821
78
1151
612
787
1461
1073
560
1127
1185
1337
928
1033
1069
838
1202
1316
318
993
951
1204
886
945
819
599
1258
1427
1286
1092
1123
1121
1126
855
352
1055
501
1254
1136
555
676
858
931
676
682
810
1057
800
1200
815
124
1041
1088
1309
824
221
1161
798
752
906
994
974
1404
1134
1248
1368
371
1015
976
862
1223
1198
1434
1118
1530
802
1758
964
856
583
1159
857
443
1168
1009
958
951
1152
1128
1170
1240
790
1084
1264
1104
930
1662
1121
356
604
650
1108
801
678
287
290
496
406
-75
462
422
658
618
952
229
-457
-674
-723
-874
-651
-914
-597
-366
-168
-711
-376
-480
-556
-785
-901
-656
-395
-160
-1026
-1199
-984
-1094
-1211
-1499
-917
-1292
-786
-781
-839
-894
-723
-1014
-288
-784
-1010
-1334
-642
-839
-580
-996
-1403
-999
-1014
-540
-1286
-1019
-858
-1056
-231
-584
-270
-1064
-1225
-1437
-626
-993
-1168
-853
-1014
-998
-682
-478
-1378
-793
-566
-63
-1305
-1095
-721
-549
-648
-891
-683
-1580
-964
-757
-1028
-1206
-892
-1031
-370
-354
-1274
-229
-968
-1047
-873
-1139
-962
-849
-841
-825
-848
-563
-1089
-1206
-96
-787
-1173
-818
-665
-1052
-502
-1304
-990
-612
-820
-808
-875
-1077
-943
-694
347
-927
-842
-744
-1132
-836
-742
-920
-813
-990
-814
-1005
-942
-1020
-965
-1165
-290
-715
-627
-1413
-1024
-448
-1051
-953
-1159
-936
-852
-816
-828
-1011
-1182
-1184
-372
-1065
-763
-967
-789
-1098
-1027
-933
-1009
-847
-1092
-1252
-898
-1081
-950
-1129
-157
-494
-959
-1097
-1024
-675
-946
-760
-775
-511
-735
-938
-838
-1168
-1140
-874
-99
-421
-1539
-1119
-643
-956
-911
-920
-628
-758
-701
-641
-969
-1315
-1251
-1367
54
-992
-1766
-573
-1036
-903
-1129
-1588
-986
-974
-877
-513
-926
-948
-245
-1086
-715
-951
-447
-449
-728
-989
-919
-622
-981
-882
-815
-890
-691
-521
-770
-1068
216
-272
-396
-1214
-1055
-900
-1008
-423
-1797
-1291
-1161
-675
-849
-503
-1353
-1315
-283
-422
-720
-379
-30
-550
-829
-569
-352
-472
-808
-1070
-1350
-1004
-857
-584
143
-180
216
-209
390
166
164
31
-91
-8
129
449
-51
-196
-390
278
-87
589
280
894
182
400
456
319
330
426
201
538
164
537
-1
462
433
603
288
125
596
812
654
500
581
444
686
979
604
389
298
379
751
301
833
541
666
294
620
456
305
677
580
371
483
890
739
346
552
361
838
343
470
680
738
108
298
669
710
675
539
666
237
293
293
369
489
817
843
430
354
653
807
549
354
498
754
671
860
599
437
224
512
618
558
272
899
469
257
555
558
844
432
541
104
106
692
669
499
620
831
588
-67
459
871
489
600
400
347
743
624
669
421
429
826
412
425
423
347
614
713
748
590
440
573
451
501
426
698
428
352
559
763
675
713
595
847
388
339
450
491
573
274
472
470
364
546
1181
600
236
581
474
453
820
525
261
664
495
680
797
247
470
181
518
758
584
582
727
711
851
627
438
396
401
-165
548
808
1001
932
710
104
455
678
152
414
254
623
739
858
178
582
540
68
7
466
335
850
676
623
627
696
1005
1133
517
515
332
381
603
238
370
169
559
491
671
516
788
499
706
98
824
622
542
589
660
187
251
12
119
329
444
96
-110
295
-124
482
339
238
-63
325
79
573
-80
307
279
131
265
-246
-267
-198
-275
-88
-270
-46
36
454
-325
541
-426
449
342
153
136
84
472
12
255
47
-42
-3
28
447
-299
741
-302
221
256
31
232
23
196
264
97
-35
-4
-42
-299
-238
-251
927
-285
-358
335
154
101
46
236
312
158
-56
-81
-345
-52
296
-782
611
-350
276
-342
-9
242
-78
-276
21
789
-265
-238
350
-145
-155
-382
480
-414
81
-142
371
-112
-177
-55
255
-150
-388
216
-118
-187
240
-532
597
1
64
-137
235
-159
225
-93
-134
-166
-37
301
-205
-191
146
-440
396
297
32
-92
239
-427
-245
333
108
-38
-207
-7
231
11
101
-400
724
-258
-124
315
-225
-300
108
180
355
-284
196
-260
-316
364
319
-814
787
26
64
241
148
-287
-18
435
-77
-247
78
101
97
49
-321
-306
290
-282
356
545
-298
-84
299
243
13
-278
-291
20
327
655
354
-500
299
185
362
307
-542
-337
169
48
-74
-22
-78
-532
222
289
234
-22
584
193
150
106
-88
90
103
131
74
272
-195
-177
-19
-440
31
-89
450
25
-245
395
478
-189
-161
197
412
22
-168
-88
-446
-2
-102
-20
514
-383
-62
-67
406
-327
-85
23
573
-363
462
276
-119
-291
604
-460
396
-49
137
-47
106
93
-87
-237
-80
30
617
457
177
448
94
-7
299
-225
-121
27
-125
119
-116
19
6
354
-17
-69
123
-249
-130
-263
144
-490
70
14
251
147
-352
-3
-560
4
274
-407
-702
-185
208
-128
-60
-184
156
115
-642
-534
-558
-62
7
-32
-91
-72
54
-55
-489
-590
24
-128
-444
71
-221
49
52
224
-107
245
39
364
6
-130
231
-514
854
-154
196
159
266
-198
-106
388
29
-7
34
135
56
126
-70
-471
229
-30
446
3
7
-409
-269
-272
270
312
-138
-17
-138
-221
-289
-561
243
-241
-210
-281
-199
-487
-114
840
-226
-213
-42
-22
-158
-207
100
-345
79
85
389
-13
-185
-197
-63
78
157
-152
-242
-77
147
-128
-356
-365
314
-77
-300
355
11
-506
88
296
201
-66
268
-346
11
461
140
-172
102
246
-212
-100
-361
-9
-320
-164
62
-94
-166
150
-394
-124
34
-515
295
-121
23
-243
100
192
333
-96
70
-306
42
-374
319
-214
-2
-377
328
-58
-326
173
31
357
255
148
221
-168
0
430
19
442
261
-267
266
-394
-126
-366
22
-723
-73
-78
-75
-197
-325
104
-66
-373
-155
-3
238
155
156
-571
124
69
-91
-305
-79
-346
-77
-98
-431
248
-172
-263
7
-392
201
-156
761
493
235
35
616
232
350
-484
-533
201
-64
-328
260
-26
-186
84
58
517
-257
-187
-17
269
31
177
-230
-306
-348
-420
141
324
338
135
243
-183
409
194
414
292
309
548
-20
293
146
386
560
64
1209
953
970
530
752
795
992
629
642
862
896
914
387
517
586
327
828
373
1047
563
596
563
603
674
1048
782
720
1022
687
412
420
384
829
529
736
978
876
1068
1193
879
787
1350
998
663
720
405
344
457
952
1225
886
505
944
323
908
755
768
696
849
1155
479
196
289
837
849
533
401
766
901
1433
1178
507
682
767
1048
532
742
378
350
217
920
807
645
1056
501
729
936
573
463
701
650
1334
728
115
652
360
758
545
1098
442
647
658
802
843
1053
791
842
785
524
562
707
622
792
894
918
559
885
400
964
672
644
1073
1261
598
1046
511
296
73
1056
907
80
338
1057
1229
762
762
735
415
967
1090
549
591
602
599
831
1086
495
608
1161
811
691
813
739
1256
818
380
887
139
59
483
1059
873
740
249
873
1009
476
841
733
423
855
1008
373
726
51
259
429
339
781
936
536
664
730
743
1053
845
457
853
1098
278
837
582
711
758
790
794
521
998
920
930
896
554
1062
515
1083
359
449
110
376
930
965
385
1338
744
860
879
587
974
752
562
388
554
195
160
513
484
550
557
664
696
151
148
718
342
-53
536
494
74
173
-408
-417
-1095
-899
-433
-478
-341
-211
-444
-231
-486
-795
-259
-489
-397
-209
-620
-598
-327
-157
-21
166
-219
-497
-571
-454
96
-367
-6
-404
298
14
-494
315
237
-242
-368
-54
-390
-190
-137
-17
-629
51
-155
-409
-24
-132
-33
306
-101
572
219
-202
-436
-13
167
-684
20
-186
-351
195
105
166
-348
-208
248
10
-79
-600
457
578
-118
417
-397
-215
-263
-312
-65
348
-133
-36
-278
-394
-240
83
-49
33
-11
-198
199
282
155
-203
-493
-18
-286
-124
-7
-42
171
58
-44
97
-174
-6
-367
-22
458
-245
286
150
-301
-234
-265
428
-385
-103
-338
-200
-118
-495
-334
-105
-303
-149
-143
327
-164
311
-283
255
78
-287
12
-40
-63
627
-99
287
-426
-492
-100
176
-522
191
-98
-541
-132
245
-480
-85
-238
-514
-18
-271
371
-13
316
277
-123
59
-693
-428
-353
-170
-111
100
764
267
-302
60
-51
-321
-220
169
-575
232
72
-85
-297
647
-42
-263
-298
-94
126
162
-256
214
-62
-102
-28
0
21
42
-117
411
-206
26
188
-76
-11
220
33
-144
121
272
202
370
-17
169
303
-288
-620
453
-537
306
620
-477
253
-343
-38
231
-279
8
-422
-138
-237
-44
107
26
-364
-170
-249
-419
-387
34
-169
124
22
-140
29
211
146
-282
165
20
238
272
-151
-16
-40
-251
29
-297
291
7
-49
-190
-401
-489
-268
112
-299
-397
-152
-534
-15
-163
-64
-596
-772
-363
-486
-168
-709
-792
-130
-491
-166
-452
-699
-298
-543
222
366
-339
-134
-22
-154
173
81
171
252
-430
-134
-139
-82
266
187
107
336
-493
177
577
52
-372
-351
372
298
-12
-119
69
37
1
470
157
-244
-361
-184
-184
370
-8
402
135
-277
102
-118
266
-421
-221
-440
-397
539
-175
-99
706
114
-57
-372
69
279
-21
-103
-328
62
-864
-512
162
743
-520
288
-179
-97
-198
-286
16
296
-487
-337
184
-536
245
819
392
218
-222
151
185
-159
-266
-313
-275
-236
94
-29
58
434
262
173
13
637
-762
-329
415
-60
1
270
-142
-22
-263
-250
378
149
-100
-280
26
367
-138
-38
-108
-196
-181
-88
-136
428
197
199
-691
1
327
201
-45
450
-228
-102
-51
-472
163
282
-211
70
67
183
336
-199
-203
20
508
673
-433
521
-148
-83
223
-143
52
-31
-185
-700
-357
212
140
179
345
315
-492
406
164
310
-347
-172
-477
-225
-158
-371
318
71
107
561
541
494
-269
138
30
-101
280
233
255
-397
50
-62
117
-225
-371
147
-28
-124
-764
-260
-33
-297
-479
-82
-72
234
-11
-270
-246
-1010
-105
18
-326
825
-483
-98
86
123
174
130
159
82
343
229
-109
101
-204
4
432
429
27
393
660
262
501
330
301
589
310
595
503
161
482
574
959
804
-193
721
648
-82
-11
184
313
79
203
278
526
355
630
907
-260
324
-360
-80
-126
237
-71
425
-174
356
489
219
580
510
502
463
310
133
-532
47
779
600
631
-332
-120
460
207
308
-133
344
107
-191
442
113
-356
-89
308
-26
167
308
304
793
787
349
115
217
58
951
-41
343
-110
-419
-34
141
456
664
-68
535
297
277
-160
-24
924
329
398
350
-50
245
333
595
-210
431
333
203
90
-327
914
-223
184
493
-413
373
-99
21
140
158
797
-156
-34
-32
447
475
49
345
463
1231
-5
410
-605
68
536
-116
-168
274
383
226
382
50
38
-111
131
983
438
426
-317
7
391
46
413
699
421
-252
394
330
164
217
478
431
681
221
-350
65
941
148
-200
529
350
392
127
226
-97
-9
1106
615
163
213
189
-94
274
311
771
-90
-38
237
279
636
71
391
116
765
232
390
-577
384
563
-655
231
584
370
201
350
145
337
-287
274
243
-139
562
-551
276
-136
104
368
286
107
349
301
171
450
187
-44
782
446
477
-32
-203
289
374
1
142
393
-251
52
-23
524
138
164
412
434
-22
83
-99
-290
213
207
128
192
186
31
-182
335
-182
69
-196
-126
359
-251
-111
-280
-459
-1014
-836
-417
-674
-599
-648
-614
-629
-601
-580
-774
-1300
-744
-1352
-822
-1099
-1010
-1719
-1204
-1146
-1115
-1283
-1556
-868
-1140
-1326
-992
-868
-519
-936
-1066
-761
-928
-966
-630
-448
-844
-1024
-854
-900
-782
-868
-1525
-834
-455
-1003
-1327
-825
-828
-287
-373
-589
-417
-1406
-1446
-689
-745
-1680
-975
-486
-712
-930
-991
-765
-635
-775
-650
-589
-1113
-1206
-233
-736
-909
-1346
-1104
-873
-663
-1153
-1114
-1330
-1080
-716
-769
-719
-1032
-610
-1430
-1127
-1117
-1068
-1139
-892
-288
-1317
-1006
-1066
-746
-912
-992
-1118
-1298
-1176
-1339
-1101
-1127
-873
-275
-736
-640
-1003
-758
-968
-1247
-1137
-877
-1260
-1340
-889
-803
-653
-488
-1022
-1640
-1326
-737
-1278
-1356
-1219
-847
-884
-559
-1243
-1104
-841
-807
-883
-1112
-1112
-818
-890
-399
-954
-985
-1019
-688
-611
-766
-470
-977
-1201
-1249
-1040
-965
-1042
-1124
-865
-510
-1183
-1079
-999
-617
-689
-444
-481
-743
-891
-440
-411
-907
-1419
-1019
-694
-573
-959
-855
-512
-756
-906
-699
-795
-974
-1385
-839
-811
-1083
-1193
-1122
-841
-284
-367
-807
-300
-619
-1342
-1033
-1328
-1309
-887
-973
-1001
-997
-935
-899
-1032
103
-1099
-1452
-865
-565
-935
-960
-791
-726
-817
-474
-1112
-401
-1266
-1602
-367
-666
-1252
-881
-840
-872
-817
-1173
-898
-818
-1012
-1351
-1082
-1064
-939
-1336
-829
-390
-684
-698
-693
-690
-862
-773
-642
-748
-621
-812
-485
-653
-918
-714
-468
5
183
177
-163
-25
205
-143
54
191
-131
275
92
220
-81
-79
-348
8
-205
30
-377
-351
-707
-320
-155
-280
-224
-607
-384
-584
-70
-155
420
-74
-423
-294
-81
289
157
-104
52
-257
-501
2
-229
-586
25
20
-460
-21
-426
121
18
139
-323
123
-276
-498
-52
-237
-219
-296
-235
219
-389
-154
-415
40
-229
-69
-61
249
166
-201
-625
4
-165
-123
-234
-88
172
-326
-374
-194
-41
-77
-300
-636
-16
-200
279
-293
-201
-5
-55
-9
-176
-168
-296
-177
-447
-670
-53
48
-47
-276
-433
-159
-329
-165
82
535
8
-202
-280
264
20
-526
93
-171
-611
-624
-294
-257
-135
-179
-95
-209
-436
-175
-405
-477
-79
-14
37
-40
-45
-349
23
-360
9
180
-4
-324
-179
-104
68
75
209
331
-42
-494
-368
-111
-173
-350
-316
-114
84
202
-227
-288
-257
206
-630
98
-162
-222
-412
-69
67
-98
344
-8
-524
167
-111
-60
-42
-218
-338
-92
-48
67
-88
-35
-683
-233
38
-272
196
-42
-435
-266
-193
75
19
253
-513
-338
-704
-604
-279
-290
-463
196
372
372
-145
232
-123
129
111
135
557
-183
-679
-9
-148
249
-512
-519
21
-335
-297
-31
-76
1
105
-209
-49
-343
-83
-186
-324
-202
-116
-325
-430
293
-163
-64
-422
-339
-353
-589
-280
-41
-142
-524
-97
-198
-269
-43
-574
-245
-255
-139
40
-12
116
-406
-241
112
-174
-167
-353
-297
-57
-390
-131
-625
-212
-304
-511
-251
-395
287
-571
-568
-503
-263
-183
-431
-309
-291
-309
37
-684
-247
-348
-238
-870
-380
-754
-368
193
-594
-441
-313
-124
-498
-627
-690
36
-381
-982
-363
-609
-479
-720
-587
-346
-409
-906
-367
-430
-330
-686
-693
-735
-642
-883
-366
-166
-300
-991
-442
-12
-525
-586
-480
-1098
-345
-1009
-553
-492
-650
-1094
-921
-820
-696
-690
-334
-148
-203
-539
-973
-596
-1095
-880
-868
-496
-332
-443
-255
-471
-242
-475
-1192
-643
-557
-377
-813
-630
4
-1337
-939
-956
-402
-400
-285
-386
-802
-406
-467
-424
-501
-684
-438
-554
-411
-792
-587
-424
-300
-788
-680
-671
-606
-151
-602
-772
-285
-308
-873
-837
-682
-649
50
-416
-433
-533
-473
-978
-478
-293
-193
-502
-879
-866
-974
-222
-168
-907
-907
-448
-486
-574
-755
-836
111
-464
-33
-673
-215
-690
-789
-742
-466
-970
-793
-448
-618
-52
-28
-681
-603
-583
-899
-955
-66
-586
-665
-114
-39
-818
-1073
-722
-445
-281
-325
-715
-784
-496
-778
-467
-25
-382
-471
-568
-929
-704
-469
-957
-211
-938
-801
-298
-730
-895
-734
-800
-654
-534
-1011
-964
-796
-768
156
-213
-687
-963
-1082
-757
-1003
-478
-1111
-1333
-1234
-547
-808
-808
-635
-991
-912
-463
-271
-435
-444
-391
-471
-655
-849
-708
-775
-473
-234
-553
-672
-1020
-657
-480
539
286
283
979
904
753
245
462
590
709
520
432
507
446
485
207
43
659
239
1
267
455
5
-26
119
-96
121
423
51
147
473
790
609
353
91
73
116
430
53
50
197
497
519
438
652
361
275
370
394
632
324
540
413
329
-98
-178
-170
114
338
134
-203
286
292
186
69
253
101
-34
253
-265
76
583
618
739
661
-175
-349
-286
-349
2
218
561
-232
-89
363
458
128
-216
470
423
-108
233
398
223
122
134
233
204
366
716
314
13
98
-323
113
97
270
414
98
432
92
35
568
814
190
-198
275
294
-64
-91
438
171
331
-414
150
-511
456
590
166
235
205
514
250
77
287
258
395
202
291
307
240
316
3
278
94
767
59
-34
-205
634
650
285
-9
-29
196
33
276
340
344
496
185
677
216
0
-19
-446
150
74
264
734
261
-113
278
509
79
138
241
517
211
383
192
370
-56
-27
109
106
11
290
619
-71
250
27
269
436
638
46
-379
-128
310
258
577
419
123
378
104
-24
474
500
-185
70
60
127
536
591
376
62
458
329
378
580
320
179
-9
511
-40
64
340
-39
-412
-212
346
-172
-289
-334
-416
430
-326
183
623
-149
-141
-291
-689
-773
-559
-417
-471
-646
-680
-335
-158
-217
-719
-685
-600
-24
-63
-74
23
166
495
2
203
-110
165
533
79
540
191
118
102
-189
-223
-259
-196
-576
412
-875
-560
-168
-225
-313
-102
-834
-286
-668
12
-170
93
-189
297
-394
-311
-678
-425
-428
20
61
-655
-227
-4
306
-437
-542
357
-263
-273
-318
235
-7
-70
18
570
-265
24
-750
214
-372
119
-609
86
-154
-416
-168
136
197
-57
-191
-345
294
-229
-48
-254
-197
-94
-661
72
29
-63
-469
-336
-349
-413
-15
582
-104
-197
-279
-372
-144
-5
-811
-36
-681
-465
36
-338
127
42
35
-374
-260
-583
-773
-275
-50
46
-110
192
-201
-119
28
-136
-522
-228
-459
-391
-329
97
515
290
-366
-153
-847
232
-669
-172
-339
-250
-349
-315
-556
-87
-288
-214
-799
74
176
-159
-257
-21
-428
-470
-523
-307
-706
49
-309
-1
-178
-791
-367
-526
-621
-613
-915
-201
-220
-154
-475
-299
-366
111
-274
414
97
444
-352
-161
-328
-116
-708
-198
31
-211
-190
35
401
-116
243
-243
43
-543
-367
-432
172
483
-729
377
-248
-32
-597
-155
-425
-264
-489
-443
185
94
-105
146
-1
-1
-862
452
-142
-73
-36
-205
-175
-549
-405
-586
-229
-252
29
-546
-1033
-213
-341
-114
-143
50
-369
-12
39
-420
-211
0
30
-12
-585
-368
-260
-460
-757
275
133
-143
125
212
-12
58
121
292
-20
279
150
-176
27
-284
-93
-30
-665
-1002
-964
-741
-897
-1043
-788
-708
-801
-738
-642
-898
-544
-949
-478
-400
-789
-1212
-1716
-1407
-1591
-1464
-1280
-1246
-1519
-1494
-1763
-1828
-1385
-1413
-729
-583
-1269
-1068
-1574
-1344
-1096
-788
-965
-1265
-1637
-1404
-1319
-1403
-1043
-1797
-1220
-302
-1060
-1042
-841
-1110
-934
-593
-873
-1851
-1321
-1046
-985
-1286
-1163
-1187
-1216
-884
-1005
-985
-1219
-1304
-1632
-478
-958
-1572
-1500
-1354
-1460
-1793
-1683
-1524
-630
-213
-1436
-1151
-1062
-1146
-1442
-1448
-1686
-1281
-1680
-1390
-1410
-1437
-1165
-1364
-653
-874
-1364
-1144
-1404
-1601
-1579
-882
-927
-1904
-1505
-1097
-1267
-927
-1254
-880
-189
-354
-1423
-1147
-1016
-1569
-1726
-1201
-1559
-1434
-1705
-876
-890
-1102
-1322
-1214
-853
-601
-1354
-1111
-1450
-1154
-1555
-1409
-658
-1168
-1147
-1083
-1328
-461
-749
-1458
-553
-916
-1162
-1348
-1234
-1009
-1233
-1456
-1341
-798
-1317
-1272
-1261
-1589
-1152
-1020
-989
-895
-1340
-1306
-1497
-1238
-878
-1356
-1334
-1217
-1187
-1254
-1365
-1387
-1091
-1179
-780
-221
-1032
-1506
-1548
-1115
-768
-1325
-1529
-1888
-1851
-1328
-1406
-1561
-1102
-1183
-386
-142
-955
-1238
-1503
-1119
-1392
-889
-1489
-1431
-1063
-1324
-1467
-1060
-1273
-900
-311
-825
-902
-1084
-1175
-645
-988
-1136
-947
-1145
-1351
-827
-1446
-1660
-1303
-1663
-680
-755
-644
-862
-1286
-1005
-1172
-634
-823
-716
-1211
-901
-1410
-1467
-495
-1310
-563
-576
-963
-864
-721
-1132
-1294
-688
-816
-756
-601
-790
-686
-904
-1088
-578
-122
-568
-1392
-969
-1453
-919
-1205
-1505
-1428
-1317
-1115
-895
-1557
-1265
-1131
-812
-314
-401
-414
-679
-746
-1219
-868
-427
-371
-400
-907
-1013
-437
-987
-557
-703
-266
-196
-1157
-595
-382
-612
-520
-481
-896
-607
-668
-398
-883
-455
-833
-141
-293
-406
-375
-808
-663
-432
-443
-127
-922
-1012
-691
-667
-276
-1251
-970
-679
-94
-413
-469
-531
-743
-571
-522
-448
-810
-717
-676
-493
-949
-1078
-797
-499
-466
-195
-773
-1088
-692
-805
-687
-945
-841
-627
-582
-1141
-998
-674
-690
-65
-36
-136
-610
-782
-1219
-997
-1157
-606
-641
-1206
-901
-364
-148
-464
-535
-414
-398
-449
-862
-787
-618
-393
-608
-914
-1022
-532
-436
-359
-761
-163
-755
-702
-434
-191
-626
-955
-762
-705
-998
-421
-70
-479
-634
-927
-1009
-1102
-636
-366
-237
263
-491
-1168
-572
-513
-424
-618
-868
-827
-959
-474
-861
-1144
-926
253
-257
-218
-322
-740
-383
-568
-623
-396
-503
-1075
-861
-1121
-469
-610
-333
-463
-456
208
-497
-775
-542
-269
-1158
-957
-858
-387
-642
-257
-766
-956
-1023
-183
-388
9
-250
-585
-855
-982
-841
-692
-868
-869
-1119
-655
-396
-380
-898
-595
-10
-514
-1100
-1015
-908
-537
-557
-411
-594
-152
-755
-369
-883
-1057
-79
-491
-106
-416
-504
-333
-500
-288
-474
-587
-575
-361
-630
-579
-542
-1040
-472
-318
-343
315
185
12
-299
-72
249
105
43
-325
-312
174
192
178
-155
-175
101
137
-801
157
-35
127
-13
-43
5
55
-205
-49
296
18
-155
38
284
-418
-1137
-648
3
-457
-817
-1087
-821
-811
-653
-868
-968
-679
-653
-2
-142
-376
-846
-1344
-1288
-1195
-295
-902
-1148
-642
-743
-1135
-1183
-503
-860
-950
131
-443
-993
-1453
-1066
-404
-823
-1246
-1126
-547
-883
-1097
-760
-787
-512
-580
-660
-526
-656
-876
-742
-1251
-1057
-393
-600
-1371
-728
-675
-569
-1133
-114
-602
-262
20
-559
-692
-1368
-1015
-806
-543
-852
-771
-750
-858
-682
-1478
-1173
-1216
-94
-809
-1151
-1142
-664
-572
-965
-739
-639
-768
-1230
-879
-1052
-636
-831
-376
-198
-188
-553
-1309
-1164
-731
-712
-713
-838
-1206
-1150
-1035
-757
-1438
-710
153
187
-372
-1044
-706
-615
-841
-834
-1009
-625
-822
-760
-763
-650
-660
-1382
-691
-114
-48
-660
-1091
-362
-1151
-892
-840
-548
-1145
-1221
-1163
-911
-148
-600
-534
222
-610
-465
-1182
-328
-1356
-996
-1203
-984
-528
-719
-995
-1242
-860
-413
-355
-149
-476
-710
-1229
-1176
-763
-131
-632
-782
-812
-918
-764
-296
-992
-911
-694
-391
-307
-1075
-1012
-702
-1403
-1176
-1237
-1082
-997
-1742
-1353
-901
-601
-291
-412
34
-383
-708
-771
-1201
-733
-948
-1175
-1079
-645
-1014
-759
-363
-566
-825
-972
137
-212
65
-832
-854
-241
-827
-771
-12
-712
-989
-779
-853
-393
-284
-740
28
-634
-563
-782
-798
-769
-864
-466
-771
-684
-301
-936
-711
-780
-603
-879
-418
59
393
544
662
234
220
332
413
479
825
338
228
378
251
732
644
366
491
-96
-111
49
139
501
552
818
-10
295
504
540
721
494
488
589
37
613
477
784
879
1098
510
140
1050
680
660
1121
1235
545
-84
440
844
621
700
773
767
476
388
862
614
818
421
870
578
316
538
413
785
1069
643
1174
289
507
672
844
910
762
842
226
461
1129
67
726
658
476
707
762
694
956
637
838
860
679
773
726
1333
879
315
570
170
459
608
570
576
647
992
610
864
593
614
1045
834
635
689
574
807
579
878
1204
610
369
625
443
535
859
600
874
316
549
219
308
337
746
676
382
859
298
747
736
522
1029
639
64
643
151
609
533
843
487
879
602
872
970
590
926
1117
576
641
536
372
1033
184
572
514
485
1072
531
398
758
852
923
905
926
691
589
929
569
129
732
380
296
600
527
642
973
885
598
469
783
542
667
393
813
451
324
597
714
617
906
875
512
768
449
1103
809
667
751
543
-84
272
101
850
971
533
937
983
1168
599
1356
985
562
1456
524
674
640
220
453
420
822
607
915
645
-111
749
645
568
694
244
322
681
623
276
432
660
570
399
485
497
931
828
716
553
854
717
736
698
390
586
-119
514
162
308
63
170
267
260
301
357
-17
586
74
345
-211
318
-47
23
-121
-132
-38
-122
-219
-40
-180
-49
85
-6
-190
-46
326
69
-278
-301
301
-32
-181
64
389
321
166
396
28
107
193
307
189
102
-25
-151
306
186
137
262
105
146
75
-640
149
341
396
36
367
-63
-98
-370
-99
546
215
259
155
542
252
47
77
-264
175
-140
-154
29
258
189
-258
54
141
354
23
36
283
-65
-150
193
236
97
118
351
-129
-22
65
-17
-56
50
381
274
15
-4
315
-33
172
866
-182
-374
157
7
-138
-182
106
98
365
-279
179
221
-519
-36
156
-56
448
486
65
-117
383
-93
345
254
276
-370
63
29
563
-235
384
-24
78
105
133
-27
126
-171
422
-27
257
-36
-122
-10
-4
390
352
369
-54
415
233
-372
190
-189
180
-204
322
242
169
118
315
-267
125
228
-330
58
-346
257
183
-1
203
57
162
389
-32
-133
270
362
203
75
-125
69
150
147
-151
-122
-395
-23
486
25
67
539
-73
-285
315
372
85
108
211
-692
-209
852
367
389
18
-106
332
157
562
289
117
25
-28
132
73
427
427
339
422
151
129
294
44
-44
1
-61
280
362
-56
398
592
97
-252
-93
145
-369
60
19
-215
191
43
-113
-132
-247
-187
-387
703
-49
355
171
199
74
181
-41
236
-51
99
371
339
-278
378
-459
233
-77
-100
343
788
724
157
252
522
405
27
24
525
156
638
674
360
294
-4
792
957
670
192
418
535
470
775
105
231
37
308
302
284
493
57
-97
-260
-9
655
165
513
901
717
515
242
569
609
-183
234
320
454
726
804
542
205
-44
113
328
325
425
216
663
742
593
172
507
664
407
249
44
57
358
266
506
447
508
302
101
795
38
152
221
67
211
311
491
218
334
250
636
226
653
660
583
548
55
200
166
29
430
540
142
657
445
586
86
228
304
-196
253
953
26
16
816
525
196
636
970
354
602
530
684
580
73
604
-332
583
76
569
608
411
983
241
643
-55
206
456
419
93
422
334
462
672
214
346
964
112
306
378
899
94
0
340
663
272
181
213
181
523
43
-33
491
775
807
239
189
697
704
377
364
479
707
181
22
297
112
277
362
300
187
391
70
266
473
361
358
123
765
830
-179
1297
112
243
310
339
358
469
561
-64
500
115
206
800
421
145
66
333
-17
406
503
571
449
252
517
897
376
548
925
388
1206
733
520
372
484
46
356
933
783
312
759
315
464
837
354
289
576
608
671
558
350
-87
-58
-115
-108
-118
141
251
182
57
2
-347
129
-24
43
12
180
264
178
374
586
728
781
294
158
44
730
905
442
855
573
0
396
205
1011
138
519
84
1001
255
382
496
916
458
494
771
764
-2
504
658
890
780
830
729
765
-226
277
851
570
357
571
438
235
618
402
837
456
96
60
414
756
767
293
569
729
474
846
213
799
938
264
709
474
552
355
999
674
206
512
70
705
529
1235
582
622
305
50
753
862
418
776
843
812
515
497
751
835
1082
385
464
784
488
216
702
627
235
706
793
565
591
954
805
660
444
948
46
603
467
282
494
549
761
941
198
921
865
581
251
462
1041
481
128
149
692
363
694
504
153
817
574
582
532
631
420
886
512
599
587
726
0
157
428
293
629
1305
71
482
452
1045
625
542
952
341
685
648
501
221
461
320
463
831
543
317
634
281
410
677
701
623
470
539
209
295
92
708
628
385
715
1109
310
588
876
409
415
481
604
688
537
-65
406
624
521
472
697
156
550
661
483
374
733
967
674
380
779
159
462
520
577
264
490
870
295
376
582
124
414
370
389
1134
-68
-80
327
562
413
499
579
297
426
738
597
299
677
457
637
927
759
-19
-81
-137
-4
-81
-319
-242
185
97
-50
-338
-251
-125
-126
-285
178
-113
44
-641
-335
430
196
353
-36
-156
192
-24
106
-30
84
-225
417
75
325
260
163
-49
-17
-149
14
82
279
16
-277
232
-134
-92
254
259
355
-118
249
509
311
220
520
-32
-141
27
664
176
370
-65
393
-6
313
350
294
230
311
712
651
-46
49
268
186
207
370
390
349
288
127
-550
-96
105
-18
-282
-196
299
389
84
394
227
36
93
246
356
365
480
-23
121
228
10
-396
-71
100
266
187
-111
95
89
995
318
38
-454
189
313
4
-172
538
385
163
210
21
255
109
563
93
-101
459
108
198
327
614
195
-15
274
392
292
708
456
206
-420
517
118
47
249
477
-17
-121
-47
-148
103
-162
128
194
30
-160
-165
351
377
301
-478
-156
237
311
629
521
588
213
120
293
228
-192
-454
449
485
432
-57
457
-259
68
182
301
114
30
506
393
312
182
506
126
45
71
-107
-383
494
187
91
275
541
79
-99
-7
38
436
47
170
311
34
-89
292
45
-339
-243
298
493
-85
25
220
339
-96
-148
462
23
-4
-31
161
199
-76
470
429
321
380
680
265
-73
-208
-510
3
370
570
583
532
478
728
965
488
626
1192
368
470
633
723
789
575
485
-470
-179
312
-25
-391
-454
-529
-25
-75
105
-328
-146
-383
-94
-327
209
-100
-290
-193
-870
-409
-643
131
717
-297
-304
-331
29
-95
-225
-256
50
467
178
-3
592
131
705
144
-49
1
-144
-140
-613
-358
190
-342
-175
157
0
183
-227
294
307
-9
435
71
157
8
382
44
13
-586
400
201
-420
160
-219
-368
-238
-466
-9
-76
107
-46
213
332
-581
139
-40
643
261
-188
81
-49
-479
-43
308
-689
-137
-164
-138
-515
196
-299
1
855
335
-323
-24
33
97
-110
-510
-122
-206
-454
144
747
80
-533
-167
415
-661
-119
70
-382
374
-496
-214
308
22
198
5
260
-33
112
-10
426
97
-384
-125
92
-264
-165
378
-555
651
92
313
-832
352
-51
140
390
-129
131
-46
-108
451
373
333
221
-296
296
-275
336
236
377
44
526
-83
-124
0
420
-33
-114
-29
-398
325
-193
9
273
177
-105
62
389
67
3
240
-438
-332
-214
-146
47
-15
-154
124
-83
201
-82
-221
-488
-236
146
87
131
304
108
222
-413
-371
-108
-209
-448
189
19
-385
-200
-309
-295
-87
-362
-144
-112
-249
84
243
-317
-357
-485
-287
-83
-173
393
-348
-81
128
139
127
59
-400
471
-388
-67
217
-237
-189
233
-221
213
71
-88
-198
-20
-170
-506
-112
-139
-256
-134
-119
-307
186
-174
-569
-639
-594
-874
-694
-602
-158
-577
-998
-777
-559
-648
-894
-984
-611
-1064
-732
-612
-496
-608
-503
-140
294
-186
-292
-807
-878
-695
-855
-429
-454
-245
18
-185
-385
-969
-537
-458
-515
-149
-208
221
-155
-348
-301
-110
388
-82
-327
-397
-18
-268
-46
223
19
-633
-286
-244
-364
-743
217
-347
-772
-391
-17
-406
-18
-203
-335
-329
-703
-760
-283
-849
-306
-365
-180
-527
-102
103
-55
-292
-93
-959
-543
-273
-208
-532
-762
-563
41
-436
-270
-203
-326
-36
-143
-341
-503
-270
-310
8
-73
-680
-97
-660
-871
-810
-171
-34
81
252
-85
-199
-230
-443
-68
-330
210
-6
-236
-438
-539
-493
-18
-37
-259
-40
-580
215
-372
-622
-314
40
163
-155
217
-292
210
10
-342
-572
150
347
-388
-189
142
-15
64
-199
70
-439
-502
-242
-539
-551
102
-433
-1030
-21
-323
-433
-494
-189
-144
-74
-300
-225
-516
-424
-276
-421
-428
-239
-288
-54
-160
-291
168
-189
-61
-315
107
-714
-1181
-873
-443
-599
-575
-599
-798
-346
-174
-372
-197
-475
-551
-102
-333
-119
-649
-329
88
-371
-414
-232
11
-475
-373
-434
-428
-581
-290
-765
22
-394
-364
-260
-577
-258
157
-290
-849
-193
333
-527
-339
-534
-524
-773
-394
-401
-629
-746
30
135
-163
-80
-560
-87
-584
543
950
658
636
784
897
480
433
358
816
830
1077
959
585
801
467
809
-173
-585
60
375
-194
-116
231
420
472
120
207
119
3
265
458
-7
-155
-247
169
143
-233
-422
147
38
336
156
58
67
25
295
248
-164
-209
-402
199
-632
-355
-323
60
-415
-305
-600
-493
-377
-1100
-614
180
209
-601
-526
-133
-672
-197
-45
-357
-711
-1009
-537
-445
-332
-333
-166
-94
-181
-473
-694
88
-423
-810
-296
-676
-331
-595
-345
-568
-582
-423
-248
-83
-517
-874
-773
-497
-185
251
-473
-540
-282
-74
-599
-835
-464
-725
-430
-245
-462
-413
-648
-388
-751
-620
-206
-679
-649
-288
-203
-509
-904
-281
-671
-697
-410
10
-932
-579
-199
-703
-793
-481
-534
-413
-500
-329
-1073
-711
-458
98
-520
-848
-677
-492
-615
-760
-832
-650
-378
-826
-486
-425
-536
-669
-87
-81
-65
-860
-147
-686
-395
-265
-422
-541
-267
-822
-680
53
-142
-195
-339
47
-539
-1279
-295
-581
-835
-99
-243
-570
-446
-617
-607
-589
-769
-377
-648
282
-208
-213
-33
-542
-738
-245
-855
-39
-379
-772
-517
-377
-482
-1012
-621
-108
122
-876
-558
-594
-301
-200
-835
-355
-397
-542
-402
-680
-431
-514
-332
-142
-124
-789
-704
-160
-491
-323
-701
75
-1105
-698
-164
-939
-67
-13
-107
-414
-489
-354
-433
-624
-738
-520
-941
-546
-840
-809
-1265
-575
-64
-269
-406
-209
-850
-1243
-1458
-1060
-1323
-1074
-1557
-1189
-910
-1147
-1155
-1265
-1295
-1307
-1138
-220
-72
429
-53
56
19
257
-3
-611
-100
18
386
-176
-541
-489
-123
-182
389
-278
340
-470
-290
-787
-213
51
0
-114
-135
-538
-302
-316
-499
-569
-169
-167
-801
-710
-1275
-859
-831
-514
-515
-1026
-1028
-1144
-724
-877
-48
53
-337
-550
-954
-823
-145
-592
-638
-812
-555
-906
-930
-489
-958
-719
-874
-557
-330
-182
-367
-606
-1237
-653
-663
-646
-974
-693
-839
-797
-17
-1011
-750
-202
-169
-300
-384
-874
-604
-884
-421
-390
-920
-687
-230
-333
-1011
-734
-455
-750
-470
-54
-853
-844
-729
-821
-63
-430
-632
-298
-841
-552
-443
-1539
-760
-36
-3
-833
-653
-812
-770
-701
-688
-494
-182
-963
-716
-685
-754
-392
-438
-576
-177
-594
-1520
-1235
-766
-1114
-597
-465
-795
-643
-967
-717
-727
-686
103
-303
-491
-328
-804
-698
-587
-888
-857
-841
-821
-785
-577
-394
-342
-751
-658
-362
-623
-829
-276
-340
-1123
-893
-1101
-621
-578
-522
-857
-604
-319
-414
-403
-274
-45
-79
-574
-925
-334
-786
84
-680
-609
-380
-694
-960
-1087
-661
-491
-75
-337
-316
-575
-904
-890
-367
-758
-799
-350
-567
-440
-482
-577
-579
46
-535
-366
-772
-401
-551
-684
-560
-440
-497
-562
-766
-1077
-624
-841
-372
-795
-205
-510
-546
-587
-415
-906
-611
-299
-524
-680
-551
-330
-288
-67
-981
-424
-730
-765
-545
-441
-500
-119
-452
-481
-643
-165
-443
-794
-785
-603
-180
-208
-213
-299
103
-208
-644
-476
-950
-1286
-1008
-816
-565
-131
-589
-1060
-555
-661
-536
-1328
-190
-542
-1049
-1027
-399
-802
-943
-934
-805
-730
-797
-1141
-793
-1256
-284
-1304
-579
-831
-626
-359
-385
-895
-1054
-649
-912
-662
-853
-1179
-834
-747
72
-1035
-583
-652
-488
-994
-404
-240
31
-616
-1102
-691
-708
-6
-610
-493
-496
-1370
-553
-784
-1012
-302
-1253
-1461
-443
-453
-378
-730
-482
-660
-968
-291
-170
-1213
-169
-820
-1032
-1110
-401
-433
-1122
-1130
-225
-1214
-1111
-946
-1155
-345
-83
-1342
-274
-673
-937
-925
-817
-624
-1016
-619
-1083
-977
-335
-819
-327
-650
-216
-1112
-453
-905
-824
-746
-1083
-1264
-693
-1128
-850
-769
-216
-627
-549
-331
189
-976
-812
-809
-1082
-1511
-1144
-957
-818
-776
-820
-796
-740
-413
-1011
-182
148
-830
-533
-684
-637
-703
263
-169
-107
-407
-619
-1096
-366
-66
-546
-623
126
-1046
-714
-880
-653
-787
-837
-709
-401
-538
-469
-299
-756
-726
-466
-784
-104
-840
-568
-248
-796
-562
-401
-936
-578
-699
-1432
-1347
-895
-537
-765
-444
47
-637
-776
-851
-566
-690
-844
-461
-957
-1092
-869
-521
-1045
-1146
-580
-241
-60
-914
-449
-975
-1109
-944
-472
-216
-847
-632
-579
-742
-769
-606
-965
-766
-516
-1075
-644
-790
-1209
-651
-546
-481
-573
-658
-845
-998
-537
-458
-798
-439
-207
-1221
-131
-388
-430
-444
-220
-184
-313
-308
-480
-314
-394
-232
-446
-219
-442
442
-543
-128
-548
166
220
300
267
-163
-331
-253
50
-126
-531
-52
-520
417
-108
184
205
452
-69
150
-46
245
174
-14
278
-139
-79
-450
-137
565
-40
-246
-504
-33
335
199
28
-9
-260
-616
71
-100
-750
-771
-409
808
60
-458
344
417
-272
-548
-67
-411
-89
-128
-712
-394
-83
-798
-269
680
-730
-288
-420
-752
-259
203
-13
-367
-379
-486
-71
-3
-281
-46
-463
67
-313
-24
-70
45
-1110
-93
239
-45
-286
79
106
-186
458
-609
-834
233
43
-53
-16
-360
52
304
-825
-391
-246
-265
-879
-213
-414
-807
-234
738
-53
-168
-196
215
-295
-938
-91
351
1
-140
-100
-156
-172
-90
-741
268
-504
-250
-493
-213
51
73
147
-79
-307
-529
-62
42
126
-614
-124
723
-331
-103
-180
-245
-379
-118
-384
-29
9
313
-319
19
280
-414
-484
418
-334
340
-307
110
-100
-39
90
127
33
28
-11
-214
-542
-727
-464
872
350
-15
-325
-484
-398
-337
-601
-302
-221
-153
-236
-921
-553
-488
-133
351
-53
44
411
35
346
-317
132
279
-173
-451
15
-613
-401
-713
-555
635
-136
345
599
134
-1093
14
84
-76
-59
-536
-959
-255
80
-160
-254
495
-461
-411
-469
-522
-232
-409
-262
-449
-465
134
-19
74
-368
-359
-1219
-174
-808
-593
-691
-427
-652
-318
-377
-183
-314
-599
-595
-387
-299
-706
-67
-193
-368
-134
61
41
-35
135
-369
597
-169
-138
3
-202
25
113
-3
-46
-324
-427
-324
54
-355
-573
-581
-930
-415
-54
-327
-457
-1173
-350
-28
-208
74
46
333
-164
-235
352
-190
-49
267
138
-145
-216
-95
-459
90
163
-445
325
-726
284
228
-68
-397
-505
-167
-270
-328
103
-187
104
153
159
-870
-83
29
-723
-402
-35
-14
315
141
110
-166
-56
-426
-506
318
83
-180
-291
-68
353
-1005
-121
-323
-401
-781
-189
162
-406
389
20
-228
291
-561
5
-117
-38
-300
220
-190
-253
66
-164
-398
-62
64
-453
-266
545
-322
95
-33
-408
-99
-476
-620
366
-279
206
258
64
-496
-79
262
-352
-371
589
-260
322
-610
-396
257
-671
-246
-308
-611
-132
286
-29
41
102
-695
-698
-402
88
240
-360
-258
-53
-340
-96
-476
-436
123
218
248
549
-291
279
-516
229
-235
-220
-559
-272
214
-51
-219
-357
-101
-400
-74
-206
-253
-154
-1
-472
-126
68
131
46
-379
-225
175
-166
-253
-64
390
317
-198
-141
-254
-220
-393
-113
-114
-638
-381
-744
-321
-196
-157
460
114
-255
-207
-158
-151
-19
254
-319
-387
-118
149
-121
52
-366
-168
-158
-442
201
-16
236
34
163
-199
-113
-72
372
-136
-86
-142
144
309
312
79
46
-434
-130
-281
-65
27
-49
126
64
-434
92
42
-409
27
-616
-6
-707
-83
-491
-239
-593
-279
173
-154
-489
-326
-467
-85
-468
-378
-668
-265
-213
-636
145
-902
-8
-758
-510
-531
-317
-540
-243
-549
-786
-1039
230
-581
-991
-771
-68
-486
-239
-641
-743
-591
-783
-429
-700
-88
-702
-307
-796
398
-782
-1164
-319
-41
-70
-391
-40
-724
-491
-699
-419
-453
-234
-424
-378
-90
-566
-1304
-800
-153
-1187
-160
-273
-562
-902
-235
-606
-516
-121
-770
-225
134
-498
-898
-146
-903
-300
-437
-578
-741
-156
-922
-586
-593
-638
16
-562
149
-1085
-605
-941
-473
-1017
-609
-125
-747
-468
-710
-471
-1048
-413
-538
136
238
-627
-1000
-190
-325
-394
-913
-543
-110
-1056
-206
-735
-144
-600
-348
-383
173
-669
-843
-64
-1255
-757
-495
-584
-147
-473
-1256
-196
-386
15
-637
397
-61
-617
-1319
-409
-939
-547
-463
19
-558
-510
-559
-683
-782
-246
-424
-639
723
-543
-1005
-299
-573
-621
-645
-858
-388
-598
-421
-541
-579
-510
-418
-397
252
-798
-1189
-241
-674
-250
-494
23
89
-376
-799
-386
-746
-740
75
-194
426
-691
-731
-675
-227
-611
-19
-727
-361
-1016
-622
-688
-689
-394
30
-376
297
-517
-701
-839
-64
-424
-769
-510
-315
-260
-667
-709
-457
-461
-331
-217
317
-533
-482
-688
-735
-543
-444
-98
212
-678
-244
-663
-341
-96
-624
-295
-134
-646
-626
-148
-383
41
248
175
73
186
-189
275
-101
-38
304
97
119
172
-448
258
-23
169
-1
-138
327
-156
-96
250
122
123
59
233
40
225
-287
-5
289
-247
56
-108
467
147
155
241
-229
87
380
190
29
40
-66
-7
27
517
44
-10
264
588
434
36
325
339
928
422
460
-400
-227
-395
173
116
-160
693
273
199
207
158
-48
176
-134
344
-51
144
84
208
-77
1
200
-127
214
-190
51
64
95
95
168
-50
283
-254
-235
-371
-67
164
-54
-73
416
72
538
409
-144
220
27
429
486
-539
-226
123
20
15
261
158
507
7
-4
-98
-139
4
-163
688
182
-648
-14
-277
77
22
280
288
54
212
224
-248
-31
-7
367
56
78
-365
-25
-237
392
451
281
57
6
22
-148
190
293
-33
-70
147
375
-486
487
-393
332
46
-253
25
113
321
-80
412
-82
-376
-252
-123
-29
-345
364
-301
-35
256
42
-54
415
-205
-2
97
9
324
240
-475
-206
-59
256
-13
-387
-297
44
-139
-78
-206
463
131
142
-107
-286
112
107
-182
-90
420
69
-68
-12
-157
-217
43
280
-340
246
-31
-18
42
379
-171
-183
-91
-73
-117
-167
501
83
437
-176
105
392
-147
-281
240
149
9
-167
-91
208
-65
260
70
59
-225
-96
312
138
66
95
642
237
-51
-173
-117
-43
-137
-192
-317
-39
-331
-197
-20
90
175
87
24
28
-528
219
849
492
639
686
513
457
418
284
778
346
645
335
576
101
-559
440
621
569
471
-85
524
348
127
420
481
398
252
267
-486
-262
-18
498
867
533
645
983
37
284
1324
493
490
720
172
582
-404
240
-783
-10
106
108
-97
-277
787
368
-153
150
223
-177
287
169
248
826
-461
324
824
-93
-185
506
484
210
216
-103
97
-30
-236
41
-497
-379
-556
520
238
141
237
228
117
152
103
36
264
-386
141
325
-239
-37
-99
128
75
410
-44
-26
-48
214
-80
-167
-289
105
117
-549
401
549
-1064
419
319
-155
70
40
9
185
229
-142
-45
-85
-150
103
-51
81
-149
584
-336
188
42
68
-52
405
271
-33
200
448
-2
-194
-175
1125
-549
494
-26
241
-279
90
47
105
215
-346
595
-193
234
90
130
566
-669
415
62
-209
353
193
284
312
-352
263
117
454
-145
-351
-140
263
-222
32
-119
159
-28
154
126
-416
-2
302
264
58
-19
-536
-94
619
-268
208
770
86
-282
488
-265
55
380
181
-144
398
-456
-407
405
494
-236
473
-124
-428
52
-300
69
91
107
-492
149
-104
-624
-203
361
671
-220
-662
-318
276
37
-134
-285
-263
-215
113
-208
-131
283
-524
-159
-382
-228
-272
-157
-146
-512
-10
17
-21
-81
-394
260
212
-245
-111
-29
419
90
555
593
480
380
542
697
611
873
394
784
124
357
986
409
414
-203
148
134
-568
393
-689
-175
-53
-191
473
-136
-17
-279
14
-185
-207
302
824
477
26
-120
573
215
-96
412
-135
94
189
-315
-368
1216
125
-343
1
-206
-430
-80
32
-620
214
-489
6
-109
-320
271
661
-409
597
134
-1
363
-95
-192
375
0
58
-269
46
-158
-19
48
-297
777
147
-138
-48
212
33
349
271
-365
-168
337
-53
-22
242
106
392
95
764
-266
96
-230
160
56
129
262
-349
-65
269
104
276
236
-34
4
496
-236
-26
303
234
-122
-222
-68
445
222
383
226
-2
12
-68
763
281
-341
923
-112
-116
224
269
337
110
-69
159
524
275
105
564
170
335
-83
233
-395
87
28
187
156
-131
44
-34
167
-289
-131
332
287
65
-111
433
219
-86
150
4
-256
-354
-11
43
-326
-146
-113
3
279
258
-151
543
12
-322
455
196
202
-147
-77
484
350
245
-156
-76
298
109
537
-83
-26
-211
-170
-329
-112
142
266
114
-462
-418
224
450
547
268
-43
-31
205
54
-67
-98
-411
-184
75
37
-125
628
414
595
-75
536
214
555
320
457
591
458
888
617
529
626
477
376
534
883
1098
515
112
-54
357
281
-104
204
189
-114
94
217
200
75
-162
-218
-82
-118
158
146
-344
230
58
88
288
15
-76
-55
396
231
-72
322
-138
-5
478
225
293
-259
-94
399
-86
268
120
350
100
345
-28
156
417
388
194
720
325
484
224
391
268
234
553
-48
65
-155
682
15
187
207
425
59
198
467
647
867
753
-97
605
501
568
811
594
808
-71
-180
641
494
174
452
579
19
653
298
78
188
158
259
68
0
-73
244
411
-314
368
164
154
-54
159
176
180
586
-31
319
324
196
384
226
129
218
138
60
73
273
627
260
448
-40
420
-287
264
77
935
-13
638
-25
231
163
412
31
488
556
330
33
-363
-3
28
18
357
380
356
-33
-33
175
91
129
-244
289
203
366
81
112
163
-144
849
-228
607
-95
334
416
-25
-104
-259
8
-567
362
205
62
-30
-311
173
611
836
688
208
345
-179
47
-47
40
-89
90
630
-501
-192
-376
126
476
662
-231
-156
422
209
182
254
686
141
334
532
-29
277
-98
-246
7
767
292
-33
6
-60
-206
-105
241
174
-134
-40
410
499
205
289
207
538
186
200
686
-193
206
38
479
369
119
425
491
160
99
256
262
474
699
443
346
446
616
648
458
342
-162
311
451
338
546
188
171
52
103
187
38
508
613
78
302
-160
250
381
109
800
555
457
453
-172
-797
154
-859
-264
-636
-458
-756
-504
-693
-459
-562
-573
-577
-1056
-377
-560
103
327
-463
232
-684
-324
-663
-648
-300
-446
40
-215
13
-202
-106
-673
182
-696
-114
-1002
-896
-316
-497
157
-557
38
-569
-315
-518
-77
-187
-570
-351
-440
-108
-586
-470
-131
6
-121
-406
-493
240
-982
25
-114
-37
-476
-606
-92
-218
-458
-329
-560
-75
-546
124
-516
-482
-504
-140
-89
-291
-709
-264
98
-425
-134
-178
-229
-516
-333
-743
-299
-152
-436
-280
-215
-431
-475
-135
-397
-689
10
-818
-151
-426
80
-186
-57
-189
-399
52
-438
210
-146
-302
-366
-137
-389
-61
-14
-379
-139
-424
-458
-159
-101
-476
255
-272
-220
-354
63
-49
-277
-217
62
26
-331
25
-576
-123
-627
-52
-435
-424
-274
-310
-694
-250
-547
-329
-183
-467
-54
-869
44
-594
10
-287
-162
-381
-632
-565
-364
-236
-683
-504
-530
-661
-483
-532
-279
-310
-136
-645
263
-195
-481
-98
218
-374
173
276
-390
-529
-244
231
-666
-173
-530
-426
-118
-94
-45
-388
-396
-499
-471
-511
-423
-647
-154
-377
-90
-532
-265
-50
-305
336
-442
-487
-563
-334
-434
-100
-322
-337
249
-205
-373
-271
-304
-378
-218
-29
-533
-577
-590
-633
-966
-956
-858
-394
-485
-855
-113
-556
-858
-1047
-1177
-458
-77
151
-98
266
83
63
266
115
-80
411
255
155
106
89
364
266
-311
-65
415
-254
227
-169
112
-174
458
402
121
-94
168
-116
406
-154
-186
729
627
559
495
155
797
223
497
-70
379
236
226
91
-167
821
290
227
466
419
-12
-17
48
132
-266
-134
77
-141
-337
-77
127
-126
354
299
645
243
326
725
-5
-95
477
-124
306
353
-248
116
72
-372
544
-148
448
521
83
64
301
-104
309
-185
-135
435
19
-64
-410
534
236
-261
423
125
-134
192
307
-510
-91
42
117
-10
-7
219
-5
-24
364
358
586
-59
36
106
97
121
9
-329
-106
-34
-70
-66
-211
-178
318
534
243
-296
277
25
124
-248
-26
-112
-312
410
-357
-103
-280
500
237
-166
256
-2
-36
-70
-40
-107
-210
-82
-18
79
140
157
129
-301
245
-70
488
203
51
77
-172
-196
128
-24
217
398
271
-20
139
38
11
832
283
118
-134
167
638
-94
773
76
517
17
196
-98
337
341
250
387
-64
-111
445
110
328
-53
93
152
366
17
322
-182
15
420
482
291
42
50
437
343
-50
271
123
585
217
215
-380
387
222
399
629
182
493
391
328
-131
10
-150
204
89
-36
-44
353
-303
-213
242
504
159
408
-374
-471
-420
70
-36
141
-288
-322
38
-97
-429
-293
314
105
16
-351
-218
12
300
117
-206
-76
-155
5
-17
-321
291
337
407
-653
-1121
-340
-847
-719
-841
-595
-684
-938
-651
-514
-530
-621
-97
-400
-145
-680
-634
-640
-338
-665
-680
-743
-1052
-121
-562
-965
-949
-192
-802
-112
-580
-52
-464
-702
-281
-332
-1008
-168
-584
-737
-1028
-572
-194
-212
-291
197
561
-638
-752
-335
-227
-216
74
-351
-192
-133
47
-61
5
-200
-170
-505
-341
181
-647
138
91
-358
-164
-130
-519
27
-849
-275
-229
-113
-714
-219
-164
-329
-906
-569
168
-117
-12
-242
-1102
-465
-260
-39
24
-31
-107
-347
-138
-46
-466
297
276
-426
-17
-202
-275
-222
-406
-309
-414
-323
-627
-918
-173
-139
-633
269
-14
-411
-154
-390
160
271
-59
-158
-298
-344
-505
-42
315
-941
-426
-341
-82
-160
-433
-101
-154
-80
-301
129
-103
-346
78
-351
-435
-136
-612
-30
-126
306
-721
-580
-317
-690
-144
-649
-293
136
-662
174
-322
-197
-270
126
-392
-35
-109
123
-669
43
518
-443
25
-191
-363
-83
253
-663
-797
-329
-440
-237
58
173
-702
-50
-266
215
18
-412
-871
98
-374
-227
-539
-382
-615
-862
-423
-250
-717
-524
-365
55
-329
-457
-358
534
866
-131
-683
-326
7
-599
-471
-212
-345
-611
-272
-263
-98
-362
-285
86
-597
172
-335
-256
97
225
-406
465
-17
-59
214
299
-354
218
184
79
296
-27
-570
-124
-24
-205
-483
-219
-206
-448
-341
-270
-145
-339
-521
-396
-278
-274
-441
-476
-305
-1076
-669
-747
-845
-1022
-869
-719
-1036
-685
-989
-944
-491
37
-410
344
-307
-204
-176
-248
-227
-370
-498
-299
31
-181
-42
470
-604
21
-506
-515
-133
59
-470
-78
-519
-37
-103
20
-212
-378
-221
-222
-342
2
-640
279
-16
-423
-209
-280
-138
-267
-46
-962
-82
-268
-231
-227
-272
144
-24
-159
-677
-299
-342
-365
-471
-681
-379
134
-312
69
-405
-282
-550
-115
-461
-887
-318
-386
-165
-335
-473
-445
-853
-569
-580
-427
-725
-202
-200
74
-359
-293
-286
-44
-522
-431
-666
-327
-304
-701
-297
-570
-156
-149
-215
96
-528
-221
-59
-317
-502
-101
-294
-516
-526
-201
-474
-256
-719
9
-488
-233
-259
-9
-244
-434
-513
-581
-326
-274
-255
-526
-366
-695
-565
-740
-505
5
-112
-144
-251
-866
-772
-443
-550
-306
-443
-70
-378
-214
-716
-511
-437
-105
247
72
-180
-181
-171
-474
-541
-460
-303
-482
-322
-295
-357
-325
42
337
-21
6
-397
-241
-491
-855
-221
-850
-39
-249
-729
-553
-571
41
-123
122
-280
-103
281
-352
-276
-423
-817
-206
-474
-451
-49
-251
-338
-360
-197
134
-194
-91
-604
-446
-427
-331
-283
-256
-691
-174
-315
-531
-313
-215
-701
32
-359
-535
-520
-910
-534
-976
-662
-1193
-533
-363
-523
-859
-683
-764
-535
-136
108
173
194
208
65
294
305
104
375
-120
2
273
569
520
-102
268
448
128
215
409
435
184
28
450
326
376
339
208
382
282
220
-454
-565
-773
-614
-332
-492
-121
-140
-652
-547
-463
-100
-286
-471
346
-2
-407
-342
428
-75
48
-166
-661
-419
-257
-44
-376
-414
-603
-494
-29
-258
-430
76
-341
-440
-429
-586
-545
122
-685
-257
128
128
-127
-186
-211
-35
-260
-556
164
-235
-536
-205
-533
57
-456
24
-324
-123
-425
-31
30
65
-689
-353
577
-255
-532
-164
-642
-405
-50
-594
-143
-590
-470
-374
-532
-215
-372
50
-560
-329
-61
-271
-260
-923
-638
-415
-305
216
-596
-7
-892
-418
-518
-95
61
-347
-587
-326
-340
-332
-594
-446
-592
-337
-557
-555
-405
-266
-337
-327
-407
-474
-780
-559
-151
-412
-88
-488
-712
-404
-554
-163
-412
-191
-521
123
-432
-645
-289
-266
-454
-236
-28
-552
-532
-143
-620
635
-138
-176
-464
-59
-108
-294
-656
-747
-1364
-833
2
-971
-526
-476
-245
-629
-905
10
-651
-375
-314
-343
-424
-1
-332
-748
-409
-405
-735
-74
-554
-319
-171
-399
-242
-337
-200
-910
-46
-780
-83
-561
-575
-181
-312
-472
-394
-185
-658
-113
-632
-625
-322
-630
-590
-543
-724
-938
-387
-401
-448
-252
-579
-510
-149
238
-556
-558
13
-214
-515
-497
-577
-394
90
-340
-250
-110
-430
143
279
-296
109
-282
-124
-232
-247
-405
-79
275
27
-166
-107
-33
-53
-531
-571
-310
-381
-31
-26
-257
-230
52
-2
-16
243
46
-36
-98
-80
54
-116
-43
-669
-325
15
125
15
-70
17
243
-200
103
-665
186
428
277
1
128
-235
359
-103
372
530
313
219
-300
30
61
415
436
196
-75
729
-35
219
225
-347
63
6
-370
-150
231
152
-112
-50
102
-33
266
73
-68
273
-525
469
283
105
362
281
813
109
713
275
546
-31
323
295
182
166
-471
197
303
378
533
190
335
436
164
809
-139
427
16
220
352
-81
152
-98
431
133
270
564
173
443
100
404
406
289
501
-427
394
145
-196
315
304
267
228
310
402
251
821
11
495
176
-307
-48
201
103
-51
508
-140
461
549
574
273
222
117
-144
185
250
-450
357
-101
43
64
325
243
448
452
312
583
429
-167
-113
117
215
531
-335
-621
-149
130
341
232
1
90
358
493
504
-286
230
406
577
6
-1228
-454
-617
348
248
107
59
614
356
-92
-307
58
91
724
-37
-131
-152
118
181
-236
272
186
523
438
472
261
-45
646
492
-123
13
-168
-501
-495
3
-199
409
544
508
148
-111
-418
399
397
-350
481
478
549
-160
646
-515
435
442
-6
398
137
-114
239
550
309
124
339
349
-166
-179
-268
100
120
94
298
-150
329
373
227
-74
245
435
271
57
162
310
184
-203
-337
-149
-19
151
149
-168
260
344
574
31
422
-101
89
73
46
77
420
250
1023
711
902
933
818
339
312
598
820
651
583
583
401
12
330
379
422
799
253
66
62
308
424
36
518
385
377
-258
269
-109
894
788
124
171
128
535
688
523
90
732
566
528
507
-279
-228
503
366
227
448
332
542
769
843
443
1102
872
622
561
302
-69
593
399
352
293
660
319
421
403
816
573
536
228
266
476
260
-222
262
125
428
672
742
591
317
549
505
498
403
409
715
274
70
-63
-31
494
527
600
624
328
389
737
409
593
729
379
437
546
197
-74
303
18
307
368
252
400
475
402
736
633
479
256
638
1014
623
396
410
294
485
545
616
647
723
517
1059
720
562
515
843
732
815
485
558
305
515
166
672
605
332
563
914
654
398
726
610
604
565
-140
550
34
-357
326
506
1
718
792
521
563
577
698
1106
660
287
238
194
186
216
521
631
776
691
692
852
763
834
928
446
375
445
-67
-143
142
841
662
394
496
24
616
398
476
425
-81
426
600
163
-89
458
67
679
348
-220
-172
-192
147
583
11
-216
16
-416
-523
-135
-208
-171
378
427
302
414
441
800
494
839
448
273
650
385
475
644
327
307
170
490
97
-119
300
307
547
374
425
82
208
223
406
580
300
365
426
411
-33
-59
102
232
131
-127
381
735
562
624
186
867
244
292
316
616
595
673
303
235
611
440
283
-478
122
460
341
166
74
69
-121
-134
36
285
-200
229
352
-375
297
60
564
206
482
270
585
800
148
105
11
258
400
210
795
662
606
355
221
389
-357
678
126
1
301
692
290
-106
190
116
196
225
289
405
227
520
148
-76
13
423
63
-513
32
71
335
167
295
-29
273
171
430
394
488
-31
683
28
-98
81
629
119
378
130
435
-78
276
-137
609
69
-293
199
82
52
551
-273
353
-136
226
452
681
870
508
538
-11
252
213
416
796
634
229
-317
63
281
472
561
77
284
81
938
367
677
626
9
659
406
273
-636
-216
309
-70
581
698
-78
-93
94
23
-286
233
20
646
202
-96
-410
-39
363
185
126
567
402
354
340
727
313
354
-106
-141
346
-53
-184
-142
201
380
335
192
653
81
-55
423
230
190
-230
-182
215
-38
-77
-200
453
-21
68
-87
75
170
167
173
-273
-143
113
610
665
160
646
423
255
145
376
625
363
273
88
-78
249
31
61
218
446
124
133
-244
-84
390
319
355
-114
-69
185
445
179
533
355
319
361
-617
-571
20
131
-93
30
-350
-442
-306
41
-198
-76
-124
-87
80
240
-463
-115
430
-316
-461
-708
-132
-144
5
-514
-509
-647
-202
-270
-64
348
-573
516
-207
85
-96
-94
194
-87
-250
-144
-179
-416
-20
-429
323
381
-470
-655
-197
-687
-549
-464
-707
-162
-69
-608
-339
-327
79
-135
72
-561
-273
-308
-21
-204
-415
-99
-497
-219
-587
-424
-234
-381
-129
-148
-182
-111
-460
-26
248
-12
-340
-534
-876
-79
-284
-216
-144
-472
-145
-663
35
105
-523
-16
-227
-597
-335
-138
-449
-64
-276
83
-299
-377
153
-332
78
245
-557
-219
-454
-262
-447
-775
-233
-181
55
-296
-331
-665
-407
-552
-224
186
-616
-74
-305
-339
-79
-552
-498
-384
-351
-465
-376
59
-303
42
-327
-300
-962
351
-351
-25
-481
-713
-726
-299
-326
-338
-113
32
84
5
295
78
-668
83
-365
99
12
9
31
-527
-86
-260
-31
-570
-182
-334
341
-417
-457
267
-265
-424
-435
-277
-44
-865
94
-191
-294
308
-321
119
277
43
-736
-387
-244
161
-99
-159
-263
-101
-26
-466
25
-404
-311
228
141
-317
-520
153
201
160
-768
-366
-530
-418
-411
107
-717
-229
-81
5
55
-30
-416
-156
122
-164
165
-282
297
366
-276
-369
-74
-44
-379
-572
163
122
-125
506
244
339
289
318
382
332
161
130
149
63
112
471
369
60
57
-417
-402
-594
5
-299
-417
-510
-188
-445
-411
-520
-487
-314
-450
-240
-388
-417
83
-387
-380
-462
-458
-217
-653
-299
-263
-6
-204
-441
-6
-415
-62
-516
110
-313
-642
-53
-319
-171
-407
-657
277
227
-192
-70
-323
505
-164
-203
-761
-296
-684
-581
-711
-756
-6
-453
-1065
-472
-140
-222
-602
101
-415
-346
-210
293
-124
196
-38
-509
-214
-150
248
-240
-272
-230
-170
-276
-507
-468
-97
-286
-185
-210
-149
-145
75
-92
-366
79
-87
47
-539
446
-532
-661
-86
-224
-157
-200
-215
-299
-381
-192
-135
-646
-276
90
-260
-245
-184
-78
-95
-339
-250
126
209
-248
-483
-321
-343
-351
-110
-128
-706
-36
-273
-46
302
-357
-92
-87
-493
-539
-15
-439
-604
-418
-101
-186
-734
-153
-350
-434
201
-317
-632
-588
-645
-729
-442
-637
-134
-446
-723
-138
-226
-593
-462
-29
0
-85
-55
-471
-285
-213
-1034
-573
-800
-400
-87
-663
-852
-165
-237
-417
448
-356
-783
-386
-977
-458
-953
-323
-203
-388
-385
-474
-453
-575
147
-171
-41
-124
-420
-73
-337
-468
-260
-427
-471
-177
-439
218
-847
-95
-235
-106
-289
-386
-441
-644
-61
-518
-542
-206
-55
-508
-195
-200
-229
111
43
208
-7
372
-110
235
-75
-121
83
-147
-238
399
197
-104
-584
-183
98
132
-130
-199
-65
-352
-337
-11
-413
372
-85
-497
-51
-284
3
233
426
568
303
733
496
342
462
101
129
307
650
182
274
136
-37
223
498
277
369
103
316
171
41
613
-15
622
-7
495
214
238
-214
93
843
675
132
-279
-7
-275
221
295
-481
-94
-438
-33
-1067
-379
-63
20
552
-934
-343
109
-273
353
181
-303
161
-269
164
-66
27
-120
227
485
109
835
-480
-108
87
162
81
364
-189
-27
-250
-310
0
140
-275
230
299
452
300
338
72
-530
25
20
-376
-248
-323
399
-567
75
-133
281
813
742
-222
-488
-73
108
-135
-261
-100
230
-130
70
257
-134
-359
306
629
166
-317
110
-382
-234
137
-151
-246
-343
23
-11
27
-389
-52
550
908
184
304
-298
-274
-237
-305
-265
-432
-266
-411
-516
87
-78
-168
-388
174
-427
44
-335
-481
70
-216
-356
-72
-421
70
348
-286
-159
-864
794
401
218
412
346
8
21
1
80
-391
-28
-107
-174
112
-222
-700
-217
827
98
-7
-302
-289
-426
-86
326
-419
125
-206
-192
-236
58
84
654
549
304
-140
50
743
302
-191
-117
-509
-210
-125
47
99
151
223
538
540
-253
356
-199
-30
-497
-519
-462
-199
-382
78
-289
307
663
63
365
334
199
-15
245
164
406
293
176
443
421
341
776
89
-10
201
917
-166
40
-394
-252
-490
-239
-83
-606
-440
-217
-494
-204
-104
157
-115
-464
-597
-309
-163
-280
-51
-619
-441
-443
-452
-564
39
-19
-258
71
-489
-252
-374
-323
-194
-390
-387
-344
-694
-452
-387
-570
-561
-253
-813
-105
-131
-349
-404
-840
-210
-713
-752
-1011
-564
-698
-955
-540
-712
-866
-404
-959
-515
-587
-486
-1349
-644
-926
-561
-625
-700
-373
-540
-266
-436
-844
-806
-595
-563
-215
-703
-594
-659
-634
-700
-1034
-594
38
-650
-729
-549
-960
-585
-563
-358
-562
-225
-855
-577
-421
-649
-502
-744
-665
-1212
-535
-950
-511
-942
-837
-822
-183
-802
-345
-703
-663
-354
-703
-738
-884
-751
-893
-797
-673
-631
-742
-665
-386
-431
-901
-708
-487
-981
-800
-456
-583
-771
-471
-720
-525
-964
-909
-326
-24
-742
-802
-757
-966
-920
-882
-805
-412
-723
-908
-791
-750
-560
-1132
-384
-165
-667
-749
-699
-996
-607
-428
-944
-739
-853
-606
-730
-529
-1161
-605
-685
-202
-576
-849
-1246
-251
-801
-1070
-668
-970
-682
-691
-542
-244
-562
-676
-1150
-98
-914
-362
-918
-603
-1084
-712
-224
-791
-1329
-456
-221
-695
-546
-939
-1004
-82
-426
-826
-505
-936
-653
-479
-820
-925
-995
-292
-671
-730
-541
-992
-48
-4
-622
-920
-469
-943
-435
-862
-793
-964
-896
-685
-928
-831
-1154
-836
-784
80
-715
-456
-901
-747
-692
-996
-824
-962
-470
-554
-721
-48
-798
-1021
-1004
-408
-208
-779
-601
-710
-544
-594
-459
-359
-627
-599
-246
-676
-558
-416
-483
-320
89
74
-278
-209
-140
-187
-59
179
70
-66
-73
85
182
-159
-50
-223
108
251
254
81
224
199
76
202
226
251
226
251
208
186
143
313
108
108
340
210
163
210
203
219
340
54
59
148
324
266
-135
78
117
318
157
105
123
130
340
157
179
61
340
179
293
130
219
47
114
338
114
274
251
163
210
108
340
183
207
324
244
324
192
244
242
162
152
213
324
324
226
210
163
340
324
266
188
157
74
176
-19
316
318
210
179
324
277
302
210
179
210
277
349
20
145
185
235
216
277
163
324
324
324
141
324
255
340
324
271
219
192
106
101
177
346
318
210
324
210
210
163
293
271
179
101
152
340
231
313
252
101
210
324
163
277
163
277
266
56
324
210
141
340
229
102
207
18
238
291
179
210
255
126
293
255
255
36
121
65
81
175
31
-62
340
170
324
163
293
226
179
179
163
266
244
129
108
142
343
166
210
235
235
277
324
204
302
324
117
179
241
150
197
222
30
174
324
302
181
318
293
210
255
21
255
280
65
192
302
217
183
183
241
130
83
197
210
244
201
-42
225
123
172
91
312
291
212
157
149
301
289
285
18
121
275
277
127
381
135
277
290
