1A EC
38 BB
C6 00
CF E5
12 03
14 00
E9 FF
01 EB
01 00
C1 23
40 1F
2C 00
85 80
0A BA
24 00
01 E6
FC E1
C3 00
FF FA
46 00
E0 00
10 DA
09 F6
23 00
EB C7
08 11
16 00
02 2A
1F 03
EC 00
B7 F3
E3 23
E0 00
23 E7
13 1D
F5 00
F3 37
F8 18
EF 00
08 00
F9 FC
F2 00
F5 EB
D4 E8
E2 00
36 14
29 F6
31 00
00 00
00 00
00 00
00 00
00 00
00 00
00 00
00 00
00 00
00 00
00 00
00 00
00 00
00 00
00 00
00 00
00 00
00 00
00 00
00 00
00 00
00 00
00 00
00 00
00 00
00 00
00 00
00 00
00 00
00 00
00 00
00 00
00 00
00 00
00 00
00 00
00 00
00 00
00 00
00 00
00 00
00 00
00 00
00 00
00 00
00 00
00 00
00 00
00 00
00 00
00 00
00 00
00 00
00 00
00 00
00 00
00 00
00 00
00 00
00 00
00 00
00 00
00 00
00 00
00 00
00 00
00 00
00 00
00 00
00 00
00 00
00 00
00 00
00 00
00 00
00 00
00 00
00 00
00 00
00 00
00 00
00 00
00 00
00 00
00 00
00 00
00 00
00 00
00 00
00 00
00 00
00 00
00 00
00 00
00 00
00 00
00 00
00 00
00 00
00 00
00 00
00 00
00 00
00 00
00 00
00 00
00 00
00 00
00 00
00 00
00 00
00 00
00 00
00 00
00 00
00 00
00 00
00 00
00 00
00 00
00 00
00 00
00 00
00 00
00 00
00 00
00 00
00 00
00 00
00 00
00 00
00 00
00 00
00 00
00 00
00 00
00 00
00 00
00 00
00 00
00 00
00 00
00 00
00 00
00 00
00 00
00 00
00 00
00 00
00 00
00 00
00 00
00 00
00 00
00 00
00 00
00 00
00 00
00 00
00 00
00 00
00 00
00 00
00 00
00 00
00 00
00 00
00 00
00 00
00 00
00 00
00 00
00 00
00 00
00 00
00 00
00 00
00 00
00 00
00 00
00 00
00 00
00 00
00 00
00 00
00 00
00 00
00 00
00 00
00 00
00 00
00 00
00 00
00 00
00 00
00 00
00 00
00 00
00 00
00 00
00 00
00 00
00 00
00 00
00 00
00 00
00 00
00 00
00 00
00 00
00 00
00 00
00 00
00 00
00 00
00 00
00 00
00 00
00 00
00 00
00 00
00 00
00 00
00 00
00 00
00 00
00 00
00 00
00 00
00 00
00 00
00 00
00 00
00 00
00 00
00 00
00 00
00 00
00 00
00 00
00 00
00 00
00 00
00 00
00 00
00 00
00 00
00 00
00 00
00 00
00 00
00 00
00 00
00 00
00 00
00 00
00 00
00 00
00 00
00 00
00 00
00 00
00 00
00 00
00 00
00 00
00 00
00 00
00 00
00 00
00 00
00 00
00 00
00 00
00 00
00 00
00 00
00 00
00 00
00 00
00 00
00 00
00 00
00 00
00 00
00 00
00 00
00 00
00 00
00 00
00 00
00 00
00 00
00 00
00 00
00 00
00 00
00 00
00 00
00 00
00 00
00 00
00 00
00 00
00 00
00 00
00 00
00 00
00 00
00 00
00 00
00 00
00 00
00 00
00 00
00 00
00 00
00 00
00 00
00 00
00 00
00 00
00 00
00 00
00 00
00 00
00 00
00 00
00 00
00 00
00 00
00 00
00 00
00 00
00 00
00 00
00 00
00 00
00 00
00 00
00 00
00 00
00 00
00 00
00 00
00 00
00 00
00 00
00 00
00 00
00 00
00 00
00 00
00 00
00 00
00 00
00 00
00 00
00 00
00 00
00 00
00 00
00 00
00 00
00 00
00 00
00 00
00 00
00 00
00 00
00 00
00 00
00 00
00 00
00 00
00 00
00 00
00 00
00 00
00 00
00 00
00 00
00 00
00 00
00 00
00 00
00 00
00 00
00 00
00 00
00 00
00 00
00 00
00 00
00 00
00 00
00 00
00 00
00 00
00 00
00 00
00 00
00 00
00 00
00 00
00 00
00 00
00 00
00 00
00 00
00 00
00 00
00 00
00 00
00 00
00 00
00 00
00 00
00 00
00 00
00 00
00 00
00 00
00 00
00 00
00 00
00 00
00 00
00 00
00 00
00 00
00 00
00 00
00 00
00 00
00 00
00 00
00 00
00 00
00 00
00 00
00 00
00 00
00 00
00 00
00 00
00 00
00 00
00 00
00 00
00 00
00 00
00 00
00 00
00 00
00 00
00 00
00 00
00 00
00 00
00 00
00 00
00 00
00 00
00 00
00 00
00 00
00 00
00 00
00 00
00 00
00 00
00 00
00 00
00 00
00 00
00 00
00 00
00 00
00 00
00 00
00 00
00 00
00 00
00 00
00 00
00 00
00 00
00 00
00 00
00 00
00 00
00 00
00 00
00 00
00 00
00 00
00 00
00 00
00 00
00 00
00 00
00 00
00 00
00 00
00 00
00 00
00 00
00 00
00 00
00 00
00 00
00 00
00 00
00 00
00 00
00 00
00 00
00 00
00 00
00 00
00 00
00 00
00 00
00 00
00 00
00 00
00 00
00 00
00 00
00 00
00 00
00 00
00 00
00 00
00 00
00 00
00 00
00 00
00 00
00 00
00 00
00 00
00 00
00 00
00 00
00 00
00 00
00 00
00 00
00 00
00 00
00 00
00 00
00 00
00 00
00 00
00 00
00 00
00 00
00 00
00 00
00 00
00 00
00 00
00 00
00 00
00 00
00 00
00 00
00 00
00 00
00 00
00 00
00 00
00 00
00 00
00 00
00 00
00 00
00 00
00 00
00 00
00 00
00 00
00 00
00 00
00 00
00 00
00 00
00 00
00 00
00 00
00 00
00 00
00 00
00 00
00 00
00 00
00 00
00 00
00 00
00 00
00 00
00 00
00 00
00 00
00 00
00 00
00 00
00 00
00 00
00 00
00 00
00 00
00 00
00 00
00 00
00 00
00 00
00 00
00 00
00 00
00 00
00 00
00 00
00 00
00 00
00 00
00 00
00 00
00 00
00 00
00 00
00 00
00 00
00 00
00 00
00 00
00 00
00 00
00 00
00 00
00 00
00 00
00 00
00 00
00 00
00 00
00 00
00 00
00 00
00 00
00 00
00 00
00 00
00 00
00 00
00 00
00 00
00 00
00 00
00 00
00 00
00 00
00 00
00 00
00 00
00 00
00 00
00 00
00 00
00 00
00 00
00 00
00 00
00 00
00 00
00 00
00 00
00 00
00 00
00 00
00 00
00 00
00 00
00 00
00 00
00 00
00 00
00 00
00 00
00 00
00 00
00 00
00 00
00 00
00 00
00 00
00 00
00 00
00 00
00 00
00 00
00 00
00 00
00 00
00 00
00 00
00 00
00 00
00 00
00 00
00 00
00 00
00 00
00 00
00 00
00 00
00 00
00 00
00 00
00 00
00 00
00 00
00 00
00 00
00 00
00 00
00 00
00 00
00 00
00 00
00 00
00 00
00 00
00 00
00 00
00 00
00 00
00 00
00 00
00 00
00 00
00 00
00 00
00 00
00 00
00 00
00 00
00 00
00 00
00 00
00 00
00 00
00 00
00 00
00 00
00 00
00 00
00 00
00 00
00 00
00 00
00 00
00 00
00 00
00 00
00 00
00 00
00 00
00 00
00 00
00 00
00 00
00 00
00 00
00 00
00 00
00 00
00 00
00 00
00 00
00 00
00 00
00 00
00 00
00 00
00 00
00 00
00 00
00 00
00 00
00 00
00 00
00 00
00 00
00 00
00 00
00 00
00 00
00 00
00 00
00 00
00 00
00 00
00 00
00 00
00 00
00 00
00 00
00 00
00 00
00 00
00 00
00 00
00 00
00 00
00 00
00 00
00 00
00 00
00 00
00 00
00 00
00 00
00 00
00 00
00 00
00 00
00 00
00 00
00 00
00 00
00 00
00 00
00 00
00 00
00 00
00 00
00 00
00 00
00 00
00 00
00 00
00 00
00 00
00 00
00 00
00 00
00 00
00 00
00 00
00 00
00 00
00 00
00 00
00 00
00 00
00 00
00 00
00 00
00 00
00 00
00 00
00 00
00 00
00 00
00 00
00 00
00 00
00 00
00 00
00 00
00 00
00 00
00 00
00 00
00 00
00 00
00 00
00 00
00 00
00 00
00 00
00 00
00 00
00 00
00 00
00 00
00 00
00 00
00 00
00 00
00 00
00 00
00 00
00 00
00 00
00 00
00 00
00 00
00 00
00 00
00 00
00 00
00 00
00 00
00 00
00 00
00 00
00 00
00 00
00 00
00 00
00 00
00 00
00 00
00 00
00 00
00 00
00 00
00 00
00 00
00 00
00 00
00 00
00 00
00 00
00 00
00 00
00 00
00 00
00 00
00 00
00 00
00 00
00 00
00 00
00 00
00 00
00 00
00 00
00 00
00 00
00 00
00 00
00 00
00 00
00 00
00 00
00 00
00 00
00 00
00 00
00 00
00 00
00 00
00 00
00 00
00 00
00 00
00 00
00 00
00 00
00 00
00 00
00 00
00 00
00 00
00 00
00 00
00 00
00 00
00 00
00 00
E8 EC
E3 94
FC 00
BB 38
DF B9
DF 00
AB D1
EC 05
F7 00
E7 1B
FC ED
14 00
4D E8
52 6F
31 00
99 C5
8F A9
F7 00
35 FA
EB DB
21 00
97 CB
F8 E2
0D 00
04 A8
04 21
27 00
EE 09
F6 FC
1F 00
23 CA
FA 2A
DE 00
BE B7
33 FA
FE 00
F0 0A
CB D9
06 00
3C 0B
F8 1D
35 00
B5 A5
F8 0F
05 00
05 08
F9 6D
FA 00
FE 40
3E 1D
F0 00
B2 19
27 62
3B 00
E3 14
12 C4
33 00
E1 06
1A EC
1F 00
22 ED
88 81
04 00
2C 7F
2B 00
ED 00
11 0F
FD FD
10 00
CE EF
F9 E7
03 00
05 D8
EC E8
E1 00
11 E2
1E FA
0D 00
FB E9
EE 12
2A 00
9C DD
F3 E9
E2 00
13 05
02 EE
06 00
1A 35
01 10
20 00
EC BB
CF 01
F9 00
3D 4A
E3 3B
FD 00
E5 D3
12 EC
F9 00
55 70
25 F8
B5 00
00 13
04 1D
EE 00
F2 A8
1B 1B
07 00
F8 14
28 F5
0F 00
1B 04
DA 04
C9 00
A2 C0
13 28
01 00
CB 33
ED FF
07 00
C8 2B
DB E4
0A 00
EB 06
10 0A
E7 00
D5 2C
07 BA
FA 00
FC F9
D7 1B
1A 00
EC F1
DD F8
0C 00
BF F6
2F FF
E4 00
ED 3D
06 E6
F3 00
94 FD
BB AA
2F 00
F0 00
08 14
0F 00
5C 31
F4 C1
E9 00
EE 80
1D 14
F5 00
B1 CC
43 09
30 00
30 D5
80 E2
F2 00
15 F8
F2 FA
29 00
BC E3
22 10
1C 00
1D CC
07 05
FF 00
2A FF
B9 E5
EE 00
F8 06
EE E9
F9 00
27 FC
BF FF
2C 00
29 E1
FB 02
0F 00
00 09
14 21
1E 00
03 15
05 04
DD 00
D6 D8
F7 29
23 00
12 B6
93 F1
D0 00
00 00
00 00
00 00
00 00
00 00
00 00
00 00
00 00
00 00
00 00
00 00
00 00
00 00
00 00
00 00
00 00
00 00
00 00
00 00
00 00
00 00
00 00
00 00
00 00
00 00
00 00
00 00
00 00
00 00
00 00
00 00
00 00
00 00
00 00
00 00
00 00
00 00
00 00
00 00
00 00
00 00
00 00
00 00
00 00
00 00
00 00
00 00
00 00
00 00
00 00
00 00
00 00
00 00
00 00
00 00
00 00
00 00
00 00
00 00
00 00
00 00
00 00
00 00
00 00
00 00
00 00
00 00
00 00
00 00
00 00
00 00
00 00
00 00
00 00
00 00
00 00
00 00
00 00
00 00
00 00
00 00
00 00
00 00
00 00
00 00
00 00
00 00
00 00
00 00
00 00
00 00
00 00
00 00
00 00
00 00
00 00
00 00
00 00
00 00
00 00
00 00
00 00
00 00
00 00
00 00
00 00
00 00
00 00
00 00
00 00
00 00
00 00
00 00
00 00
00 00
00 00
00 00
00 00
00 00
00 00
00 00
00 00
00 00
00 00
00 00
00 00
00 00
00 00
00 00
00 00
00 00
00 00
00 00
00 00
00 00
00 00
00 00
00 00
00 00
00 00
00 00
00 00
00 00
00 00
00 00
00 00
00 00
00 00
00 00
00 00
00 00
00 00
00 00
00 00
00 00
00 00
00 00
00 00
00 00
00 00
00 00
00 00
00 00
00 00
00 00
00 00
00 00
00 00
00 00
00 00
00 00
00 00
00 00
00 00
00 00
00 00
00 00
00 00
00 00
00 00
00 00
00 00
00 00
00 00
00 00
00 00
00 00
00 00
00 00
00 00
00 00
00 00
00 00
00 00
00 00
00 00
00 00
00 00
00 00
00 00
00 00
00 00
00 00
00 00
00 00
00 00
00 00
00 00
00 00
00 00
00 00
00 00
00 00
00 00
00 00
00 00
00 00
00 00
00 00
00 00
00 00
00 00
00 00
00 00
00 00
00 00
00 00
00 00
00 00
00 00
00 00
00 00
00 00
00 00
00 00
00 00
00 00
00 00
00 00
00 00
00 00
00 00
00 00
00 00
00 00
00 00
00 00
00 00
00 00
00 00
00 00
00 00
00 00
00 00
00 00
00 00
00 00
00 00
00 00
00 00
00 00
00 00
00 00
00 00
00 00
00 00
00 00
00 00
00 00
00 00
00 00
00 00
00 00
00 00
00 00
00 00
00 00
00 00
00 00
00 00
00 00
00 00
00 00
00 00
00 00
00 00
00 00
00 00
00 00
00 00
00 00
00 00
00 00
00 00
00 00
00 00
00 00
00 00
00 00
00 00
00 00
00 00
00 00
00 00
00 00
00 00
00 00
00 00
00 00
00 00
00 00
00 00
00 00
00 00
00 00
00 00
00 00
00 00
00 00
00 00
00 00
00 00
00 00
00 00
00 00
00 00
00 00
00 00
00 00
00 00
00 00
00 00
00 00
00 00
00 00
00 00
00 00
00 00
00 00
00 00
00 00
00 00
00 00
00 00
00 00
00 00
00 00
00 00
00 00
00 00
00 00
00 00
00 00
00 00
00 00
00 00
00 00
00 00
00 00
00 00
00 00
00 00
00 00
00 00
00 00
00 00
00 00
00 00
00 00
00 00
00 00
00 00
00 00
00 00
00 00
00 00
00 00
00 00
00 00
00 00
00 00
00 00
00 00
00 00
00 00
00 00
00 00
00 00
00 00
00 00
00 00
00 00
00 00
00 00
00 00
00 00
00 00
00 00
00 00
00 00
00 00
00 00
00 00
00 00
00 00
00 00
00 00
00 00
00 00
00 00
00 00
00 00
00 00
00 00
00 00
00 00
00 00
00 00
00 00
00 00
00 00
00 00
00 00
00 00
00 00
00 00
00 00
00 00
00 00
00 00
00 00
00 00
00 00
00 00
00 00
00 00
00 00
00 00
00 00
00 00
00 00
00 00
00 00
00 00
00 00
00 00
00 00
00 00
00 00
00 00
00 00
00 00
00 00
00 00
00 00
00 00
00 00
00 00
00 00
00 00
00 00
00 00
00 00
00 00
00 00
00 00
00 00
00 00
00 00
00 00
00 00
00 00
00 00
00 00
00 00
00 00
00 00
00 00
00 00
00 00
00 00
00 00
00 00
00 00
00 00
00 00
00 00
00 00
00 00
00 00
00 00
00 00
00 00
00 00
00 00
00 00
00 00
00 00
00 00
00 00
00 00
00 00
00 00
00 00
00 00
00 00
00 00
00 00
00 00
00 00
00 00
00 00
00 00
00 00
00 00
00 00
00 00
00 00
00 00
00 00
00 00
00 00
00 00
00 00
00 00
00 00
00 00
00 00
00 00
00 00
00 00
00 00
00 00
00 00
00 00
00 00
00 00
00 00
00 00
00 00
00 00
00 00
00 00
00 00
00 00
00 00
00 00
00 00
00 00
00 00
00 00
00 00
00 00
00 00
00 00
00 00
00 00
00 00
00 00
00 00
00 00
00 00
00 00
00 00
00 00
00 00
00 00
00 00
00 00
00 00
00 00
00 00
00 00
00 00
00 00
00 00
00 00
00 00
00 00
00 00
00 00
00 00
00 00
00 00
00 00
00 00
00 00
00 00
00 00
00 00
00 00
00 00
00 00
00 00
00 00
00 00
00 00
00 00
00 00
00 00
00 00
00 00
00 00
00 00
00 00
00 00
00 00
00 00
00 00
00 00
00 00
00 00
00 00
00 00
00 00
00 00
00 00
00 00
00 00
00 00
00 00
00 00
00 00
00 00
00 00
00 00
00 00
00 00
00 00
00 00
00 00
00 00
00 00
00 00
00 00
00 00
00 00
00 00
00 00
00 00
00 00
00 00
00 00
00 00
00 00
00 00
00 00
00 00
00 00
00 00
00 00
00 00
00 00
00 00
00 00
00 00
00 00
00 00
00 00
00 00
00 00
00 00
00 00
00 00
00 00
00 00
00 00
00 00
00 00
00 00
00 00
00 00
00 00
00 00
00 00
00 00
00 00
00 00
00 00
00 00
00 00
00 00
00 00
00 00
00 00
00 00
00 00
00 00
00 00
00 00
00 00
00 00
00 00
00 00
00 00
00 00
00 00
00 00
00 00
00 00
00 00
00 00
00 00
00 00
00 00
00 00
00 00
00 00
00 00
00 00
00 00
00 00
00 00
00 00
00 00
00 00
00 00
00 00
00 00
00 00
00 00
00 00
00 00
00 00
00 00
00 00
00 00
00 00
00 00
00 00
00 00
00 00
00 00
00 00
00 00
00 00
00 00
00 00
00 00
00 00
00 00
00 00
00 00
00 00
00 00
00 00
00 00
00 00
00 00
00 00
00 00
00 00
00 00
00 00
00 00
00 00
00 00
00 00
00 00
00 00
00 00
00 00
00 00
00 00
00 00
00 00
00 00
00 00
00 00
00 00
00 00
00 00
00 00
00 00
00 00
00 00
00 00
00 00
00 00
00 00
00 00
00 00
00 00
00 00
00 00
00 00
00 00
00 00
00 00
00 00
00 00
00 00
00 00
00 00
00 00
00 00
00 00
00 00
00 00
00 00
00 00
00 00
00 00
00 00
00 00
00 00
00 00
00 00
00 00
00 00
00 00
00 00
00 00
00 00
00 00
00 00
00 00
00 00
00 00
00 00
00 00
00 00
00 00
00 00
00 00
00 00
00 00
00 00
00 00
00 00
00 00
00 00
82 C6
0F CF
C8 1B
0D 00
F7 E5
0F EA
06 DA
FD FA
0D 18
F6 2E
FB 06
04 13
FA E6
00 ED
1F D4
E3 26
04 F3
ED FC
00 00
00 00
00 00
00 00
00 00
00 00
00 00
00 00
00 00
00 00
00 00
00 00
00 00
00 00
EA F7
EA D4
D3 DA
BE FD
D0 D1
C7 BB
E1 C9
FF CD
B1 A3
E9 E4
E4 B4
CE CE
C9 08
F7 DB
F0 88
F9 EB
EB DD
CD C6
00 00
00 00
00 00
00 00
00 00
00 00
00 00
00 00
00 00
00 00
00 00
00 00
00 00
00 00
CC D6
C2 2C
CA AE
DA E8
AA C6
D6 F3
F0 DE
AB 14
9E D0
B4 D0
E8 CC
F3 C7
CB FB
ED 05
FA EF
F5 E2
BF CA
07 17
00 00
00 00
00 00
00 00
00 00
00 00
00 00
00 00
00 00
00 00
00 00
00 00
00 00
00 00
EC E3
F4 11
21 05
FE E8
F3 10
02 ED
03 0F
01 FE
FB FB
EC 0D
02 11
05 03
0B E5
E4 DB
FD EF
0D 16
F2 EE
02 DA
00 00
00 00
00 00
00 00
00 00
00 00
00 00
00 00
00 00
00 00
00 00
00 00
00 00
00 00
E0 02
E8 EF
07 EF
1C 08
05 06
08 FB
06 FA
FF 04
0F 0F
F2 19
09 FF
DA 1B
09 F9
0A E9
EB E4
DE F3
05 F3
14 F1
00 00
00 00
00 00
00 00
00 00
00 00
00 00
00 00
00 00
00 00
00 00
00 00
00 00
00 00
EA 12
1A F5
34 0E
F9 E2
0A CB
FB FF
06 0F
15 00
27 F8
F0 10
12 00
EE 04
F6 F7
ED D1
D3 E8
18 1F
E1 05
04 D4
00 00
00 00
00 00
00 00
00 00
00 00
00 00
00 00
00 00
00 00
00 00
00 00
00 00
00 00
06 D0
1A 9D
FC 15
F2 F2
DF 04
AA F2
FB 28
E8 F2
F9 E1
FA F6
F9 ED
02 1A
F8 06
09 F2
EC F4
E2 02
06 F5
0E 1C
00 00
00 00
00 00
00 00
00 00
00 00
00 00
00 00
00 00
00 00
00 00
00 00
00 00
00 00
D5 F6
EE FF
0C 05
F4 F1
DA 0A
03 F7
14 00
EC E6
FB F5
EF 10
FD 01
EA 1F
11 FF
14 D8
18 0D
11 05
02 11
16 F1
00 00
00 00
00 00
00 00
00 00
00 00
00 00
00 00
00 00
00 00
00 00
00 00
00 00
00 00
B4 B6
D2 FC
15 04
E7 EA
C9 CE
E0 EA
1A A6
0E CD
0D 17
9D E3
F0 05
16 F8
10 DF
AB FB
BA 4C
CE BE
05 ED
0E EA
00 00
00 00
00 00
00 00
00 00
00 00
00 00
00 00
00 00
00 00
00 00
00 00
00 00
00 00
0B F0
11 F5
FB EB
F7 F8
FD 0A
FC 13
04 02
F2 0A
F9 F8
F7 F6
18 DD
13 E8
FC F3
FA F9
1A 17
F9 19
00 F1
09 1E
00 00
00 00
00 00
00 00
00 00
00 00
00 00
00 00
00 00
00 00
00 00
00 00
00 00
00 00
18 22
1D F7
0A EF
06 17
0F 06
C8 EA
CF FB
0C 02
03 FC
0F E2
E4 03
D8 0E
20 0E
0D F1
88 24
31 16
EA DA
0E E9
00 00
00 00
00 00
00 00
00 00
00 00
00 00
00 00
00 00
00 00
00 00
00 00
00 00
00 00
15 04
09 F9
0E FA
0E 05
04 09
FB 05
03 12
E1 FB
04 0B
1B FF
03 12
FE E1
EE 0F
FA 00
04 EB
03 12
F1 F6
16 17
00 00
00 00
00 00
00 00
00 00
00 00
00 00
00 00
00 00
00 00
00 00
00 00
00 00
00 00
02 FF
EA 08
14 00
04 05
FF F5
05 04
09 FE
F5 0D
04 07
FB F4
F3 10
08 23
FB FF
F9 0D
1A 05
17 F7
0C F0
F9 0E
00 00
00 00
00 00
00 00
00 00
00 00
00 00
00 00
00 00
00 00
00 00
00 00
00 00
00 00
0D F3
FC 28
EC EC
FA FB
EB E3
0B F5
F5 E0
DD 18
FC 0E
E7 DD
EB EE
08 E4
F8 0E
FA 07
07 06
F8 FA
EF 18
FA 0B
00 00
00 00
00 00
00 00
00 00
00 00
00 00
00 00
00 00
00 00
00 00
00 00
00 00
00 00
FB 0C
0B 08
0E 05
F6 F2
13 FF
FD 13
FE F5
16 07
0C 01
F6 05
0C E0
02 18
0C 05
FF 03
06 0B
F3 FD
14 02
F8 0D
00 00
00 00
00 00
00 00
00 00
00 00
00 00
00 00
00 00
00 00
00 00
00 00
00 00
00 00
CA CF
C6 C8
F6 EE
E1 09
BF EF
BC 97
D4 ED
C8 BD
AF C7
CC 01
C5 ED
A2 B7
97 00
EF D8
DD C3
F1 B1
F2 B5
D4 E9
00 00
00 00
00 00
00 00
00 00
00 00
00 00
00 00
00 00
00 00
00 00
00 00
00 00
00 00
09 F2
0D F5
15 FB
F2 0A
ED 16
FF ED
E4 F9
EC D6
25 F6
0F 07
E0 0D
10 E8
10 06
0A F3
E9 E2
F1 F7
F5 F2
00 21
00 00
00 00
00 00
00 00
00 00
00 00
00 00
00 00
00 00
00 00
00 00
00 00
00 00
00 00
EC CD
DF 1D
D5 BC
DE E8
C2 EA
C7 DC
28 03
A2 CC
A7 B4
DA 0C
DF B8
BA DC
C4 03
06 D5
F8 D9
EE 05
CD C9
07 24
00 00
00 00
00 00
00 00
00 00
00 00
00 00
00 00
00 00
00 00
00 00
00 00
00 00
00 00
F5 DC
20 E3
C7 F4
FC 12
17 FF
14 FE
FC F5
1B E9
10 E8
E7 EF
EF 0D
01 ED
18 0F
F7 ED
C0 E9
01 FB
17 F6
FC 0C
00 00
00 00
00 00
00 00
00 00
00 00
00 00
00 00
00 00
00 00
00 00
00 00
00 00
00 00
CA D7
C0 07
9E F2
12 D6
FD F1
1F 3B
0D 14
98 FB
93 E3
B5 02
FA E4
07 E0
10 16
F7 02
F7 06
E3 06
E9 05
20 09
00 00
00 00
00 00
00 00
00 00
00 00
00 00
00 00
00 00
00 00
00 00
00 00
00 00
00 00
DF E3
FC ED
D6 FC
E9 04
E9 EE
E0 05
0E 04
E9 21
23 0E
F8 F6
0E FC
EA 09
1E DB
F5 F2
D9 D8
D8 09
EA F6
04 FD
00 00
00 00
00 00
00 00
00 00
00 00
00 00
00 00
00 00
00 00
00 00
00 00
00 00
00 00
BF 82
FD EB
FC 0B
FE 1D
10 11
14 F4
0F 15
AF BC
F8 F8
B9 40
E6 1C
EA F9
CA 29
E3 BA
CF E4
CB FA
F5 F9
36 0C
00 00
00 00
00 00
00 00
00 00
00 00
00 00
00 00
00 00
00 00
00 00
00 00
00 00
00 00
04 F6
D9 0A
EC F1
FE 0C
E9 DF
EE 0E
FE 29
D7 09
1B 04
FB 07
14 EE
0A 20
18 F1
0A EE
0D FE
02 0F
EA 02
23 04
00 00
00 00
00 00
00 00
00 00
00 00
00 00
00 00
00 00
00 00
00 00
00 00
00 00
00 00
F3 FD
E9 E7
FB E2
F1 08
FD E3
FB FB
0D EA
F5 FC
09 F6
FB 0A
F6 06
FE 0D
0D F9
EE E6
ED 04
EA 04
E7 EE
0E 1F
00 00
00 00
00 00
00 00
00 00
00 00
00 00
00 00
00 00
00 00
00 00
00 00
00 00
00 00
F5 12
07 14
12 F1
0D 18
09 0C
FA 0E
0E C9
0D FA
FA 18
F5 12
00 06
1F E4
FB 12
1F FC
0A F2
E2 E8
FB F0
F2 F5
00 00
00 00
00 00
00 00
00 00
00 00
00 00
00 00
00 00
00 00
00 00
00 00
00 00
00 00
0D CC
04 10
F4 0D
FD E4
0E 16
AF 15
E7 10
D3 E9
C5 D6
05 FB
1A F6
04 0D
F0 0A
F1 0B
FA F6
FC 16
0C 18
0F F4
00 00
00 00
00 00
00 00
00 00
00 00
00 00
00 00
00 00
00 00
00 00
00 00
00 00
00 00
ED FA
E4 D8
D6 CE
BE E9
CE E8
DA D3
E8 D9
D4 C4
92 AA
DB FF
E7 C9
93 B2
B4 FA
E6 F5
E8 80
FC D6
D0 AE
C0 C6
00 00
00 00
00 00
00 00
00 00
00 00
00 00
00 00
00 00
00 00
00 00
00 00
00 00
00 00
D8 00
FC E4
0C FC
05 F7
FF 14
16 E8
FB 08
1A E3
E7 05
20 F1
E5 F9
20 16
FC E5
F0 EC
F7 11
0B FF
E6 F7
17 F2
00 00
00 00
00 00
00 00
00 00
00 00
00 00
00 00
00 00
00 00
00 00
00 00
00 00
00 00
F2 E1
FD EF
20 0E
0E 20
06 0D
04 E7
0D F4
D1 D8
0A FC
F5 0E
E0 08
E9 0B
F3 F9
F6 0D
F0 F4
1C FB
02 0A
E7 DE
00 00
00 00
00 00
00 00
00 00
00 00
00 00
00 00
00 00
00 00
00 00
00 00
00 00
00 00
00 00
00 00
03 FD
FA FF
FF FD
00 FF
00 FE
00 FF
FE F6
00 FE
00 F9
FC D4
FE FE
00 00
00 FC
00 00
FC FF
FF FE
00 00
00 00
00 00
00 00
00 00
00 00
00 00
00 00
00 00
00 00
00 00
00 00
00 00
00 00
E4 FB
0D F1
F2 FD
0B 06
1E 11
E8 09
07 D5
12 F6
D7 02
DC FC
CE F4
24 EF
F1 0B
FA FF
B9 11
18 F2
0D 10
0E 1C
00 00
00 00
00 00
00 00
00 00
00 00
00 00
00 00
00 00
00 00
00 00
00 00
00 00
00 00
9F CF
9E 2B
ED CA
0E D6
E6 0A
1A DB
08 E3
AE 14
98 FE
A6 09
17 E0
20 F8
00 02
0D 01
0E 2A
F5 EB
EF 2B
10 1B
00 00
00 00
00 00
00 00
00 00
00 00
00 00
00 00
00 00
00 00
00 00
00 00
00 00
00 00
06 08
FD 0E
06 05
07 0E
05 07
02 FC
1D 07
29 FF
0F 06
3A FA
06 06
07 F9
13 02
FC FE
06 F4
6C 07
06 06
F8 07
06 03
FA 13
06 FB
6D 05
20 0C
2C 03
06 13
F9 F9
FB 06
02 06
03 1D
E4 02
06 FA
06 01
3B 06
FA 06
20 05
06 06
E2 FB
FA 06
13 0F
2D F9
07 06
FA 06
27 13
F9 FB
06 06
FB F2
04 12
06 06
05 06
FA 06
08 07
06 0A
01 07
FA 05
20 0C
2D FB
06 06
04 FE
FF 05
06 FA
06 02
10 E2
00 F3
06 07
03 01
FD 03
06 09
F7 18
F9 FA
FA 05
20 09
29 04
08 10
F9 37
FA F8
06 EB
06 FE
F1 F0
34 13
FA 80
00 00
00 00
00 00
00 00
00 00
00 00
00 00
00 00
00 00
00 00
00 00
00 00
00 00
00 00
00 00
00 00
00 00
00 00
00 00
00 00
00 00
00 00
00 00
00 00
00 00
00 00
00 00
00 00
00 00
00 00
00 00
00 00
00 00
00 00
00 00
00 00
00 00
00 00
00 00
00 00
00 00
00 00
00 00
00 00
00 00
00 00
00 00
00 00
00 00
00 00
00 00
00 00
00 00
00 00
00 00
00 00
00 00
00 00
00 00
00 00
00 00
00 00
00 00
00 00
00 00
00 00
00 00
00 00
00 00
00 00
00 00
00 00
00 00
00 00
00 00
00 00
00 00
00 00
00 00
00 00
00 00
00 00
00 00
00 00
00 00
00 00
00 00
00 00
00 00
00 00
00 00
00 00
00 00
00 00
00 00
00 00
00 00
00 00
00 00
00 00
00 00
00 00
00 00
00 00
00 00
00 00
00 00
00 00
00 00
00 00
00 00
00 00
00 00
00 00
00 00
00 00
00 00
00 00
00 00
00 00
00 00
00 00
00 00
00 00
00 00
00 00
00 00
00 00
00 00
00 00
00 00
00 00
00 00
00 00
00 00
00 00
00 00
00 00
00 00
00 00
00 00
00 00
00 00
00 00
00 00
00 00
00 00
00 00
00 00
00 00
00 00
00 00
00 00
00 00
00 00
00 00
00 00
00 00
00 00
00 00
00 00
00 00
00 00
00 00
00 00
00 00
00 00
00 00
00 00
00 00
00 00
00 00
00 00
00 00
00 00
00 00
00 00
00 00
00 00
00 00
00 00
00 00
00 00
00 00
00 00
00 00
00 00
00 00
00 00
00 00
00 00
00 00
00 00
00 00
00 00
00 00
00 00
00 00
00 00
00 00
00 00
00 00
00 00
00 00
00 00
00 00
00 00
00 00
00 00
00 00
00 00
00 00
00 00
00 00
00 00
00 00
00 00
00 00
00 00
00 00
00 00
00 00
00 00
00 00
00 00
00 00
00 00
00 00
00 00
00 00
00 00
00 00
00 00
00 00
00 00
00 00
00 00
00 00
00 00
00 00
00 00
00 00
00 00
00 00
00 00
00 00
00 00
00 00
00 00
00 00
00 00
00 00
00 00
00 00
00 00
00 00
00 00
00 00
00 00
00 00
00 00
00 00
00 00
00 00
00 00
00 00
00 00
00 00
00 00
00 00
00 00
00 00
00 00
00 00
00 00
00 00
00 00
00 00
00 00
00 00
00 00
00 00
00 00
00 00
00 00
00 00
00 00
00 00
00 00
00 00
00 00
00 00
00 00
00 00
00 00
00 00
00 00
00 00
00 00
00 00
00 00
00 00
00 00
00 00
00 00
00 00
00 00
00 00
00 00
00 00
00 00
00 00
00 00
00 00
00 00
00 00
00 00
00 00
00 00
00 00
00 00
00 00
00 00
00 00
00 00
00 00
00 00
00 00
00 00
00 00
00 00
00 00
00 00
00 00
00 00
00 00
00 00
00 00
00 00
00 00
00 00
00 00
00 00
00 00
00 00
00 00
00 00
00 00
00 00
00 00
00 00
00 00
00 00
00 00
00 00
00 00
00 00
00 00
00 00
00 00
00 00
00 00
00 00
00 00
00 00
00 00
00 00
00 00
00 00
00 00
00 00
00 00
00 00
00 00
00 00
00 00
00 00
00 00
00 00
00 00
00 00
00 00
00 00
00 00
00 00
00 00
00 00
00 00
00 00
00 00
00 00
00 00
00 00
00 00
00 00
00 00
00 00
00 00
00 00
00 00
00 00
00 00
00 00
00 00
00 00
00 00
00 00
00 00
00 00
00 00
00 00
00 00
00 00
00 00
00 00
00 00
00 00
00 00
00 00
00 00
00 00
00 00
00 00
00 00
00 00
00 00
00 00
00 00
00 00
00 00
00 00
00 00
00 00
00 00
00 00
00 00
00 00
00 00
00 00
00 00
00 00
00 00
00 00
00 00
00 00
00 00
00 00
00 00
00 00
00 00
00 00
00 00
00 00
00 00
00 00
00 00
00 00
00 00
00 00
00 00
00 00
00 00
00 00
00 00
00 00
00 00
00 00
00 00
00 00
00 00
00 00
00 00
00 00
00 00
00 00
00 00
00 00
00 00
00 00
00 00
00 00
00 00
00 00
00 00
00 00
00 00
00 00
00 00
00 00
00 00
00 00
00 00
00 00
00 00
00 00
00 00
00 00
00 00
00 00
00 00
00 00
00 00
00 00
00 00
00 00
00 00
00 00
00 00
00 00
00 00
00 00
00 00
00 00
00 00
00 00
00 00
00 00
00 00
00 00
00 00
00 00
00 00
00 00
00 00
00 00
00 00
00 00
00 00
00 00
00 00
00 00
00 00
00 00
00 00
00 00
00 00
00 00
00 00
00 00
00 00
00 00
00 00
00 00
00 00
00 00
00 00
00 00
00 00
00 00
00 00
00 00
00 00
00 00
00 00
00 00
00 00
00 00
00 00
00 00
00 00
00 00
00 00
00 00
00 00
00 00
00 00
00 00
00 00
00 00
00 00
00 00
00 00
00 00
00 00
00 00
00 00
00 00
00 00
00 00
00 00
00 00
00 00
00 00
00 00
00 00
00 00
00 00
00 00
00 00
00 00
00 00
00 00
00 00
00 00
00 00
00 00
00 00
00 00
00 00
00 00
00 00
00 00
00 00
00 00
00 00
00 00
00 00
00 00
00 00
00 00
00 00
00 00
00 00
00 00
00 00
00 00
00 00
00 00
00 00
00 00
00 00
00 00
00 00
00 00
00 00
00 00
00 00
00 00
00 00
00 00
00 00
00 00
00 00
00 00
00 00
00 00
00 00
00 00
00 00
00 00
00 00
00 00
00 00
00 00
00 00
00 00
00 00
00 00
00 00
00 00
00 00
00 00
00 00
00 00
00 00
00 00
00 00
00 00
00 00
00 00
00 00
00 00
00 00
00 00
00 00
00 00
00 00
00 00
00 00
00 00
00 00
00 00
00 00
00 00
00 00
00 00
00 00
00 00
00 00
00 00
00 00
00 00
00 00
00 00
00 00
00 00
00 00
00 00
00 00
00 00
00 00
00 00
00 00
00 00
00 00
00 00
00 00
00 00
00 00
00 00
00 00
00 00
00 00
00 00
00 00
00 00
00 00
00 00
00 00
00 00
00 00
00 00
00 00
00 00
00 00
00 00
00 00
00 00
00 00
00 00
00 00
00 00
00 00
00 00
00 00
00 00
00 00
00 00
00 00
00 00
00 00
00 00
00 00
00 00
00 00
00 00
00 00
00 00
00 00
00 00
00 00
00 00
00 00
00 00
00 00
00 00
00 00
00 00
00 00
00 00
00 00
00 00
00 00
00 00
00 00
00 00
00 00
00 00
00 00
00 00
00 00
00 00
00 00
00 00
00 00
00 00
00 00
00 00
00 00
00 00
00 00
00 00
00 00
00 00
00 00
00 00
00 00
00 00
00 00
00 00
00 00
00 00
00 00
00 00
00 00
00 00
00 00
00 00
00 00
00 00
00 00
00 00
00 00
00 00
00 00
00 00
00 00
00 00
00 00
00 00
00 00
00 00
00 00
00 00
00 00
00 00
00 00
00 00
00 00
00 00
00 00
00 00
00 00
00 00
00 00
00 00
00 00
00 00
00 00
00 00
00 00
00 00
00 00
00 00
00 00
00 00
00 00
00 00
00 00
00 00
00 00
00 00
00 00
00 00
00 00
00 00
00 00
00 00
00 00
00 00
00 00
00 00
00 00
00 00
00 00
00 00
00 00
00 00
00 00
00 00
00 00
00 00
00 00
00 00
00 00
00 00
00 00
00 00
00 00
00 00
00 00
00 00
00 00
00 00
00 00
00 00
00 00
00 00
00 00
00 00
00 00
00 00
00 00
00 00
00 00
00 00
00 00
00 00
00 00
00 00
00 00
00 00
00 00
00 00
00 00
00 00
00 00
00 00
00 00
00 00
00 00
00 00
00 00
00 00
00 00
00 00
00 00
00 00
00 00
00 00
00 00
00 00
00 00
00 00
00 00
00 00
00 00
00 00
00 00
00 00
00 00
00 00
00 00
00 00
00 00
00 00
00 00
00 00
00 00
00 00
00 00
00 00
00 00
00 00
00 00
00 00
00 00
00 00
00 00
00 00
00 00
00 00
00 00
00 00
00 00
00 00
00 00
00 00
00 00
00 00
00 00
00 00
00 00
00 00
01 17
3F EA
00 00
EC E8
25 30
00 00
FD 09
C9 CC
00 00
F0 09
10 44
00 00
B9 34
30 56
00 00
44 0D
FB F8
00 00
16 1C
2F 09
00 00
C8 F8
23 FC
00 00
A7 EB
28 EB
00 00
2A F2
CE D0
00 00
F6 B0
0A F1
00 00
09 3E
29 26
00 00
2A F6
EA E3
00 00
1C 25
E6 23
00 00
21 D2
D0 E2
00 00
E4 07
30 17
00 00
00 00
00 00
00 00
00 00
00 00
00 00
00 00
00 00
00 00
00 00
00 00
00 00
00 00
00 00
00 00
00 00
00 00
00 00
00 00
00 00
00 00
00 00
00 00
00 00
00 00
00 00
00 00
00 00
00 00
00 00
00 00
00 00
00 00
00 00
00 00
00 00
00 00
00 00
00 00
00 00
00 00
00 00
00 00
00 00
00 00
00 00
00 00
00 00
00 00
00 00
00 00
00 00
00 00
00 00
00 00
00 00
00 00
00 00
00 00
00 00
00 00
00 00
00 00
00 00
00 00
00 00
00 00
00 00
00 00
00 00
00 00
00 00
00 00
00 00
00 00
00 00
00 00
00 00
00 00
00 00
00 00
00 00
00 00
00 00
00 00
00 00
00 00
00 00
00 00
00 00
00 00
00 00
00 00
00 00
00 00
00 00
00 00
00 00
00 00
00 00
00 00
00 00
00 00
00 00
00 00
00 00
00 00
00 00
00 00
00 00
00 00
00 00
00 00
00 00
00 00
00 00
00 00
00 00
00 00
00 00
00 00
00 00
00 00
00 00
00 00
00 00
00 00
00 00
00 00
00 00
00 00
00 00
00 00
00 00
00 00
00 00
00 00
00 00
00 00
00 00
00 00
00 00
00 00
00 00
00 00
00 00
00 00
00 00
00 00
00 00
00 00
00 00
00 00
00 00
00 00
00 00
00 00
00 00
00 00
00 00
00 00
00 00
00 00
00 00
00 00
00 00
00 00
00 00
00 00
00 00
00 00
00 00
00 00
00 00
00 00
00 00
00 00
00 00
00 00
00 00
00 00
00 00
00 00
00 00
00 00
00 00
00 00
00 00
00 00
00 00
00 00
00 00
00 00
00 00
00 00
00 00
00 00
00 00
00 00
00 00
00 00
00 00
00 00
00 00
00 00
00 00
00 00
00 00
00 00
00 00
00 00
00 00
00 00
00 00
00 00
00 00
00 00
00 00
00 00
00 00
00 00
00 00
00 00
00 00
00 00
00 00
00 00
00 00
00 00
00 00
00 00
00 00
00 00
00 00
00 00
00 00
00 00
00 00
00 00
00 00
00 00
00 00
00 00
00 00
00 00
00 00
00 00
00 00
00 00
00 00
00 00
00 00
00 00
00 00
00 00
00 00
00 00
00 00
00 00
00 00
00 00
00 00
00 00
00 00
00 00
00 00
00 00
00 00
00 00
00 00
00 00
00 00
00 00
00 00
00 00
00 00
00 00
00 00
00 00
00 00
00 00
00 00
00 00
00 00
00 00
00 00
00 00
00 00
00 00
00 00
00 00
00 00
00 00
00 00
00 00
00 00
00 00
00 00
00 00
00 00
00 00
00 00
00 00
00 00
00 00
00 00
00 00
00 00
00 00
00 00
00 00
00 00
00 00
00 00
00 00
00 00
00 00
00 00
00 00
00 00
00 00
00 00
00 00
00 00
00 00
00 00
00 00
00 00
00 00
00 00
00 00
00 00
00 00
00 00
00 00
00 00
00 00
00 00
00 00
00 00
00 00
00 00
00 00
00 00
00 00
00 00
00 00
00 00
00 00
00 00
00 00
00 00
00 00
00 00
00 00
00 00
00 00
00 00
00 00
00 00
00 00
00 00
00 00
00 00
00 00
00 00
00 00
00 00
00 00
00 00
00 00
00 00
00 00
00 00
00 00
00 00
00 00
00 00
00 00
00 00
00 00
00 00
00 00
00 00
00 00
00 00
00 00
00 00
00 00
00 00
00 00
00 00
00 00
00 00
00 00
00 00
00 00
00 00
00 00
00 00
00 00
00 00
00 00
00 00
00 00
00 00
00 00
00 00
00 00
00 00
00 00
00 00
00 00
00 00
00 00
00 00
00 00
00 00
00 00
00 00
00 00
00 00
00 00
00 00
00 00
00 00
00 00
00 00
00 00
00 00
00 00
00 00
00 00
00 00
00 00
00 00
00 00
00 00
00 00
00 00
00 00
00 00
00 00
00 00
00 00
00 00
00 00
00 00
00 00
00 00
00 00
00 00
00 00
00 00
00 00
00 00
00 00
00 00
00 00
00 00
00 00
00 00
00 00
00 00
00 00
00 00
00 00
00 00
00 00
00 00
00 00
00 00
00 00
00 00
00 00
00 00
00 00
00 00
00 00
00 00
00 00
00 00
00 00
00 00
00 00
00 00
00 00
00 00
00 00
00 00
00 00
00 00
00 00
00 00
00 00
00 00
00 00
00 00
00 00
00 00
00 00
00 00
00 00
00 00
00 00
00 00
00 00
00 00
00 00
00 00
00 00
00 00
00 00
00 00
00 00
00 00
00 00
00 00
00 00
00 00
00 00
00 00
00 00
00 00
00 00
00 00
00 00
00 00
00 00
00 00
00 00
00 00
00 00
00 00
00 00
00 00
00 00
00 00
00 00
00 00
00 00
00 00
00 00
00 00
00 00
00 00
00 00
00 00
00 00
00 00
00 00
00 00
00 00
00 00
00 00
00 00
00 00
00 00
00 00
00 00
00 00
00 00
00 00
00 00
00 00
00 00
00 00
00 00
00 00
00 00
00 00
00 00
00 00
00 00
00 00
00 00
00 00
00 00
00 00
00 00
00 00
00 00
00 00
00 00
00 00
00 00
00 00
00 00
00 00
00 00
00 00
00 00
00 00
00 00
00 00
00 00
00 00
00 00
00 00
00 00
00 00
00 00
00 00
00 00
00 00
00 00
00 00
00 00
00 00
00 00
00 00
00 00
00 00
00 00
00 00
00 00
00 00
00 00
00 00
00 00
00 00
00 00
00 00
00 00
00 00
00 00
00 00
00 00
00 00
00 00
00 00
00 00
00 00
00 00
00 00
00 00
00 00
00 00
00 00
00 00
00 00
00 00
00 00
00 00
00 00
00 00
00 00
00 00
00 00
00 00
00 00
00 00
00 00
00 00
00 00
00 00
00 00
00 00
00 00
00 00
00 00
00 00
00 00
00 00
00 00
00 00
00 00
00 00
00 00
00 00
00 00
00 00
00 00
00 00
00 00
00 00
00 00
00 00
00 00
00 00
00 00
00 00
00 00
00 00
00 00
00 00
00 00
00 00
00 00
00 00
00 00
00 00
00 00
00 00
00 00
00 00
00 00
00 00
00 00
00 00
00 00
00 00
00 00
00 00
00 00
00 00
00 00
00 00
00 00
00 00
00 00
00 00
00 00
00 00
00 00
00 00
00 00
00 00
00 00
00 00
00 00
00 00
00 00
00 00
00 00
00 00
00 00
00 00
00 00
00 00
00 00
00 00
00 00
00 00
00 00
00 00
00 00
00 00
00 00
00 00
00 00
00 00
00 00
00 00
00 00
00 00
00 00
00 00
00 00
00 00
00 00
00 00
00 00
00 00
00 00
00 00
00 00
00 00
00 00
00 00
00 00
00 00
00 00
00 00
00 00
00 00
00 00
00 00
00 00
00 00
00 00
00 00
00 00
00 00
00 00
00 00
00 00
00 00
00 00
00 00
00 00
00 00
00 00
00 00
00 00
00 00
00 00
00 00
00 00
00 00
00 00
00 00
00 00
00 00
00 00
00 00
00 00
00 00
00 00
00 00
00 00
00 00
00 00
00 00
00 00
00 00
00 00
00 00
00 00
00 00
00 00
00 00
00 00
00 00
00 00
00 00
00 00
00 00
00 00
00 00
00 00
00 00
00 00
00 00
00 00
00 00
00 00
00 00
00 00
00 00
00 00
00 00
00 00
00 00
00 00
00 00
00 00
00 00
00 00
00 00
00 00
00 00
00 00
00 00
00 00
00 00
00 00
00 00
00 00
00 00
00 00
00 00
00 00
00 00
00 00
00 00
00 00
00 00
00 00
00 00
00 00
00 00
00 00
00 00
00 00
00 00
00 00
00 00
00 00
00 00
00 00
00 00
00 00
00 00
00 00
00 00
00 00
00 00
00 00
00 00
00 00
00 00
00 00
00 00
00 00
00 00
00 00
00 00
00 00
00 00
00 00
00 00
00 00
00 00
00 00
00 00
00 00
00 00
00 00
00 00
00 00
00 00
00 00
00 00
00 00
00 00
00 00
00 00
00 00
00 00
00 00
00 00
00 00
00 00
00 00
00 00
00 00
00 00
00 00
00 00
00 00
00 00
00 00
00 00
00 00
00 00
00 00
00 00
00 00
00 00
00 00
00 00
00 00
00 00
00 00
00 00
00 00
00 00
00 00
00 00
00 00
00 00
00 00
00 00
00 00
00 00
00 00
00 00
00 00
00 00
00 00
00 00
00 00
00 00
00 00
00 00
00 00
00 00
00 00
00 00
00 00
00 00
00 00
00 00
00 00
00 00
00 00
00 00
00 00
00 00
00 00
00 00
00 00
00 00
00 00
00 00
1E 32
21 15
00 00
36 39
07 80
00 00
27 DB
28 63
00 00
FC 26
42 18
00 00
EA D4
1B 31
00 00
E3 FE
E7 D8
00 00
F3 28
F9 08
00 00
01 FF
FB 1D
00 00
A7 C1
18 14
00 00
1F 0A
0A FE
00 00
E3 C3
34 32
00 00
2C 10
1D CF
00 00
0A 34
F6 20
00 00
E4 E8
D7 27
00 00
04 01
41 08
00 00
C3 E8
09 20
00 00
0E 34
43 2D
00 00
51 05
29 55
00 00
C8 D2
0A 17
00 00
EC 0B
07 1C
00 00
89 0D
BC B9
00 00
7F 14
21 EF
00 00
DB FA
05 06
00 00
0E E4
FC F3
00 00
11 9E
B2 F8
00 00
DB FA
05 FB
00 00
E5 E2
00 E3
00 00
09 D8
CC 0D
00 00
06 15
01 E6
00 00
F1 21
23 D3
00 00
02 E7
EE 00
00 00
C1 B4
97 C2
00 00
E7 0E
1D 20
00 00
0E E6
EA FC
00 00
D0 12
1F 28
00 00
E0 10
2C 07
00 00
10 46
F9 E8
00 00
ED 16
21 FD
00 00
D6 1A
FD 10
00 00
06 DB
1F 27
00 00
0B 07
1E 07
00 00
11 22
F6 18
00 00
0A 6C
08 12
00 00
0A EA
48 0E
00 00
FB DD
1B 15
00 00
1E 28
19 16
00 00
E3 F6
2D 1D
00 00
02 26
75 50
00 00
1E 14
F2 CC
00 00
FC 2C
69 E7
00 00
E7 01
16 25
00 00
11 E3
17 21
00 00
C5 E3
09 E3
00 00
EC 01
A9 E3
00 00
04 FF
F0 DF
00 00
EC AC
BD D9
00 00
D1 2E
EA 42
00 00
1D 0C
EA 28
00 00
F6 C8
34 3C
00 00
10 0B
55 0A
00 00
1A E3
E4 1A
00 00
C7 09
CF E4
00 00
E3 E6
F8 13
00 00
A5 B2
28 35
00 00
00 00
00 00
00 00
00 00
00 00
00 00
00 00
00 00
00 00
00 00
00 00
00 00
00 00
00 00
00 00
00 00
00 00
00 00
00 00
00 00
00 00
00 00
00 00
00 00
00 00
00 00
00 00
00 00
00 00
00 00
00 00
00 00
00 00
00 00
00 00
00 00
00 00
00 00
00 00
00 00
00 00
00 00
00 00
00 00
00 00
00 00
00 00
00 00
00 00
00 00
00 00
00 00
00 00
00 00
00 00
00 00
00 00
00 00
00 00
00 00
00 00
00 00
00 00
00 00
00 00
00 00
00 00
00 00
00 00
00 00
00 00
00 00
00 00
00 00
00 00
00 00
00 00
00 00
00 00
00 00
00 00
00 00
00 00
00 00
00 00
00 00
00 00
00 00
00 00
00 00
00 00
00 00
00 00
00 00
00 00
00 00
00 00
00 00
00 00
00 00
00 00
00 00
00 00
00 00
00 00
00 00
00 00
00 00
00 00
00 00
00 00
00 00
00 00
00 00
00 00
00 00
00 00
00 00
00 00
00 00
00 00
00 00
00 00
00 00
00 00
00 00
00 00
00 00
00 00
00 00
00 00
00 00
00 00
00 00
00 00
00 00
00 00
00 00
00 00
00 00
00 00
00 00
00 00
00 00
00 00
00 00
00 00
00 00
00 00
00 00
00 00
00 00
00 00
00 00
00 00
00 00
00 00
00 00
00 00
00 00
00 00
00 00
00 00
00 00
00 00
00 00
00 00
00 00
00 00
00 00
00 00
00 00
00 00
00 00
00 00
00 00
00 00
00 00
00 00
00 00
00 00
00 00
00 00
00 00
00 00
00 00
00 00
00 00
00 00
00 00
00 00
00 00
00 00
00 00
00 00
00 00
00 00
00 00
00 00
00 00
00 00
00 00
00 00
00 00
00 00
00 00
00 00
00 00
00 00
00 00
00 00
00 00
00 00
00 00
00 00
00 00
00 00
00 00
00 00
00 00
00 00
00 00
00 00
00 00
00 00
00 00
00 00
00 00
00 00
00 00
00 00
00 00
00 00
00 00
00 00
00 00
00 00
00 00
00 00
00 00
00 00
00 00
00 00
00 00
00 00
00 00
00 00
00 00
00 00
00 00
00 00
00 00
00 00
00 00
00 00
00 00
00 00
00 00
00 00
00 00
00 00
00 00
00 00
00 00
00 00
00 00
00 00
00 00
00 00
00 00
00 00
00 00
00 00
00 00
00 00
00 00
00 00
00 00
00 00
00 00
00 00
00 00
00 00
00 00
00 00
00 00
00 00
00 00
00 00
00 00
00 00
00 00
00 00
00 00
00 00
00 00
00 00
00 00
00 00
00 00
00 00
00 00
00 00
00 00
00 00
00 00
00 00
00 00
00 00
00 00
00 00
00 00
00 00
00 00
00 00
00 00
00 00
00 00
00 00
00 00
00 00
00 00
00 00
00 00
00 00
00 00
00 00
00 00
00 00
00 00
00 00
00 00
00 00
00 00
00 00
00 00
00 00
00 00
00 00
00 00
00 00
00 00
00 00
00 00
00 00
00 00
00 00
00 00
00 00
00 00
00 00
00 00
00 00
00 00
00 00
00 00
00 00
00 00
00 00
00 00
00 00
00 00
00 00
00 00
00 00
00 00
00 00
00 00
00 00
00 00
00 00
00 00
00 00
00 00
00 00
00 00
00 00
00 00
00 00
00 00
00 00
00 00
00 00
00 00
00 00
00 00
00 00
00 00
00 00
00 00
00 00
00 00
00 00
00 00
00 00
00 00
00 00
00 00
00 00
00 00
00 00
00 00
00 00
00 00
00 00
00 00
00 00
00 00
00 00
00 00
00 00
00 00
00 00
00 00
00 00
00 00
00 00
00 00
00 00
00 00
00 00
00 00
00 00
00 00
00 00
00 00
00 00
00 00
00 00
00 00
00 00
00 00
00 00
00 00
00 00
00 00
00 00
00 00
00 00
00 00
00 00
00 00
00 00
00 00
00 00
00 00
00 00
00 00
00 00
00 00
00 00
00 00
00 00
00 00
00 00
00 00
00 00
00 00
00 00
00 00
00 00
00 00
00 00
00 00
00 00
00 00
00 00
00 00
00 00
00 00
00 00
00 00
00 00
00 00
00 00
00 00
00 00
00 00
00 00
00 00
00 00
00 00
00 00
00 00
00 00
00 00
00 00
00 00
00 00
00 00
00 00
00 00
00 00
00 00
00 00
00 00
00 00
00 00
00 00
00 00
00 00
00 00
00 00
00 00
00 00
00 00
00 00
00 00
00 00
00 00
00 00
00 00
00 00
00 00
00 00
00 00
00 00
00 00
00 00
00 00
00 00
00 00
00 00
00 00
00 00
00 00
00 00
00 00
00 00
00 00
00 00
00 00
00 00
00 00
00 00
00 00
00 00
00 00
00 00
00 00
00 00
00 00
00 00
00 00
00 00
00 00
00 00
00 00
00 00
00 00
00 00
00 00
00 00
00 00
00 00
00 00
00 00
00 00
00 00
00 00
00 00
00 00
00 00
00 00
00 00
00 00
00 00
00 00
00 00
00 00
00 00
00 00
00 00
00 00
00 00
00 00
00 00
00 00
00 00
00 00
00 00
00 00
00 00
00 00
00 00
00 00
00 00
00 00
00 00
00 00
00 00
00 00
00 00
00 00
00 00
00 00
00 00
00 00
00 00
00 00
00 00
00 00
00 00
00 00
00 00
00 00
00 00
00 00
00 00
00 00
00 00
00 00
00 00
00 00
00 00
00 00
00 00
00 00
00 00
00 00
00 00
00 00
00 00
00 00
00 00
00 00
00 00
00 00
00 00
00 00
00 00
00 00
00 00
00 00
00 00
00 00
00 00
00 00
00 00
00 00
00 00
00 00
00 00
00 00
00 00
00 00
00 00
00 00
00 00
00 00
00 00
00 00
00 00
00 00
00 00
00 00
00 00
00 00
00 00
00 00
00 00
00 00
00 00
00 00
00 00
00 00
00 00
00 00
00 00
00 00
00 00
00 00
00 00
00 00
00 00
00 00
00 00
00 00
00 00
00 00
00 00
00 00
00 00
00 00
00 00
00 00
00 00
00 00
00 00
00 00
00 00
00 00
00 00
00 00
00 00
00 00
00 00
00 00
00 00
00 00
00 00
00 00
00 00
00 00
00 00
00 00
00 00
00 00
00 00
00 00
00 00
00 00
00 00
00 00
00 00
00 00
00 00
00 00
00 00
00 00
00 00
00 00
00 00
00 00
00 00
00 00
00 00
00 00
00 00
00 00
00 00
00 00
00 00
00 00
00 00
00 00
00 00
00 00
00 00
00 00
00 00
00 00
00 00
00 00
00 00
00 00
00 00
00 00
00 00
00 00
00 00
00 00
00 00
00 00
00 00
00 00
00 00
00 00
00 00
00 00
00 00
00 00
00 00
00 00
00 00
00 00
00 00
00 00
00 00
00 00
00 00
00 00
00 00
00 00
00 00
00 00
00 00
00 00
00 00
00 00
00 00
00 00
00 00
00 00
00 00
00 00
00 00
00 00
00 00
00 00
00 00
00 00
00 00
00 00
00 00
00 00
00 00
00 00
00 00
00 00
00 00
00 00
00 00
00 00
00 00
00 00
00 00
00 00
00 00
00 00
00 00
00 00
00 00
00 00
00 00
00 00
00 00
00 00
00 00
00 00
00 00
00 00
00 00
00 00
00 00
00 00
00 00
00 00
00 00
00 00
00 00
00 00
16 AE
0C 03
AE 14
04 07
FC F2
28 FC
F0 F0
2D F8
04 F7
CE 0D
06 F4
03 E7
11 E5
18 A8
EE FF
EA 0D
C2 DB
E8 0E
00 00
00 00
00 00
00 00
00 00
00 00
00 00
00 00
00 00
00 00
00 00
00 00
00 00
00 00
F9 DA
FA DB
C6 D9
C3 C2
FE E5
CC DD
80 CB
F5 B1
D0 FD
BD 98
A3 EA
C3 DD
8E DC
FA DF
E7 B9
F2 C9
F8 DD
E1 C7
00 00
00 00
00 00
00 00
00 00
00 00
00 00
00 00
00 00
00 00
00 00
00 00
00 00
00 00
08 DF
15 E7
0D DB
22 18
F6 ED
DA F2
C4 09
DC E9
EA DC
CB CB
D8 F1
DA D5
ED CE
FD C4
DD DA
DD E8
F9 2D
05 F2
00 00
00 00
00 00
00 00
00 00
00 00
00 00
00 00
00 00
00 00
00 00
00 00
00 00
00 00
EF D7
16 19
DC 11
06 0D
F8 E7
17 14
03 1E
1A 0C
0C 0D
DE EC
09 F4
DB F8
20 14
F9 FC
D0 11
EB E9
D1 EE
F7 06
00 00
00 00
00 00
00 00
00 00
00 00
00 00
00 00
00 00
00 00
00 00
00 00
00 00
00 00
23 F3
09 F7
E2 04
E5 13
FD E5
1E 03
E0 0A
08 0D
08 EF
04 F9
FE 0E
F6 F3
FC E3
04 D8
0C 06
E6 FB
E7 EE
FB 04
00 00
00 00
00 00
00 00
00 00
00 00
00 00
00 00
00 00
00 00
00 00
00 00
00 00
00 00
F6 DE
0F 0A
01 E4
EE DA
E6 02
07 03
E2 25
06 FA
FA 0C
F2 0E
07 10
FC 06
02 EF
ED 02
C8 FE
E8 EA
C3 10
00 03
00 00
00 00
00 00
00 00
00 00
00 00
00 00
00 00
00 00
00 00
00 00
00 00
00 00
00 00
BE C4
FB E6
E6 F4
16 0E
DE 05
BB CC
FC BF
BC F4
0B 16
DC 08
F3 E0
16 ED
11 F7
E9 27
07 FB
FF 0B
20 29
12 E8
00 00
00 00
00 00
00 00
00 00
00 00
00 00
00 00
00 00
00 00
00 00
00 00
00 00
00 00
FB F5
F4 F3
EA F5
EF E8
0A 05
F0 07
06 F2
12 0D
13 07
02 1B
05 F6
0E 0C
EC 0F
01 02
02 08
08 E4
E7 07
01 E4
00 00
00 00
00 00
00 00
00 00
00 00
00 00
00 00
00 00
00 00
00 00
00 00
00 00
00 00
16 E0
11 FF
E2 0D
01 CB
D6 3A
80 84
AC B2
E1 2F
22 15
B4 20
AB F8
16 F1
10 F1
18 D2
F2 D8
65 02
A3 2F
E0 24
00 00
00 00
00 00
00 00
00 00
00 00
00 00
00 00
00 00
00 00
00 00
00 00
00 00
00 00
FC F3
0B 00
F3 10
04 E4
12 0A
16 04
F4 E8
07 FD
13 FD
01 03
0E E9
0B 0C
0E 1F
06 F5
0A 16
FC 0A
01 04
1B EA
00 00
00 00
00 00
00 00
00 00
00 00
00 00
00 00
00 00
00 00
00 00
00 00
00 00
00 00
D6 16
D7 E7
D7 F5
0E FD
0D 02
C6 D2
F2 00
15 E5
D8 1C
17 F3
04 0C
E9 F6
0C F4
F4 0A
FB DA
01 09
41 C8
FC 20
00 00
00 00
00 00
00 00
00 00
00 00
00 00
00 00
00 00
00 00
00 00
00 00
00 00
00 00
0E FB
0E 08
F4 0C
F5 0B
02 FC
11 FB
F0 16
09 16
02 16
02 25
F9 0E
F2 E2
0B F5
02 FF
1F F9
09 EB
10 03
F1 E9
00 00
00 00
00 00
00 00
00 00
00 00
00 00
00 00
00 00
00 00
00 00
00 00
00 00
00 00
05 06
14 04
12 03
FD 08
02 FC
D9 11
07 05
0C F9
FB 00
0A F4
08 FF
E5 04
0E 0D
FC F3
F2 FC
04 0F
1B F2
FD 0C
00 00
00 00
00 00
00 00
00 00
00 00
00 00
00 00
00 00
00 00
00 00
00 00
00 00
00 00
CD 09
1A FB
FA 04
1D 04
FC F2
16 FF
26 0F
FE 21
06 04
0D 16
17 E6
E7 FD
FB 04
0A 09
EC 04
EF 07
F5 16
F2 1F
00 00
00 00
00 00
00 00
00 00
00 00
00 00
00 00
00 00
00 00
00 00
00 00
00 00
00 00
0B FF
F8 0E
12 FF
11 09
F3 04
0C F2
0D 15
0E 06
0D EA
FF FE
F4 F2
05 0F
0D 14
06 13
FC 07
FC FE
FF 0B
06 08
00 00
00 00
00 00
00 00
00 00
00 00
00 00
00 00
00 00
00 00
00 00
00 00
00 00
00 00
EE AF
D5 A7
DA C4
EA DD
F6 EA
DC D3
D5 91
16 A2
DC DD
9B A3
D2 E3
16 D0
A4 B0
F4 C2
E2 C5
F6 BE
EB B9
A6 C5
00 00
00 00
00 00
00 00
00 00
00 00
00 00
00 00
00 00
00 00
00 00
00 00
00 00
00 00
0B 10
FF 0A
FB EE
FB FC
FD 0A
21 F3
17 FE
0A 0E
03 FB
FF 05
04 0E
04 13
1D 03
09 0D
E9 05
FA 02
F8 EC
04 E3
00 00
00 00
00 00
00 00
00 00
00 00
00 00
00 00
00 00
00 00
00 00
00 00
00 00
00 00
02 02
E3 CF
07 E2
15 ED
FB DD
D6 EC
A8 BD
11 04
BF C2
C0 D4
1A E6
DE DB
CB EB
E8 E7
00 FB
CF FE
EA EF
F2 F7
00 00
00 00
00 00
00 00
00 00
00 00
00 00
00 00
00 00
00 00
00 00
00 00
00 00
00 00
06 04
0A DB
02 08
F0 EB
08 F5
E9 F5
F9 04
17 08
EA 05
C2 14
0D 10
02 EE
FC 09
16 F5
E0 08
04 F3
F5 F5
F4 EA
00 00
00 00
00 00
00 00
00 00
00 00
00 00
00 00
00 00
00 00
00 00
00 00
00 00
00 00
19 16
01 2E
23 FF
FF 20
F3 DF
ED 1D
02 D7
DF ED
F8 FD
EA D5
F8 FF
41 0C
00 FF
28 D5
C0 F0
16 F9
C3 06
28 0B
00 00
00 00
00 00
00 00
00 00
00 00
00 00
00 00
00 00
00 00
00 00
00 00
00 00
00 00
15 BD
E9 21
B8 1F
F9 FC
FB 01
32 EA
FA 0A
01 0F
0C 0E
E2 18
E0 F8
D5 14
00 FF
04 D9
F9 F9
E7 FB
02 F4
E4 3C
00 00
00 00
00 00
00 00
00 00
00 00
00 00
00 00
00 00
00 00
00 00
00 00
00 00
00 00
22 AE
E5 D9
07 33
EE 08
DA ED
E7 DB
0D B2
29 DF
0F EB
B8 07
32 CA
0D 15
D6 D5
C4 AE
18 04
18 0A
BE DC
DE CA
00 00
00 00
00 00
00 00
00 00
00 00
00 00
00 00
00 00
00 00
00 00
00 00
00 00
00 00
EC F4
FC EE
11 F5
EC 07
01 0F
DF 08
F6 EB
D6 F7
01 E7
07 F3
F4 01
FC 0E
01 F9
F3 E9
F0 0F
E2 E4
E9 03
1B 07
00 00
00 00
00 00
00 00
00 00
00 00
00 00
00 00
00 00
00 00
00 00
00 00
00 00
00 00
08 F2
F7 EB
EE 00
0D 0D
04 00
01 13
EA F9
CD F9
03 0D
01 0B
FA 0C
06 E8
29 16
FC 0A
16 FD
03 0B
F3 0D
F3 12
00 00
00 00
00 00
00 00
00 00
00 00
00 00
00 00
00 00
00 00
00 00
00 00
00 00
00 00
2A F2
15 02
D2 0E
01 0B
FE F9
DB F9
23 FD
E8 14
F4 0B
0D E7
00 F2
FC 08
09 07
FB FA
E3 13
F7 09
0A 03
ED 08
00 00
00 00
00 00
00 00
00 00
00 00
00 00
00 00
00 00
00 00
00 00
00 00
00 00
00 00
C5 17
07 F3
00 01
0E F0
D3 F7
DD DF
E3 FE
D5 15
06 F6
0D 1F
06 04
FE F1
F9 05
14 16
23 F9
13 CA
1C 1C
FE FE
00 00
00 00
00 00
00 00
00 00
00 00
00 00
00 00
00 00
00 00
00 00
00 00
00 00
00 00
F4 D3
DB CE
D6 DC
E1 D7
FD D8
E8 EF
AF AE
C5 BD
D1 E8
BE C2
A6 E2
D7 C4
98 B4
FB F3
E5 9E
E6 B7
FA F0
DD C3
00 00
00 00
00 00
00 00
00 00
00 00
00 00
00 00
00 00
00 00
00 00
00 00
00 00
00 00
F0 F1
FB 04
06 16
06 08
22 E5
05 12
03 F6
0C F1
01 FA
FB F1
1A 17
F5 E7
0B 05
05 EF
0B 0D
E1 FC
F4 E7
04 05
00 00
00 00
00 00
00 00
00 00
00 00
00 00
00 00
00 00
00 00
00 00
00 00
00 00
00 00
12 E5
03 EB
FF FA
EB 22
EC F2
F0 F1
0F D5
03 0E
E5 E9
DD 1C
0F 01
31 05
C5 14
F0 ED
F6 16
EC F3
E7 CF
FE EA
00 00
00 00
00 00
00 00
00 00
00 00
00 00
00 00
00 00
00 00
00 00
00 00
00 00
00 00
00 00
FE 00
00 FF
EC F7
00 00
00 00
FC FA
FE FA
00 00
00 E1
00 F6
00 F3
F8 F0
00 00
FF FE
00 FF
00 00
FD 00
00 00
00 00
00 00
00 00
00 00
00 00
00 00
00 00
00 00
00 00
00 00
00 00
00 00
00 00
FB F7
F3 EB
DD 05
08 FB
FA F1
18 E3
0F 17
20 09
0B 14
D7 FC
FB 0B
EC 11
E8 16
13 EC
DD FD
F3 E6
0E D8
0D EA
00 00
00 00
00 00
00 00
00 00
00 00
00 00
00 00
00 00
00 00
00 00
00 00
00 00
00 00
E5 FA
0E 26
32 04
0E F9
F5 F5
CF 22
CB FB
C3 03
04 D1
05 02
FE F2
C9 EA
ED E6
3A C6
B7 F2
AA 0D
2E 21
1E EB
00 00
00 00
00 00
00 00
00 00
00 00
00 00
00 00
00 00
00 00
00 00
00 00
00 00
00 00
0F 05
FA 06
07 06
07 F8
06 00
19 07
07 07
F5 07
0C 06
06 00
FA 00
06 07
F9 13
07 07
00 FB
F9 0B
F3 07
02 06
F9 06
05 17
07 00
13 06
07 08
DE 07
E9 13
F9 00
F9 00
07 29
03 07
05 12
00 06
04 06
FE 06
0A 07
06 06
06 06
07 00
14 FB
06 05
F2 01
02 FA
F9 00
FA 00
06 06
FA 07
08 16
00 FA
06 07
FA 06
FF 07
06 07
07 04
07 00
13 07
07 06
FA 06
EF 0A
F9 00
FA 00
06 06
03 07
07 07
00 67
FA 07
F8 05
06 00
FA 0E
14 01
0C 00
13 06
07 14
1A 08
08 0E
F9 00
30 00
06 80
F9 13
05 12
00 F8
ED 06
00 00
00 00
00 00
00 00
00 00
00 00
00 00
00 00
00 00
00 00
00 00
00 00
00 00
00 00
00 00
00 00
00 00
00 00
00 00
00 00
00 00
00 00
00 00
00 00
00 00
00 00
00 00
00 00
00 00
00 00
00 00
00 00
00 00
00 00
00 00
00 00
00 00
00 00
00 00
00 00
00 00
00 00
00 00
00 00
00 00
00 00
00 00
00 00
00 00
00 00
00 00
00 00
00 00
00 00
00 00
00 00
00 00
00 00
00 00
00 00
00 00
00 00
00 00
00 00
00 00
00 00
00 00
00 00
00 00
00 00
00 00
00 00
00 00
00 00
00 00
00 00
00 00
00 00
00 00
00 00
00 00
00 00
00 00
00 00
00 00
00 00
00 00
00 00
00 00
00 00
00 00
00 00
00 00
00 00
00 00
00 00
00 00
00 00
00 00
00 00
00 00
00 00
00 00
00 00
00 00
00 00
00 00
00 00
00 00
00 00
00 00
00 00
00 00
00 00
00 00
00 00
00 00
00 00
00 00
00 00
00 00
00 00
00 00
00 00
00 00
00 00
00 00
00 00
00 00
00 00
00 00
00 00
00 00
00 00
00 00
00 00
00 00
00 00
00 00
00 00
00 00
00 00
00 00
00 00
00 00
00 00
00 00
00 00
00 00
00 00
00 00
00 00
00 00
00 00
00 00
00 00
00 00
00 00
00 00
00 00
00 00
00 00
00 00
00 00
00 00
00 00
00 00
00 00
00 00
00 00
00 00
00 00
00 00
00 00
00 00
00 00
00 00
00 00
00 00
00 00
00 00
00 00
00 00
00 00
00 00
00 00
00 00
00 00
00 00
00 00
00 00
00 00
00 00
00 00
00 00
00 00
00 00
00 00
00 00
00 00
00 00
00 00
00 00
00 00
00 00
00 00
00 00
00 00
00 00
00 00
00 00
00 00
00 00
00 00
00 00
00 00
00 00
00 00
00 00
00 00
00 00
00 00
00 00
00 00
00 00
00 00
00 00
00 00
00 00
00 00
00 00
00 00
00 00
00 00
00 00
00 00
00 00
00 00
00 00
00 00
00 00
00 00
00 00
00 00
00 00
00 00
00 00
00 00
00 00
00 00
00 00
00 00
00 00
00 00
00 00
00 00
00 00
00 00
00 00
00 00
00 00
00 00
00 00
00 00
00 00
00 00
00 00
00 00
00 00
00 00
00 00
00 00
00 00
00 00
00 00
00 00
00 00
00 00
00 00
00 00
00 00
00 00
00 00
00 00
00 00
00 00
00 00
00 00
00 00
00 00
00 00
00 00
00 00
00 00
00 00
00 00
00 00
00 00
00 00
00 00
00 00
00 00
00 00
00 00
00 00
00 00
00 00
00 00
00 00
00 00
00 00
00 00
00 00
00 00
00 00
00 00
00 00
00 00
00 00
00 00
00 00
00 00
00 00
00 00
00 00
00 00
00 00
00 00
00 00
00 00
00 00
00 00
00 00
00 00
00 00
00 00
00 00
00 00
00 00
00 00
00 00
00 00
00 00
00 00
00 00
00 00
00 00
00 00
00 00
00 00
00 00
00 00
00 00
00 00
00 00
00 00
00 00
00 00
00 00
00 00
00 00
00 00
00 00
00 00
00 00
00 00
00 00
00 00
00 00
00 00
00 00
00 00
00 00
00 00
00 00
00 00
00 00
00 00
00 00
00 00
00 00
00 00
00 00
00 00
00 00
00 00
00 00
00 00
00 00
00 00
00 00
00 00
00 00
00 00
00 00
00 00
00 00
00 00
00 00
00 00
00 00
00 00
00 00
00 00
00 00
00 00
00 00
00 00
00 00
00 00
00 00
00 00
00 00
00 00
00 00
00 00
00 00
00 00
00 00
00 00
00 00
00 00
00 00
00 00
00 00
00 00
00 00
00 00
00 00
00 00
00 00
00 00
00 00
00 00
00 00
00 00
00 00
00 00
00 00
00 00
00 00
00 00
00 00
00 00
00 00
00 00
00 00
00 00
00 00
00 00
00 00
00 00
00 00
00 00
00 00
00 00
00 00
00 00
00 00
00 00
00 00
00 00
00 00
00 00
00 00
00 00
00 00
00 00
00 00
00 00
00 00
00 00
00 00
00 00
00 00
00 00
00 00
00 00
00 00
00 00
00 00
00 00
00 00
00 00
00 00
00 00
00 00
00 00
00 00
00 00
00 00
00 00
00 00
00 00
00 00
00 00
00 00
00 00
00 00
00 00
00 00
00 00
00 00
00 00
00 00
00 00
00 00
00 00
00 00
00 00
00 00
00 00
00 00
00 00
00 00
00 00
00 00
00 00
00 00
00 00
00 00
00 00
00 00
00 00
00 00
00 00
00 00
00 00
00 00
00 00
00 00
00 00
00 00
00 00
00 00
00 00
00 00
00 00
00 00
00 00
00 00
00 00
00 00
00 00
00 00
00 00
00 00
00 00
00 00
00 00
00 00
00 00
00 00
00 00
00 00
00 00
00 00
00 00
00 00
00 00
00 00
00 00
00 00
00 00
00 00
00 00
00 00
00 00
00 00
00 00
00 00
00 00
00 00
00 00
00 00
00 00
00 00
00 00
00 00
00 00
00 00
00 00
00 00
00 00
00 00
00 00
00 00
00 00
00 00
00 00
00 00
00 00
00 00
00 00
00 00
00 00
00 00
00 00
00 00
00 00
00 00
00 00
00 00
00 00
00 00
00 00
00 00
00 00
00 00
00 00
00 00
00 00
00 00
00 00
00 00
00 00
00 00
00 00
00 00
00 00
00 00
00 00
00 00
00 00
00 00
00 00
00 00
00 00
00 00
00 00
00 00
00 00
00 00
00 00
00 00
00 00
00 00
00 00
00 00
00 00
00 00
00 00
00 00
00 00
00 00
00 00
00 00
00 00
00 00
00 00
00 00
00 00
00 00
00 00
00 00
00 00
00 00
00 00
00 00
00 00
00 00
00 00
00 00
00 00
00 00
00 00
00 00
00 00
00 00
00 00
00 00
00 00
00 00
00 00
00 00
00 00
00 00
00 00
00 00
00 00
00 00
00 00
00 00
00 00
00 00
00 00
00 00
00 00
00 00
00 00
00 00
00 00
00 00
00 00
00 00
00 00
00 00
00 00
00 00
00 00
00 00
00 00
00 00
00 00
00 00
00 00
00 00
00 00
00 00
00 00
00 00
00 00
00 00
00 00
00 00
00 00
00 00
00 00
00 00
00 00
00 00
00 00
00 00
00 00
00 00
00 00
00 00
00 00
00 00
00 00
00 00
00 00
00 00
00 00
00 00
00 00
00 00
00 00
00 00
00 00
00 00
00 00
00 00
00 00
00 00
00 00
00 00
00 00
00 00
00 00
00 00
00 00
00 00
00 00
00 00
00 00
00 00
00 00
00 00
00 00
00 00
00 00
00 00
00 00
00 00
00 00
00 00
00 00
00 00
00 00
00 00
00 00
00 00
00 00
00 00
00 00
00 00
00 00
00 00
00 00
00 00
00 00
00 00
00 00
00 00
00 00
00 00
00 00
00 00
00 00
00 00
00 00
00 00
00 00
00 00
00 00
00 00
00 00
00 00
00 00
00 00
00 00
00 00
00 00
00 00
00 00
00 00
00 00
00 00
00 00
00 00
00 00
00 00
00 00
00 00
00 00
00 00
00 00
00 00
00 00
00 00
00 00
00 00
00 00
00 00
00 00
00 00
00 00
00 00
00 00
00 00
00 00
00 00
00 00
00 00
00 00
00 00
00 00
00 00
00 00
00 00
00 00
00 00
00 00
00 00
00 00
00 00
00 00
00 00
00 00
00 00
00 00
00 00
00 00
00 00
00 00
00 00
00 00
00 00
00 00
00 00
00 00
00 00
00 00
00 00
00 00
00 00
00 00
00 00
00 00
00 00
00 00
00 00
00 00
00 00
00 00
00 00
00 00
00 00
00 00
00 00
00 00
00 00
00 00
00 00
00 00
00 00
00 00
00 00
00 00
00 00
00 00
00 00
00 00
00 00
00 00
00 00
00 00
00 00
00 00
00 00
00 00
00 00
00 00
00 00
00 00
00 00
00 00
00 00
00 00
00 00
00 00
00 00
00 00
00 00
00 00
00 00
00 00
00 00
00 00
00 00
00 00
00 00
00 00
00 00
00 00
00 00
00 00
00 00
00 00
00 00
00 00
00 00
00 00
00 00
00 00
00 00
00 00
00 00
00 00
00 00
00 00
00 00
00 00
0B AE
B0 1A
1D 00
31 FE
0C 9F
E6 00
F0 05
3E 0F
F6 00
D3 F0
EE 2F
23 00
03 36
0E B7
80 00
E4 16
22 05
14 00
2D 45
ED 11
DE 00
0B 07
07 2F
B9 00
CD 2B
06 F9
FE 00
EE 21
F7 D2
E7 00
40 22
D3 D8
C5 00
00 10
17 E3
1D 00
12 EA
1F 4B
34 00
F6 D4
04 D8
E9 00
F7 E8
CF DF
02 00
1B 09
65 68
19 00
00 00
00 00
00 00
00 00
00 00
00 00
00 00
00 00
00 00
00 00
00 00
00 00
00 00
00 00
00 00
00 00
00 00
00 00
00 00
00 00
00 00
00 00
00 00
00 00
00 00
00 00
00 00
00 00
00 00
00 00
00 00
00 00
00 00
00 00
00 00
00 00
00 00
00 00
00 00
00 00
00 00
00 00
00 00
00 00
00 00
00 00
00 00
00 00
00 00
00 00
00 00
00 00
00 00
00 00
00 00
00 00
00 00
00 00
00 00
00 00
00 00
00 00
00 00
00 00
00 00
00 00
00 00
00 00
00 00
00 00
00 00
00 00
00 00
00 00
00 00
00 00
00 00
00 00
00 00
00 00
00 00
00 00
00 00
00 00
00 00
00 00
00 00
00 00
00 00
00 00
00 00
00 00
00 00
00 00
00 00
00 00
00 00
00 00
00 00
00 00
00 00
00 00
00 00
00 00
00 00
00 00
00 00
00 00
00 00
00 00
00 00
00 00
00 00
00 00
00 00
00 00
00 00
00 00
00 00
00 00
00 00
00 00
00 00
00 00
00 00
00 00
00 00
00 00
00 00
00 00
00 00
00 00
00 00
00 00
00 00
00 00
00 00
00 00
00 00
00 00
00 00
00 00
00 00
00 00
00 00
00 00
00 00
00 00
00 00
00 00
00 00
00 00
00 00
00 00
00 00
00 00
00 00
00 00
00 00
00 00
00 00
00 00
00 00
00 00
00 00
00 00
00 00
00 00
00 00
00 00
00 00
00 00
00 00
00 00
00 00
00 00
00 00
00 00
00 00
00 00
00 00
00 00
00 00
00 00
00 00
00 00
00 00
00 00
00 00
00 00
00 00
00 00
00 00
00 00
00 00
00 00
00 00
00 00
00 00
00 00
00 00
00 00
00 00
00 00
00 00
00 00
00 00
00 00
00 00
00 00
00 00
00 00
00 00
00 00
00 00
00 00
00 00
00 00
00 00
00 00
00 00
00 00
00 00
00 00
00 00
00 00
00 00
00 00
00 00
00 00
00 00
00 00
00 00
00 00
00 00
00 00
00 00
00 00
00 00
00 00
00 00
00 00
00 00
00 00
00 00
00 00
00 00
00 00
00 00
00 00
00 00
00 00
00 00
00 00
00 00
00 00
00 00
00 00
00 00
00 00
00 00
00 00
00 00
00 00
00 00
00 00
00 00
00 00
00 00
00 00
00 00
00 00
00 00
00 00
00 00
00 00
00 00
00 00
00 00
00 00
00 00
00 00
00 00
00 00
00 00
00 00
00 00
00 00
00 00
00 00
00 00
00 00
00 00
00 00
00 00
00 00
00 00
00 00
00 00
00 00
00 00
00 00
00 00
00 00
00 00
00 00
00 00
00 00
00 00
00 00
00 00
00 00
00 00
00 00
00 00
00 00
00 00
00 00
00 00
00 00
00 00
00 00
00 00
00 00
00 00
00 00
00 00
00 00
00 00
00 00
00 00
00 00
00 00
00 00
00 00
00 00
00 00
00 00
00 00
00 00
00 00
00 00
00 00
00 00
00 00
00 00
00 00
00 00
00 00
00 00
00 00
00 00
00 00
00 00
00 00
00 00
00 00
00 00
00 00
00 00
00 00
00 00
00 00
00 00
00 00
00 00
00 00
00 00
00 00
00 00
00 00
00 00
00 00
00 00
00 00
00 00
00 00
00 00
00 00
00 00
00 00
00 00
00 00
00 00
00 00
00 00
00 00
00 00
00 00
00 00
00 00
00 00
00 00
00 00
00 00
00 00
00 00
00 00
00 00
00 00
00 00
00 00
00 00
00 00
00 00
00 00
00 00
00 00
00 00
00 00
00 00
00 00
00 00
00 00
00 00
00 00
00 00
00 00
00 00
00 00
00 00
00 00
00 00
00 00
00 00
00 00
00 00
00 00
00 00
00 00
00 00
00 00
00 00
00 00
00 00
00 00
00 00
00 00
00 00
00 00
00 00
00 00
00 00
00 00
00 00
00 00
00 00
00 00
00 00
00 00
00 00
00 00
00 00
00 00
00 00
00 00
00 00
00 00
00 00
00 00
00 00
00 00
00 00
00 00
00 00
00 00
00 00
00 00
00 00
00 00
00 00
00 00
00 00
00 00
00 00
00 00
00 00
00 00
00 00
00 00
00 00
00 00
00 00
00 00
00 00
00 00
00 00
00 00
00 00
00 00
00 00
00 00
00 00
00 00
00 00
00 00
00 00
00 00
00 00
00 00
00 00
00 00
00 00
00 00
00 00
00 00
00 00
00 00
00 00
00 00
00 00
00 00
00 00
00 00
00 00
00 00
00 00
00 00
00 00
00 00
00 00
00 00
00 00
00 00
00 00
00 00
00 00
00 00
00 00
00 00
00 00
00 00
00 00
00 00
00 00
00 00
00 00
00 00
00 00
00 00
00 00
00 00
00 00
00 00
00 00
00 00
00 00
00 00
00 00
00 00
00 00
00 00
00 00
00 00
00 00
00 00
00 00
00 00
00 00
00 00
00 00
00 00
00 00
00 00
00 00
00 00
00 00
00 00
00 00
00 00
00 00
00 00
00 00
00 00
00 00
00 00
00 00
00 00
00 00
00 00
00 00
00 00
00 00
00 00
00 00
00 00
00 00
00 00
00 00
00 00
00 00
00 00
00 00
00 00
00 00
00 00
00 00
00 00
00 00
00 00
00 00
00 00
00 00
00 00
00 00
00 00
00 00
00 00
00 00
00 00
00 00
00 00
00 00
00 00
00 00
00 00
00 00
00 00
00 00
00 00
00 00
00 00
00 00
00 00
00 00
00 00
00 00
00 00
00 00
00 00
00 00
00 00
00 00
00 00
00 00
00 00
00 00
00 00
00 00
00 00
00 00
00 00
00 00
00 00
00 00
00 00
00 00
00 00
00 00
00 00
00 00
00 00
00 00
00 00
00 00
00 00
00 00
00 00
00 00
00 00
00 00
00 00
00 00
00 00
00 00
00 00
00 00
00 00
00 00
00 00
00 00
00 00
00 00
00 00
00 00
00 00
00 00
00 00
00 00
00 00
00 00
00 00
00 00
00 00
00 00
00 00
00 00
00 00
00 00
00 00
00 00
00 00
00 00
00 00
00 00
00 00
00 00
00 00
00 00
00 00
00 00
00 00
00 00
00 00
00 00
00 00
00 00
00 00
00 00
00 00
00 00
00 00
00 00
00 00
00 00
00 00
00 00
00 00
00 00
00 00
00 00
00 00
00 00
00 00
00 00
00 00
00 00
00 00
00 00
00 00
00 00
00 00
00 00
00 00
00 00
00 00
00 00
00 00
00 00
00 00
00 00
00 00
00 00
00 00
00 00
00 00
00 00
00 00
00 00
00 00
00 00
00 00
00 00
00 00
00 00
00 00
00 00
00 00
00 00
00 00
00 00
00 00
00 00
00 00
00 00
00 00
00 00
00 00
00 00
00 00
00 00
00 00
00 00
00 00
00 00
00 00
00 00
00 00
00 00
00 00
00 00
00 00
00 00
00 00
00 00
00 00
00 00
00 00
00 00
00 00
00 00
00 00
00 00
00 00
00 00
00 00
00 00
00 00
00 00
00 00
00 00
00 00
00 00
00 00
00 00
00 00
00 00
00 00
00 00
00 00
00 00
00 00
00 00
00 00
00 00
00 00
00 00
00 00
00 00
00 00
00 00
00 00
00 00
00 00
00 00
00 00
00 00
00 00
00 00
00 00
00 00
00 00
00 00
00 00
00 00
00 00
00 00
00 00
00 00
00 00
00 00
00 00
00 00
00 00
00 00
00 00
00 00
00 00
00 00
00 00
00 00
00 00
00 00
00 00
00 00
00 00
00 00
00 00
00 00
00 00
00 00
00 00
00 00
00 00
00 00
00 00
00 00
00 00
00 00
00 00
00 00
00 00
00 00
00 00
00 00
00 00
00 00
00 00
00 00
00 00
00 00
00 00
00 00
00 00
00 00
00 00
00 00
00 00
00 00
00 00
00 00
00 00
00 00
00 00
00 00
00 00
00 00
00 00
00 00
00 00
00 00
00 00
00 00
00 00
00 00
00 00
00 00
00 00
00 00
00 00
00 00
00 00
00 00
00 00
00 00
00 00
00 00
00 00
00 00
00 00
00 00
00 00
00 00
00 00
00 00
00 00
00 00
00 00
00 00
00 00
00 00
00 00
00 00
00 00
00 00
00 00
00 00
00 00
00 00
00 00
00 00
00 00
00 00
00 00
00 00
00 00
00 00
00 00
00 00
00 00
00 00
00 00
00 00
00 00
00 00
00 00
00 00
00 00
00 00
00 00
00 00
00 00
00 00
00 00
00 00
00 00
00 00
00 00
00 00
00 00
00 00
00 00
00 00
00 00
00 00
00 00
0B 14
F4 AC
E9 00
E0 E0
F0 CC
EB 00
00 08
E3 D8
E2 00
19 FE
12 12
EC 00
40 4A
DB F5
DC 00
D8 B1
24 DE
E3 00
00 1C
07 ED
1D 00
9F AB
FD 0C
11 00
F5 13
16 2F
FF 00
03 DC
02 1E
23 00
F9 EF
F9 34
1D 00
80 80
F1 1D
CA 00
DE EF
06 1D
07 00
2E 40
E3 E7
2B 00
D2 FF
F7 05
FE 00
0D 10
B6 E5
1A 00
00 F4
FE 20
34 00
D5 1F
44 40
24 00
FE 22
B8 47
04 00
03 EC
C7 EF
0C 00
20 19
31 F6
12 00
F9 51
E0 1C
1A 00
F5 F7
04 DD
06 00
0D 42
E0 C0
2A 00
25 FB
EE F9
11 00
03 CC
11 0E
FE 00
F3 08
F9 D0
0B 00
2E 57
DA FD
12 00
15 E6
D0 D1
E4 00
34 00
04 0A
FC 00
FB F7
F7 E9
15 00
F5 4B
DF C0
29 00
ED 26
13 01
DC 00
D6 FA
FB 0C
CF 00
EA FA
12 FB
06 00
06 13
2E 06
FD 00
FE F8
FD 20
DE 00
E8 F2
FA EF
E2 00
FC 1F
0B F7
07 00
24 F4
12 1A
04 00
E0 E4
07 ED
C2 00
F6 1A
29 2D
06 00
26 20
FA FA
DB 00
07 02
28 FC
E6 00
19 09
00 FC
F5 00
F5 F1
26 1A
F0 00
11 02
0A E8
04 00
12 F2
4A CC
D6 00
E1 0E
D8 C4
1A 00
DE CD
E6 BE
D3 00
FC 12
17 FF
EB 00
FB 02
F1 E2
05 00
56 4A
35 51
3E 00
B8 EC
E7 E9
28 00
19 16
C4 F8
23 00
EE 2E
12 F6
FB 00
23 06
F7 FC
28 00
F3 06
05 04
19 00
D8 CC
C1 E3
D9 00
FE E1
2D 27
1B 00
FF F1
14 DC
D7 00
27 5A
10 45
F5 00
C0 D8
06 07
E5 00
E9 E7
4B 7A
16 00
00 00
00 00
00 00
00 00
00 00
00 00
00 00
00 00
00 00
00 00
00 00
00 00
00 00
00 00
00 00
00 00
00 00
00 00
00 00
00 00
00 00
00 00
00 00
00 00
00 00
00 00
00 00
00 00
00 00
00 00
00 00
00 00
00 00
00 00
00 00
00 00
00 00
00 00
00 00
00 00
00 00
00 00
00 00
00 00
00 00
00 00
00 00
00 00
00 00
00 00
00 00
00 00
00 00
00 00
00 00
00 00
00 00
00 00
00 00
00 00
00 00
00 00
00 00
00 00
00 00
00 00
00 00
00 00
00 00
00 00
00 00
00 00
00 00
00 00
00 00
00 00
00 00
00 00
00 00
00 00
00 00
00 00
00 00
00 00
00 00
00 00
00 00
00 00
00 00
00 00
00 00
00 00
00 00
00 00
00 00
00 00
00 00
00 00
00 00
00 00
00 00
00 00
00 00
00 00
00 00
00 00
00 00
00 00
00 00
00 00
00 00
00 00
00 00
00 00
00 00
00 00
00 00
00 00
00 00
00 00
00 00
00 00
00 00
00 00
00 00
00 00
00 00
00 00
00 00
00 00
00 00
00 00
00 00
00 00
00 00
00 00
00 00
00 00
00 00
00 00
00 00
00 00
00 00
00 00
00 00
00 00
00 00
00 00
00 00
00 00
00 00
00 00
00 00
00 00
00 00
00 00
00 00
00 00
00 00
00 00
00 00
00 00
00 00
00 00
00 00
00 00
00 00
00 00
00 00
00 00
00 00
00 00
00 00
00 00
00 00
00 00
00 00
00 00
00 00
00 00
00 00
00 00
00 00
00 00
00 00
00 00
00 00
00 00
00 00
00 00
00 00
00 00
00 00
00 00
00 00
00 00
00 00
00 00
00 00
00 00
00 00
00 00
00 00
00 00
00 00
00 00
00 00
00 00
00 00
00 00
00 00
00 00
00 00
00 00
00 00
00 00
00 00
00 00
00 00
00 00
00 00
00 00
00 00
00 00
00 00
00 00
00 00
00 00
00 00
00 00
00 00
00 00
00 00
00 00
00 00
00 00
00 00
00 00
00 00
00 00
00 00
00 00
00 00
00 00
00 00
00 00
00 00
00 00
00 00
00 00
00 00
00 00
00 00
00 00
00 00
00 00
00 00
00 00
00 00
00 00
00 00
00 00
00 00
00 00
00 00
00 00
00 00
00 00
00 00
00 00
00 00
00 00
00 00
00 00
00 00
00 00
00 00
00 00
00 00
00 00
00 00
00 00
00 00
00 00
00 00
00 00
00 00
00 00
00 00
00 00
00 00
00 00
00 00
00 00
00 00
00 00
00 00
00 00
00 00
00 00
00 00
00 00
00 00
00 00
00 00
00 00
00 00
00 00
00 00
00 00
00 00
00 00
00 00
00 00
00 00
00 00
00 00
00 00
00 00
00 00
00 00
00 00
00 00
00 00
00 00
00 00
00 00
00 00
00 00
00 00
00 00
00 00
00 00
00 00
00 00
00 00
00 00
00 00
00 00
00 00
00 00
00 00
00 00
00 00
00 00
00 00
00 00
00 00
00 00
00 00
00 00
00 00
00 00
00 00
00 00
00 00
00 00
00 00
00 00
00 00
00 00
00 00
00 00
00 00
00 00
00 00
00 00
00 00
00 00
00 00
00 00
00 00
00 00
00 00
00 00
00 00
00 00
00 00
00 00
00 00
00 00
00 00
00 00
00 00
00 00
00 00
00 00
00 00
00 00
00 00
00 00
00 00
00 00
00 00
00 00
00 00
00 00
00 00
00 00
00 00
00 00
00 00
00 00
00 00
00 00
00 00
00 00
00 00
00 00
00 00
00 00
00 00
00 00
00 00
00 00
00 00
00 00
00 00
00 00
00 00
00 00
00 00
00 00
00 00
00 00
00 00
00 00
00 00
00 00
00 00
00 00
00 00
00 00
00 00
00 00
00 00
00 00
00 00
00 00
00 00
00 00
00 00
00 00
00 00
00 00
00 00
00 00
00 00
00 00
00 00
00 00
00 00
00 00
00 00
00 00
00 00
00 00
00 00
00 00
00 00
00 00
00 00
00 00
00 00
00 00
00 00
00 00
00 00
00 00
00 00
00 00
00 00
00 00
00 00
00 00
00 00
00 00
00 00
00 00
00 00
00 00
00 00
00 00
00 00
00 00
00 00
00 00
00 00
00 00
00 00
00 00
00 00
00 00
00 00
00 00
00 00
00 00
00 00
00 00
00 00
00 00
00 00
00 00
00 00
00 00
00 00
00 00
00 00
00 00
00 00
00 00
00 00
00 00
00 00
00 00
00 00
00 00
00 00
00 00
00 00
00 00
00 00
00 00
00 00
00 00
00 00
00 00
00 00
00 00
00 00
00 00
00 00
00 00
00 00
00 00
00 00
00 00
00 00
00 00
00 00
00 00
00 00
00 00
00 00
00 00
00 00
00 00
00 00
00 00
00 00
00 00
00 00
00 00
00 00
00 00
00 00
00 00
00 00
00 00
00 00
00 00
00 00
00 00
00 00
00 00
00 00
00 00
00 00
00 00
00 00
00 00
00 00
00 00
00 00
00 00
00 00
00 00
00 00
00 00
00 00
00 00
00 00
00 00
00 00
00 00
00 00
00 00
00 00
00 00
00 00
00 00
00 00
00 00
00 00
00 00
00 00
00 00
00 00
00 00
00 00
00 00
00 00
00 00
00 00
00 00
00 00
00 00
00 00
00 00
00 00
00 00
00 00
00 00
00 00
00 00
00 00
00 00
00 00
00 00
00 00
00 00
00 00
00 00
00 00
00 00
00 00
00 00
00 00
00 00
00 00
00 00
00 00
00 00
00 00
00 00
00 00
00 00
00 00
00 00
00 00
00 00
00 00
00 00
00 00
00 00
00 00
00 00
00 00
00 00
00 00
00 00
00 00
00 00
00 00
00 00
00 00
00 00
00 00
00 00
00 00
00 00
00 00
00 00
00 00
00 00
00 00
00 00
00 00
00 00
00 00
00 00
00 00
00 00
00 00
00 00
00 00
00 00
00 00
00 00
00 00
00 00
00 00
00 00
00 00
00 00
00 00
00 00
00 00
00 00
00 00
00 00
00 00
00 00
00 00
00 00
00 00
00 00
00 00
00 00
00 00
00 00
00 00
00 00
00 00
00 00
00 00
00 00
00 00
00 00
00 00
00 00
00 00
00 00
00 00
00 00
00 00
00 00
00 00
00 00
00 00
00 00
00 00
00 00
00 00
00 00
00 00
00 00
00 00
00 00
00 00
00 00
00 00
00 00
00 00
00 00
00 00
00 00
00 00
00 00
00 00
00 00
00 00
00 00
00 00
00 00
00 00
00 00
00 00
00 00
00 00
00 00
00 00
00 00
00 00
00 00
00 00
00 00
00 00
00 00
00 00
00 00
00 00
00 00
00 00
00 00
00 00
00 00
00 00
00 00
00 00
00 00
00 00
00 00
00 00
00 00
00 00
00 00
00 00
00 00
00 00
00 00
00 00
00 00
00 00
00 00
00 00
00 00
00 00
00 00
00 00
00 00
00 00
00 00
00 00
00 00
00 00
00 00
00 00
00 00
00 00
00 00
00 00
00 00
00 00
00 00
00 00
00 00
00 00
00 00
00 00
00 00
00 00
00 00
00 00
00 00
00 00
00 00
00 00
00 00
00 00
00 00
00 00
00 00
00 00
00 00
00 00
00 00
00 00
00 00
00 00
00 00
00 00
0B C9
FA F3
16 14
F2 17
FB FC
23 FD
1E E5
28 05
0E 26
FE F0
EA 0B
09 05
FB 07
E4 01
F5 DD
12 FE
EB FD
FB 0B
00 00
00 00
00 00
00 00
00 00
00 00
00 00
00 00
00 00
00 00
00 00
00 00
00 00
00 00
1A 0C
EA E2
0D 07
EB 0D
ED 05
E5 18
F5 E2
FC FC
0B FD
09 E1
B9 F0
16 F7
15 F6
0C ED
D4 09
F4 FC
11 02
FB 13
00 00
00 00
00 00
00 00
00 00
00 00
00 00
00 00
00 00
00 00
00 00
00 00
00 00
00 00
2B 35
0B 03
CC 09
F6 15
EE E7
FB 0E
E9 07
08 0D
C6 0A
07 F7
F4 D7
08 D0
23 CC
F2 12
DB 29
31 0D
E0 FD
FD 1E
00 00
00 00
00 00
00 00
00 00
00 00
00 00
00 00
00 00
00 00
00 00
00 00
00 00
00 00
11 FE
F8 EF
FF 16
02 F4
14 F8
E9 F0
02 FE
0E EF
14 D8
F7 F3
1C DD
0D FA
07 E1
08 0C
01 0B
04 05
0B 12
15 F5
00 00
00 00
00 00
00 00
00 00
00 00
00 00
00 00
00 00
00 00
00 00
00 00
00 00
00 00
FA E4
E7 F1
FD 0D
FB 17
FF E8
03 E9
02 FF
07 EA
EE 09
0E FC
F1 0D
FF 23
0D E8
07 EA
F8 04
E9 F1
0E E6
20 0E
00 00
00 00
00 00
00 00
00 00
00 00
00 00
00 00
00 00
00 00
00 00
00 00
00 00
00 00
F2 E8
F2 DA
08 EE
FD 1E
03 E8
F9 0D
15 FD
E4 DD
FD 1E
EE 17
EF 16
0D F4
01 F6
0C FB
03 26
F0 E9
03 EB
F3 0B
00 00
00 00
00 00
00 00
00 00
00 00
00 00
00 00
00 00
00 00
00 00
00 00
00 00
00 00
F2 F4
01 EF
F5 08
05 07
FE EA
EA 16
FC 1E
0E 17
13 F4
1D F4
07 EF
04 04
E7 F0
06 FC
FF 1A
09 F7
F3 17
F6 02
00 00
00 00
00 00
00 00
00 00
00 00
00 00
00 00
00 00
00 00
00 00
00 00
00 00
00 00
F2 F1
F0 EF
06 07
EC 0B
03 19
D7 F5
FE 0E
06 16
FE F6
05 F1
E9 05
FA FB
FB FF
FC F5
C4 F6
2B 1C
10 E4
13 E6
00 00
00 00
00 00
00 00
00 00
00 00
00 00
00 00
00 00
00 00
00 00
00 00
00 00
00 00
05 EA
04 FD
0C 04
F3 15
F1 FF
EE 10
02 09
00 18
03 14
DF E4
FA 0D
09 E6
09 ED
D3 E1
17 02
FF ED
EA 09
01 E7
00 00
00 00
00 00
00 00
00 00
00 00
00 00
00 00
00 00
00 00
00 00
00 00
00 00
00 00
00 00
00 00
FF 00
00 00
00 00
00 00
00 00
00 00
00 00
00 00
00 00
00 FC
00 00
00 00
00 00
00 00
00 00
00 00
00 00
00 00
00 00
00 00
00 00
00 00
00 00
00 00
00 00
00 00
00 00
00 00
00 00
00 00
04 EC
F5 00
F3 12
FA 04
F4 0D
F9 F2
0B 04
FC 0D
14 EF
FA FF
F9 F0
00 04
14 0D
F4 F1
EF 0A
E5 23
F3 09
0E F2
00 00
00 00
00 00
00 00
00 00
00 00
00 00
00 00
00 00
00 00
00 00
00 00
00 00
00 00
17 F7
FB 36
31 F3
FF DF
02 F0
FC 29
F2 0C
F7 05
1F 17
DD 05
06 EA
17 17
02 E8
E9 EE
B6 0A
32 05
08 00
F4 DE
00 00
00 00
00 00
00 00
00 00
00 00
00 00
00 00
00 00
00 00
00 00
00 00
00 00
00 00
FE 13
13 E3
FB FD
0B FD
F8 FC
F7 EF
F8 02
17 FA
06 1C
04 F6
EC F1
F4 33
EF 11
FE EF
F1 02
09 F6
FC 20
FF FE
00 00
00 00
00 00
00 00
00 00
00 00
00 00
00 00
00 00
00 00
00 00
00 00
00 00
00 00
E7 D5
FE E9
F4 EA
EC 03
0C F3
0D 04
06 05
11 07
F2 2A
D6 20
FF 07
0F 0C
EB FE
16 FE
28 21
0B E8
1A EB
FA 01
00 00
00 00
00 00
00 00
00 00
00 00
00 00
00 00
00 00
00 00
00 00
00 00
00 00
00 00
EF F9
FB F4
F3 C5
D7 EA
CB E6
CD C1
0D CB
E1 D1
C5 BF
F7 E5
EF C0
DE C5
C5 FF
EC F9
F6 EB
FA BF
D3 C2
E0 BB
00 00
00 00
00 00
00 00
00 00
00 00
00 00
00 00
00 00
00 00
00 00
00 00
00 00
00 00
04 D8
FE EC
E2 0E
EF 01
0D 0F
FC 09
FB 07
0E 0C
F7 FE
01 F3
E4 0F
02 F0
0F 05
0F EB
26 FB
EB 07
08 16
09 0F
00 00
00 00
00 00
00 00
00 00
00 00
00 00
00 00
00 00
00 00
00 00
00 00
00 00
00 00
F8 0B
FE E3
F3 EB
0B 13
0F FF
00 02
04 F7
EE 03
10 10
00 06
04 E7
EF E0
09 09
14 F8
F5 FE
E6 F8
00 09
04 FB
00 00
00 00
00 00
00 00
00 00
00 00
00 00
00 00
00 00
00 00
00 00
00 00
00 00
00 00
01 FB
04 EF
F2 E7
08 04
FB 0A
EC 21
08 FD
F0 0E
FE EF
E2 F0
F3 FA
05 04
13 11
04 FB
01 20
EB 05
09 1E
14 FC
00 00
00 00
00 00
00 00
00 00
00 00
00 00
00 00
00 00
00 00
00 00
00 00
00 00
00 00
A4 80
E8 08
16 08
2B 31
E0 1D
FB E1
03 EB
A0 EE
E3 03
B2 1F
04 F8
C8 FF
F2 FD
E8 E7
E6 FD
FD D4
02 D5
08 FA
00 00
00 00
00 00
00 00
00 00
00 00
00 00
00 00
00 00
00 00
00 00
00 00
00 00
00 00
00 00
00 00
FE 00
FE 00
00 00
00 00
00 00
00 00
00 00
00 00
00 FF
00 E8
00 00
00 00
00 00
00 00
FF 00
00 00
00 00
00 00
00 00
00 00
00 00
00 00
00 00
00 00
00 00
00 00
00 00
00 00
00 00
00 00
EE 11
04 DE
D7 F5
FD 20
01 E6
F4 E0
14 DE
E9 F5
EB 17
FA E5
0E 0D
0B 22
F4 E5
01 E9
13 EA
E6 F3
F8 E8
EC 03
00 00
00 00
00 00
00 00
00 00
00 00
00 00
00 00
00 00
00 00
00 00
00 00
00 00
00 00
00 00
00 00
EE F4
F0 FF
FF FF
00 FE
FF FF
00 FD
FD EB
00 FE
00 FA
FC E4
F9 FC
00 00
00 F6
00 00
F6 FC
FE FB
00 00
00 00
00 00
00 00
00 00
00 00
00 00
00 00
00 00
00 00
00 00
00 00
00 00
00 00
DC 11
DE 0E
C8 FA
07 E0
F1 F7
F9 06
EA 0C
E4 09
D0 0E
CF EE
09 0F
04 F8
06 F6
08 0C
DC E6
FA 0E
06 0E
28 FB
00 00
00 00
00 00
00 00
00 00
00 00
00 00
00 00
00 00
00 00
00 00
00 00
00 00
00 00
EE E0
15 1D
6C B3
B8 EF
17 52
FE 80
81 0A
E0 7F
80 80
B3 09
F1 13
A6 DA
BA 1A
A0 61
C0 BE
0F C4
CF 8E
80 01
00 00
00 00
00 00
00 00
00 00
00 00
00 00
00 00
00 00
00 00
00 00
00 00
00 00
00 00
03 D9
F3 03
0D F3
10 FB
01 FA
E5 FB
F7 FF
00 08
FD F3
06 ED
F6 E8
FD EC
F5 FD
FB F4
DA E8
1A 34
0F FE
EC 17
00 00
00 00
00 00
00 00
00 00
00 00
00 00
00 00
00 00
00 00
00 00
00 00
00 00
00 00
00 D2
F6 0B
FC 01
27 12
DC 16
E0 FA
16 0D
FA F3
F2 FF
0E F2
EE 02
19 13
03 EC
05 E3
F2 08
02 06
FC 0F
25 00
00 00
00 00
00 00
00 00
00 00
00 00
00 00
00 00
00 00
00 00
00 00
00 00
00 00
00 00
F6 FC
EC F0
D1 C7
C6 EB
D5 EC
DC C0
EB C8
DB D8
99 9B
E7 E7
EA D8
96 99
BF DA
EE FF
F7 80
FA C9
BF B6
B6 AD
00 00
00 00
00 00
00 00
00 00
00 00
00 00
00 00
00 00
00 00
00 00
00 00
00 00
00 00
20 03
08 08
D0 01
0D 16
07 F7
15 F2
F0 17
FC F4
0B FB
0B F3
F2 03
0B 00
1A 0B
EA 0B
E2 EF
FC FB
E1 0B
12 FB
00 00
00 00
00 00
00 00
00 00
00 00
00 00
00 00
00 00
00 00
00 00
00 00
00 00
00 00
AA D3
04 2B
04 07
EE DC
1D 1C
21 06
E4 03
B2 C3
FF 0D
DF 05
17 F7
B1 00
11 0F
15 F9
D5 FA
06 2D
CF 21
EC FA
00 00
00 00
00 00
00 00
00 00
00 00
00 00
00 00
00 00
00 00
00 00
00 00
00 00
00 00
CA 00
E0 02
E0 CF
20 16
15 0C
0E F6
FE CA
D4 EE
E9 F1
FF F3
28 E0
DF EC
20 FC
0D F4
5F F0
DA CF
F7 24
23 06
00 00
00 00
00 00
00 00
00 00
00 00
00 00
00 00
00 00
00 00
00 00
00 00
00 00
00 00
F2 10
80 45
94 A7
B5 E4
8D F2
9A C6
20 E6
80 51
B4 AD
EA 1C
AB EA
14 A6
CB F0
B9 1B
CD 9C
F0 13
C5 F0
1F 30
00 00
00 00
00 00
00 00
00 00
00 00
00 00
00 00
00 00
00 00
00 00
00 00
00 00
00 00
FB F3
EA 0D
E9 FC
EB 24
F7 13
17 F3
EF 0D
F3 16
19 11
F4 EE
0F F6
0D 00
09 EA
09 EF
F0 0D
F0 FE
F2 F3
05 10
00 00
00 00
00 00
00 00
00 00
00 00
00 00
00 00
00 00
00 00
00 00
00 00
00 00
00 00
EF 7F
FB 06
06 FC
06 12
06 03
04 F9
15 08
20 F5
06 13
F9 06
03 04
04 06
08 07
04 FC
03 0C
06 07
FA 06
EB 20
06 13
6F 13
FA 06
F4 05
13 0D
2D 06
06 06
06 FA
FC 05
07 FA
07 07
0E F2
EC 05
FA 0F
FA 08
14 07
06 FB
FA 06
FA 06
06 01
19 06
2D FC
05 07
13 F9
FA 03
13 2A
06 FC
E6 13
06 13
F9 E3
FA 0D
FC 09
F9 04
05 09
EC 13
06 07
1B 13
24 FD
06 08
05 07
06 F9
07 F8
06 07
EE DF
FB 05
07 05
FA 06
06 06
05 06
03 13
56 07
06 06
1E 0F
2D 09
06 06
06 01
07 07
06 FF
06 FC
EB F5
F9 D3
06 FD
00 00
00 00
00 00
00 00
00 00
00 00
00 00
00 00
00 00
00 00
00 00
00 00
00 00
00 00
00 00
00 00
00 00
00 00
00 00
00 00
00 00
00 00
00 00
00 00
00 00
00 00
00 00
00 00
00 00
00 00
00 00
00 00
00 00
00 00
00 00
00 00
00 00
00 00
00 00
00 00
00 00
00 00
00 00
00 00
00 00
00 00
00 00
00 00
00 00
00 00
00 00
00 00
00 00
00 00
00 00
00 00
00 00
00 00
00 00
00 00
00 00
00 00
00 00
00 00
00 00
00 00
00 00
00 00
00 00
00 00
00 00
00 00
00 00
00 00
00 00
00 00
00 00
00 00
00 00
00 00
00 00
00 00
00 00
00 00
00 00
00 00
00 00
00 00
00 00
00 00
00 00
00 00
00 00
00 00
00 00
00 00
00 00
00 00
00 00
00 00
00 00
00 00
00 00
00 00
00 00
00 00
00 00
00 00
00 00
00 00
00 00
00 00
00 00
00 00
00 00
00 00
00 00
00 00
00 00
00 00
00 00
00 00
00 00
00 00
00 00
00 00
00 00
00 00
00 00
00 00
00 00
00 00
00 00
00 00
00 00
00 00
00 00
00 00
00 00
00 00
00 00
00 00
00 00
00 00
00 00
00 00
00 00
00 00
00 00
00 00
00 00
00 00
00 00
00 00
00 00
00 00
00 00
00 00
00 00
00 00
00 00
00 00
00 00
00 00
00 00
00 00
00 00
00 00
00 00
00 00
00 00
00 00
00 00
00 00
00 00
00 00
00 00
00 00
00 00
00 00
00 00
00 00
00 00
00 00
00 00
00 00
00 00
00 00
00 00
00 00
00 00
00 00
00 00
00 00
00 00
00 00
00 00
00 00
00 00
00 00
00 00
00 00
00 00
00 00
00 00
00 00
00 00
00 00
00 00
00 00
00 00
00 00
00 00
00 00
00 00
00 00
00 00
00 00
00 00
00 00
00 00
00 00
00 00
00 00
00 00
00 00
00 00
00 00
00 00
00 00
00 00
00 00
00 00
00 00
00 00
00 00
00 00
00 00
00 00
00 00
00 00
00 00
00 00
00 00
00 00
00 00
00 00
00 00
00 00
00 00
00 00
00 00
00 00
00 00
00 00
00 00
00 00
00 00
00 00
00 00
00 00
00 00
00 00
00 00
00 00
00 00
00 00
00 00
00 00
00 00
00 00
00 00
00 00
00 00
00 00
00 00
00 00
00 00
00 00
00 00
00 00
00 00
00 00
00 00
00 00
00 00
00 00
00 00
00 00
00 00
00 00
00 00
00 00
00 00
00 00
00 00
00 00
00 00
00 00
00 00
00 00
00 00
00 00
00 00
00 00
00 00
00 00
00 00
00 00
00 00
00 00
00 00
00 00
00 00
00 00
00 00
00 00
00 00
00 00
00 00
00 00
00 00
00 00
00 00
00 00
00 00
00 00
00 00
00 00
00 00
00 00
00 00
00 00
00 00
00 00
00 00
00 00
00 00
00 00
00 00
00 00
00 00
00 00
00 00
00 00
00 00
00 00
00 00
00 00
00 00
00 00
00 00
00 00
00 00
00 00
00 00
00 00
00 00
00 00
00 00
00 00
00 00
00 00
00 00
00 00
00 00
00 00
00 00
00 00
00 00
00 00
00 00
00 00
00 00
00 00
00 00
00 00
00 00
00 00
00 00
00 00
00 00
00 00
00 00
00 00
00 00
00 00
00 00
00 00
00 00
00 00
00 00
00 00
00 00
00 00
00 00
00 00
00 00
00 00
00 00
00 00
00 00
00 00
00 00
00 00
00 00
00 00
00 00
00 00
00 00
00 00
00 00
00 00
00 00
00 00
00 00
00 00
00 00
00 00
00 00
00 00
00 00
00 00
00 00
00 00
00 00
00 00
00 00
00 00
00 00
00 00
00 00
00 00
00 00
00 00
00 00
00 00
00 00
00 00
00 00
00 00
00 00
00 00
00 00
00 00
00 00
00 00
00 00
00 00
00 00
00 00
00 00
00 00
00 00
00 00
00 00
00 00
00 00
00 00
00 00
00 00
00 00
00 00
00 00
00 00
00 00
00 00
00 00
00 00
00 00
00 00
00 00
00 00
00 00
00 00
00 00
00 00
00 00
00 00
00 00
00 00
00 00
00 00
00 00
00 00
00 00
00 00
00 00
00 00
00 00
00 00
00 00
00 00
00 00
00 00
00 00
00 00
00 00
00 00
00 00
00 00
00 00
00 00
00 00
00 00
00 00
00 00
00 00
00 00
00 00
00 00
00 00
00 00
00 00
00 00
00 00
00 00
00 00
00 00
00 00
00 00
00 00
00 00
00 00
00 00
00 00
00 00
00 00
00 00
00 00
00 00
00 00
00 00
00 00
00 00
00 00
00 00
00 00
00 00
00 00
00 00
00 00
00 00
00 00
00 00
00 00
00 00
00 00
00 00
00 00
00 00
00 00
00 00
00 00
00 00
00 00
00 00
00 00
00 00
00 00
00 00
00 00
00 00
00 00
00 00
00 00
00 00
00 00
00 00
00 00
00 00
00 00
00 00
00 00
00 00
00 00
00 00
00 00
00 00
00 00
00 00
00 00
00 00
00 00
00 00
00 00
00 00
00 00
00 00
00 00
00 00
00 00
00 00
00 00
00 00
00 00
00 00
00 00
00 00
00 00
00 00
00 00
00 00
00 00
00 00
00 00
00 00
00 00
00 00
00 00
00 00
00 00
00 00
00 00
00 00
00 00
00 00
00 00
00 00
00 00
00 00
00 00
00 00
00 00
00 00
00 00
00 00
00 00
00 00
00 00
00 00
00 00
00 00
00 00
00 00
00 00
00 00
00 00
00 00
00 00
00 00
00 00
00 00
00 00
00 00
00 00
00 00
00 00
00 00
00 00
00 00
00 00
00 00
00 00
00 00
00 00
00 00
00 00
00 00
00 00
00 00
00 00
00 00
00 00
00 00
00 00
00 00
00 00
00 00
00 00
00 00
00 00
00 00
00 00
00 00
00 00
00 00
00 00
00 00
00 00
00 00
00 00
00 00
00 00
00 00
00 00
00 00
00 00
00 00
00 00
00 00
00 00
00 00
00 00
00 00
00 00
00 00
00 00
00 00
00 00
00 00
00 00
00 00
00 00
00 00
00 00
00 00
00 00
00 00
00 00
00 00
00 00
00 00
00 00
00 00
00 00
00 00
00 00
00 00
00 00
00 00
00 00
00 00
00 00
00 00
00 00
00 00
00 00
00 00
00 00
00 00
00 00
00 00
00 00
00 00
00 00
00 00
00 00
00 00
00 00
00 00
00 00
00 00
00 00
00 00
00 00
00 00
00 00
00 00
00 00
00 00
00 00
00 00
00 00
00 00
00 00
00 00
00 00
00 00
00 00
00 00
00 00
00 00
00 00
00 00
00 00
00 00
00 00
00 00
00 00
00 00
00 00
00 00
00 00
00 00
00 00
00 00
00 00
00 00
00 00
00 00
00 00
00 00
00 00
00 00
00 00
00 00
00 00
00 00
00 00
00 00
00 00
00 00
00 00
00 00
00 00
00 00
00 00
00 00
00 00
00 00
00 00
00 00
00 00
00 00
00 00
00 00
00 00
00 00
00 00
00 00
00 00
00 00
00 00
00 00
00 00
00 00
00 00
00 00
00 00
00 00
00 00
00 00
00 00
00 00
00 00
00 00
00 00
00 00
00 00
00 00
00 00
00 00
00 00
00 00
00 00
00 00
00 00
00 00
00 00
00 00
00 00
00 00
00 00
00 00
00 00
00 00
00 00
00 00
00 00
00 00
00 00
00 00
00 00
00 00
00 00
00 00
00 00
00 00
00 00
00 00
00 00
00 00
00 00
00 00
00 00
00 00
00 00
00 00
00 00
00 00
00 00
00 00
00 00
00 00
00 00
00 00
00 00
00 00
00 00
00 00
00 00
00 00
00 00
00 00
00 00
00 00
00 00
00 00
00 00
00 00
00 00
00 00
00 00
00 00
00 00
00 00
00 00
00 00
00 00
00 00
00 00
00 00
00 00
00 00
00 00
00 00
00 00
00 00
00 00
00 00
00 00
00 00
00 00
00 00
00 00
00 00
00 00
00 00
00 00
00 00
00 00
00 00
00 00
00 00
00 00
00 00
00 00
00 00
00 00
00 00
00 00
00 00
00 00
00 00
00 00
00 00
00 00
00 00
00 00
00 00
00 00
00 00
00 00
3C 0D
CD 0B
00 00
CF 10
0B BF
00 00
05 43
FF D9
00 00
17 03
09 27
00 00
07 14
28 10
00 00
0F D3
D3 F6
00 00
F9 38
ED B2
00 00
23 24
D5 EC
00 00
2E D7
2C 29
00 00
0A DE
1B 06
00 00
38 08
A9 B9
00 00
0F 46
F2 CC
00 00
D3 44
00 12
00 00
B6 06
0C F4
00 00
09 85
F1 C4
00 00
F3 0F
AD E7
00 00
00 00
00 00
00 00
00 00
00 00
00 00
00 00
00 00
00 00
00 00
00 00
00 00
00 00
00 00
00 00
00 00
00 00
00 00
00 00
00 00
00 00
00 00
00 00
00 00
00 00
00 00
00 00
00 00
00 00
00 00
00 00
00 00
00 00
00 00
00 00
00 00
00 00
00 00
00 00
00 00
00 00
00 00
00 00
00 00
00 00
00 00
00 00
00 00
00 00
00 00
00 00
00 00
00 00
00 00
00 00
00 00
00 00
00 00
00 00
00 00
00 00
00 00
00 00
00 00
00 00
00 00
00 00
00 00
00 00
00 00
00 00
00 00
00 00
00 00
00 00
00 00
00 00
00 00
00 00
00 00
00 00
00 00
00 00
00 00
00 00
00 00
00 00
00 00
00 00
00 00
00 00
00 00
00 00
00 00
00 00
00 00
00 00
00 00
00 00
00 00
00 00
00 00
00 00
00 00
00 00
00 00
00 00
00 00
00 00
00 00
00 00
00 00
00 00
00 00
00 00
00 00
00 00
00 00
00 00
00 00
00 00
00 00
00 00
00 00
00 00
00 00
00 00
00 00
00 00
00 00
00 00
00 00
00 00
00 00
00 00
00 00
00 00
00 00
00 00
00 00
00 00
00 00
00 00
00 00
00 00
00 00
00 00
00 00
00 00
00 00
00 00
00 00
00 00
00 00
00 00
00 00
00 00
00 00
00 00
00 00
00 00
00 00
00 00
00 00
00 00
00 00
00 00
00 00
00 00
00 00
00 00
00 00
00 00
00 00
00 00
00 00
00 00
00 00
00 00
00 00
00 00
00 00
00 00
00 00
00 00
00 00
00 00
00 00
00 00
00 00
00 00
00 00
00 00
00 00
00 00
00 00
00 00
00 00
00 00
00 00
00 00
00 00
00 00
00 00
00 00
00 00
00 00
00 00
00 00
00 00
00 00
00 00
00 00
00 00
00 00
00 00
00 00
00 00
00 00
00 00
00 00
00 00
00 00
00 00
00 00
00 00
00 00
00 00
00 00
00 00
00 00
00 00
00 00
00 00
00 00
00 00
00 00
00 00
00 00
00 00
00 00
00 00
00 00
00 00
00 00
00 00
00 00
00 00
00 00
00 00
00 00
00 00
00 00
00 00
00 00
00 00
00 00
00 00
00 00
00 00
00 00
00 00
00 00
00 00
00 00
00 00
00 00
00 00
00 00
00 00
00 00
00 00
00 00
00 00
00 00
00 00
00 00
00 00
00 00
00 00
00 00
00 00
00 00
00 00
00 00
00 00
00 00
00 00
00 00
00 00
00 00
00 00
00 00
00 00
00 00
00 00
00 00
00 00
00 00
00 00
00 00
00 00
00 00
00 00
00 00
00 00
00 00
00 00
00 00
00 00
00 00
00 00
00 00
00 00
00 00
00 00
00 00
00 00
00 00
00 00
00 00
00 00
00 00
00 00
00 00
00 00
00 00
00 00
00 00
00 00
00 00
00 00
00 00
00 00
00 00
00 00
00 00
00 00
00 00
00 00
00 00
00 00
00 00
00 00
00 00
00 00
00 00
00 00
00 00
00 00
00 00
00 00
00 00
00 00
00 00
00 00
00 00
00 00
00 00
00 00
00 00
00 00
00 00
00 00
00 00
00 00
00 00
00 00
00 00
00 00
00 00
00 00
00 00
00 00
00 00
00 00
00 00
00 00
00 00
00 00
00 00
00 00
00 00
00 00
00 00
00 00
00 00
00 00
00 00
00 00
00 00
00 00
00 00
00 00
00 00
00 00
00 00
00 00
00 00
00 00
00 00
00 00
00 00
00 00
00 00
00 00
00 00
00 00
00 00
00 00
00 00
00 00
00 00
00 00
00 00
00 00
00 00
00 00
00 00
00 00
00 00
00 00
00 00
00 00
00 00
00 00
00 00
00 00
00 00
00 00
00 00
00 00
00 00
00 00
00 00
00 00
00 00
00 00
00 00
00 00
00 00
00 00
00 00
00 00
00 00
00 00
00 00
00 00
00 00
00 00
00 00
00 00
00 00
00 00
00 00
00 00
00 00
00 00
00 00
00 00
00 00
00 00
00 00
00 00
00 00
00 00
00 00
00 00
00 00
00 00
00 00
00 00
00 00
00 00
00 00
00 00
00 00
00 00
00 00
00 00
00 00
00 00
00 00
00 00
00 00
00 00
00 00
00 00
00 00
00 00
00 00
00 00
00 00
00 00
00 00
00 00
00 00
00 00
00 00
00 00
00 00
00 00
00 00
00 00
00 00
00 00
00 00
00 00
00 00
00 00
00 00
00 00
00 00
00 00
00 00
00 00
00 00
00 00
00 00
00 00
00 00
00 00
00 00
00 00
00 00
00 00
00 00
00 00
00 00
00 00
00 00
00 00
00 00
00 00
00 00
00 00
00 00
00 00
00 00
00 00
00 00
00 00
00 00
00 00
00 00
00 00
00 00
00 00
00 00
00 00
00 00
00 00
00 00
00 00
00 00
00 00
00 00
00 00
00 00
00 00
00 00
00 00
00 00
00 00
00 00
00 00
00 00
00 00
00 00
00 00
00 00
00 00
00 00
00 00
00 00
00 00
00 00
00 00
00 00
00 00
00 00
00 00
00 00
00 00
00 00
00 00
00 00
00 00
00 00
00 00
00 00
00 00
00 00
00 00
00 00
00 00
00 00
00 00
00 00
00 00
00 00
00 00
00 00
00 00
00 00
00 00
00 00
00 00
00 00
00 00
00 00
00 00
00 00
00 00
00 00
00 00
00 00
00 00
00 00
00 00
00 00
00 00
00 00
00 00
00 00
00 00
00 00
00 00
00 00
00 00
00 00
00 00
00 00
00 00
00 00
00 00
00 00
00 00
00 00
00 00
00 00
00 00
00 00
00 00
00 00
00 00
00 00
00 00
00 00
00 00
00 00
00 00
00 00
00 00
00 00
00 00
00 00
00 00
00 00
00 00
00 00
00 00
00 00
00 00
00 00
00 00
00 00
00 00
00 00
00 00
00 00
00 00
00 00
00 00
00 00
00 00
00 00
00 00
00 00
00 00
00 00
00 00
00 00
00 00
00 00
00 00
00 00
00 00
00 00
00 00
00 00
00 00
00 00
00 00
00 00
00 00
00 00
00 00
00 00
00 00
00 00
00 00
00 00
00 00
00 00
00 00
00 00
00 00
00 00
00 00
00 00
00 00
00 00
00 00
00 00
00 00
00 00
00 00
00 00
00 00
00 00
00 00
00 00
00 00
00 00
00 00
00 00
00 00
00 00
00 00
00 00
00 00
00 00
00 00
00 00
00 00
00 00
00 00
00 00
00 00
00 00
00 00
00 00
00 00
00 00
00 00
00 00
00 00
00 00
00 00
00 00
00 00
00 00
00 00
00 00
00 00
00 00
00 00
00 00
00 00
00 00
00 00
00 00
00 00
00 00
00 00
00 00
00 00
00 00
00 00
00 00
00 00
00 00
00 00
00 00
00 00
00 00
00 00
00 00
00 00
00 00
00 00
00 00
00 00
00 00
00 00
00 00
00 00
00 00
00 00
00 00
00 00
00 00
00 00
00 00
00 00
00 00
00 00
00 00
00 00
00 00
00 00
00 00
00 00
00 00
00 00
00 00
00 00
00 00
00 00
00 00
00 00
00 00
00 00
00 00
00 00
00 00
00 00
00 00
00 00
00 00
00 00
00 00
00 00
00 00
00 00
00 00
00 00
00 00
00 00
00 00
00 00
00 00
00 00
00 00
00 00
00 00
00 00
00 00
00 00
00 00
00 00
00 00
00 00
00 00
00 00
00 00
00 00
00 00
00 00
00 00
00 00
00 00
00 00
00 00
00 00
00 00
00 00
00 00
00 00
00 00
00 00
00 00
00 00
00 00
00 00
00 00
00 00
00 00
00 00
00 00
00 00
00 00
00 00
00 00
00 00
00 00
00 00
00 00
00 00
00 00
00 00
00 00
00 00
00 00
00 00
00 00
00 00
00 00
00 00
00 00
00 00
00 00
00 00
00 00
00 00
00 00
00 00
00 00
00 00
00 00
00 00
00 00
00 00
00 00
00 00
00 00
00 00
00 00
00 00
00 00
00 00
00 00
00 00
00 00
00 00
00 00
00 00
00 00
00 00
00 00
00 00
00 00
00 00
00 00
00 00
00 00
00 00
00 00
00 00
00 00
00 00
00 00
00 00
00 00
00 00
00 00
00 00
00 00
00 00
00 00
00 00
00 00
00 00
00 00
00 00
00 00
00 00
00 00
00 00
00 00
00 00
00 00
00 00
00 00
00 00
00 00
00 00
00 00
00 00
00 00
00 00
00 00
00 00
00 00
00 00
00 00
00 00
00 00
00 00
00 00
00 00
00 00
00 00
00 00
00 00
0C 1A
E6 21
00 00
CE F3
39 1C
00 00
1A CD
FB 26
00 00
17 19
0D 05
00 00
0D BE
FD EC
00 00
AB 2B
F9 0A
00 00
0F EC
D6 E7
00 00
DC EB
2B E6
00 00
28 0C
E5 02
00 00
D1 06
00 F8
00 00
0E B7
C1 29
00 00
9C D1
32 1B
00 00
D2 2D
FD F9
00 00
2D F5
FE 1C
00 00
00 EE
04 23
00 00
F4 EF
11 FC
00 00
DB 05
2A 3E
00 00
29 E9
FB 1B
00 00
02 EC
E8 DF
00 00
D4 DF
F6 25
00 00
06 E5
43 25
00 00
38 F7
2A 49
00 00
F4 E2
20 10
00 00
11 D4
05 0F
00 00
0D 9D
08 17
00 00
D2 1E
F9 09
00 00
EC 09
4F 0B
00 00
40 F6
0A 00
00 00
F3 F9
EF 1C
00 00
E9 0A
38 3E
00 00
D8 1E
0D FD
00 00
10 C2
30 2E
00 00
0D 04
00 F5
00 00
F5 F7
FC 28
00 00
E8 19
05 FA
00 00
0F 11
1A F9
00 00
01 02
DE DD
00 00
EF F9
04 07
00 00
FF F8
EA 0A
00 00
FA 28
F9 13
00 00
F6 F9
D6 E5
00 00
11 05
01 19
00 00
26 E5
E1 E2
00 00
F6 06
D3 01
00 00
FA 1B
08 F8
00 00
09 FC
EB FB
00 00
1D FB
F1 20
00 00
E3 1E
F6 EE
00 00
34 EC
E6 E7
00 00
06 B7
12 E5
00 00
2A 18
FC EB
00 00
2D D3
F9 EE
00 00
2F 18
21 41
00 00
0E EF
FE 10
00 00
2F D4
F5 EA
00 00
F5 2C
03 F0
00 00
EA FB
08 22
00 00
06 FB
08 F7
00 00
E0 09
F2 1A
00 00
12 2B
27 E6
00 00
ED 09
EE 01
00 00
39 F0
F7 28
00 00
E1 00
D7 E3
00 00
CA 4E
10 64
00 00
00 00
00 00
00 00
00 00
00 00
00 00
00 00
00 00
00 00
00 00
00 00
00 00
00 00
00 00
00 00
00 00
00 00
00 00
00 00
00 00
00 00
00 00
00 00
00 00
00 00
00 00
00 00
00 00
00 00
00 00
00 00
00 00
00 00
00 00
00 00
00 00
00 00
00 00
00 00
00 00
00 00
00 00
00 00
00 00
00 00
00 00
00 00
00 00
00 00
00 00
00 00
00 00
00 00
00 00
00 00
00 00
00 00
00 00
00 00
00 00
00 00
00 00
00 00
00 00
00 00
00 00
00 00
00 00
00 00
00 00
00 00
00 00
00 00
00 00
00 00
00 00
00 00
00 00
00 00
00 00
00 00
00 00
00 00
00 00
00 00
00 00
00 00
00 00
00 00
00 00
00 00
00 00
00 00
00 00
00 00
00 00
00 00
00 00
00 00
00 00
00 00
00 00
00 00
00 00
00 00
00 00
00 00
00 00
00 00
00 00
00 00
00 00
00 00
00 00
00 00
00 00
00 00
00 00
00 00
00 00
00 00
00 00
00 00
00 00
00 00
00 00
00 00
00 00
00 00
00 00
00 00
00 00
00 00
00 00
00 00
00 00
00 00
00 00
00 00
00 00
00 00
00 00
00 00
00 00
00 00
00 00
00 00
00 00
00 00
00 00
00 00
00 00
00 00
00 00
00 00
00 00
00 00
00 00
00 00
00 00
00 00
00 00
00 00
00 00
00 00
00 00
00 00
00 00
00 00
00 00
00 00
00 00
00 00
00 00
00 00
00 00
00 00
00 00
00 00
00 00
00 00
00 00
00 00
00 00
00 00
00 00
00 00
00 00
00 00
00 00
00 00
00 00
00 00
00 00
00 00
00 00
00 00
00 00
00 00
00 00
00 00
00 00
00 00
00 00
00 00
00 00
00 00
00 00
00 00
00 00
00 00
00 00
00 00
00 00
00 00
00 00
00 00
00 00
00 00
00 00
00 00
00 00
00 00
00 00
00 00
00 00
00 00
00 00
00 00
00 00
00 00
00 00
00 00
00 00
00 00
00 00
00 00
00 00
00 00
00 00
00 00
00 00
00 00
00 00
00 00
00 00
00 00
00 00
00 00
00 00
00 00
00 00
00 00
00 00
00 00
00 00
00 00
00 00
00 00
00 00
00 00
00 00
00 00
00 00
00 00
00 00
00 00
00 00
00 00
00 00
00 00
00 00
00 00
00 00
00 00
00 00
00 00
00 00
00 00
00 00
00 00
00 00
00 00
00 00
00 00
00 00
00 00
00 00
00 00
00 00
00 00
00 00
00 00
00 00
00 00
00 00
00 00
00 00
00 00
00 00
00 00
00 00
00 00
00 00
00 00
00 00
00 00
00 00
00 00
00 00
00 00
00 00
00 00
00 00
00 00
00 00
00 00
00 00
00 00
00 00
00 00
00 00
00 00
00 00
00 00
00 00
00 00
00 00
00 00
00 00
00 00
00 00
00 00
00 00
00 00
00 00
00 00
00 00
00 00
00 00
00 00
00 00
00 00
00 00
00 00
00 00
00 00
00 00
00 00
00 00
00 00
00 00
00 00
00 00
00 00
00 00
00 00
00 00
00 00
00 00
00 00
00 00
00 00
00 00
00 00
00 00
00 00
00 00
00 00
00 00
00 00
00 00
00 00
00 00
00 00
00 00
00 00
00 00
00 00
00 00
00 00
00 00
00 00
00 00
00 00
00 00
00 00
00 00
00 00
00 00
00 00
00 00
00 00
00 00
00 00
00 00
00 00
00 00
00 00
00 00
00 00
00 00
00 00
00 00
00 00
00 00
00 00
00 00
00 00
00 00
00 00
00 00
00 00
00 00
00 00
00 00
00 00
00 00
00 00
00 00
00 00
00 00
00 00
00 00
00 00
00 00
00 00
00 00
00 00
00 00
00 00
00 00
00 00
00 00
00 00
00 00
00 00
00 00
00 00
00 00
00 00
00 00
00 00
00 00
00 00
00 00
00 00
00 00
00 00
00 00
00 00
00 00
00 00
00 00
00 00
00 00
00 00
00 00
00 00
00 00
00 00
00 00
00 00
00 00
00 00
00 00
00 00
00 00
00 00
00 00
00 00
00 00
00 00
00 00
00 00
00 00
00 00
00 00
00 00
00 00
00 00
00 00
00 00
00 00
00 00
00 00
00 00
00 00
00 00
00 00
00 00
00 00
00 00
00 00
00 00
00 00
00 00
00 00
00 00
00 00
00 00
00 00
00 00
00 00
00 00
00 00
00 00
00 00
00 00
00 00
00 00
00 00
00 00
00 00
00 00
00 00
00 00
00 00
00 00
00 00
00 00
00 00
00 00
00 00
00 00
00 00
00 00
00 00
00 00
00 00
00 00
00 00
00 00
00 00
00 00
00 00
00 00
00 00
00 00
00 00
00 00
00 00
00 00
00 00
00 00
00 00
00 00
00 00
00 00
00 00
00 00
00 00
00 00
00 00
00 00
00 00
00 00
00 00
00 00
00 00
00 00
00 00
00 00
00 00
00 00
00 00
00 00
00 00
00 00
00 00
00 00
00 00
00 00
00 00
00 00
00 00
00 00
00 00
00 00
00 00
00 00
00 00
00 00
00 00
00 00
00 00
00 00
00 00
00 00
00 00
00 00
00 00
00 00
00 00
00 00
00 00
00 00
00 00
00 00
00 00
00 00
00 00
00 00
00 00
00 00
00 00
00 00
00 00
00 00
00 00
00 00
00 00
00 00
00 00
00 00
00 00
00 00
00 00
00 00
00 00
00 00
00 00
00 00
00 00
00 00
00 00
00 00
00 00
00 00
00 00
00 00
00 00
00 00
00 00
00 00
00 00
00 00
00 00
00 00
00 00
00 00
00 00
00 00
00 00
00 00
00 00
00 00
00 00
00 00
00 00
00 00
00 00
00 00
00 00
00 00
00 00
00 00
00 00
00 00
00 00
00 00
00 00
00 00
00 00
00 00
00 00
00 00
00 00
00 00
00 00
00 00
00 00
00 00
00 00
00 00
00 00
00 00
00 00
00 00
00 00
00 00
00 00
00 00
00 00
00 00
00 00
00 00
00 00
00 00
00 00
00 00
00 00
00 00
00 00
00 00
00 00
00 00
00 00
00 00
00 00
00 00
00 00
00 00
00 00
00 00
00 00
00 00
00 00
00 00
00 00
00 00
00 00
00 00
00 00
00 00
00 00
00 00
00 00
00 00
00 00
00 00
00 00
00 00
00 00
00 00
00 00
00 00
00 00
00 00
00 00
00 00
00 00
00 00
00 00
00 00
00 00
00 00
00 00
00 00
00 00
00 00
00 00
00 00
00 00
00 00
00 00
00 00
00 00
00 00
00 00
00 00
00 00
00 00
00 00
00 00
00 00
00 00
00 00
00 00
00 00
00 00
00 00
00 00
00 00
00 00
00 00
00 00
00 00
00 00
00 00
00 00
00 00
00 00
00 00
00 00
00 00
00 00
00 00
00 00
00 00
00 00
00 00
00 00
00 00
00 00
00 00
00 00
00 00
00 00
00 00
00 00
00 00
00 00
00 00
00 00
00 00
00 00
00 00
00 00
00 00
00 00
00 00
00 00
00 00
00 00
00 00
00 00
00 00
00 00
00 00
00 00
00 00
00 00
00 00
00 00
00 00
00 00
00 00
00 00
00 00
00 00
00 00
00 00
00 00
00 00
00 00
00 00
00 00
00 00
00 00
00 00
00 00
F8 07
10 EB
04 E4
16 14
F8 05
18 E1
38 05
E5 E4
FB FC
FF E8
F7 FC
D8 E1
0C 09
E2 1C
E6 F8
00 FC
0D 0D
EF FB
00 00
00 00
00 00
00 00
00 00
00 00
00 00
00 00
00 00
00 00
00 00
00 00
00 00
00 00
00 EE
05 F6
DF 18
F3 04
E9 E8
FD F8
12 F8
E4 12
F4 04
EB 1E
0D 04
EE F0
04 EF
FE 1F
FD 0A
04 F5
F2 04
02 01
00 00
00 00
00 00
00 00
00 00
00 00
00 00
00 00
00 00
00 00
00 00
00 00
00 00
00 00
F6 06
15 1C
28 10
FA 05
31 2B
E6 CD
02 02
E8 F8
0A 13
16 03
E9 E9
D2 17
F5 F0
05 39
FC EF
26 31
BE E1
F2 00
00 00
00 00
00 00
00 00
00 00
00 00
00 00
00 00
00 00
00 00
00 00
00 00
00 00
00 00
03 10
0C 17
FC E9
19 E0
04 EF
DA 18
22 FA
F1 FD
0D 04
05 F7
0D 03
0E EA
0F 17
0F 0D
D9 F9
FE F6
20 EB
FB EA
00 00
00 00
00 00
00 00
00 00
00 00
00 00
00 00
00 00
00 00
00 00
00 00
00 00
00 00
19 F1
0D D4
EF 15
0B FF
F4 14
E8 FB
04 E3
FC FB
FB FA
07 ED
06 FB
08 EE
F1 09
FF FC
03 F3
04 FF
03 0C
F9 10
00 00
00 00
00 00
00 00
00 00
00 00
00 00
00 00
00 00
00 00
00 00
00 00
00 00
00 00
FB F9
0C 02
0A FB
0E E9
F7 07
FA F2
11 E2
08 F3
1E FE
1C 22
F0 FA
F7 DB
F2 0B
FC 01
ED FC
F6 EF
FE FC
FF 0B
00 00
00 00
00 00
00 00
00 00
00 00
00 00
00 00
00 00
00 00
00 00
00 00
00 00
00 00
08 06
EC E5
E9 FC
EA 08
13 FC
E8 F7
F5 DF
13 07
F5 E9
F1 28
11 23
0E 0F
04 EC
FC E5
14 FF
06 FA
F4 F6
EE 0D
00 00
00 00
00 00
00 00
00 00
00 00
00 00
00 00
00 00
00 00
00 00
00 00
00 00
00 00
FB F4
03 FF
E3 FE
12 03
E5 E5
ED E6
F2 08
09 F4
FC F9
FB 1B
01 FA
F2 05
F1 15
F1 FF
FB 04
0F 15
11 E2
FB 06
00 00
00 00
00 00
00 00
00 00
00 00
00 00
00 00
00 00
00 00
00 00
00 00
00 00
00 00
0B B9
1B F0
E6 E3
F7 DD
E9 1A
DC F6
F9 02
F2 EB
13 13
07 1B
E9 17
E4 E1
1F 00
0D 27
08 00
00 25
D4 0C
E6 00
00 00
00 00
00 00
00 00
00 00
00 00
00 00
00 00
00 00
00 00
00 00
00 00
00 00
00 00
00 00
00 00
00 00
FF 00
00 00
00 00
00 00
00 00
00 00
00 00
00 00
00 00
00 00
00 00
00 00
00 00
00 00
00 00
00 00
00 00
00 00
00 00
00 00
00 00
00 00
00 00
00 00
00 00
00 00
00 00
00 00
00 00
E9 FB
00 F3
F2 F0
11 F1
03 E0
18 0A
05 0B
02 FB
E0 0A
ED 02
0E F8
F8 F8
F5 22
0E 0C
F2 13
0C 00
0C F7
FE F9
00 00
00 00
00 00
00 00
00 00
00 00
00 00
00 00
00 00
00 00
00 00
00 00
00 00
00 00
EB F2
F4 0D
EE 02
EA F3
FD F3
DD 20
EC 13
10 06
FB 0C
DF EA
1C DC
EE F0
F4 E3
E8 F2
F7 04
DB 03
F0 36
05 F3
00 00
00 00
00 00
00 00
00 00
00 00
00 00
00 00
00 00
00 00
00 00
00 00
00 00
00 00
00 09
FD F7
F2 FF
0E FC
09 12
1E 00
F1 0E
FE F7
EF FD
FD FA
06 0E
20 E8
0E FE
00 FB
05 FC
0D FB
E7 19
0D F8
00 00
00 00
00 00
00 00
00 00
00 00
00 00
00 00
00 00
00 00
00 00
00 00
00 00
00 00
0D EF
E6 04
E9 18
04 07
E8 F4
02 0B
F5 ED
FC E6
10 FF
12 FE
D7 F3
FC DE
FB 04
02 FD
EE FA
F1 21
E1 06
F4 00
00 00
00 00
00 00
00 00
00 00
00 00
00 00
00 00
00 00
00 00
00 00
00 00
00 00
00 00
FC ED
DD BF
D9 CF
E2 B5
FF F2
D8 EE
98 A7
D0 F3
DE E9
F8 DE
D0 D9
F7 C5
AC AC
FF D4
F8 C1
09 DF
FE F6
DB DA
00 00
00 00
00 00
00 00
00 00
00 00
00 00
00 00
00 00
00 00
00 00
00 00
00 00
00 00
07 F8
FF 15
FD 08
EC FE
DC F7
F7 02
FC EB
F4 F9
04 03
F2 FD
08 F1
F9 EF
18 24
EB 1D
22 0D
EC 0C
CF F2
07 E9
00 00
00 00
00 00
00 00
00 00
00 00
00 00
00 00
00 00
00 00
00 00
00 00
00 00
00 00
FC F1
03 03
FB 0B
F5 0E
01 05
06 0B
06 02
E1 00
12 FA
01 04
FC 01
11 F5
F8 22
FB 09
EB 11
01 11
EE 0E
04 0F
00 00
00 00
00 00
00 00
00 00
00 00
00 00
00 00
00 00
00 00
00 00
00 00
00 00
00 00
FD 0C
14 CE
EA F7
16 F3
0A 05
C3 FE
0F DD
FF F9
E2 F5
F9 0C
FC F0
ED EF
1D F3
FF F7
EA EA
0A FC
1F F0
F3 FF
00 00
00 00
00 00
00 00
00 00
00 00
00 00
00 00
00 00
00 00
00 00
00 00
00 00
00 00
08 CB
E3 0A
CA 2D
0E 17
09 FA
F1 E5
13 83
2C 05
0E F4
BA 04
2E 1A
22 08
C6 0C
D1 B7
01 0B
1F 09
80 AC
EC 01
00 00
00 00
00 00
00 00
00 00
00 00
00 00
00 00
00 00
00 00
00 00
00 00
00 00
00 00
00 00
00 00
00 00
F7 FF
00 00
00 00
00 00
00 00
00 00
00 FC
00 FE
00 FE
00 F8
00 00
00 00
00 00
00 00
00 00
00 00
00 00
00 00
00 00
00 00
00 00
00 00
00 00
00 00
00 00
00 00
00 00
00 00
00 00
04 FF
12 13
E8 EE
E8 04
17 F1
29 08
E7 15
03 FA
FB 18
08 15
0C FD
F2 02
0C FB
17 13
E6 18
0F 0E
F8 08
E5 0D
00 00
00 00
00 00
00 00
00 00
00 00
00 00
00 00
00 00
00 00
00 00
00 00
00 00
00 00
00 00
FC 00
FD FC
FD F3
00 00
00 00
F8 F0
FD F9
00 01
00 E3
FF 00
FF FD
EF D7
00 00
FD FA
00 FA
00 00
FC 00
00 00
00 00
00 00
00 00
00 00
00 00
00 00
00 00
00 00
00 00
00 00
00 00
00 00
00 00
CC FB
EF 22
36 F1
02 F9
E9 E5
EF 0F
FB 02
EA F8
01 EA
09 E3
0C F1
2A 1C
F2 14
1B E5
E6 EF
F8 D4
0C 06
DC EA
00 00
00 00
00 00
00 00
00 00
00 00
00 00
00 00
00 00
00 00
00 00
00 00
00 00
00 00
BA FF
B0 80
80 80
80 23
16 F7
A7 C5
F4 0D
F1 80
80 80
21 E8
37 D7
56 FF
80 FF
07 F6
21 19
38 F1
E5 DB
BD 4D
00 00
00 00
00 00
00 00
00 00
00 00
00 00
00 00
00 00
00 00
00 00
00 00
00 00
00 00
C3 18
EC DA
E8 FF
13 0A
E2 00
E0 04
03 07
F7 F2
F0 F1
FB 23
09 F3
FC 0B
15 1F
03 07
0C 0F
0C 0F
30 EC
F3 09
00 00
00 00
00 00
00 00
00 00
00 00
00 00
00 00
00 00
00 00
00 00
00 00
00 00
00 00
0A 0D
FB F5
04 FC
07 F4
04 EC
22 23
0E 00
F0 F2
04 0B
08 11
15 FB
04 E0
FE FA
FD FB
E9 F6
FA 10
FA FB
03 E6
00 00
00 00
00 00
00 00
00 00
00 00
00 00
00 00
00 00
00 00
00 00
00 00
00 00
00 00
F7 E1
DA DC
DC DF
CB CD
FE E6
D9 EF
9A C6
D6 BE
DB DB
C9 9F
A4 BE
D7 E0
A0 BD
F8 D1
D3 AB
D8 96
F8 DA
D9 DC
00 00
00 00
00 00
00 00
00 00
00 00
00 00
00 00
00 00
00 00
00 00
00 00
00 00
00 00
F7 E4
10 14
E9 F9
0C F3
16 EA
1D 02
04 FE
09 01
FC 15
DC 0B
21 08
0E FD
EA F1
F7 FB
16 12
19 12
E9 07
0E FB
00 00
00 00
00 00
00 00
00 00
00 00
00 00
00 00
00 00
00 00
00 00
00 00
00 00
00 00
E4 E4
DB 06
F8 1D
F8 20
10 EB
16 0C
EF DF
05 E2
08 EC
BA 00
CC E4
F5 19
D3 FC
17 07
E4 07
DB ED
AF 13
FA F7
00 00
00 00
00 00
00 00
00 00
00 00
00 00
00 00
00 00
00 00
00 00
00 00
00 00
00 00
27 F9
06 E8
16 03
F4 FC
25 FB
EA 28
1D 00
3F FB
F6 E9
01 EA
E5 04
F2 04
01 22
4C E2
FC F9
D1 05
DE 80
03 08
00 00
00 00
00 00
00 00
00 00
00 00
00 00
00 00
00 00
00 00
00 00
00 00
00 00
00 00
E6 25
33 4D
51 D5
12 12
EE E3
B8 1F
80 FA
AF FA
DC C9
8C A8
DA F8
35 E0
97 BF
02 E7
D3 D8
C2 07
EA 26
18 07
00 00
00 00
00 00
00 00
00 00
00 00
00 00
00 00
00 00
00 00
00 00
00 00
00 00
00 00
12 0B
13 FC
E3 FA
04 FB
EC F2
E6 11
0D 04
03 F0
F7 12
04 ED
FE 02
0C F8
06 1B
FA F5
E9 FA
E4 20
F5 15
04 09
00 00
00 00
00 00
00 00
00 00
00 00
00 00
00 00
00 00
00 00
00 00
00 00
00 00
00 00
F7 01
01 14
06 07
06 05
05 00
13 06
00 06
FF 06
04 06
05 00
F7 00
06 F2
06 11
07 13
00 06
06 06
00 04
05 07
FA 06
06 01
06 00
19 07
06 05
F1 0E
F8 05
EC 00
ED 00
0F 80
2B 13
07 06
00 06
EC 07
ED 05
06 06
07 06
05 FA
0E 00
13 FD
13 07
E3 05
0E 06
36 00
FA 00
12 01
06 14
06 0D
00 F9
60 06
F6 0F
14 13
3A 0C
04 04
06 00
17 58
06 06
03 06
00 FC
FA 00
FA 00
06 F9
F9 06
07 07
00 06
FC 07
00 11
FE 13
FD 14
FD 05
07 00
13 07
06 07
ED 03
FA F9
F9 00
FA 00
06 05
FC 13
06 12
00 06
06 06
00 00
00 00
00 00
00 00
00 00
00 00
00 00
00 00
00 00
00 00
00 00
00 00
00 00
00 00
00 00
00 00
00 00
00 00
00 00
00 00
00 00
00 00
00 00
00 00
00 00
00 00
00 00
00 00
00 00
00 00
00 00
00 00
00 00
00 00
00 00
00 00
00 00
00 00
00 00
00 00
00 00
00 00
00 00
00 00
00 00
00 00
00 00
00 00
00 00
00 00
00 00
00 00
00 00
00 00
00 00
00 00
00 00
00 00
00 00
00 00
00 00
00 00
00 00
00 00
00 00
00 00
00 00
00 00
00 00
00 00
00 00
00 00
00 00
00 00
00 00
00 00
00 00
00 00
00 00
00 00
00 00
00 00
00 00
00 00
00 00
00 00
00 00
00 00
00 00
00 00
00 00
00 00
00 00
00 00
00 00
00 00
00 00
00 00
00 00
00 00
00 00
00 00
00 00
00 00
00 00
00 00
00 00
00 00
00 00
00 00
00 00
00 00
00 00
00 00
00 00
00 00
00 00
00 00
00 00
00 00
00 00
00 00
00 00
00 00
00 00
00 00
00 00
00 00
00 00
00 00
00 00
00 00
00 00
00 00
00 00
00 00
00 00
00 00
00 00
00 00
00 00
00 00
00 00
00 00
00 00
00 00
00 00
00 00
00 00
00 00
00 00
00 00
00 00
00 00
00 00
00 00
00 00
00 00
00 00
00 00
00 00
00 00
00 00
00 00
00 00
00 00
00 00
00 00
00 00
00 00
00 00
00 00
00 00
00 00
00 00
00 00
00 00
00 00
00 00
00 00
00 00
00 00
00 00
00 00
00 00
00 00
00 00
00 00
00 00
00 00
00 00
00 00
00 00
00 00
00 00
00 00
00 00
00 00
00 00
00 00
00 00
00 00
00 00
00 00
00 00
00 00
00 00
00 00
00 00
00 00
00 00
00 00
00 00
00 00
00 00
00 00
00 00
00 00
00 00
00 00
00 00
00 00
00 00
00 00
00 00
00 00
00 00
00 00
00 00
00 00
00 00
00 00
00 00
00 00
00 00
00 00
00 00
00 00
00 00
00 00
00 00
00 00
00 00
00 00
00 00
00 00
00 00
00 00
00 00
00 00
00 00
00 00
00 00
00 00
00 00
00 00
00 00
00 00
00 00
00 00
00 00
00 00
00 00
00 00
00 00
00 00
00 00
00 00
00 00
00 00
00 00
00 00
00 00
00 00
00 00
00 00
00 00
00 00
00 00
00 00
00 00
00 00
00 00
00 00
00 00
00 00
00 00
00 00
00 00
00 00
00 00
00 00
00 00
00 00
00 00
00 00
00 00
00 00
00 00
00 00
00 00
00 00
00 00
00 00
00 00
00 00
00 00
00 00
00 00
00 00
00 00
00 00
00 00
00 00
00 00
00 00
00 00
00 00
00 00
00 00
00 00
00 00
00 00
00 00
00 00
00 00
00 00
00 00
00 00
00 00
00 00
00 00
00 00
00 00
00 00
00 00
00 00
00 00
00 00
00 00
00 00
00 00
00 00
00 00
00 00
00 00
00 00
00 00
00 00
00 00
00 00
00 00
00 00
00 00
00 00
00 00
00 00
00 00
00 00
00 00
00 00
00 00
00 00
00 00
00 00
00 00
00 00
00 00
00 00
00 00
00 00
00 00
00 00
00 00
00 00
00 00
00 00
00 00
00 00
00 00
00 00
00 00
00 00
00 00
00 00
00 00
00 00
00 00
00 00
00 00
00 00
00 00
00 00
00 00
00 00
00 00
00 00
00 00
00 00
00 00
00 00
00 00
00 00
00 00
00 00
00 00
00 00
00 00
00 00
00 00
00 00
00 00
00 00
00 00
00 00
00 00
00 00
00 00
00 00
00 00
00 00
00 00
00 00
00 00
00 00
00 00
00 00
00 00
00 00
00 00
00 00
00 00
00 00
00 00
00 00
00 00
00 00
00 00
00 00
00 00
00 00
00 00
00 00
00 00
00 00
00 00
00 00
00 00
00 00
00 00
00 00
00 00
00 00
00 00
00 00
00 00
00 00
00 00
00 00
00 00
00 00
00 00
00 00
00 00
00 00
00 00
00 00
00 00
00 00
00 00
00 00
00 00
00 00
00 00
00 00
00 00
00 00
00 00
00 00
00 00
00 00
00 00
00 00
00 00
00 00
00 00
00 00
00 00
00 00
00 00
00 00
00 00
00 00
00 00
00 00
00 00
00 00
00 00
00 00
00 00
00 00
00 00
00 00
00 00
00 00
00 00
00 00
00 00
00 00
00 00
00 00
00 00
00 00
00 00
00 00
00 00
00 00
00 00
00 00
00 00
00 00
00 00
00 00
00 00
00 00
00 00
00 00
00 00
00 00
00 00
00 00
00 00
00 00
00 00
00 00
00 00
00 00
00 00
00 00
00 00
00 00
00 00
00 00
00 00
00 00
00 00
00 00
00 00
00 00
00 00
00 00
00 00
00 00
00 00
00 00
00 00
00 00
00 00
00 00
00 00
00 00
00 00
00 00
00 00
00 00
00 00
00 00
00 00
00 00
00 00
00 00
00 00
00 00
00 00
00 00
00 00
00 00
00 00
00 00
00 00
00 00
00 00
00 00
00 00
00 00
00 00
00 00
00 00
00 00
00 00
00 00
00 00
00 00
00 00
00 00
00 00
00 00
00 00
00 00
00 00
00 00
00 00
00 00
00 00
00 00
00 00
00 00
00 00
00 00
00 00
00 00
00 00
00 00
00 00
00 00
00 00
00 00
00 00
00 00
00 00
00 00
00 00
00 00
00 00
00 00
00 00
00 00
00 00
00 00
00 00
00 00
00 00
00 00
00 00
00 00
00 00
00 00
00 00
00 00
00 00
00 00
00 00
00 00
00 00
00 00
00 00
00 00
00 00
00 00
00 00
00 00
00 00
00 00
00 00
00 00
00 00
00 00
00 00
00 00
00 00
00 00
00 00
00 00
00 00
00 00
00 00
00 00
00 00
00 00
00 00
00 00
00 00
00 00
00 00
00 00
00 00
00 00
00 00
00 00
00 00
00 00
00 00
00 00
00 00
00 00
00 00
00 00
00 00
00 00
00 00
00 00
00 00
00 00
00 00
00 00
00 00
00 00
00 00
00 00
00 00
00 00
00 00
00 00
00 00
00 00
00 00
00 00
00 00
00 00
00 00
00 00
00 00
00 00
00 00
00 00
00 00
00 00
00 00
00 00
00 00
00 00
00 00
00 00
00 00
00 00
00 00
00 00
00 00
00 00
00 00
00 00
00 00
00 00
00 00
00 00
00 00
00 00
00 00
00 00
00 00
00 00
00 00
00 00
00 00
00 00
00 00
00 00
00 00
00 00
00 00
00 00
00 00
00 00
00 00
00 00
00 00
00 00
00 00
00 00
00 00
00 00
00 00
00 00
00 00
00 00
00 00
00 00
00 00
00 00
00 00
00 00
00 00
00 00
00 00
00 00
00 00
00 00
00 00
00 00
00 00
00 00
00 00
00 00
00 00
00 00
00 00
00 00
00 00
00 00
00 00
00 00
00 00
00 00
00 00
00 00
00 00
00 00
00 00
00 00
00 00
00 00
00 00
00 00
00 00
00 00
00 00
00 00
00 00
00 00
00 00
00 00
00 00
00 00
00 00
00 00
00 00
00 00
00 00
00 00
00 00
00 00
00 00
00 00
00 00
00 00
00 00
00 00
00 00
00 00
00 00
00 00
00 00
00 00
00 00
00 00
00 00
00 00
00 00
00 00
00 00
00 00
00 00
00 00
00 00
00 00
00 00
00 00
00 00
00 00
00 00
00 00
00 00
00 00
00 00
00 00
00 00
00 00
00 00
00 00
00 00
00 00
00 00
00 00
00 00
00 00
00 00
00 00
00 00
00 00
00 00
00 00
00 00
00 00
00 00
00 00
00 00
00 00
00 00
00 00
00 00
00 00
00 00
00 00
00 00
00 00
00 00
00 00
00 00
00 00
00 00
00 00
00 00
00 00
00 00
00 00
00 00
00 00
00 00
00 00
00 00
00 00
00 00
00 00
00 00
00 00
00 00
00 00
00 00
00 00
00 00
00 00
00 00
00 00
00 00
00 00
00 00
00 00
00 00
00 00
00 00
00 00
00 00
00 00
00 00
00 00
00 00
00 00
00 00
00 00
00 00
00 00
00 00
00 00
00 00
00 00
00 00
00 00
00 00
00 00
00 00
00 00
00 00
00 00
00 00
00 00 00 00 00 00 00 00 00 80 00 80 08 40 00 00 00 00 00 00 08 00 04 00 00 00 00 00 00 00 00 00 00 20 00 00 00 00 00 00 00 00 00 00 00 00 00 00 02 04 00 00 00 01 00 00 00 00 00 00 00 00 00 00
00 00 00 00 00 00 00 00 03 80 02 80 04 C0 00 20 00 40 10 80 1B 80 06 00 00 00 00 00 00 00 00 00 01 00 02 00 00 00 00 80 20 80 00 40 00 00 00 00 40 00 06 00 00 00 00 00 00 00 00 00 00 00 00 00
00 00 00 00 00 00 00 00 01 80 06 80 08 00 00 00 00 40 10 C0 0D 80 07 00 00 00 00 00 00 00 00 00 00 00 01 00 04 00 05 80 00 C0 00 42 00 21 00 00 07 80 0E 00 00 00 00 00 00 00 00 00 00 00 00 00
00 00 00 00 00 00 00 00 01 80 07 80 0C 80 00 00 10 60 10 80 1F 80 0F 00 00 00 00 00 00 00 00 00 00 00 03 00 03 00 8F 80 0C 82 18 60 00 00 10 00 01 80 0F 00 00 00 00 00 00 00 00 00 00 00 00 00
00 00 00 00 00 00 00 00 01 00 07 80 0E C0 08 20 00 60 00 C0 1D 80 0F 00 00 00 00 00 00 00 00 00 00 08 00 20 03 80 07 80 0C C0 18 40 00 60 10 20 01 80 0F 00 04 00 00 00 00 80 00 00 00 00 80 00
00 00 00 00 00 00 00 00 00 00 03 80 0E 80 0C 80 00 60 10 C0 19 80 1F 80 0E 00 00 00 00 00 00 00 00 00 00 00 03 00 07 80 0D 80 18 C0 18 60 10 80 11 80 0F 80 0C 00 00 00 00 00 00 00 00 00 00 00
00 00 00 00 00 00 00 00 00 00 03 80 07 80 0C C0 08 60 10 C0 10 C0 1F 80 0F 00 00 00 00 00 00 00 00 00 00 00 03 00 0F 00 0F C0 0C C0 18 60 10 60 12 C0 0F 80 0F 00 00 00 00 00 00 00 00 00 01 00
00 00 00 00 00 00 00 00 00 00 00 00 03 80 0E 80 0C 60 00 60 10 C0 1D C0 0F 80 00 00 00 00 00 00 00 00 00 00 03 80 03 00 0F 80 0D C0 18 60 10 60 11 80 13 80 0F 00 00 00 00 00 00 00 00 00 00 00
00 00 00 00 00 00 00 00 01 00 00 00 07 80 07 00 0C 20 08 60 00 40 01 C0 1F 80 07 00 00 00 00 00 00 00 00 00 00 00 03 00 07 00 0E C0 0C C0 18 00 10 C0 11 C0 07 80 0F 00 00 00 00 00 00 00 00 00
00 00 00 00 00 00 00 00 00 00 01 00 01 80 07 80 0E 20 08 20 08 60 08 C0 0B 80 0F 80 00 00 00 00 00 00 00 00 01 00 02 80 0B 00 06 00 9C C0 18 60 18 C0 18 C0 17 80 07 00 00 00 04 00 00 00 00 00
00 00 00 00 00 00 00 00 00 00 00 00 00 80 03 80 0E 20 0C 20 0C 60 00 C0 04 C0 07 80 00 00 00 00 00 00 00 00 00 00 01 00 03 40 0E 00 0C 80 1C 20 18 C0 19 C0 11 80 17 00 00 00 00 00 00 80 00 00
00 00 00 00 00 00 00 00 00 00 00 80 00 00 03 80 06 20 0C 30 04 60 00 E0 04 C0 03 80 00 00 00 00 00 00 00 00 00 00 00 00 03 00 06 00 06 00 0C 00 18 40 08 40 19 C0 1B 80 08 00 00 00 00 80 00 00
00 00 00 00 00 00 00 00 00 00 00 80 00 00 10 C0 07 20 00 00 04 00 00 40 02 C0 00 00 00 00 00 00 00 00 00 00 00 00 00 00 00 00 00 20 00 00 0C 40 08 80 10 00 00 80 01 80 04 00 00 00 00 00 40 00
00 00 00 00 00 00 00 00 00 80 00 00 00 00 00 00 00 20 00 00 00 00 00 00 00 00 00 00 00 00 00 00 00 00 00 00 00 00 00 00 00 10 00 00 00 00 10 00 00 00 00 00 00 00 00 00 00 00 00 00 00 00 00 00
00 00 00 00 00 00 00 00 00 00 00 00 02 80 00 60 00 20 00 00 00 00 00 00 00 00 00 00 00 00 00 00 00 00 00 00 00 00 01 80 00 00 00 00 00 00 00 80 00 40 00 00 00 00 00 00 10 00 00 00 00 00 00 00
00 00 00 00 00 00 00 00 00 00 00 00 00 C0 10 40 00 20 04 00 00 40 04 00 00 00 00 00 00 00 00 00 00 00 00 00 02 00 00 00 00 00 00 00 00 00 00 80 00 40 00 00 10 00 08 00 08 00 02 80 00 00 00 00
00 00 00 00 00 00 00 00 00 80 00 80 00 40 10 00 00 20 04 00 04 20 04 40 00 00 00 00 00 80 00 00 00 00 02 00 00 00 00 00 00 00 00 00 00 00 00 C0 08 40 00 40 08 00 00 00 00 00 01 00 00 02 00 00
00 00 00 00 00 00 00 00 00 00 00 80 00 40 00 20 04 30 04 30 04 30 04 20 00 40 00 80 00 00 00 00 00 00 00 00 00 00 00 00 00 00 02 00 0C 00 18 00 08 40 18 40 18 40 18 00 08 00 04 04 00 08 00 02
00 00 00 00 00 00 00 00 00 80 00 80 01 E0 01 20 06 30 04 30 04 30 04 60 00 C0 00 80 00 00 00 00 00 00 00 00 08 00 00 00 01 00 03 00 86 00 1C C0 08 C0 08 40 08 C0 08 80 0C 00 0C 00 00 00 00 00
00 00 00 00 00 00 00 00 00 80 00 80 00 E0 01 30 06 30 04 10 04 30 06 60 04 A0 00 00 00 00 00 00 00 00 00 00 00 00 00 00 01 00 03 00 06 00 04 40 0C E0 18 E0 18 40 08 80 0C 00 06 00 00 00 00 00
00 00 00 00 00 00 00 00 00 C0 00 C0 00 E0 00 B0 00 10 06 10 06 30 07 20 00 00 00 00 00 00 00 00 00 00 00 00 00 00 00 00 01 00 05 00 02 00 04 C0 0C 60 08 60 0C C0 0C 80 0C 00 07 80 00 00 00 00
00 00 00 00 00 00 00 80 00 C0 00 E0 00 70 00 30 02 18 06 18 06 90 03 A0 00 00 00 00 00 00 00 00 00 00 00 00 00 00 00 00 00 00 00 00 00 C0 0B E0 04 20 0C 20 04 00 0C 20 06 C0 07 80 00 00 00 00
00 00 00 00 00 00 00 C0 01 C0 03 60 02 30 00 18 02 18 02 60 03 C0 03 80 00 00 00 00 00 00 00 00 00 00 00 00 00 00 00 00 00 00 04 00 00 E0 05 E0 06 60 0C 00 0C 00 0C 60 07 C0 03 80 00 00 00 00
00 00 00 00 00 00 00 C0 01 E0 03 70 02 30 00 18 02 08 06 E0 03 C0 01 00 00 00 00 00 00 00 00 00 00 00 00 00 00 00 00 00 00 00 00 C0 00 E0 07 E0 0B 00 00 10 04 10 16 E0 07 E0 03 00 00 00 00 00
00 00 00 00 00 C0 01 C0 03 E0 02 70 06 18 00 18 02 60 03 E0 03 C0 00 00 00 00 00 00 00 00 00 00 00 00 00 00 00 00 00 00 00 00 00 E0 01 E0 03 A0 00 10 0C 10 04 60 0F E0 0F C0 00 00 00 80 00 00
00 00 00 00 00 C0 01 E0 03 F0 06 18 02 18 00 08 02 60 03 C0 01 80 00 00 00 00 00 00 00 00 00 00 00 00 00 00 04 00 00 00 00 00 00 E0 01 E0 03 80 00 10 04 10 06 70 07 E0 03 80 00 00 02 80 00 00
00 00 00 80 00 C0 01 E0 03 70 00 18 00 18 02 08 02 60 03 C0 00 00 00 00 00 00 00 00 00 00 00 00 00 00 00 00 00 00 00 00 00 C0 01 E0 23 B0 84 30 04 18 0C 20 07 F0 07 E0 01 80 00 08 00 00 00 00
00 00 00 00 00 C0 00 E0 00 30 00 18 80 08 02 08 02 F0 03 C0 00 00 00 00 00 00 00 00 00 00 00 00 00 00 00 00 00 00 00 00 00 60 00 E0 03 10 01 10 04 00 04 20 07 C0 05 C0 00 40 24 00 00 00 00 00
00 00 00 40 00 40 00 70 00 10 00 18 00 08 12 08 02 80 03 00 00 00 00 00 00 00 00 00 00 00 00 00 00 03 00 00 00 00 00 00 00 20 00 20 06 10 06 30 04 00 06 20 07 20 01 80 00 00 00 00 00 00 00 00
00 00 00 00 00 40 00 00 00 90 00 18 00 08 00 08 02 18 00 30 00 00 00 00 00 00 00 00 00 80 00 00 00 04 00 00 10 00 00 00 02 00 00 00 12 00 06 20 04 00 00 00 04 00 00 80 00 00 01 00 00 20 00 10
00 00 00 00 00 00 00 00 00 40 01 80 01 00 00 00 01 08 00 30 00 60 00 80 00 00 00 00 00 00 00 00 00 00 00 00 00 00 00 80 81 00 02 00 04 10 12 10 04 40 04 80 08 00 01 00 00 00 00 00 00 00 00 00
00 00 00 00 00 40 00 00 00 C0 00 00 01 08 00 00 01 00 00 00 00 C0 00 00 00 00 00 00 00 00 00 00 00 00 00 00 00 80 00 00 00 00 02 00 02 20 02 30 00 60 04 80 00 00 00 00 0C 00 00 00 00 00 00 00
00 00 00 00 00 20 00 00 00 00 00 00 00 00 00 00 00 00 00 00 00 00 00 00 00 00 00 00 00 00 00 00 00 00 00 00 00 80 00 00 00 00 00 00 00 00 00 00 00 00 00 00 00 00 00 00 00 00 02 00 00 00 00 00
00 00 00 00 00 00 00 00 00 00 00 00 00 00 00 00 00 00 00 00 00 00 00 00 00 00 00 00 00 00 00 00 00 00 00 00 00 00 00 00 00 00 00 00 00 00 00 02 28 00 00 00 00 00 00 00 02 00 00 00 00 00 00 80
00 00 00 00 00 40 00 60 00 10 00 08 00 08 00 00 00 40 00 00 00 00 00 00 00 00 00 00 00 00 00 00 00 00 00 00 00 00 00 00 00 00 00 00 00 50 00 00 00 00 00 20 00 80 00 80 00 00 00 00 00 00 00 00
00 00 00 80 00 00 01 40 00 00 00 08 00 00 00 00 00 A0 00 80 00 00 00 00 00 00 00 00 00 00 00 00 00 00 00 00 00 00 00 00 00 C0 10 B0 01 00 00 00 00 18 02 10 0B 60 03 80 00 00 00 00 00 80 00 00
00 00 00 00 00 80 01 80 03 20 02 00 02 10 06 30 04 60 00 80 00 00 00 00 00 00 00 00 00 00 00 00 00 00 00 00 00 40 00 00 00 40 01 80 01 00 02 00 00 18 00 30 02 A0 00 40 00 00 00 00 00 80 00 00
00 00 00 80 00 80 03 80 03 60 06 30 06 30 06 30 04 60 07 00 07 00 01 00 00 00 00 00 00 00 00 00 00 00 00 00 00 40 00 60 00 B0 03 98 03 88 02 08 02 18 02 30 00 60 10 80 00 00 80 00 00 00 00 00
00 00 00 00 01 80 03 00 06 60 06 60 04 30 04 30 0C E0 0C 00 07 00 03 00 00 00 00 00 00 00 00 00 00 00 00 00 00 C0 00 60 00 B0 01 98 03 18 02 18 03 18 02 30 00 40 00 C0 00 00 00 00 00 00 00 00
00 00 00 00 01 80 03 80 06 40 06 60 0E 20 0C 60 0C E0 0D 80 0E 00 02 00 00 00 00 00 00 00 00 00 00 00 00 80 00 C0 00 E0 02 70 03 B0 03 18 07 18 06 38 02 30 00 E0 00 00 00 00 00 00 00 00 00 00
00 00 01 00 01 00 03 00 06 40 0E 40 0C 60 0C 60 08 E0 0D 80 0E 00 02 00 00 00 00 00 00 00 00 00 00 00 00 C0 00 C0 00 E0 00 F0 03 B0 06 18 06 18 06 30 04 60 00 C0 01 80 00 00 00 00 00 00 00 00
00 00 00 00 03 00 07 00 06 00 0C 40 08 60 18 60 19 C0 1F 00 0C 00 00 00 00 00 00 00 00 00 00 00 00 00 00 80 00 80 00 80 01 E0 03 B0 06 30 04 30 06 30 04 E0 00 C0 01 80 00 00 80 00 00 00 00 00
00 00 01 00 03 00 06 00 0C C0 0C C0 08 40 18 40 19 C0 1B 80 0E 00 04 00 00 00 00 00 00 00 00 00 00 00 00 00 00 80 00 C0 01 E0 03 70 07 30 04 30 44 68 04 E0 01 80 01 00 00 00 00 00 00 00 00 00
00 00 02 00 06 00 07 00 0C 00 08 C0 18 40 18 C0 1B 80 1F 00 0C 00 00 00 00 00 00 00 00 00 00 00 00 00 00 00 00 80 00 D0 01 C0 06 30 0E 30 0C 20 0C 70 00 C0 01 80 03 00 00 80 00 00 00 00 00 00
00 00 03 00 02 00 0E 00 0C 80 18 80 18 80 18 C0 13 80 1E 00 0C 00 00 00 00 00 00 00 00 00 00 00 00 02 00 00 01 81 00 80 01 C0 07 60 0C 30 08 B0 08 60 00 E0 03 C0 01 80 00 00 00 00 00 00 00 00
00 00 00 00 06 00 04 00 08 80 18 C0 10 40 10 C0 11 80 10 00 18 00 00 00 00 00 00 00 00 00 00 00 00 00 00 00 01 80 01 80 03 50 02 68 0E 20 0C 20 08 72 00 00 01 80 02 00 00 00 00 00 20 00 00 00
00 00 02 00 02 00 00 00 0C 00 08 80 18 80 10 80 10 00 10 00 0C 00 00 00 00 00 00 00 00 80 00 00 00 00 00 00 01 81 01 81 00 80 04 40 04 20 0A 20 0C 40 08 C0 03 00 00 00 00 00 00 00 00 00 00 00
00 00 00 00 02 00 00 00 08 80 00 00 10 00 10 00 00 00 00 00 08 00 04 00 00 00 00 00 00 00 00 00 00 00 00 02 00 01 00 80 00 01 02 00 00 00 00 00 00 40 00 00 00 00 00 00 00 00 00 00 00 00 20 00
00 00 00 00 00 00 00 00 00 00 00 00 00 00 00 00 00 00 00 00 00 00 00 00 00 00 00 00 00 00 00 00 00 00 00 C0 00 00 00 00 00 00 00 00 00 00 00 00 00 00 00 00 00 00 00 00 00 00 00 00 00 00 00 40
00 00 00 00 00 00 00 00 00 00 00 00 00 00 00 00 00 00 00 00 02 00 04 00 00 00 00 00 00 00 00 00 00 00 00 00 00 00 00 00 80 00 00 00 00 00 00 00 00 00 04 80 00 00 00 00 00 00 00 00 00 00 00 00
00 00 00 00 00 00 00 00 00 80 00 00 01 00 00 00 00 00 00 00 00 00 04 00 00 00 00 00 00 00 00 00 00 00 00 80 00 00 00 00 01 00 40 01 00 00 40 00 04 00 04 00 00 00 00 00 00 00 00 00 00 00 00 00
00 00 00 00 00 80 00 80 00 00 01 00 00 00 01 00 00 00 00 00 02 00 06 00 00 00 00 00 00 00 00 00 40 00 00 00 00 80 01 00 21 00 80 00 04 00 02 00 00 00 00 00 04 00 00 00 00 00 00 00 00 00 00 00
00 00 00 00 00 00 00 00 00 80 00 00 01 80 01 00 01 00 00 00 02 00 06 00 00 00 00 00 00 00 00 00 00 00 00 00 00 80 01 00 00 00 01 00 13 00 02 00 02 00 04 20 00 00 00 00 00 00 00 00 00 00 00 00
00 00 00 00 00 00 00 80 00 00 00 80 01 00 01 00 03 00 02 00 02 00 06 00 04 00 00 00 00 00 00 00 00 00 00 00 00 90 01 80 01 00 03 00 00 00 02 00 16 00 04 00 04 00 00 00 00 00 00 00 00 00 80 00
00 00 00 00 00 00 00 00 00 80 00 80 01 00 01 00 01 00 00 00 02 00 02 00 06 00 00 00 00 00 00 00 00 00 00 00 00 80 09 80 01 00 01 00 03 00 02 00 02 00 06 00 04 00 04 00 00 00 00 00 00 00 00 00
00 00 00 00 00 00 00 00 00 80 00 80 00 80 01 00 01 00 03 00 03 00 02 00 06 00 04 00 00 00 00 00 08 00 00 00 00 80 01 80 01 80 01 00 01 00 03 00 02 00 06 00 06 00 04 00 00 00 00 00 00 00 02 00
00 00 00 00 00 00 00 00 00 80 00 80 00 80 00 80 01 80 01 00 03 00 03 00 02 00 06 00 00 00 00 00 00 00 00 00 00 00 00 80 01 80 01 00 01 00 03 00 03 00 02 08 06 00 06 00 04 00 00 00 00 00 00 00
00 00 00 00 00 00 00 00 00 80 00 80 00 80 00 80 01 80 01 00 01 00 03 00 03 00 06 00 00 00 00 00 00 00 00 00 10 00 00 80 00 80 01 80 01 00 01 00 03 00 02 00 02 00 06 00 04 00 00 00 00 00 00 00
00 00 00 00 00 00 00 00 00 40 00 80 00 80 00 80 00 80 01 00 01 00 01 00 03 00 02 00 00 00 00 00 00 00 00 00 00 00 00 80 00 80 00 80 00 80 01 00 01 00 06 E0 06 00 06 00 06 10 00 80 00 00 00 00
00 00 00 00 00 00 00 00 00 40 00 80 00 80 00 00 00 80 01 80 01 00 00 00 00 00 02 00 00 00 00 00 00 00 00 00 00 00 00 00 00 80 00 80 00 00 01 00 03 00 02 00 06 00 02 00 06 00 00 00 00 00 00 00
00 00 00 00 00 00 00 00 00 00 00 00 00 00 00 00 00 00 01 00 00 00 01 00 00 00 00 00 00 00 00 00 00 00 00 00 80 00 00 00 00 00 00 00 01 00 00 00 02 00 00 00 02 00 02 00 00 00 04 00 00 00 00 00
00 00 00 00 00 00 00 00 00 00 00 00 00 00 00 00 00 00 00 00 00 00 00 00 00 00 00 00 00 00 00 00 00 00 00 00 00 00 00 00 00 00 00 00 00 00 00 00 00 00 00 00 00 00 00 00 00 00 00 00 00 00 00 00
00 00 00 00 00 00 00 00 00 00 00 00 00 00 00 80 00 80 00 00 01 00 00 00 01 00 00 00 00 00 00 00 00 00 00 00 00 00 00 00 00 00 00 00 01 00 00 00 00 00 00 00 00 00 00 00 00 00 00 10 00 00 00 00
00 00 00 00 00 00 00 00 00 00 00 80 00 00 00 80 00 00 00 00 01 00 01 00 01 00 00 00 00 00 00 00 00 00 01 00 01 80 00 00 00 00 01 80 02 80 00 00 00 00 00 00 00 00 00 00 00 00 00 00 00 00 00 00
00 00 00 00 00 00 00 00 00 00 00 40 00 00 00 00 00 80 00 80 01 00 01 00 01 00 03 00 00 00 00 00 00 00 20 00 00 00 00 00 02 00 08 00 02 80 01 00 03 00 03 00 00 00 02 00 00 00 00 00 00 04 00 00
00 00 00 00 00 00 00 00 00 40 00 40 00 80 00 80 00 80 01 80 01 80 01 00 01 00 01 00 00 00 00 00 00 00 00 00 00 00 00 00 40 80 00 80 00 00 05 80 01 00 01 00 03 00 00 00 02 00 00 00 00 00 00 04
00 00 00 00 00 00 00 00 00 40 00 40 00 C0 00 80 00 80 00 80 01 80 01 00 01 00 03 00 00 00 00 00 00 00 00 00 00 00 00 00 00 80 10 80 00 80 00 80 01 80 03 00 03 00 02 00 06 00 06 00 00 10 00 00
00 00 00 00 00 00 00 00 00 40 00 40 00 40 00 80 00 80 00 80 00 80 01 80 01 00 01 00 00 00 00 00 00 01 00 00 00 00 00 00 00 80 00 80 00 00 00 80 01 80 01 00 03 00 03 00 02 00 02 00 00 00 00 00
00 00 00 00 00 00 00 00 00 60 00 40 00 40 00 C0 00 80 00 80 00 80 01 80 01 80 00 00 00 00 00 00 00 00 00 00 00 00 00 00 00 40 00 80 00 80 00 80 01 00 01 00 01 00 01 00 01 00 02 00 00 00 00 00
00 00 00 00 00 00 00 60 00 00 00 40 00 40 00 40 00 00 00 00 00 80 00 80 00 00 00 00 00 00 00 00 80 00 00 00 00 00 00 00 00 00 00 80 00 80 00 80 01 00 01 00 01 00 01 00 02 00 03 00 00 00 00 00
00 00 00 00 00 00 00 60 00 00 00 00 00 40 00 00 00 40 00 80 00 80 00 80 00 00 00 00 00 00 00 00 00 00 00 00 00 00 00 00 00 00 00 00 00 00 00 00 04 80 00 00 01 00 02 00 03 04 01 00 00 04 00 00
00 00 00 00 00 20 00 60 00 40 00 40 00 40 00 00 00 00 00 80 00 00 00 00 00 00 00 00 00 00 00 00 00 00 00 00 00 00 00 00 00 00 00 00 00 00 00 40 00 00 00 00 02 00 00 80 05 00 02 00 00 00 00 00
00 00 00 00 00 60 00 60 00 00 00 00 00 00 00 00 00 00 00 00 00 80 00 00 00 00 00 00 00 00 00 00 00 00 00 00 00 00 00 00 00 00 00 40 00 00 00 00 80 00 00 00 00 00 01 00 01 04 02 00 00 00 00 00
00 00 00 00 00 20 00 40 00 00 00 40 00 00 00 00 00 00 00 00 00 80 00 00 00 00 00 00 00 00 00 00 00 00 00 00 00 00 00 00 00 00 00 00 00 00 00 00 00 00 00 00 00 00 01 80 01 80 00 00 00 00 00 00
00 00 00 20 00 20 00 00 00 40 00 40 00 80 00 00 00 80 00 80 00 00 00 00 00 00 00 00 00 00 00 00 00 00 00 00 00 00 00 00 00 00 00 00 00 00 00 00 00 00 00 00 00 00 01 80 00 00 02 00 00 00 00 00
00 00 00 00 00 20 00 20 00 00 00 20 00 00 00 00 00 80 00 00 00 00 00 00 00 00 00 00 00 00 00 00 00 00 00 00 00 00 00 00 00 00 00 80 00 00 00 00 00 80 01 00 00 00 01 80 00 08 00 00 00 00 00 00
00 00 00 00 00 00 00 20 00 20 00 00 00 00 00 00 00 80 00 80 00 00 00 00 00 00 00 00 00 00 00 00 80 00 00 00 00 00 00 0A 00 00 00 00 00 80 01 00 01 00 02 00 01 00 01 00 02 00 00 40 80 00 00 00
00 00 00 00 00 00 00 00 00 00 00 40 00 40 00 C0 00 80 00 80 00 80 00 00 00 00 00 00 00 00 00 00 00 00 00 00 80 08 00 04 00 80 00 80 00 80 00 00 00 80 00 80 00 00 01 00 00 00 00 00 00 00 00 00
00 00 00 00 00 20 00 20 00 20 00 20 00 00 00 00 00 00 00 80 00 80 00 00 00 00 00 00 00 00 00 00 00 00 00 00 00 00 00 40 00 00 00 40 00 00 00 80 00 80 01 10 01 00 00 00 00 00 00 00 00 00 00 00
00 00 00 00 00 00 00 20 00 20 00 20 00 40 00 40 00 00 00 00 00 00 00 00 00 00 00 00 00 00 00 00 04 00 00 00 00 00 00 00 00 40 00 40 80 80 00 28 00 84 00 80 00 80 00 00 00 00 10 00 00 00 08 00
00 00 00 00 00 00 00 00 00 00 00 00 00 00 00 00 00 00 00 00 00 00 00 00 00 00 00 00 00 00 00 00 00 00 00 00 00 00 00 00 00 00 00 00 00 00 00 00 00 04 00 02 00 00 00 00 00 00 00 00 00 00 08 00
00 00 00 00 00 00 00 00 00 00 00 00 00 00 00 00 00 00 00 00 00 00 00 00 00 00 00 00 00 00 00 00 00 00 00 00 00 00 00 00 00 00 00 00 00 00 00 00 40 00 00 00 20 01 00 00 00 00 00 00 00 00 00 00
00 00 00 00 00 00 00 00 00 00 00 00 00 00 00 00 00 00 00 00 00 00 00 00 00 00 00 00 00 00 00 00 00 00 00 00 00 00 00 00 00 00 00 00 00 00 00 00 00 00 60 00 00 00 01 00 00 00 00 00 00 00 00 00
00 00 00 00 00 00 00 00 00 00 00 00 00 00 00 00 00 00 00 00 00 00 00 00 00 00 00 00 00 00 00 00 00 00 00 00 00 00 00 00 00 00 00 08 00 00 00 00 00 00 00 00 00 00 00 00 00 00 80 00 00 00 00 00
00 00 00 00 00 20 00 40 00 40 00 40 00 80 00 80 00 80 00 80 00 00 00 00 00 00 00 00 00 00 00 00 00 00 00 00 00 00 00 00 00 20 00 00 00 40 00 40 00 00 00 80 00 80 00 80 00 00 00 00 00 00 20 00
00 00 00 00 00 40 00 40 00 C0 00 C0 00 80 00 80 00 80 01 80 01 00 00 00 00 00 00 00 00 00 00 00 00 00 00 00 00 20 00 20 00 60 00 60 00 40 00 C0 00 80 04 80 10 C0 00 00 00 00 00 00 00 00 00 00
00 00 00 40 00 40 00 40 00 C0 00 80 00 80 01 80 01 80 01 00 03 00 01 00 00 00 00 00 00 00 00 00 00 00 00 00 00 20 00 60 10 40 00 40 00 C0 00 C0 00 80 00 80 00 80 00 00 00 00 00 00 00 00 00 00
00 00 00 00 00 40 00 80 00 80 00 80 00 80 01 80 01 00 03 00 03 00 03 00 00 00 00 00 00 00 00 00 00 00 10 20 00 60 08 60 00 40 00 40 00 C0 00 80 00 80 00 80 01 80 00 00 00 00 00 00 00 80 00 00
00 00 00 00 00 80 00 80 00 80 00 80 01 80 01 00 03 00 03 00 02 00 02 00 00 00 00 00 00 00 00 00 00 04 08 00 00 60 20 60 00 C0 00 C0 00 80 00 C0 00 80 01 80 01 A0 01 80 00 00 00 00 00 80 00 00
00 00 00 80 00 80 00 80 00 80 01 80 01 00 03 00 03 00 02 00 02 00 02 00 00 00 00 00 00 00 00 00 00 00 00 00 00 40 00 40 00 C0 00 C0 00 C0 00 80 01 80 01 80 01 00 01 00 00 00 00 00 00 00 00 00
00 00 00 00 00 80 00 80 01 80 01 00 01 00 03 00 02 00 06 00 06 00 00 00 00 00 00 00 00 00 00 00 00 00 00 00 00 40 00 40 00 80 00 80 00 80 09 80 09 80 01 00 03 00 02 00 00 00 00 00 00 00 00 00
00 00 00 80 00 80 01 80 01 00 01 00 03 00 02 00 02 00 06 00 04 00 00 00 00 00 00 00 00 00 00 00 00 00 00 00 00 C0 00 C0 00 C0 00 80 00 80 01 80 01 C0 03 00 03 00 01 00 00 00 00 00 00 80 10 00
00 00 00 80 00 80 01 00 01 00 01 00 02 00 02 00 02 00 06 00 04 00 00 00 00 00 00 00 00 00 00 00 20 00 00 00 00 80 00 80 00 81 00 00 01 80 01 80 01 80 03 80 02 00 02 00 00 00 00 00 00 00 00 00
00 00 00 00 01 80 01 80 01 00 01 00 03 00 02 00 06 00 04 00 04 00 00 00 00 00 00 00 00 00 00 00 00 00 00 00 00 C0 00 80 00 80 00 80 01 00 01 80 03 00 02 00 02 00 00 00 00 00 00 00 00 00 00 00
00 00 00 00 00 80 01 00 01 00 00 00 00 00 00 00 06 00 04 00 04 00 00 00 00 00 00 00 00 80 00 00 00 00 00 00 00 00 00 00 80 80 00 80 01 00 01 00 02 00 02 00 02 00 00 00 00 00 00 00 00 00 00 00
00 00 00 00 00 00 00 00 00 00 02 00 00 00 10 00 04 00 04 00 00 00 00 00 00 00 00 00 00 80 00 00 00 00 00 02 00 00 00 80 00 00 00 00 09 40 00 00 01 00 01 00 00 00 00 00 00 00 00 00 00 00 00 00
00 00 00 00 03 00 00 00 00 00 00 00 00 00 00 00 00 00 00 00 0D 70 00 00 00 00 00 00 00 00 00 00 00 80 00 00 00 00 00 00 00 00 00 00 00 00 00 00 00 00 00 34 00 00 00 00 00 00 00 00 00 00 00 00
00 00 00 00 07 00 18 00 00 00 03 00 03 00 00 00 04 00 10 00 0B F8 00 00 00 00 00 00 00 00 00 00 00 00 07 00 00 40 00 00 00 00 00 00 00 00 00 04 00 00 07 C0 00 00 00 00 00 00 00 00 00 00 00 00
00 00 00 00 07 00 08 00 01 00 01 00 00 00 02 00 04 00 10 00 1F F0 01 00 00 00 00 00 00 00 00 00 00 00 07 00 08 00 00 00 00 00 00 00 00 00 00 00 08 00 07 F0 00 00 00 80 00 00 02 00 00 00 00 00
00 00 00 00 07 00 1F 00 00 00 01 00 03 00 06 00 04 00 00 00 1F F8 0B 80 00 00 00 00 00 00 00 00 00 00 0F 80 1C 82 00 10 02 00 06 00 04 00 0C 00 10 00 07 F8 01 80 00 00 02 00 00 00 00 10 00 00
00 00 00 00 03 00 0F 80 19 00 01 00 03 00 06 00 04 00 00 00 1E F8 0F E0 00 00 00 00 00 00 00 00 80 00 07 00 0F 80 01 01 03 00 02 00 0C 00 0C 00 19 00 07 F8 07 E0 00 00 02 10 00 00 00 00 00 00
00 00 00 00 02 00 0F 00 1C 80 01 80 03 00 02 00 06 00 0C 00 18 30 1F F8 03 00 00 00 00 00 00 00 00 40 0F 00 1F 80 38 80 03 00 06 00 04 00 1C 00 18 00 13 F0 07 F8 04 00 00 00 00 00 00 00 00 00
00 00 00 00 00 00 07 00 1E 80 11 80 01 80 03 00 06 00 04 00 00 00 1F F8 0F 80 00 00 00 00 00 00 00 00 01 00 0F 00 1D 80 03 00 0A 00 06 00 0C 00 0C 01 18 10 07 F0 03 C0 00 00 00 00 01 00 00 00
00 00 00 00 00 00 00 00 0F 80 1C 80 01 80 03 00 06 00 04 00 04 00 0D 78 0F F8 00 00 00 00 00 00 10 00 03 00 0F 80 1F 80 18 00 03 00 06 00 06 00 0C 00 18 40 1F F8 07 F0 04 00 00 00 00 80 00 00
00 00 00 00 00 00 00 00 07 80 1C 80 01 80 01 00 03 00 06 00 04 00 00 08 0F F8 03 80 00 00 00 00 00 00 00 00 0F 00 0F 00 1C 00 03 00 03 00 06 00 0C 00 1C 30 18 70 1F B8 00 00 00 00 00 00 00 00
00 00 00 00 00 00 00 00 03 80 0E 80 08 80 01 80 03 00 02 00 06 00 00 00 0F F8 03 80 00 00 00 00 00 00 00 00 00 00 17 80 0C 00 11 00 03 00 06 00 0E 00 0C 00 18 30 1F F0 00 80 00 00 00 00 00 00
00 00 00 00 00 00 00 00 02 80 06 80 04 80 01 80 03 80 02 00 06 00 04 00 07 78 05 C0 00 00 00 00 00 00 04 00 00 00 03 00 0E 00 09 00 01 00 07 00 0E 00 0C 00 0C 80 1B F8 0A E0 00 00 00 00 00 00
00 00 00 00 00 00 00 00 00 80 00 80 00 80 01 80 01 80 03 00 00 00 04 00 00 1C 00 20 00 00 00 00 00 00 00 00 00 80 00 00 0C 00 09 04 03 08 00 00 0E 00 04 00 08 40 09 80 01 40 00 00 00 00 00 00
00 00 00 00 00 00 00 00 00 80 00 00 00 00 00 00 01 00 00 00 02 00 00 00 02 00 00 00 00 00 00 00 00 10 00 00 00 00 00 00 04 00 10 00 00 00 00 00 00 00 08 00 00 00 10 A0 00 00 00 00 00 00 00 00
00 00 00 00 00 00 00 00 00 00 00 00 00 00 00 00 00 00 00 00 00 00 00 08 00 80 00 00 00 00 00 00 00 00 00 00 00 00 80 00 00 08 00 00 00 00 00 00 00 00 00 00 00 20 00 40 00 00 00 80 00 00 00 20
00 00 00 00 00 00 00 00 00 80 00 00 00 00 10 00 00 00 00 00 00 00 00 04 00 00 00 00 00 00 00 00 00 80 00 00 00 40 00 00 00 00 01 00 01 00 00 00 00 00 00 00 10 00 00 00 08 00 00 00 00 80 00 00
00 00 00 00 00 00 00 00 00 80 00 80 00 80 00 80 00 00 02 00 00 00 06 00 01 80 00 00 00 00 00 00 00 00 00 00 00 00 02 00 00 00 01 80 03 00 00 00 06 00 00 00 00 00 08 00 00 20 80 00 00 80 00 00
00 00 00 00 00 00 00 00 00 80 00 80 00 80 00 80 01 00 00 00 06 00 04 08 00 04 00 00 00 00 00 00 00 02 00 00 00 00 08 00 00 00 08 00 01 80 03 00 06 00 00 00 08 00 08 00 0C 00 01 00 00 80 00 00
00 00 00 00 00 00 00 00 00 80 04 C0 00 80 10 80 01 00 02 00 02 00 04 00 00 00 00 00 00 00 00 00 00 40 00 00 00 01 00 00 0C 00 08 80 01 00 22 00 02 00 04 00 0C 00 00 00 00 00 00 00 00 00 00 10
00 00 00 00 00 00 00 00 01 80 06 C0 04 80 10 80 01 80 03 00 02 00 02 00 00 1C 00 00 00 00 00 00 00 00 00 00 00 00 06 00 14 00 08 80 01 80 01 00 07 00 04 00 04 00 08 00 08 00 00 00 00 00 00 00
00 00 00 00 00 00 01 80 00 C0 02 C0 00 C0 00 80 01 80 03 00 02 00 06 8C 02 84 00 00 00 00 00 00 00 00 00 00 00 00 00 00 05 00 0D 80 0D 80 01 00 02 10 06 00 0C 00 0C 10 0E 10 00 80 00 00 00 00
00 00 00 00 00 00 03 80 02 C0 00 40 00 C0 00 80 01 00 01 00 02 00 03 FC 00 F4 00 00 00 00 00 00 00 00 00 00 02 00 00 00 0D 80 0D 80 00 80 11 00 00 00 06 00 0C 00 0C 00 07 F8 07 80 00 00 00 00
00 00 00 00 00 80 03 C0 02 40 00 40 00 40 00 80 00 80 00 00 02 00 03 FE 00 00 00 00 00 00 00 00 00 00 00 00 00 00 00 00 03 80 06 80 00 00 11 00 02 00 00 00 04 00 04 00 07 FC 01 C0 00 00 00 00
00 00 00 00 01 80 07 C0 04 40 00 40 00 00 01 00 00 00 00 00 03 DC 03 FC 00 00 00 00 00 00 00 00 00 00 00 00 00 00 01 00 03 80 06 00 04 80 00 82 01 00 00 00 04 00 06 3C 07 FC 01 40 00 00 00 00
00 00 00 00 03 C0 07 C0 00 C0 00 C0 00 80 01 00 03 00 06 00 03 FE 00 C0 00 00 00 00 00 00 00 00 00 04 00 01 00 00 01 80 07 80 06 40 00 C0 00 80 01 80 01 00 04 00 07 BC 07 FC 00 00 00 00 00 00
00 00 01 80 03 C0 06 40 00 00 00 80 01 80 03 00 02 00 00 0C 01 FE 00 00 00 00 00 00 00 00 00 00 00 00 00 00 00 00 03 80 07 00 00 40 00 C0 00 80 03 80 01 00 06 10 07 FC 02 C0 00 10 00 00 00 00
00 00 01 80 07 C0 00 60 00 40 00 00 01 80 01 00 06 00 01 FE 01 FA 00 00 00 00 00 00 00 00 00 00 00 00 00 00 00 80 03 C0 06 00 00 40 00 80 00 80 01 00 00 00 07 9C 07 FC 00 30 00 00 00 00 00 00
00 00 01 C0 03 60 00 40 00 40 01 00 00 00 01 00 00 00 01 FE 00 C0 00 00 00 00 00 00 00 00 00 00 00 00 00 00 01 80 07 80 44 00 00 00 20 80 00 00 01 00 06 00 07 FC 01 EC 01 80 00 20 00 00 00 00
00 00 01 C0 00 60 00 20 00 00 00 00 00 00 00 00 02 00 01 FE 00 40 00 00 00 00 00 00 00 00 00 00 00 00 00 00 00 C0 07 C0 04 80 00 00 00 00 00 00 04 80 06 00 07 FE 05 D4 04 4C 00 00 00 00 00 00
00 40 00 20 02 60 00 60 00 60 00 00 00 00 00 00 00 00 00 E2 00 00 00 00 00 00 00 00 00 00 00 00 00 00 00 01 00 C0 02 00 00 00 00 00 00 00 00 00 00 00 06 00 00 20 00 60 00 00 00 00 00 00 00 00
00 00 00 00 00 00 00 00 00 40 00 00 00 00 00 80 01 00 01 00 00 60 00 00 00 00 00 00 00 00 00 00 00 08 00 00 00 00 04 C0 08 00 08 00 02 00 00 00 02 00 00 01 00 00 00 00 00 00 00 80 00 00 00 00
00 00 00 00 00 20 01 20 00 20 00 40 00 80 00 80 01 80 00 00 00 20 00 00 00 00 00 00 00 00 00 00 00 00 00 00 02 40 00 80 00 80 00 80 00 04 01 00 00 00 02 00 00 00 00 00 00 80 00 00 00 00 00 00
00 00 00 00 00 A0 00 20 00 00 00 40 00 80 00 80 01 00 00 00 00 80 00 00 00 00 00 00 00 00 00 00 00 00 04 00 02 00 00 40 00 80 00 00 01 00 01 00 02 00 02 00 00 00 00 82 00 00 08 00 10 00 00 00
00 00 00 00 00 00 00 00 00 00 00 00 00 00 00 00 00 00 00 00 00 00 00 00 00 00 00 00 00 00 00 00 00 00 00 00 00 00 00 00 00 00 40 00 00 00 00 00 00 00 00 00 00 00 00 00 00 00 00 00 00 00 04 00
00 00 00 00 00 00 00 00 00 00 00 00 00 00 00 00 00 00 01 04 00 00 00 00 00 00 00 00 00 00 00 00 01 00 00 00 00 A0 00 00 00 00 20 00 00 00 00 00 10 00 20 00 10 00 00 00 00 00 02 00 00 00 00 00
00 00 00 40 00 00 00 00 00 80 00 00 00 00 00 00 00 00 00 DA 00 00 00 00 00 00 00 00 00 00 00 00 00 00 00 00 00 80 00 00 00 00 00 00 00 00 00 80 01 00 00 00 03 C0 02 00 00 00 00 00 00 00 00 00
00 04 00 C0 00 20 00 00 00 00 00 00 00 00 00 00 00 00 00 2C 00 00 00 00 00 00 00 00 00 00 00 00 00 00 00 00 00 00 00 00 00 00 40 40 00 00 00 00 00 00 04 00 01 F8 00 00 00 00 00 00 00 00 00 00
00 00 03 80 02 00 00 40 00 80 00 80 01 80 01 00 02 00 02 18 00 00 00 00 00 00 00 00 00 00 00 00 20 00 00 00 01 20 03 20 00 40 00 C0 00 80 00 80 01 80 00 00 00 94 00 40 00 00 00 00 20 00 00 00
00 00 00 00 06 C0 06 C0 00 80 01 80 03 00 03 00 06 00 06 28 02 80 00 00 00 00 00 00 00 00 00 00 00 00 00 C0 01 60 03 60 00 60 00 C0 00 80 01 80 01 80 01 02 00 16 00 00 00 00 00 00 00 00 00 00
00 00 02 00 06 80 04 80 00 80 01 80 03 00 03 00 06 00 06 08 07 80 00 00 00 00 00 00 00 00 00 00 00 00 00 C0 00 60 02 E0 00 E0 00 C0 00 C0 01 80 03 00 03 C6 00 02 00 00 00 00 00 00 00 00 00 00
00 00 07 80 06 80 04 80 01 80 01 80 03 00 06 00 06 00 04 30 07 80 00 00 00 00 00 00 00 00 00 00 00 00 80 C0 03 40 03 60 08 C0 00 C0 00 C0 01 80 03 00 03 86 00 0E 00 00 00 00 00 00 00 00 00 00
00 00 07 00 0E 80 09 80 01 80 03 00 02 04 06 00 0E 00 0C 10 0D 00 00 00 00 00 00 00 00 00 00 00 00 00 00 C0 03 E0 06 C0 00 C0 00 C0 01 C0 03 80 03 00 03 04 00 70 00 10 00 00 00 00 00 00 00 00
00 00 07 00 0C 80 09 80 01 00 03 00 06 00 04 00 0C 00 0C 78 0D 80 00 00 00 00 00 00 00 00 00 00 00 00 00 80 06 E0 04 C0 00 C0 01 80 01 C0 03 00 06 80 02 0C 00 FC 00 00 00 00 00 00 00 00 00 00
00 00 06 00 08 80 09 80 03 00 03 00 06 40 0C 00 0C 00 08 70 08 00 00 00 00 00 00 00 00 00 00 00 00 00 00 80 07 C0 04 C0 00 80 01 80 03 80 03 00 07 40 04 8C 00 F8 00 00 00 00 00 00 00 00 00 00
00 00 0F 00 1D 00 19 00 03 00 06 00 06 40 0C 00 08 10 08 F0 08 00 00 00 00 00 00 00 00 00 00 00 00 00 00 C0 06 80 06 80 01 C0 01 80 03 00 03 80 06 00 00 08 00 FC 00 00 00 00 40 00 40 00 00 00
00 00 0E 00 09 00 01 00 03 00 06 00 0C 00 0C 00 18 00 18 80 00 00 00 00 00 00 00 00 00 80 00 00 00 00 00 81 04 80 0C 80 01 80 01 80 02 00 06 00 06 80 04 0E 00 E8 00 00 00 00 00 00 00 00 00 00
00 00 08 00 19 00 11 00 02 00 06 00 04 40 08 00 18 00 18 A0 0A 00 00 00 00 00 00 00 00 80 00 00 00 00 01 80 06 80 08 80 00 80 01 00 03 00 06 00 04 00 04 8C 00 40 00 00 08 00 08 00 00 00 00 00
00 00 04 00 19 00 13 00 02 00 00 00 04 00 0C 00 10 00 18 00 01 00 00 00 00 00 00 00 00 00 00 00 00 10 40 80 00 80 00 00 01 80 03 00 02 00 02 00 06 00 00 08 00 80 00 40 00 00 00 00 00 00 00 00
00 00 00 00 10 00 00 00 01 00 00 00 00 00 00 00 00 00 10 00 10 00 00 00 00 00 00 00 00 00 00 00 00 00 00 00 00 00 00 00 00 00 18 00 00 80 00 00 02 00 00 00 00 00 00 00 00 00 00 00 00 00 00 00
00 00 00 00 00 00 04 00 18 00 01 00 84 00 03 80 00 00 00 80 00 00 06 00 08 00 00 00 00 00 00 00 00 00 00 80 04 00 00 00 00 00 40 00 00 00 00 00 00 00 02 00 04 00 00 00 00 00 00 00 00 00 06 00
00 00 00 00 00 00 04 00 1E 00 00 80 06 00 03 80 00 80 00 80 03 00 0C 00 08 00 00 00 00 00 00 00 00 00 00 00 0F 00 11 00 00 00 00 00 01 80 00 00 01 00 02 00 08 00 00 00 00 00 00 00 00 00 00 00
00 00 00 00 00 00 0C 00 1F 00 01 00 04 00 07 80 00 80 00 80 03 80 06 00 0C 00 00 00 00 00 00 00 00 00 00 00 0A 00 0F 80 00 00 06 00 01 80 04 80 80 00 03 00 0E 00 08 00 00 00 00 00 00 00 00 00
00 00 00 00 00 00 00 00 1E 80 01 00 00 00 07 00 01 C0 00 80 01 80 06 00 1C 00 00 00 00 00 00 00 00 08 00 00 0D 00 1F 84 00 80 06 00 11 80 00 C0 01 C0 03 80 0E 00 08 00 00 00 00 00 00 00 00 00
00 00 00 00 00 00 00 00 1E 80 19 80 00 00 07 00 03 80 00 C0 01 80 07 00 0C 00 08 00 00 00 00 00 00 00 00 00 00 00 1F 00 91 80 06 00 06 80 01 80 00 C0 01 80 0F 00 1C 80 00 00 00 00 00 00 00 00
00 00 00 00 00 00 00 00 0E 00 1F 80 01 00 06 00 07 80 00 C0 01 80 03 00 1E 00 18 00 00 00 00 00 00 00 00 00 00 04 1F 80 1B 80 06 00 06 00 01 80 00 C0 03 80 07 00 1E 00 08 00 00 00 00 00 00 00
00 00 00 00 00 00 00 00 04 00 1E 80 11 80 04 00 07 80 00 C0 00 80 01 80 07 00 1C 00 00 00 00 00 00 00 00 00 00 00 0F 00 1F 80 00 00 06 00 05 84 00 80 01 80 07 80 0E 80 1C 00 00 00 00 00 00 00
00 00 00 00 00 00 00 00 00 00 0E 00 1D 80 01 00 07 80 00 C0 00 C0 01 80 03 80 1E 00 08 00 00 00 00 00 00 00 02 00 06 00 1F 80 11 80 0A 00 07 80 01 C0 00 00 03 80 0F 20 1C 00 00 00 00 00 00 00
00 00 00 00 00 00 00 00 00 00 04 00 1E 80 01 80 03 00 01 C0 00 C0 00 80 03 80 0F 00 0C 00 00 00 00 00 00 00 00 00 00 00 1F 00 1F 80 02 00 06 00 00 C0 00 80 03 80 03 00 1E 00 18 00 00 00 00 10
00 00 00 00 00 00 00 00 00 00 00 00 0E 80 01 80 05 00 03 C0 00 40 00 C0 01 80 07 00 0C 00 00 00 00 00 00 00 00 00 00 00 06 80 1F 00 01 00 07 00 05 80 00 00 00 80 03 80 0F 80 18 00 00 00 00 80
00 00 00 00 00 00 00 00 00 00 00 00 0E 80 00 80 01 80 03 40 00 40 00 C0 01 80 03 00 06 00 00 00 40 00 00 00 00 04 00 00 08 00 3F 00 18 00 03 00 06 80 00 00 01 80 01 80 0F 80 0C 00 00 00 00 00
00 00 00 00 00 00 00 00 00 00 00 00 0C 80 00 80 01 80 01 40 00 40 00 40 00 80 03 00 06 00 00 00 00 00 00 00 00 00 00 00 00 00 00 80 00 00 01 00 00 00 00 00 00 80 01 80 0A 00 0C 00 08 00 00 00
00 00 00 00 00 00 00 00 00 00 00 00 00 00 00 00 01 00 00 00 00 00 00 00 00 80 00 00 00 00 00 00 00 00 00 10 00 00 00 00 00 00 01 00 00 00 00 00 02 00 00 00 01 00 05 80 00 00 10 00 00 00 00 00
00 00 00 00 00 00 00 00 00 00 00 80 00 80 00 00 00 00 00 00 00 00 00 00 00 00 00 00 04 00 00 00 00 00 00 00 00 01 08 00 00 00 00 00 00 00 00 00 00 00 00 00 00 00 12 00 00 00 00 00 00 00 00 00
00 00 00 00 00 00 00 00 00 00 00 00 00 00 00 00 01 00 00 40 00 40 00 00 00 00 00 00 00 00 00 00 00 00 00 00 01 00 00 00 20 00 08 00 01 00 00 00 00 01 00 00 00 80 00 00 02 00 00 00 08 00 00 00
00 00 00 00 00 00 00 00 00 00 00 80 00 80 00 00 00 C0 00 40 00 60 00 40 00 00 00 00 00 00 00 00 00 00 00 00 00 00 00 00 00 00 00 00 13 00 07 00 06 00 03 80 00 90 00 00 00 10 00 00 00 00 00 00
00 00 00 00 00 00 00 00 00 00 00 80 00 80 00 80 00 80 00 40 00 40 00 00 00 80 01 00 02 00 00 00 00 00 00 00 00 00 00 00 00 00 00 00 19 00 01 00 06 00 01 80 00 80 00 00 01 00 08 00 08 00 00 10
00 00 00 00 00 00 00 00 00 00 00 00 00 80 00 80 00 80 00 60 00 60 00 40 00 80 01 80 02 00 00 00 00 00 00 00 00 00 02 00 00 00 18 00 08 00 02 00 02 00 01 80 00 80 00 80 01 00 04 00 0C 00 00 00
00 00 00 00 00 00 00 00 00 00 03 80 04 C0 00 80 00 C0 00 60 00 20 00 40 00 80 02 80 02 00 00 00 00 00 00 00 00 00 00 00 00 00 0C 00 09 00 01 00 07 00 02 80 00 C0 00 80 82 00 0C 00 0C 00 00 00
00 00 00 00 00 00 00 00 00 00 07 C0 00 C0 00 C0 00 C0 00 60 00 20 00 60 00 80 01 00 00 00 00 00 00 00 00 00 00 00 00 00 00 00 00 00 0B 80 01 00 03 00 01 C0 00 C0 00 80 01 00 0C 00 0C 80 00 00
00 00 00 00 00 00 00 00 03 80 07 C0 00 C0 00 80 00 E0 00 30 00 20 00 20 06 80 02 00 00 00 00 00 00 00 00 00 00 00 00 00 00 00 08 00 0F 80 01 80 03 00 01 C0 00 40 00 80 00 00 04 00 06 80 00 00
00 00 00 00 00 00 00 00 07 C0 07 E0 00 40 01 C0 00 E0 00 30 00 20 00 80 03 00 00 00 00 00 00 00 00 00 00 00 00 00 00 00 00 00 0F 80 0F 80 00 00 03 C0 00 C0 00 40 00 40 00 80 07 80 06 00 10 00
00 00 00 00 00 00 00 00 07 C0 00 40 01 80 01 C0 00 F0 00 30 00 C0 03 80 03 00 00 00 00 00 00 00 00 00 00 00 00 00 00 00 01 00 07 80 07 40 02 00 01 C0 00 E0 20 00 00 E0 01 80 07 80 16 00 00 00
00 00 00 00 00 00 03 C0 07 E0 00 00 01 80 00 E0 00 30 00 40 00 C0 03 80 02 00 00 00 00 00 00 00 80 00 00 00 00 00 00 00 01 00 0F 80 06 40 01 80 03 C0 00 B0 00 60 00 E0 03 80 07 00 04 00 00 00
00 00 00 00 00 00 07 C0 06 E0 01 80 01 A0 00 70 00 30 00 C0 01 C0 03 80 00 00 00 00 00 00 00 00 00 01 00 00 00 00 00 00 07 80 07 C0 02 00 01 C0 01 E0 01 30 00 60 00 C0 07 C0 03 00 00 00 00 0C
00 00 00 00 01 80 07 C0 00 60 01 80 00 E0 00 70 00 10 00 E0 03 80 03 00 00 00 00 00 00 00 00 00 00 08 00 00 00 08 00 00 07 80 02 40 04 00 01 C0 01 E0 00 20 00 E0 00 C0 0B 80 07 00 00 00 00 10
00 00 00 00 03 80 03 E0 00 00 01 80 01 60 00 30 00 30 00 C0 03 80 02 00 00 00 00 00 00 00 00 00 00 00 00 00 00 00 01 00 07 80 04 40 09 80 41 C0 01 A0 00 20 00 C0 01 80 03 00 06 00 00 00 00 00
00 00 00 00 01 C0 01 E0 00 20 00 00 00 20 00 10 00 00 00 40 03 00 00 00 00 00 00 00 00 00 00 00 00 00 00 00 00 00 01 00 07 80 02 00 01 80 00 E0 00 D0 00 30 00 E0 01 80 02 00 00 00 04 00 00 00
00 00 00 00 02 00 00 E0 00 60 00 00 00 20 00 30 00 10 00 00 00 00 00 00 00 00 00 00 00 00 00 00 00 00 00 00 00 00 00 00 00 80 01 00 01 00 01 80 00 20 00 00 00 00 02 00 01 00 00 00 00 00 00 00
00 00 00 00 00 00 00 00 00 20 00 40 00 40 00 00 00 10 00 20 00 80 00 80 00 00 00 00 00 00 00 00 00 00 00 00 00 00 02 00 04 80 01 80 00 00 00 00 00 00 00 40 00 00 02 00 02 00 00 00 02 00 00 00
00 00 00 00 00 00 00 00 02 20 00 00 00 00 00 00 00 10 00 30 00 40 00 00 00 00 00 00 00 00 00 00 00 00 00 00 00 00 06 00 00 00 00 00 00 20 00 00 00 42 00 86 03 00 00 00 00 00 00 00 00 00 00 00
00 00 00 00 00 00 01 00 00 00 00 00 00 00 00 00 00 00 00 00 00 00 01 00 00 00 00 00 00 00 00 00 01 00 00 00 00 00 00 00 00 00 00 80 01 00 00 00 00 20 00 00 01 80 00 00 00 00 04 00 08 00 00 00
00 00 00 00 00 00 00 00 00 00 00 00 00 00 00 00 00 00 00 00 00 00 00 80 00 00 00 00 00 00 00 00 00 00 00 00 00 00 00 00 00 00 00 00 00 00 00 00 00 00 00 40 00 00 00 00 00 00 00 00 10 00 00 00
00 00 00 00 00 00 00 00 00 00 00 00 00 60 00 00 00 00 00 00 00 00 00 00 00 00 00 00 00 00 00 00 00 00 00 00 00 00 00 00 00 80 00 00 00 00 00 00 00 00 40 00 00 00 00 00 00 00 00 00 00 00 00 00
00 00 00 00 01 00 02 20 00 00 00 00 00 20 00 10 00 00 00 40 01 80 00 00 00 00 00 00 00 00 00 00 00 00 00 00 00 00 01 80 00 00 00 00 00 80 00 60 00 00 00 20 10 80 00 00 02 00 00 00 00 00 00 00
00 00 00 00 01 C0 02 40 00 00 00 80 00 20 00 10 00 00 00 80 00 00 00 00 00 00 00 00 00 00 00 00 00 00 00 00 00 00 00 80 02 80 00 00 80 80 00 C0 00 10 00 20 00 C0 0B 80 01 80 00 00 00 00 00 00
00 00 00 00 02 00 04 00 00 80 01 80 00 00 00 00 00 60 00 40 03 80 02 00 00 00 00 00 00 00 00 00 00 00 00 00 00 00 01 00 03 20 00 40 00 00 00 10 00 00 00 30 00 C0 00 00 00 00 00 00 00 00 00 00
00 00 00 00 00 00 06 00 04 80 01 80 01 80 00 E0 00 60 00 C0 03 00 06 00 02 00 00 00 00 00 00 00 00 00 00 00 00 C0 00 60 00 60 00 C0 00 60 00 30 00 30 00 60 00 C0 01 80 00 00 00 00 00 00 00 00
00 00 00 00 04 00 0F 80 04 80 01 80 03 80 01 C0 00 60 00 C0 05 80 06 00 04 00 00 00 00 00 00 00 00 00 00 00 01 C0 00 60 02 40 00 C0 00 E0 00 30 00 30 00 60 00 E0 01 00 01 80 00 00 00 00 00 00
00 00 00 00 00 00 0D 00 01 80 03 80 03 80 01 C0 00 C0 00 80 07 00 04 00 04 00 00 00 00 00 00 00 00 00 00 00 01 00 02 C0 00 E0 00 C0 00 E0 00 30 00 38 00 60 00 C0 01 80 02 60 00 40 00 00 00 00
00 00 00 00 00 00 0D 80 09 80 03 80 03 00 01 C0 00 C0 01 80 07 00 0C 00 08 00 00 00 00 00 00 00 00 00 00 00 00 C0 02 C0 00 C0 00 C0 00 C0 00 60 00 60 00 E0 00 80 03 90 02 40 00 00 00 00 00 00
00 00 00 00 04 00 1E 00 09 80 03 00 07 00 00 80 00 C0 03 80 0F 00 0C 00 00 00 00 00 00 00 00 00 00 00 00 00 00 80 04 C0 06 C0 00 C0 00 C0 00 60 00 60 00 C0 01 80 03 00 00 00 00 00 00 00 00 02
00 00 00 00 0F 00 1A 00 13 00 07 00 06 00 03 80 00 80 03 80 0E 00 0C 00 00 00 00 00 00 00 00 00 00 00 00 00 00 80 04 80 04 80 00 80 00 C0 00 60 00 60 00 C0 01 80 07 00 00 00 00 00 00 00 00 00
00 00 00 00 0E 00 1C 00 03 00 06 00 06 00 01 80 00 80 03 00 0E 00 08 00 00 00 00 00 00 00 00 00 00 00 00 00 00 00 04 C0 04 C0 01 C0 00 80 00 40 00 E0 00 C0 01 C0 07 00 04 00 00 00 00 00 00 00
00 00 00 00 0E 00 10 00 03 00 04 00 06 00 00 80 01 80 03 00 0E 00 10 00 00 00 00 00 00 00 00 00 00 01 00 00 00 00 04 C0 08 C0 00 80 01 C0 00 C0 00 C0 00 80 03 00 07 80 00 00 00 00 00 00 00 00
00 00 00 00 08 00 10 00 13 00 06 00 06 00 00 80 00 80 03 00 04 00 18 00 00 00 00 00 00 00 00 00 00 00 00 00 00 00 08 80 00 80 01 80 00 00 00 40 10 D0 00 80 03 40 04 00 00 00 00 00 00 00 00 00
00 00 00 00 00 00 10 00 02 00 00 00 02 00 01 80 01 80 00 00 08 00 08 00 00 00 00 00 00 00 00 00 00 00 00 00 80 00 01 80 08 00 00 80 01 80 00 C0 00 C0 00 80 00 00 00 80 00 00 00 40 00 00 00 00
00 00 00 00 00 00 02 00 11 00 00 00 04 00 01 80 00 00 00 00 00 00 00 00 00 00 00 00 00 00 00 00 00 00 80 00 00 00 00 80 00 00 00 00 00 00 00 00 00 00 00 00 00 00 00 80 00 00 00 00 00 00 00 00
00 00 00 00 00 00 00 00 00 00 00 00 00 00 00 00 01 00 00 00 00 00 01 00 00 00 00 00 00 00 00 00 00 00 00 00 00 00 00 00 00 00 00 00 00 00 00 00 00 00 84 00 00 00 00 00 00 00 00 00 00 00 00 00
00 00 00 00 00 00 00 00 00 00 00 00 00 00 00 00 0F 00 00 00 00 00 00 80 00 00 00 00 00 80 00 00 00 00 00 00 00 00 00 00 00 00 00 00 00 00 00 00 00 00 00 00 00 00 00 00 00 00 00 80 00 00 04 00
00 00 00 00 00 00 00 00 00 00 00 40 00 00 00 00 19 00 00 00 00 00 00 80 00 00 00 00 00 00 00 00 00 00 00 00 00 00 00 00 00 00 00 80 00 00 08 00 0F 82 04 00 00 00 00 00 00 00 01 00 00 00 00 00
00 00 00 00 00 00 00 00 00 00 00 00 10 40 00 00 1F 80 00 00 00 80 00 80 00 00 00 00 00 00 00 00 00 08 00 08 04 50 00 00 18 00 00 80 40 00 01 00 0F 80 00 00 08 00 00 00 00 00 00 00 00 00 00 00
00 00 00 00 00 00 00 00 04 00 08 00 88 40 00 80 1F 00 00 80 00 00 01 80 01 00 00 00 00 00 00 00 00 10 00 10 04 00 00 40 08 C0 10 00 00 80 01 80 0F 80 00 80 00 00 00 00 00 00 00 00 00 40 00 00
00 00 00 00 00 00 00 00 04 00 0C 00 08 40 00 00 19 00 1F 80 00 00 00 80 01 80 00 00 00 00 00 00 00 00 00 00 04 20 04 40 08 00 18 C0 10 80 00 80 0F 80 00 00 00 00 00 00 00 00 00 80 00 00 00 00
00 00 00 00 00 00 00 00 04 00 0C 00 08 40 00 40 10 80 1F 80 00 80 00 80 01 80 00 80 00 00 00 00 20 00 00 00 00 00 0C 40 08 40 18 80 10 80 00 80 0F 80 00 00 00 00 00 00 00 00 00 00 00 00 00 00
00 00 00 00 00 00 00 00 00 00 04 00 0C 40 08 40 00 C0 1F 80 0F 00 00 00 00 80 01 80 00 00 00 00 08 00 00 00 00 00 04 40 0C C0 08 C0 18 80 10 80 0B 80 0E 80 00 00 00 00 00 00 00 00 00 00 00 00
00 00 00 00 00 00 00 00 00 00 04 40 0C 60 08 40 08 C0 00 C0 0F 80 00 80 00 80 01 80 00 00 00 00 00 00 00 00 00 00 04 00 0C C0 18 C0 1A C0 10 80 19 80 0F 80 80 04 01 80 01 80 00 00 00 00 10 00
00 00 00 00 00 00 00 00 00 00 04 20 04 60 0C 60 08 40 00 C0 0F C0 00 C0 00 80 00 80 00 80 00 00 00 00 00 00 00 00 00 80 04 00 0C 40 08 40 10 C0 10 80 17 80 00 80 00 80 00 80 00 80 00 00 00 00
00 00 00 00 00 00 00 00 00 00 02 20 06 20 04 20 08 40 08 40 0F C0 00 C0 00 C0 00 80 00 80 00 00 00 00 00 00 00 00 00 00 04 40 0C 40 0C 40 18 C0 18 C0 13 80 07 80 00 80 01 80 00 80 00 00 00 00
00 00 00 00 00 00 00 00 00 00 02 00 04 20 04 20 0C 60 00 40 02 40 02 40 00 40 00 C0 00 00 00 00 00 00 00 00 00 00 00 00 04 00 04 00 0C 40 08 40 19 C0 11 80 03 80 00 80 01 80 01 80 00 00 00 00
00 00 00 00 00 00 00 00 00 00 02 00 02 00 00 00 08 00 00 40 00 40 04 40 00 40 00 C0 00 00 00 00 00 00 00 00 00 00 00 00 00 00 04 40 00 40 08 00 10 00 11 00 04 00 01 00 00 80 00 00 00 00 00 00
00 00 00 00 00 00 00 00 00 00 00 00 00 00 00 00 00 00 00 00 00 40 00 00 00 00 00 00 00 00 00 00 00 00 00 00 00 00 00 00 00 00 00 00 00 00 00 00 10 00 14 00 00 00 00 80 00 00 00 00 00 30 00 00
00 00 00 00 00 00 00 00 00 00 00 20 00 00 00 20 00 00 00 00 00 00 00 00 00 00 00 00 00 00 00 00 00 00 00 00 00 00 00 00 00 00 00 00 08 00 00 00 00 00 00 00 00 00 00 00 00 00 00 00 00 20 00 00
00 00 00 00 00 00 00 00 00 00 00 00 00 20 00 20 00 40 00 40 04 00 00 40 00 40 00 00 00 00 00 00 00 80 00 00 00 00 00 40 08 00 00 40 00 00 00 00 00 00 00 00 08 00 00 80 00 00 00 00 00 00 00 00
00 00 00 00 00 00 00 00 00 00 02 00 00 20 04 00 0C 40 08 40 00 40 00 40 00 40 00 40 00 00 00 00 00 00 00 00 00 00 00 00 00 40 04 00 05 C0 00 C0 10 C0 00 80 00 00 00 00 00 80 00 80 00 00 00 00
00 00 00 00 00 00 00 00 00 00 00 00 02 00 00 20 08 20 08 40 04 40 00 40 00 40 00 40 00 00 00 00 00 00 00 00 00 00 10 00 00 00 00 00 04 00 08 40 18 C0 10 80 08 00 00 80 00 80 00 00 00 08 00 00
00 00 00 00 00 00 00 00 00 00 02 20 02 20 04 20 04 60 04 40 04 40 00 40 00 40 00 40 00 80 00 00 00 00 00 80 00 00 00 00 00 00 04 40 04 40 0C 40 08 C0 18 80 08 80 00 80 00 80 00 80 00 00 00 00
00 00 00 00 00 00 00 00 00 00 02 20 02 30 06 20 04 20 04 60 07 40 00 40 00 40 00 40 00 00 00 00 00 00 00 00 00 00 00 00 00 00 06 20 04 20 08 60 08 C0 08 C0 0E 80 00 80 00 80 00 80 00 80 00 00
00 00 00 00 00 00 00 00 03 00 01 30 03 10 02 30 04 20 06 60 07 60 00 60 00 60 00 40 00 00 00 00 00 00 00 00 00 00 00 00 00 00 02 00 80 20 0C 60 08 40 08 40 0F 80 04 C0 00 80 00 80 00 00 00 00
00 00 00 00 00 00 00 00 01 00 01 10 00 10 12 10 04 20 07 A0 00 20 00 20 00 20 00 00 00 00 00 00 00 00 02 00 00 00 00 00 00 00 00 20 00 00 08 00 08 40 0C 00 0F C0 01 C0 00 C0 00 C0 00 00 00 00
00 00 00 00 00 00 00 00 01 30 01 10 00 10 00 00 04 00 07 E0 00 20 00 20 00 20 00 00 00 00 00 00 00 00 80 00 04 00 00 00 00 00 00 40 00 00 00 00 08 08 0C 00 07 C0 00 C0 00 40 00 40 00 00 00 00
00 00 00 00 00 00 01 00 01 10 02 10 06 10 00 20 06 E0 03 E0 00 20 00 20 00 00 00 00 00 00 00 00 00 00 00 00 00 00 00 00 00 00 01 00 02 40 10 00 1C 00 07 C0 07 C0 00 80 00 60 00 C0 00 80 00 00
00 00 00 00 00 00 01 10 02 10 02 10 04 20 00 00 03 E0 00 20 00 20 00 20 00 00 00 00 00 00 00 00 00 00 00 00 00 00 00 00 00 00 01 00 00 00 04 10 04 00 0F C0 02 40 00 20 00 E0 00 40 00 00 00 00
00 00 00 00 01 00 01 10 02 10 06 10 00 00 00 20 07 C0 00 20 00 00 00 00 00 00 00 00 00 00 00 00 00 00 00 00 00 00 00 80 01 00 02 00 02 00 04 00 06 C0 07 C0 00 40 00 60 00 62 00 40 00 00 00 00
00 00 00 00 01 00 01 10 02 10 00 10 00 20 02 00 03 F0 00 20 00 20 00 00 00 00 00 00 00 00 00 00 00 00 00 00 00 00 00 00 00 00 00 00 00 00 00 00 0F C0 03 C0 04 40 02 E0 00 60 00 80 00 00 00 00
00 00 00 00 00 10 01 18 00 18 02 00 02 00 02 60 03 E0 00 20 00 20 00 00 00 00 00 00 00 00 00 00 00 01 00 00 00 00 00 00 00 00 00 00 00 00 04 80 07 C0 01 40 02 40 00 60 00 00 00 00 00 00 00 00
00 00 00 00 01 80 00 80 00 00 00 08 00 10 02 10 00 B0 00 10 00 20 00 00 00 00 00 00 00 00 00 00 00 00 00 00 00 01 00 10 00 10 00 00 04 00 04 00 01 40 01 A0 00 40 00 40 00 00 00 00 00 00 00 00
00 00 00 00 00 00 01 00 00 00 02 10 00 10 00 10 00 10 00 30 00 30 00 20 00 00 00 00 00 00 00 00 00 00 00 00 00 00 00 00 00 00 00 20 04 20 04 20 0A 40 02 60 02 60 00 00 00 00 00 00 00 80 00 10
00 00 00 00 00 00 00 08 01 00 02 00 02 00 02 10 00 10 00 00 00 20 00 00 00 00 00 00 00 00 00 00 00 00 00 00 00 00 01 00 00 30 02 10 40 00 20 20 00 00 00 00 00 40 00 40 00 00 00 00 00 00 00 00
00 00 00 00 00 00 00 08 00 08 00 18 02 10 00 00 00 00 00 00 00 10 00 00 00 00 00 00 00 00 00 00 00 00 00 00 00 00 00 00 00 00 00 20 00 00 04 00 00 60 00 04 00 20 00 00 00 40 00 00 08 00 00 00
00 00 00 00 00 00 00 00 00 00 00 00 00 00 00 00 00 20 00 00 00 00 00 00 00 00 00 00 00 00 00 00 00 00 00 00 00 00 00 00 00 00 00 00 00 00 00 00 00 00 00 40 00 00 00 40 00 00 00 00 00 00 00 00
00 00 00 00 00 00 00 00 00 00 00 00 00 00 00 00 00 10 00 00 00 00 00 00 00 00 00 00 00 00 00 00 00 00 00 00 00 00 00 00 00 00 00 00 00 00 00 00 40 00 00 00 00 00 00 00 00 00 00 00 00 00 00 00
00 00 00 00 00 00 00 00 00 00 00 00 00 00 00 00 00 40 00 00 00 00 00 00 00 00 00 00 00 00 00 00 00 00 00 00 00 60 00 00 00 00 00 00 00 00 00 00 30 00 00 00 08 00 00 00 00 00 00 00 00 00 00 00
00 00 00 00 00 80 00 00 00 00 00 00 00 00 00 00 01 00 00 00 00 00 00 00 00 00 00 00 00 00 00 00 00 00 00 00 00 00 00 00 00 00 00 00 00 00 00 00 00 40 00 00 00 00 02 00 00 80 00 00 00 00 00 00
00 00 00 00 00 00 01 00 02 10 02 20 00 20 04 20 00 C0 00 40 00 40 00 40 00 00 00 00 00 00 00 00 00 00 00 00 00 00 01 08 01 00 02 18 02 10 00 10 01 80 00 00 00 20 04 80 00 00 00 00 00 00 00 20
00 00 00 00 01 00 03 10 02 10 06 30 04 20 04 60 04 40 00 60 00 60 00 40 00 00 00 00 00 00 00 00 00 00 00 00 00 80 01 08 01 18 03 10 02 10 02 30 00 30 00 30 00 30 00 20 00 00 00 00 00 00 00 00
00 00 00 00 02 20 02 30 06 30 04 60 0C 60 04 40 06 C0 00 40 00 C0 00 40 00 00 00 00 00 00 00 00 00 00 00 00 01 90 11 90 03 18 03 10 06 30 06 30 03 30 00 20 00 20 00 60 00 00 00 00 00 00 00 00
00 00 00 00 02 20 02 20 06 20 0C 60 08 40 08 C0 0E C0 00 C0 00 C0 00 80 00 00 00 00 00 00 00 00 00 00 00 00 01 00 01 10 02 10 02 10 06 30 06 30 00 60 00 20 00 60 00 60 00 00 00 00 00 00 00 00
00 00 00 00 02 00 06 20 04 60 0C 60 08 40 08 C0 0C C0 00 C0 00 80 00 80 00 00 00 00 00 00 00 00 00 04 00 00 01 00 03 10 02 30 04 30 06 30 04 60 06 E0 00 60 00 60 00 60 00 00 00 00 00 00 00 00
00 00 00 00 06 00 04 60 0C 40 08 40 18 C0 18 C0 08 80 00 80 00 80 00 80 00 00 00 00 00 00 00 00 00 00 00 00 03 00 02 30 07 30 06 30 0C 60 06 60 01 60 00 40 00 60 00 40 00 00 00 00 00 00 00 00
00 00 00 00 04 00 04 40 08 40 18 C0 10 80 10 80 19 80 00 80 00 80 00 80 00 00 00 00 00 00 00 00 00 00 00 00 00 00 02 20 04 20 04 70 0C 60 0C 60 01 40 00 60 00 40 00 40 00 00 00 00 00 00 00 00
00 00 00 00 04 40 0C 40 08 40 18 C0 10 80 11 80 11 80 00 80 00 80 00 80 00 00 00 00 00 00 00 00 00 00 00 00 02 00 06 A0 04 20 0C 60 08 40 08 40 02 C0 00 C0 00 C0 00 80 00 00 00 00 00 00 00 00
00 00 00 00 04 00 0C 40 08 C0 08 80 10 80 11 80 10 80 00 80 01 80 01 80 00 00 00 00 00 00 00 00 00 00 00 00 02 00 06 20 06 60 0C 40 08 40 00 40 05 C0 00 E0 00 E0 00 80 00 00 00 00 00 00 20 00
00 00 00 00 04 40 00 40 10 C0 10 80 10 80 10 80 08 80 00 80 01 80 01 00 00 00 00 00 00 00 00 00 00 00 00 00 04 00 04 20 08 00 08 00 08 40 08 90 00 10 00 80 00 80 00 80 00 00 00 00 00 00 00 00
00 00 00 00 00 00 08 80 08 00 10 00 10 80 10 80 11 80 00 00 01 80 00 00 00 00 00 00 00 00 00 00 00 00 00 00 00 00 00 00 04 60 08 40 08 40 08 40 05 C0 00 00 00 00 00 00 00 00 00 00 00 00 00 00
00 00 00 00 00 00 00 00 00 00 00 00 00 80 00 00 10 00 01 00 00 00 00 00 00 00 00 00 00 00 00 00 00 04 00 00 00 00 04 40 00 40 00 00 00 00 00 80 00 40 00 80 00 80 00 00 00 00 00 00 00 00 00 00
00 00 00 00 03 00 00 00 00 00 00 00 04 40 08 80 00 20 00 00 00 80 00 00 00 00 00 00 00 00 00 00 00 00 01 80 04 00 00 00 00 00 00 00 00 00 00 00 00 00 00 01 00 80 00 00 00 00 00 00 00 00 00 00
00 00 00 00 03 80 08 00 00 00 04 00 1D C0 00 40 00 40 00 00 18 E0 0F 00 00 00 00 00 00 00 00 00 00 00 00 80 0C 00 00 00 00 00 8F 80 00 C0 00 00 00 02 00 00 0D 80 00 00 00 00 00 00 00 00 00 00
00 00 00 00 03 80 16 00 08 00 00 00 0F 00 00 C0 00 60 00 20 10 C0 0F 80 00 00 00 00 00 00 00 00 00 20 03 80 06 00 00 00 02 00 17 00 00 80 00 20 00 00 00 00 0F 80 00 00 00 00 00 00 00 00 00 00
00 00 00 00 03 80 1F 00 08 00 00 00 1F 80 08 80 00 40 00 00 00 60 1F C0 00 00 00 00 00 00 00 00 00 00 02 04 0F 00 00 00 04 00 8B 00 00 C0 00 40 00 20 10 C0 0F C0 00 00 00 00 00 00 00 00 00 00
00 00 00 00 00 80 07 00 08 00 00 00 0F 80 19 C0 00 60 00 20 00 20 1F C0 00 00 00 00 00 00 00 00 00 08 03 80 1F 80 08 00 04 00 07 80 19 C0 00 60 00 20 08 40 1F C0 04 00 00 00 01 00 00 00 00 00
00 00 00 00 00 00 07 C0 1C 00 00 00 0F 00 1F 80 00 E0 00 30 00 20 19 E0 0F 00 00 00 00 00 00 00 00 00 00 00 0F 80 0E 01 00 00 0F 00 1F C0 00 C0 00 70 00 20 1B C0 0F 80 00 00 00 20 00 00 00 00
00 00 00 00 00 00 07 80 1F 00 08 00 00 00 1F 80 18 C0 00 40 00 30 00 E0 1F 80 00 00 00 00 00 00 00 00 00 00 03 80 1F 00 00 00 00 00 1F C0 00 E0 00 60 10 00 1C E0 1F C0 00 00 00 00 00 00 00 00
00 00 00 00 00 00 00 80 0F 80 0C 00 00 00 0F 80 19 C0 00 60 00 20 00 60 1F C0 06 80 00 00 00 00 00 00 00 00 06 80 1F 80 1C 00 06 00 0F C0 11 E0 00 60 00 20 00 40 1F C0 0F 00 00 00 00 00 00 00
00 00 00 00 00 00 00 00 03 80 06 00 00 40 07 00 0F C0 00 20 00 10 00 30 0B E0 0F 80 00 00 00 00 00 00 00 00 00 00 07 80 1E 00 00 00 0B 80 1F 80 00 E0 00 20 18 20 1F E0 0F 80 00 00 00 00 00 00
00 00 00 00 00 00 00 00 01 C0 07 00 04 40 00 00 0F 80 00 00 00 10 00 10 08 60 0F C0 00 00 00 00 00 00 00 00 00 00 09 80 0F 80 00 00 0B 00 0B 00 18 70 00 10 10 20 19 E0 1F C0 00 00 00 00 00 00
00 00 00 00 00 00 00 00 01 C0 07 80 04 00 00 00 0F 80 00 40 00 10 00 10 00 20 07 E0 00 00 00 00 00 00 00 00 08 00 00 00 0F 80 08 00 00 00 0F 80 08 E0 00 00 00 00 08 A0 1F C0 00 00 00 00 00 00
00 00 00 00 00 00 00 00 00 C0 07 80 04 40 04 00 0E 80 00 00 00 10 00 10 00 30 07 E0 00 80 00 00 00 00 00 00 00 00 00 00 0F 80 0C 00 08 80 0C 80 08 20 00 00 00 20 11 20 0A E0 02 00 00 00 00 00
00 00 00 00 00 00 00 00 00 00 00 00 04 00 00 00 0A 00 00 00 00 00 00 00 00 00 00 80 00 80 00 00 00 00 00 00 00 00 00 80 02 00 08 00 00 00 04 00 08 00 00 00 00 20 00 10 00 40 00 00 00 00 00 00
00 00 00 00 00 00 00 00 00 00 00 00 00 00 00 00 00 00 00 00 00 00 00 00 00 00 00 00 00 00 00 00 00 00 00 00 00 00 00 00 00 00 00 00 00 00 00 00 00 00 00 00 00 00 00 00 1A 00 00 00 00 00 00 00
00 00 00 00 00 00 00 00 00 00 04 00 04 00 04 00 00 80 00 00 00 10 00 00 00 30 00 40 00 00 00 00 00 00 00 00 01 00 00 00 00 00 00 80 08 80 08 00 00 00 00 40 00 20 00 00 00 00 08 00 00 00 00 00
00 00 00 00 00 00 00 00 00 00 02 00 04 00 04 00 00 40 00 10 00 00 00 08 04 00 00 00 00 00 00 00 00 00 00 00 04 00 00 00 00 00 19 80 0C 00 08 80 08 80 00 60 00 20 00 20 00 00 05 02 00 00 00 00
00 00 00 00 00 00 00 00 00 C0 00 00 02 00 03 80 00 E0 00 30 00 18 00 10 00 00 00 00 00 00 00 00 00 00 00 00 00 00 00 00 00 00 08 00 04 00 04 00 09 C0 00 00 00 10 08 00 00 00 0E 00 00 00 00 10
00 00 00 00 00 00 00 00 00 00 04 00 06 00 00 00 00 A0 00 20 00 08 00 08 04 10 02 00 00 00 00 00 00 00 00 00 00 00 00 00 00 00 00 00 0C 00 00 00 08 80 00 40 00 30 08 30 08 00 00 00 00 00 00 00
00 00 00 00 00 00 00 00 02 A0 02 00 02 00 02 00 00 E0 00 10 00 08 00 08 04 00 01 00 00 00 00 00 00 00 00 00 00 00 00 00 00 00 0C 00 05 00 04 00 0C C0 02 60 00 00 00 10 08 00 0E 00 00 02 00 00
00 00 00 00 00 00 00 00 06 E0 02 00 02 00 03 80 00 E0 00 18 00 08 00 08 07 90 00 00 00 00 00 00 00 00 00 00 00 00 00 00 00 00 0C 00 04 00 04 00 0F C0 00 60 00 30 00 10 08 00 0F C0 00 00 00 00
00 00 00 00 00 00 00 40 07 80 00 00 02 00 03 C0 00 F0 00 18 00 08 04 08 07 E0 00 00 00 00 00 00 00 00 00 00 00 00 00 00 00 C0 0D 80 04 00 04 00 07 C0 00 70 00 10 00 10 0C 00 0F E0 00 00 00 00
00 00 00 00 00 00 01 E0 07 80 02 00 03 00 03 C0 00 30 00 08 00 08 06 30 07 E0 00 00 00 00 00 00 00 00 00 00 00 00 00 40 05 C0 07 80 06 00 03 80 0F E0 00 30 00 10 00 08 0E 60 07 C0 00 00 00 00
00 00 00 00 00 00 03 E0 02 00 01 00 03 C0 01 F0 00 18 00 0C 02 18 07 F0 01 C0 00 00 00 00 00 00 00 00 00 00 00 00 00 00 07 E0 06 00 02 80 03 C0 0F F0 00 18 00 08 00 10 07 F0 07 A0 00 00 00 20
00 00 00 00 00 E0 03 80 00 00 01 00 03 E0 00 70 00 1C 00 0C 06 10 07 F0 00 00 00 00 00 00 00 00 00 00 00 00 00 00 01 E0 07 C0 06 00 08 00 07 C0 0E F0 00 08 00 00 06 38 07 F0 03 40 00 00 00 00
00 00 00 00 03 F0 03 00 00 00 01 C0 02 F0 00 30 00 0C 00 00 07 78 03 E0 00 00 00 00 00 00 00 00 00 00 01 00 00 00 01 E0 03 80 00 80 03 C0 03 F0 02 38 00 10 00 08 06 38 03 F0 00 00 00 80 00 00
00 00 00 00 03 E0 00 00 01 00 01 C0 02 70 00 18 00 0C 02 04 03 F0 01 80 00 00 00 00 00 00 00 00 00 02 00 00 00 60 03 C0 06 80 06 00 03 C0 06 70 08 38 00 00 00 08 07 F0 07 D0 04 80 00 A0 00 00
00 00 00 70 00 C0 01 00 01 00 00 C0 00 70 00 08 00 04 02 00 03 F0 00 00 00 00 00 00 00 00 00 00 00 00 00 00 00 C0 03 80 02 00 00 00 03 E0 00 70 00 10 00 08 04 08 03 F0 00 80 03 80 00 00 00 00
00 00 00 C0 01 80 00 00 01 00 01 E0 00 30 00 08 00 04 00 04 02 10 00 00 00 00 00 00 00 00 00 00 00 00 00 00 00 00 02 80 0A 80 02 80 05 A0 01 30 02 08 00 00 02 10 07 D0 00 00 00 00 00 00 00 00
00 00 00 00 02 40 01 00 01 00 01 80 00 30 00 00 00 00 00 04 00 00 00 00 00 00 00 00 00 00 00 00 00 00 00 00 00 10 02 20 00 00 00 00 00 C0 02 00 10 00 00 00 00 00 01 00 00 00 00 00 00 00 00 00
00 00 00 00 00 30 01 00 00 00 00 80 00 00 00 00 00 00 00 00 00 30 00 80 00 00 00 00 00 00 00 00 00 00 00 00 00 00 00 00 02 00 02 00 80 00 00 00 00 08 00 09 00 00 00 00 00 00 00 00 00 00 00 00
00 00 00 00 00 40 00 00 00 00 00 00 81 00 00 00 00 04 00 00 00 00 01 00 00 00 00 00 00 00 00 00 08 00 08 00 00 00 00 00 02 00 02 80 02 00 00 00 00 00 00 08 02 10 00 04 00 00 08 00 00 00 00 00
00 00 00 00 00 80 00 00 00 00 00 00 00 20 00 00 00 00 00 00 00 00 00 00 00 00 00 00 00 00 00 00 00 00 00 00 00 00 00 00 02 00 00 00 00 00 00 90 00 50 00 08 00 00 00 00 00 00 00 00 00 00 00 00
00 00 00 00 00 00 00 00 00 00 00 00 00 00 00 00 00 00 02 00 00 00 00 00 00 00 00 00 00 00 00 00 00 00 00 80 00 00 00 00 00 40 00 00 00 00 00 00 00 20 10 00 00 02 00 00 00 00 00 00 00 00 00 00
00 00 00 20 00 00 00 00 00 00 01 A0 00 00 00 04 00 00 00 00 00 80 00 00 00 00 00 00 00 00 00 00 00 00 00 00 00 00 00 40 00 A0 00 00 00 60 00 00 00 08 00 00 04 00 03 80 00 00 00 00 00 00 00 00
00 00 00 40 01 80 00 00 00 00 00 C0 00 10 00 08 00 00 00 10 00 70 00 00 00 00 00 00 00 00 00 00 00 00 00 00 00 E0 00 00 00 00 00 00 01 22 00 00 00 00 00 00 02 10 01 80 08 00 00 00 00 00 00 00
00 00 00 80 03 00 00 00 00 00 02 80 00 00 00 00 00 04 00 00 01 00 00 00 00 00 00 00 00 00 00 00 00 00 00 00 00 B0 80 00 00 00 00 00 02 80 08 10 00 09 00 00 00 10 00 C0 00 00 04 00 00 00 00 00
00 00 00 50 00 00 00 00 00 00 02 00 00 00 08 00 00 08 00 08 02 00 00 00 00 00 00 00 00 00 00 00 00 00 00 00 00 00 01 00 00 00 00 80 02 00 08 00 00 00 00 00 00 00 00 00 00 00 00 00 00 00 00 00
00 00 00 00 06 80 02 00 02 00 02 00 06 60 08 10 00 18 04 08 06 00 01 00 00 00 00 00 00 00 00 00 01 00 00 00 00 60 01 00 05 00 01 E0 02 30 00 08 00 04 02 0C 00 18 00 00 00 00 00 00 00 00 00 00
00 00 00 00 06 00 06 00 02 00 06 80 04 E0 08 30 00 18 00 18 06 00 07 80 00 00 00 00 00 00 00 00 00 00 80 30 00 00 03 00 01 00 01 C0 00 30 00 18 00 0C 02 0C 03 18 00 00 00 00 00 00 00 00 00 00
00 00 00 00 04 80 04 00 06 00 06 00 04 E0 00 20 00 18 04 18 0C 20 02 00 00 00 00 00 00 00 00 00 00 00 00 40 08 60 03 80 0B 00 02 E0 00 30 00 18 00 0C 02 0C 03 18 00 60 00 00 00 00 00 00 00 00
00 00 01 80 0F 80 0C 00 04 00 04 00 0C C0 00 60 00 30 08 30 0C 60 04 00 00 00 00 00 00 00 00 00 00 00 00 20 01 E0 02 80 23 00 00 40 07 60 00 18 00 0C 00 18 02 30 00 80 00 00 00 00 00 00 00 00
00 00 01 80 0F 00 0C 00 04 00 0C 00 08 80 00 20 00 30 08 30 08 C0 00 00 00 00 00 00 00 00 00 00 00 00 00 10 01 E0 07 00 02 00 02 80 06 20 00 30 00 18 02 18 04 70 01 F0 00 00 00 00 00 00 00 00
00 00 01 80 0E 00 08 00 0C 00 0C 00 08 40 00 60 00 30 08 60 1B C0 00 00 00 00 00 00 00 00 00 00 00 00 00 00 03 C0 06 00 06 00 02 80 06 60 00 30 00 58 04 50 04 F0 03 80 00 00 00 00 00 00 00 00
00 00 03 80 0E 00 08 00 0C 00 0C 00 18 80 00 60 00 30 18 60 19 80 00 00 00 00 00 00 00 00 00 00 00 00 00 00 03 80 07 00 04 00 02 00 0C 40 00 20 00 18 00 30 00 F0 01 40 00 00 00 00 00 00 00 00
00 00 03 00 08 00 08 00 08 00 1A 00 00 00 00 00 00 20 10 E0 11 80 00 00 00 00 00 00 00 00 00 00 00 00 00 40 07 C0 04 00 04 00 04 80 06 40 00 30 00 10 00 38 00 78 03 80 00 20 00 80 00 00 00 00
00 00 02 80 1C 00 18 00 08 00 08 00 10 80 00 40 00 20 00 40 10 00 00 00 00 00 00 00 00 00 00 00 00 00 00 00 00 80 04 00 04 00 00 80 00 40 01 30 00 1A 0C 00 08 00 00 00 00 00 00 00 00 00 00 00
00 00 00 00 00 00 00 00 08 00 10 00 00 80 00 40 00 20 00 20 08 00 00 00 00 00 00 00 00 00 00 00 00 00 00 00 00 00 00 00 04 00 05 80 08 C1 00 00 00 10 00 00 04 20 00 80 00 00 00 00 00 00 00 00
00 00 00 00 01 00 08 00 00 00 08 00 01 80 00 00 00 60 00 00 10 00 08 00 00 00 00 00 00 00 00 00 00 00 81 80 00 10 00 00 02 00 02 80 00 60 00 00 00 80 00 00 04 00 00 00 00 00 00 00 00 00 00 00
00 00 00 00 00 00 00 00 00 00 00 00 00 00 00 00 02 00 00 00 00 00 00 00 00 00 00 00 00 00 00 00 00 00 00 40 00 00 00 00 00 00 00 00 00 00 00 00 40 40 00 00 00 00 00 00 00 00 00 00 00 00 00 00
00 00 00 00 04 00 00 00 00 00 00 C0 01 80 00 00 03 00 08 00 0F 80 00 00 00 00 00 00 00 00 00 00 00 00 00 00 00 00 00 00 00 E0 01 00 00 00 00 20 00 40 02 00 00 00 00 00 00 00 00 00 00 00 00 00
00 00 00 00 06 00 00 00 08 00 00 C0 01 80 02 00 06 20 10 C0 0F 00 00 00 00 00 00 00 00 00 00 00 00 00 06 00 00 00 00 00 00 F0 03 E0 00 04 00 00 01 00 0F 80 00 00 00 00 00 00 00 80 00 00 00 00
00 00 00 00 04 00 00 00 00 00 08 C0 01 C0 02 00 06 40 12 C0 1F 80 00 00 00 00 00 00 00 80 00 00 00 04 04 00 08 02 08 00 08 C0 01 E0 02 00 00 00 02 C0 0F 80 06 00 00 00 00 00 00 00 00 00 00 00
00 00 00 00 06 00 04 00 00 00 08 40 09 C0 03 00 06 20 12 C0 1D 80 0F 00 00 00 00 00 00 80 00 00 00 00 06 00 0C 00 00 00 10 C0 03 E0 97 00 00 00 03 40 09 80 0F 00 00 00 00 00 00 00 00 00 00 00
00 00 00 00 02 00 06 00 00 00 08 00 09 E0 03 A0 04 20 16 60 19 C0 0F 00 00 00 00 00 00 00 00 00 00 08 06 00 0E 08 08 00 08 C2 11 E0 13 20 06 00 03 C0 09 C0 0F 80 00 00 00 00 00 00 40 00 00 00
00 00 00 00 00 00 06 00 04 00 08 00 08 C0 01 E0 07 20 16 60 10 C0 1F 80 0B 00 00 00 00 00 00 00 00 00 00 00 0E 00 08 00 08 20 18 E0 13 A0 16 00 0E 40 0B C0 0F 80 00 00 00 00 00 00 00 00 00 00
00 00 00 00 00 00 06 00 06 00 04 00 0C 00 09 E0 0B 20 06 60 13 60 1D C0 0F 00 00 00 00 00 00 00 00 20 04 00 06 00 0C 00 08 00 18 E0 13 E0 13 00 14 40 03 C0 0D 80 07 00 00 00 00 00 00 00 00 00
00 00 00 00 00 00 02 00 06 00 04 00 0C 00 08 E0 0B A0 0A 20 0B 60 18 C0 0F 80 00 00 00 00 00 00 00 00 00 00 06 00 0E 00 1C 00 0C 80 19 E0 13 A0 36 C0 14 40 01 C0 0F 80 00 00 00 00 00 00 00 00
00 00 00 00 00 00 00 00 06 00 04 00 04 00 0C C0 09 F0 0A 30 0A 20 00 E0 0F 80 02 00 00 00 00 00 00 00 00 00 02 00 0C 00 0C 00 08 00 18 E0 1B E0 37 20 17 20 11 C0 07 80 03 00 00 00 00 00 00 00
00 00 00 00 00 00 00 00 02 00 06 00 04 00 0C 10 0D D0 0B 10 08 20 09 60 05 C0 07 80 00 00 00 00 00 00 06 00 02 00 06 00 04 80 08 20 09 E0 0B E0 1B 20 16 60 10 60 05 C0 07 00 00 00 00 00 00 00
00 00 00 00 00 00 00 00 03 00 06 00 04 00 04 00 0D F0 09 10 01 30 08 60 00 C0 03 00 00 00 00 00 80 00 00 00 00 00 04 00 0E 00 0C 04 08 00 09 C0 0B A0 16 20 10 60 11 80 01 00 00 00 00 00 00 00
00 00 00 00 00 00 00 00 00 00 00 00 00 00 04 00 00 90 00 00 00 10 01 60 00 C0 00 00 00 00 00 00 00 00 00 10 00 00 00 00 04 00 00 00 00 00 00 A0 13 00 00 00 00 00 00 80 00 00 00 00 00 00 00 00
00 00 00 00 00 00 00 00 00 00 00 00 00 00 00 00 00 00 02 00 00 20 00 00 02 00 00 00 00 00 00 00 00 00 00 00 00 00 00 00 00 00 00 00 00 00 10 00 00 00 00 00 00 00 00 00 00 00 00 00 00 00 00 00
00 00 00 00 00 00 00 00 00 00 00 00 00 00 00 30 00 00 00 00 09 00 00 00 04 00 00 00 00 00 00 00 00 00 00 00 00 00 00 00 00 00 00 00 00 00 00 00 00 C0 10 00 02 00 08 00 00 00 00 00 00 00 00 00
00 00 00 00 00 00 00 00 01 00 00 00 04 00 00 00 00 10 09 00 0D 00 00 00 00 00 00 00 00 00 00 00 00 00 00 00 00 00 01 00 00 00 00 00 00 00 00 00 08 20 00 00 18 00 00 00 04 00 00 00 00 00 00 00
00 00 00 00 00 00 00 00 00 00 00 00 04 00 04 00 0C 10 04 00 05 10 08 00 00 00 00 00 00 00 00 00 00 00 30 00 00 00 00 00 04 00 1D 80 0D 00 0A 00 10 00 1E 00 02 00 09 00 08 00 00 02 00 00 00 00
00 00 00 00 00 00 00 00 00 00 02 00 00 00 04 00 04 10 0D 00 0C 00 00 20 00 00 00 00 00 00 00 00 00 00 00 02 10 00 00 00 04 00 04 00 08 00 09 00 0A 00 00 20 08 00 10 40 00 04 00 00 00 40 00 00
00 00 00 00 00 00 00 00 03 00 02 00 02 00 04 10 04 D0 05 10 00 10 04 A0 00 C0 00 00 00 00 00 00 00 00 00 00 08 00 00 00 02 00 20 00 84 00 00 80 09 A0 0A 20 18 20 08 80 09 00 00 00 00 00 00 00
00 00 00 00 00 00 01 00 01 00 02 00 02 00 04 30 04 90 05 10 05 90 04 60 06 40 00 00 00 00 00 00 00 00 00 00 00 00 00 00 04 00 04 00 04 80 0C 80 0B 20 0A 20 1B 60 19 00 0C 80 00 00 00 00 00 00
00 00 00 00 00 00 01 00 00 00 02 00 02 20 06 30 04 98 05 18 05 90 06 00 03 00 00 00 00 00 00 00 00 00 80 00 08 00 02 00 02 00 04 00 0C 00 0C 00 0B 70 0A 10 0B 00 09 00 0E 80 07 00 00 00 00 00
00 00 00 00 00 00 01 80 02 00 02 00 02 70 00 F8 04 08 05 88 04 D0 06 C0 01 00 00 00 00 00 00 00 00 00 00 00 00 00 00 00 00 00 04 00 00 00 0C 30 09 70 1B 20 0B 00 0C 20 07 80 03 80 00 00 00 00
00 00 00 00 01 00 03 80 00 00 02 00 00 78 02 D8 06 88 05 98 06 E0 07 C0 00 00 00 00 00 00 00 00 00 00 00 00 00 00 01 00 07 00 02 40 04 00 08 70 04 D0 0B 00 0F 80 0E 60 07 C0 01 00 00 00 00 00
00 00 00 00 01 80 03 00 00 00 00 20 00 F8 01 C8 07 88 06 B0 06 E0 03 80 00 00 00 00 00 00 00 00 20 00 00 00 00 00 01 00 05 00 00 00 00 30 00 70 0C F0 07 A8 0D 90 06 E0 07 C0 00 00 00 00 00 00
00 00 01 00 01 80 02 00 00 00 02 78 00 F8 01 88 01 10 06 B0 03 E0 01 80 00 00 00 00 00 00 00 00 00 00 00 00 00 00 01 80 00 00 00 00 00 30 20 F0 09 80 0D 90 0C 30 07 E0 05 80 02 00 00 00 00 00
00 00 01 80 03 80 00 00 00 00 00 78 00 C8 02 80 02 88 02 70 03 C0 00 00 00 00 00 00 00 00 00 00 00 00 00 00 00 80 09 90 01 00 00 00 00 78 00 F8 0D 80 0D 90 06 70 13 E0 00 C0 00 00 00 00 00 00
00 00 01 80 01 00 00 00 01 10 00 78 02 88 02 88 02 D8 03 60 01 C0 00 00 00 00 00 00 00 00 00 00 00 00 00 00 00 80 00 00 00 00 00 00 00 78 04 D8 09 80 05 90 07 E0 05 C0 01 00 00 80 00 00 00 00
00 00 00 80 00 00 00 00 00 38 02 BC 02 0C 02 08 02 C0 03 E0 01 80 00 00 00 00 00 00 00 00 00 00 00 00 00 00 00 00 02 00 00 00 02 18 04 78 04 D8 05 80 06 80 03 E0 01 80 00 00 00 00 00 00 00 00
00 00 01 80 02 00 01 00 00 38 00 0C 02 8C 02 04 02 A0 03 C0 00 00 00 00 00 00 00 00 00 00 00 00 00 04 00 00 00 00 00 00 00 00 04 30 04 08 00 08 01 80 04 00 03 E0 00 A0 00 00 00 28 00 00 00 08
00 00 00 00 00 80 00 00 01 10 01 58 82 04 00 84 00 08 00 00 00 00 00 00 00 00 00 00 00 00 00 00 00 10 00 08 00 00 02 00 02 00 0A 00 10 08 0C 10 1C 88 02 00 04 00 00 00 03 80 00 00 00 10 00 00
00 00 00 00 00 00 00 00 01 00 03 20 02 00 02 00 02 C8 00 10 00 00 00 00 00 00 00 00 00 00 00 00 00 00 00 00 01 00 02 00 02 00 06 00 00 10 04 88 0C 10 00 00 00 00 00 00 00 00 00 00 00 00 00 00
00 00 00 00 00 00 00 00 00 00 01 00 00 60 00 00 00 80 00 20 00 60 00 00 00 00 00 00 00 00 00 00 00 00 01 00 00 00 00 00 02 00 00 00 84 00 00 00 80 00 08 00 10 00 00 00 00 00 00 00 00 00 02 00
00 00 00 00 00 00 00 00 00 00 00 00 00 80 00 00 00 00 00 00 00 00 00 00 00 00 00 00 00 00 00 00 00 00 00 00 00 40 00 00 00 20 00 00 00 00 00 00 00 00 00 00 08 00 00 00 00 00 00 00 00 00 00 00
00 00 00 00 00 00 00 00 00 00 00 00 00 00 00 00 00 00 00 00 00 00 00 00 00 00 00 00 00 00 00 00 00 00 00 00 00 00 00 00 00 00 00 00 00 00 00 00 00 02 00 00 00 00 01 00 00 00 00 00 00 00 00 00
00 00 00 00 00 00 00 00 00 00 00 00 00 00 00 00 00 40 00 00 00 00 00 00 00 00 00 00 00 00 00 00 00 00 00 00 00 00 00 10 00 00 00 08 00 40 00 00 00 00 04 20 00 00 02 00 00 00 00 00 00 00 00 00
00 00 01 80 00 00 00 00 00 00 00 00 00 00 00 00 00 10 00 40 00 00 00 00 00 00 00 00 00 00 00 00 00 00 00 00 80 00 00 00 00 00 00 10 00 20 00 00 00 C0 00 00 03 E0 02 00 00 00 00 00 00 00 00 00
00 00 01 00 01 00 02 00 02 20 02 60 04 80 04 00 04 00 00 A0 00 00 00 00 00 00 00 00 00 00 00 00 00 00 00 80 01 80 00 00 01 00 02 20 00 E0 02 40 01 08 00 30 00 80 00 00 00 00 00 00 00 00 00 00
00 00 01 00 02 00 02 00 06 00 06 C8 05 88 05 98 05 B0 06 20 03 00 00 00 00 00 00 00 00 00 00 00 00 00 00 80 01 80 01 00 01 00 03 2C 02 C4 02 CC 02 D8 01 38 00 60 00 00 00 00 00 00 00 80 00 00
00 00 03 00 06 00 06 00 06 00 04 D0 0D 90 0D 10 0D B0 06 C0 07 00 00 00 00 00 00 00 00 00 00 00 00 00 00 80 01 80 01 00 03 08 02 6C 02 EC 06 88 06 D8 03 30 00 40 00 00 00 00 00 00 00 00 00 00
00 00 03 00 06 00 06 00 04 00 0C D0 0D 90 0F 10 0D B0 0C C0 06 00 00 00 00 00 00 00 00 00 00 00 00 00 01 80 01 00 13 00 02 18 06 18 06 CC 06 88 06 98 07 70 00 F0 00 00 00 00 00 00 00 00 00 00
00 00 02 00 06 00 04 00 0C 60 0D D0 0B 30 0B 30 09 60 0C C0 06 00 00 00 00 00 00 00 00 00 00 00 00 00 01 80 03 00 02 80 06 10 04 58 06 C8 05 88 05 98 07 60 00 C0 00 00 00 00 00 00 00 80 00 00
00 00 06 00 06 00 0C 00 0C C0 09 A0 1B 30 1A 20 1A 60 0C 80 06 00 00 00 00 00 00 00 00 00 00 00 00 00 01 80 03 00 02 00 04 00 06 D0 04 98 05 98 0D B0 04 60 00 C0 00 00 00 00 00 00 00 00 00 00
00 00 06 00 0C 00 0C 00 08 80 09 A0 1B 20 1E 20 1B E0 09 80 0C 00 00 00 00 00 00 00 00 00 00 00 00 00 03 00 07 00 06 00 06 30 04 F8 0D D0 0F 10 0D B0 04 E0 01 C0 00 00 00 00 00 00 00 00 00 00
00 00 06 00 0C 00 08 00 18 C0 1B 80 13 20 16 20 12 E0 1B 80 04 00 00 00 00 00 00 00 00 00 00 00 00 00 03 00 06 00 04 00 04 00 0C B8 09 90 0B 90 0B 38 00 C0 01 C0 00 00 00 00 00 00 00 00 00 00
00 00 04 00 08 00 08 00 08 80 1B A0 16 20 14 60 16 40 19 80 00 00 00 00 00 00 00 00 00 00 00 00 00 00 03 00 07 00 06 00 0C 20 0C B0 09 30 0B 20 09 F0 08 90 01 80 00 00 00 00 00 00 00 00 00 00
00 00 04 00 08 00 08 00 18 00 10 A0 16 60 14 40 10 C0 11 00 08 00 00 00 00 00 00 00 00 00 00 00 08 00 02 00 04 00 04 00 04 10 0C 38 09 10 0A 28 0F 38 00 C0 01 00 00 00 00 00 00 00 00 00 00 00
00 00 04 00 00 00 08 00 18 00 11 00 00 20 10 20 06 40 18 00 08 00 00 00 00 00 00 00 00 00 00 00 00 00 00 00 04 00 00 00 08 01 08 22 0B 20 0A 20 03 20 0C 00 00 00 00 80 00 00 00 00 00 00 00 00
00 00 00 00 08 00 00 00 00 00 10 00 00 00 00 00 10 00 00 00 04 00 00 00 00 00 00 00 00 00 00 00 00 00 00 00 00 00 00 00 00 00 00 20 08 00 18 00 08 20 04 00 00 00 00 00 00 00 00 00 00 00 00 00
00 04 00 00 00 00 00 00 19 80 00 00 00 80 00 00 00 00 00 00 00 00 00 00 04 00 00 00 00 00 00 00 00 00 00 00 00 00 19 80 01 00 00 00 00 80 00 00 03 02 02 00 00 00 00 00 00 00 00 00 01 00 06 00
00 00 00 00 00 00 00 00 17 80 00 00 00 00 00 00 00 00 00 00 00 00 00 00 06 00 00 00 00 00 00 00 00 10 00 00 00 00 3F C0 03 C0 00 80 00 00 00 00 01 00 00 00 0C 00 04 00 00 00 00 00 00 00 00 00
00 00 00 00 00 00 00 00 1F 80 05 80 00 40 00 00 00 80 01 00 00 00 00 00 04 00 00 00 00 00 00 00 00 00 00 04 80 08 3E 40 07 E4 00 01 00 00 10 81 01 01 02 00 02 40 04 00 00 C0 00 00 00 00 00 00
00 00 00 00 00 00 00 00 1C 00 0F C0 00 40 00 80 00 80 01 00 01 00 00 00 06 00 0C 00 00 00 00 00 80 54 80 08 00 10 5D 88 07 C0 08 00 00 80 00 00 03 00 03 00 06 00 0F 80 00 C0 01 00 00 00 00 00
00 00 00 00 00 00 00 00 38 00 1F 80 00 40 00 C0 00 80 01 80 03 00 02 00 02 00 06 00 00 00 00 00 00 04 00 00 00 02 3A 80 1F C0 00 00 00 80 01 80 01 80 03 00 06 20 06 00 04 00 00 00 00 00 00 20
00 00 00 00 00 00 00 00 00 00 3F C0 07 C0 00 C0 00 80 01 80 03 00 03 00 02 00 0E 00 00 00 00 00 00 00 00 08 00 00 00 80 3F C0 07 C2 00 80 01 80 03 80 03 00 06 00 0E 00 0C 20 00 00 00 10 00 00
00 00 00 00 00 00 00 00 00 00 1C 00 1F C0 10 C0 00 C0 00 80 01 80 03 00 02 00 06 00 0C 00 00 00 00 40 00 00 40 00 09 40 7F C0 0F E0 00 80 00 80 01 80 03 00 07 00 06 00 04 00 00 00 00 00 08 00
00 00 00 00 00 00 00 00 00 00 10 00 1F E0 00 60 00 C0 00 80 01 80 01 00 03 00 02 00 06 00 00 00 20 00 00 00 00 00 00 00 1C 80 3F C0 00 00 00 80 01 80 01 80 03 10 06 00 06 00 0C 40 00 00 00 00
00 00 00 00 00 00 00 00 00 00 00 00 1F C0 03 E0 00 C0 00 80 00 80 01 80 03 00 02 00 06 00 04 00 00 00 00 00 00 00 08 00 10 80 1F C0 07 C0 00 C0 01 80 01 80 03 00 03 00 06 08 0C 00 04 00 00 00
00 00 00 00 00 00 00 00 00 00 00 00 1C 00 07 A0 00 60 00 C0 00 80 01 80 01 80 03 00 02 00 06 00 00 00 40 00 20 00 00 00 01 00 18 00 17 C0 00 C0 00 C0 01 80 01 80 03 00 0E 00 06 00 04 00 00 00
00 00 00 00 00 00 00 00 00 00 00 00 04 00 17 A0 00 60 00 40 00 80 00 80 01 80 03 00 03 00 02 00 00 00 00 00 80 00 00 00 00 00 1C 80 1F C0 00 40 00 C0 01 80 01 80 03 20 02 00 06 00 04 00 00 00
00 00 00 00 00 00 00 00 00 00 00 00 08 20 11 20 00 60 00 40 00 80 00 80 01 80 01 00 03 00 02 00 08 00 00 00 00 00 00 00 28 24 00 80 12 00 00 00 00 C0 00 80 00 80 05 00 07 00 06 00 04 00 00 00
00 00 00 00 00 00 00 00 00 00 00 00 00 00 00 80 00 00 00 00 00 80 00 00 00 00 00 00 00 00 00 00 00 00 00 00 00 00 00 00 00 00 00 00 00 00 10 00 00 00 00 00 00 00 00 00 00 00 00 00 00 00 00 00
00 00 00 00 00 00 00 00 00 00 00 00 00 00 00 00 00 00 00 00 00 00 00 00 00 00 00 00 00 00 00 00 00 40 00 00 00 00 00 00 04 00 00 00 00 00 10 00 00 00 00 00 00 00 00 00 00 00 00 00 00 00 00 80
00 00 00 00 00 00 00 00 00 00 00 00 0C 20 00 00 00 00 00 00 00 00 00 00 00 00 00 00 00 00 00 00 00 00 02 00 00 00 00 00 00 00 00 00 08 00 01 80 00 00 00 00 00 00 00 00 00 00 00 00 04 00 00 00
00 00 00 00 00 00 00 00 00 00 00 00 00 20 00 00 00 40 00 00 00 00 00 80 00 00 01 00 03 00 00 00 00 00 00 00 00 00 00 00 00 00 03 00 10 00 02 C0 00 00 00 00 00 00 00 00 00 00 00 00 00 00 00 00
00 00 00 00 00 00 00 00 00 00 00 00 00 40 00 20 00 00 00 00 00 00 00 80 01 00 01 00 01 00 00 00 00 00 00 00 00 00 04 00 08 00 22 00 04 00 00 80 01 80 00 80 00 80 01 00 02 00 00 00 04 00 00 02
00 00 00 00 00 00 00 00 00 00 00 00 00 00 00 20 00 60 00 40 00 80 00 80 00 80 01 00 01 00 02 00 00 00 80 00 00 00 00 00 00 00 00 00 10 00 00 40 00 C0 00 80 00 00 00 00 03 00 02 00 02 00 00 10
00 00 00 00 00 00 00 00 00 00 00 00 04 20 00 30 00 20 00 40 00 C0 00 80 01 80 01 00 01 00 01 00 00 00 0C 00 00 00 00 00 00 00 00 00 10 00 00 40 00 C0 20 80 00 80 01 00 03 00 02 00 04 00 06 00
00 00 00 00 00 00 00 00 00 00 0C 00 07 F0 00 30 00 60 00 40 00 C0 00 80 00 80 01 80 01 00 00 00 00 00 00 00 00 00 00 00 00 00 00 00 1E 00 07 E0 00 C0 00 80 00 80 01 80 01 00 02 00 06 00 06 00
00 00 00 00 00 00 00 00 00 00 06 00 03 F0 00 30 00 20 00 40 00 40 00 80 00 00 01 80 01 80 00 00 00 00 00 00 00 00 00 00 00 00 00 00 0E 40 03 E0 00 40 00 00 00 80 00 00 04 00 04 00 02 00 02 00
00 00 00 00 00 00 00 00 00 00 0F F0 81 F0 00 00 00 10 00 40 00 00 00 00 00 80 01 80 00 00 00 00 00 00 00 00 00 00 00 00 00 00 00 00 0F E0 83 C0 00 00 00 80 01 00 01 00 01 00 02 08 03 00 03 00
00 00 00 00 00 00 00 00 06 00 0F F0 00 10 00 00 00 60 00 00 00 80 00 00 00 00 00 80 00 00 00 00 00 00 00 00 00 00 00 00 00 00 0E 00 0F E0 01 80 00 00 00 00 00 00 00 00 00 00 00 00 07 80 42 00
00 00 00 00 00 00 00 00 0F E0 03 F0 00 00 00 60 00 40 00 80 00 80 00 00 01 80 00 00 00 00 00 00 40 04 00 00 00 00 00 00 00 00 1F E0 0F E0 04 40 00 00 00 40 00 80 08 90 00 00 03 80 03 00 00 00
00 00 00 00 00 00 04 00 07 F0 00 D0 00 00 00 60 00 40 00 80 00 80 01 80 00 00 00 00 00 00 00 00 20 00 00 00 00 00 00 00 02 00 0F E0 03 F0 00 30 00 20 00 40 00 C0 00 80 00 00 03 80 03 00 00 00
00 00 00 00 00 00 07 00 07 F8 00 18 00 00 00 20 00 00 00 80 01 00 01 80 00 00 00 00 00 00 00 00 00 00 00 00 00 00 00 00 06 00 0F E0 03 00 00 00 00 20 00 40 00 C0 00 80 00 80 03 00 01 00 00 08
00 00 00 00 00 00 07 20 01 F8 00 00 00 20 00 00 00 00 00 80 00 00 00 80 00 00 00 00 00 00 00 00 00 00 00 00 40 00 00 00 07 E0 01 E0 00 40 00 10 00 00 00 00 00 80 00 00 01 00 03 80 05 80 00 00
00 00 00 00 00 00 07 F0 01 F8 00 00 00 00 00 00 00 00 00 C0 00 00 00 80 00 00 00 00 00 00 00 00 00 00 00 00 00 00 00 00 0F A0 04 B0 00 40 00 00 00 00 00 00 00 00 00 00 01 00 01 00 00 00 01 00
00 00 00 00 00 00 02 90 00 28 00 18 00 00 00 00 00 00 00 00 00 00 00 80 00 00 00 00 00 00 00 00 00 00 00 00 00 00 00 00 00 50 00 90 01 00 00 00 08 40 00 00 00 00 00 00 00 00 00 00 00 00 00 00
00 00 00 00 00 00 00 00 00 00 00 00 00 10 00 20 00 20 00 00 00 80 00 80 00 80 00 00 00 00 00 00 00 20 00 00 00 00 00 00 00 00 10 10 00 20 00 60 00 00 00 80 00 01 00 00 01 00 00 00 02 00 00 00
00 00 00 00 00 00 00 00 00 28 00 18 00 00 00 10 00 20 00 40 00 00 00 80 00 80 00 00 00 00 00 00 04 00 00 00 00 00 00 00 00 00 00 30 00 20 10 00 00 40 00 94 00 90 01 00 02 00 00 00 00 00 00 00
00 00 00 00 00 00 00 00 00 40 00 08 00 10 00 20 00 20 00 00 00 40 00 00 00 80 00 00 00 00 00 00 04 00 00 00 98 00 00 00 00 00 00 00 00 20 00 20 00 40 00 80 00 A0 00 00 01 00 04 00 00 00 2A 00
00 00 00 00 00 00 00 00 00 00 00 00 00 00 00 00 00 00 00 00 00 00 00 00 00 00 00 00 00 00 00 00 08 00 00 00 00 00 00 00 00 00 00 00 00 00 00 00 00 10 00 00 00 00 01 00 00 00 00 00 00 00 00 00
00 00 00 00 00 00 00 00 00 00 00 00 00 00 00 00 00 00 00 00 00 00 00 00 00 00 00 00 00 00 00 00 02 00 00 00 00 00 00 00 04 00 00 20 00 00 00 00 00 00 00 00 00 00 00 00 00 00 00 00 04 00 00 00
00 00 00 00 00 00 00 00 00 00 00 00 00 00 00 00 00 00 00 00 00 00 00 00 00 00 00 00 00 00 00 00 00 00 00 00 00 80 00 00 02 C0 04 40 00 00 00 00 80 00 00 00 00 00 00 00 11 80 00 00 04 00 00 00
00 00 00 00 00 00 03 80 00 38 00 00 00 20 00 00 00 00 00 80 00 00 00 00 00 00 00 00 00 00 00 00 00 00 00 00 00 00 00 00 01 A0 00 08 00 00 00 20 00 00 00 00 10 00 00 00 00 00 00 00 00 00 00 00
00 00 00 00 00 00 02 C0 00 00 00 00 00 20 00 20 00 C0 00 80 00 80 01 00 01 00 00 00 00 00 00 00 00 00 00 00 00 00 00 00 00 08 00 08 00 10 00 20 00 20 00 40 20 C0 00 80 00 80 02 00 00 00 00 00
00 00 00 00 00 00 0C 00 07 10 00 30 00 60 00 60 00 C0 00 80 01 80 01 00 03 00 00 00 00 00 00 00 00 00 00 00 00 00 03 00 00 18 00 18 00 10 00 30 00 60 00 40 00 80 00 80 00 80 00 00 00 80 00 00
00 00 00 00 00 00 08 00 0B A0 00 30 00 60 00 40 00 C0 00 80 01 80 03 00 03 00 00 00 00 00 00 00 00 00 00 00 00 00 03 80 00 18 00 18 00 30 00 30 00 60 00 C0 00 C0 00 80 01 80 00 00 00 00 00 00
00 00 00 00 00 00 08 00 0A 20 00 60 00 60 10 C0 00 80 01 80 01 00 03 00 02 00 00 00 00 00 00 00 00 00 00 00 00 00 02 10 00 38 00 10 00 30 00 20 00 60 00 C0 00 C0 01 80 01 80 00 00 00 00 00 00
00 00 00 00 00 00 18 00 1F E0 00 60 00 C0 00 C0 00 80 01 80 03 00 03 00 06 00 00 00 00 00 00 00 00 00 00 00 00 00 00 10 00 30 00 30 00 20 00 60 00 E0 00 C0 00 80 01 80 01 80 01 20 01 00 00 00
00 00 00 00 00 00 18 00 10 40 00 40 00 C0 00 80 01 80 03 00 02 00 06 00 06 00 00 00 00 00 00 00 00 00 00 00 00 00 04 00 00 30 00 30 00 60 10 40 00 C0 00 A0 01 80 01 80 03 00 00 00 00 00 00 00
00 00 00 00 00 00 10 00 10 40 00 40 00 C0 00 80 01 80 03 00 02 00 06 00 04 00 00 00 00 00 00 00 00 00 00 00 00 00 04 22 00 30 00 20 00 70 00 60 00 80 00 80 01 00 01 00 03 00 00 00 00 00 00 00
00 00 00 00 00 00 18 00 00 40 00 C0 00 80 00 80 01 80 03 00 06 00 06 00 04 00 00 00 00 00 00 00 40 00 80 00 00 00 00 00 00 B0 00 70 00 40 00 E0 00 80 00 80 01 80 03 80 03 00 20 00 00 00 00 20
00 00 00 00 00 00 31 00 00 00 00 C0 00 80 00 80 01 00 03 00 06 00 04 00 00 00 00 00 00 00 00 00 80 00 20 00 00 00 40 00 01 E0 00 60 00 50 00 C0 00 80 01 80 03 00 03 00 03 00 00 00 00 00 00 00
00 00 00 00 00 00 30 00 14 C0 00 80 00 80 01 00 03 00 02 00 06 00 04 00 0C 00 00 00 00 00 00 00 00 00 00 00 00 00 00 00 00 B0 00 48 00 41 00 80 00 A0 01 00 03 00 03 00 02 00 20 00 00 00 00 00
00 00 00 00 00 00 00 00 04 00 00 00 00 00 00 80 01 00 02 00 00 00 04 00 04 00 00 00 00 00 00 00 00 00 00 00 00 00 00 00 00 40 00 40 00 80 00 80 00 80 01 00 08 00 02 00 00 00 00 00 00 00 00 00
00 00 00 00 00 00 00 00 28 00 00 00 00 80 01 00 00 00 00 00 00 00 00 00 00 00 00 00 00 00 00 00 00 00 00 00 00 00 00 00 00 00 10 00 00 00 00 00 00 80 01 00 00 00 00 00 00 00 00 00 00 00 00 00
00 00 00 00 00 00 01 00 04 40 00 80 01 00 10 00 03 00 04 00 00 00 02 00 00 00 00 00 00 00 00 00 00 00 00 00 00 20 00 00 00 00 00 00 00 00 00 00 00 00 00 00 00 00 00 00 00 00 00 00 00 00 00 00
00 00 00 00 00 00 00 A0 00 A0 00 00 01 00 08 00 02 80 00 00 00 00 03 00 00 00 00 00 00 00 00 00 10 00 00 40 01 20 06 00 08 80 00 00 04 00 00 80 00 80 00 00 00 80 00 00 00 00 00 00 00 00 00 00
00 00 00 00 00 00 01 00 06 60 08 80 10 00 1C 00 07 80 00 40 04 80 02 80 00 00 00 00 00 00 00 00 00 00 00 80 01 E0 06 00 09 80 11 00 0A 00 05 00 00 C0 00 40 03 00 01 00 00 00 00 00 00 00 00 00
00 00 00 00 00 00 01 20 06 60 0C C0 01 80 18 00 0F 80 04 00 04 00 06 80 03 00 00 00 00 80 00 00 00 00 00 00 00 60 0F 28 1C 80 11 80 0E 03 07 00 00 C0 00 00 02 80 03 80 00 00 00 00 00 00 00 00
00 00 00 00 00 00 00 80 07 60 0C C0 19 C0 18 00 0F 80 00 80 04 40 06 80 03 80 00 00 00 00 00 00 00 20 00 00 20 60 27 60 1C 80 11 81 0F 00 0F 00 01 C0 00 40 02 80 03 80 00 00 00 80 00 80 00 00
00 00 00 00 00 00 00 00 03 60 0E E0 09 C0 19 00 1F 80 00 80 04 40 04 80 03 80 00 00 00 80 00 00 00 00 00 00 00 20 03 60 0E C0 19 81 13 00 0E 00 01 80 00 40 00 00 03 80 00 00 00 80 00 00 00 00
00 00 00 00 00 00 00 00 01 60 06 60 0C C0 11 80 1F 00 06 80 00 40 04 C0 07 80 01 80 00 00 00 00 00 00 00 00 00 40 01 E0 0E C0 1D 80 13 C0 0E 00 05 80 00 C0 02 80 03 80 03 00 00 00 00 00 00 00
00 00 00 00 00 00 00 00 01 00 07 60 0C C0 01 80 1F 00 03 80 04 C0 04 40 06 80 03 80 00 00 00 00 00 00 00 00 01 00 02 60 0F E0 1E 80 19 80 0B 00 0F 80 00 C0 00 00 03 80 07 80 00 00 00 00 00 00
00 00 00 00 00 00 00 00 00 00 03 B0 86 E0 0C 80 19 80 03 00 02 80 00 40 06 C0 03 80 00 00 00 00 00 00 00 00 00 00 00 60 03 E0 1E C0 1D 80 11 00 0F 00 04 80 04 40 00 80 01 80 00 00 00 00 00 00
00 00 00 00 00 00 00 00 00 00 01 B0 07 60 0C C0 09 80 0B 00 03 80 02 40 02 40 03 C0 01 80 00 00 00 00 00 00 00 00 00 00 01 E0 07 C0 1D C0 19 80 1F 80 04 C0 04 80 01 80 01 80 01 80 00 00 00 00
00 00 00 00 00 00 00 00 00 00 00 90 03 F0 06 E0 09 80 05 00 03 80 02 40 00 40 01 C0 01 80 00 00 00 00 00 00 00 00 00 00 04 E0 0F 60 0E C0 19 80 17 00 00 80 04 00 04 90 00 80 01 80 00 00 00 00
00 00 00 00 00 00 00 00 00 00 00 00 03 B0 06 E0 0D 80 08 00 03 00 02 60 02 60 00 40 00 80 00 00 00 00 00 00 00 00 81 00 01 E0 01 A0 0E C0 18 80 1B 80 00 00 04 00 04 C0 04 80 00 80 00 00 00 00
00 00 00 00 00 00 00 00 00 00 00 00 00 30 04 40 08 80 01 00 03 00 02 00 00 20 00 00 00 C0 00 00 00 00 00 00 00 80 02 20 08 00 00 60 06 00 09 80 03 00 06 00 06 00 00 40 00 80 00 00 00 00 00 00
00 00 00 00 00 00 00 00 00 00 00 00 00 00 00 00 00 00 01 00 00 00 00 00 00 40 00 40 00 00 00 00 00 00 00 00 80 00 00 00 00 20 01 00 00 00 00 80 01 00 00 00 00 00 00 00 00 40 01 00 20 00 00 00
00 00 00 00 00 00 00 00 00 00 00 10 02 00 00 00 08 00 00 00 00 40 00 60 02 00 01 00 00 00 00 00 00 00 20 00 00 00 00 00 00 00 00 00 00 00 00 00 18 10 00 00 04 80 00 00 04 00 00 00 00 00 00 00
00 00 00 00 00 00 00 00 00 00 00 B0 00 00 00 00 06 00 01 80 00 C0 02 20 03 20 01 00 00 00 00 00 00 00 00 00 00 00 20 00 00 00 00 60 00 00 00 00 18 00 0E 00 02 80 04 C0 04 C0 00 80 00 00 00 00
00 00 00 00 00 00 00 00 00 00 00 18 00 10 00 00 06 40 01 80 01 40 02 20 01 20 01 40 00 00 00 00 00 00 00 00 00 40 00 00 00 00 00 60 00 20 19 80 18 80 06 00 06 80 02 40 06 08 03 00 01 00 00 04
00 00 00 00 00 00 00 00 00 00 00 98 00 30 06 60 04 C0 00 80 01 60 01 20 01 20 01 60 00 00 00 00 00 00 00 00 00 00 00 00 00 00 04 00 04 60 0C 00 39 00 0E 00 02 80 06 40 02 40 03 80 00 80 00 00
00 00 00 00 00 00 00 00 00 00 00 18 03 10 06 60 06 80 00 C0 01 60 01 20 01 20 01 E0 00 00 00 00 00 00 00 00 00 00 00 80 00 00 00 60 00 20 08 80 08 80 06 00 02 C0 02 40 02 40 03 40 01 00 00 00
00 00 04 00 00 00 00 00 00 10 00 D8 00 88 00 40 06 00 00 C0 01 60 01 20 01 20 00 80 00 00 00 00 00 00 00 00 00 00 00 00 00 00 00 20 00 00 0C 80 0D 80 0E 00 06 C0 02 40 02 40 03 00 00 80 00 00
00 00 00 00 00 00 00 00 00 58 00 D8 03 00 02 00 06 80 00 C0 01 20 01 30 01 A0 00 80 00 00 00 00 00 00 00 00 00 00 00 00 00 00 00 20 00 01 08 00 0C 00 06 00 02 C0 02 20 03 40 01 C0 01 80 00 00
00 00 00 00 00 00 00 00 00 F8 03 88 02 40 00 00 07 C0 01 E0 01 30 01 90 01 C0 00 80 00 00 00 00 00 00 00 00 00 00 00 00 00 00 00 A8 03 B0 0C 00 0E 00 07 C0 03 60 02 60 07 00 01 C0 00 80 00 00
00 00 00 00 00 00 00 18 00 F8 03 E0 06 60 02 80 03 C0 00 70 01 90 01 80 00 C0 00 00 00 00 00 00 00 00 00 00 00 00 00 00 00 00 01 D8 03 B8 06 60 1E 40 03 C0 03 60 07 00 01 A0 01 E0 00 00 00 00
00 00 00 00 00 00 00 5C 03 DC 07 60 06 C0 13 80 01 E0 00 30 00 00 00 A0 00 C0 00 00 00 00 00 00 00 00 00 00 00 00 00 00 01 C8 01 D8 03 70 0C E0 07 C0 03 E0 03 20 03 00 01 E0 00 E0 00 00 00 00
00 00 00 00 00 18 00 D8 03 B0 06 60 04 C0 03 80 00 E0 00 10 00 A0 00 E0 00 40 00 00 00 00 00 00 00 00 00 00 00 00 08 00 00 C8 01 B8 02 70 0E C0 03 C0 02 F0 03 00 01 B0 00 E0 00 C0 00 00 00 00
00 00 00 00 00 18 01 DC 07 30 06 60 02 80 03 C0 00 70 00 10 00 A0 00 E0 00 00 00 00 00 00 00 00 00 01 00 00 00 00 00 40 01 DC 03 B8 03 60 1E C0 07 C0 00 20 01 90 01 B0 00 E0 02 80 00 00 00 00
00 00 00 00 00 48 01 88 03 60 06 40 03 80 01 C0 00 30 00 10 00 00 00 C0 00 00 00 00 00 00 00 00 00 00 00 00 00 00 00 40 10 D8 01 10 00 60 06 00 0B E0 01 20 01 00 01 A0 00 E0 00 40 00 40 00 00
00 00 00 00 00 5C 00 24 00 00 00 00 03 00 00 C0 00 30 00 90 00 A0 00 C0 00 00 00 00 00 00 00 00 00 00 00 00 00 00 00 00 01 90 00 90 04 40 03 00 09 E0 01 20 01 00 01 80 00 00 00 80 00 00 00 00
00 00 00 00 00 00 00 4C 00 00 01 00 03 40 00 C0 00 90 00 90 00 90 00 80 00 00 00 00 00 00 00 00 00 00 00 00 00 00 00 10 00 00 04 00 04 00 17 00 03 C0 01 20 01 20 00 80 00 C0 00 00 00 20 00 00
00 00 00 00 00 04 00 0C 01 10 02 20 02 40 00 80 00 A0 00 10 00 90 00 20 00 00 00 00 00 00 00 00 00 00 00 00 00 10 00 10 02 70 06 40 04 80 01 00 01 20 01 20 00 20 00 00 00 00 00 00 00 00 00 00
00 00 00 00 00 00 00 6C 00 98 03 20 00 40 00 00 00 C0 00 80 00 10 00 20 00 00 00 00 00 00 00 00 00 00 02 00 00 10 00 10 03 00 06 40 04 80 00 00 01 00 01 10 01 20 00 80 00 00 00 00 00 00 00 00
00 00 00 00 00 00 00 00 01 80 00 00 00 60 00 00 00 80 00 08 00 10 00 40 00 00 00 00 00 00 00 00 00 00 00 00 00 40 01 90 02 20 00 00 00 00 00 00 01 00 00 10 00 20 00 40 10 00 00 00 00 82 00 00
00 00 00 00 00 00 00 00 00 00 00 00 00 00 00 00 00 00 00 00 00 00 00 30 00 00 00 00 00 00 00 00 00 00 00 00 00 10 00 00 00 00 04 00 80 00 00 00 02 00 00 00 00 00 00 00 00 00 00 00 00 80 10 00
00 00 00 00 00 00 00 00 00 00 00 00 00 00 00 00 00 00 00 10 00 00 00 00 00 00 00 00 00 00 00 00 00 00 00 00 02 00 00 00 00 00 00 00 00 00 00 00 00 00 00 00 00 80 00 00 00 00 00 00 00 00 00 00
00 00 00 00 00 6C 01 80 00 20 00 00 01 00 00 20 00 10 00 80 00 80 00 40 00 00 00 00 00 00 00 00 00 00 00 00 00 00 00 04 01 80 00 00 00 00 01 00 00 60 00 00 00 00 00 80 00 00 00 00 00 00 00 00
00 00 00 00 00 18 01 00 02 20 02 00 00 80 00 40 00 20 00 00 00 00 00 00 00 00 00 00 00 00 00 00 00 00 00 00 00 00 00 00 00 88 00 20 00 00 02 00 00 20 00 00 00 00 00 60 00 00 00 00 00 00 00 00
00 00 00 00 00 10 00 D0 03 70 06 40 04 80 00 80 01 00 00 10 00 20 00 00 00 00 00 00 00 00 00 00 80 00 00 00 00 04 00 44 01 90 03 20 00 60 00 00 02 D0 00 90 00 90 00 30 00 00 04 00 00 00 00 00
00 00 00 00 00 10 02 90 07 60 04 C0 04 80 03 00 01 60 01 20 01 E0 00 80 00 00 00 00 00 00 00 00 00 00 00 00 00 0C 00 6C 01 98 03 20 03 40 00 C0 00 90 00 90 00 90 00 20 00 00 00 00 00 00 00 00
00 00 00 00 00 30 00 B0 06 60 0C C0 0C 80 07 00 03 60 03 20 01 60 01 C0 00 00 00 00 00 00 00 00 00 00 00 00 00 08 00 CC 01 98 03 70 07 C0 00 E0 01 B0 00 98 00 90 00 70 00 00 00 00 00 00 00 00
00 00 00 00 00 20 03 B0 06 E0 0C C0 0C 80 07 00 03 E0 03 20 03 60 01 C0 00 00 00 00 00 00 00 00 00 00 00 00 00 58 00 CC 83 BC 06 60 07 C0 00 C0 01 F0 01 B0 01 B0 00 60 00 00 00 00 00 00 00 00
00 00 00 00 00 A0 03 A0 0E E0 0C 80 0D 80 0B 00 06 40 02 40 02 40 01 80 00 00 00 00 00 00 00 00 00 00 00 00 00 18 00 D8 03 B0 06 40 06 C0 00 C0 01 F0 01 A0 01 A0 00 E0 00 00 00 00 00 00 00 00
00 00 00 00 00 60 07 E0 0C C0 19 80 19 80 0E 00 06 C0 06 40 02 C0 03 00 00 00 00 00 00 00 00 00 00 00 00 00 00 18 01 98 07 70 07 E0 0E 80 01 C0 03 E0 03 20 01 F0 00 E0 00 20 00 00 00 00 00 00
00 00 00 00 01 E0 07 60 0C C0 19 80 1B 00 0E 00 06 80 04 C0 06 C0 03 00 00 00 00 00 00 00 00 00 00 00 00 00 00 10 01 98 07 F0 0C C0 0F 80 01 80 03 70 03 20 01 40 00 C0 00 00 00 00 00 00 00 00
00 00 00 00 01 60 0F 40 18 80 19 80 1B 00 0C 00 04 C0 04 C0 06 80 00 00 00 00 00 00 00 00 00 00 00 00 00 00 00 10 01 B0 07 68 0C C0 01 80 01 80 03 60 03 60 03 40 00 80 00 00 00 00 00 00 00 00
00 00 00 00 00 40 0A 40 18 80 11 80 13 00 00 00 04 80 04 80 06 80 02 00 00 00 00 00 00 80 00 00 80 00 00 00 00 20 01 90 07 C0 1C C0 01 80 00 80 03 C0 02 70 02 60 00 80 00 00 00 00 00 00 00 00
00 00 00 00 00 40 00 40 19 80 11 00 1A 00 04 00 04 80 04 80 04 80 03 00 00 00 00 00 00 00 00 00 00 00 00 00 00 30 01 20 04 30 08 84 0D 00 01 80 02 40 02 00 02 E0 00 80 00 00 00 00 00 00 00 00
00 00 00 00 00 00 00 80 10 80 10 00 12 00 18 00 04 80 04 80 04 80 00 00 00 00 00 00 00 00 00 00 00 00 00 01 00 10 00 30 04 01 08 00 05 00 01 80 02 C0 00 40 02 C0 00 00 00 00 00 00 00 00 00 00
00 00 00 00 00 00 00 00 00 00 10 00 00 00 00 00 00 80 00 00 00 00 02 00 00 00 00 00 00 00 00 00 00 04 00 06 00 00 00 10 00 00 00 00 01 00 01 80 00 40 02 00 02 00 00 00 00 00 80 00 00 00 00 04
00 00 00 00 00 00 00 00 06 00 02 00 00 00 00 00 00 00 00 80 00 00 00 00 00 00 00 00 00 00 00 00 00 00 00 00 00 40 00 00 00 00 00 00 04 00 80 00 00 00 00 00 00 00 00 00 00 00 00 00 00 00 00 00
00 00 00 00 00 00 00 00 00 00 06 00 00 00 09 00 0C 00 00 C0 00 40 00 20 00 00 00 00 00 00 00 00 00 00 00 00 00 00 08 00 01 00 00 00 00 80 04 00 00 00 00 00 00 00 00 00 00 00 00 00 00 00 00 00
00 00 00 00 00 00 00 00 00 00 06 00 00 00 0B 00 0E 80 00 00 00 40 00 40 00 20 00 00 00 00 00 00 00 10 00 40 00 00 06 08 43 00 00 80 0C 00 04 80 00 00 00 40 00 00 00 00 00 00 00 00 00 80 00 00
00 00 00 00 00 00 00 00 00 00 0E 00 00 00 0B 80 0E 80 00 80 00 C0 00 40 00 20 00 00 00 00 00 00 00 00 00 00 02 00 06 01 03 00 01 80 08 00 86 80 00 C0 04 00 00 60 02 20 00 00 00 00 00 80 00 00
00 00 00 00 00 00 00 00 00 00 0F 00 09 00 09 00 0F 80 00 80 00 C0 00 40 00 60 00 00 00 00 00 00 00 00 00 00 00 00 0E 00 0F 00 11 80 18 00 0E 80 00 80 00 40 00 60 00 20 00 00 00 00 00 80 00 00
00 00 00 00 00 00 00 00 00 00 06 00 0E 00 11 00 0F 80 04 80 00 C0 00 40 00 60 00 20 00 00 00 00 00 20 00 00 00 04 0E 00 0F 80 09 80 08 80 0E 80 04 C0 00 C0 00 40 00 20 00 00 00 00 00 00 00 00
00 00 00 00 00 00 00 00 00 00 04 00 0E 00 00 00 1F 80 0E 80 00 80 00 40 00 40 00 20 00 00 00 00 00 00 00 00 00 00 06 00 0E 00 0B 81 11 84 0A 80 06 80 00 C0 00 60 00 60 00 00 00 00 02 00 00 00
00 00 00 00 00 00 00 00 00 00 04 00 0F 00 0C 80 0B 80 0E 80 00 80 00 C0 00 40 00 60 00 20 00 00 00 00 00 00 00 00 01 00 0F 00 0F 00 09 80 00 00 0E 80 00 C0 00 40 00 60 00 20 00 00 00 00 00 00
00 00 00 00 00 00 00 00 00 00 00 00 06 04 06 80 01 00 07 80 06 00 00 C0 00 40 00 20 00 20 00 00 00 00 00 00 04 00 00 00 0E 00 0F 80 1D 80 18 00 0F 00 00 00 00 40 00 00 00 00 00 00 00 00 00 00
00 00 00 00 00 00 00 00 00 00 00 00 00 00 0E 00 01 80 0B 80 06 00 00 00 00 00 00 00 00 30 00 00 00 00 00 00 00 00 00 00 02 00 0E 00 1D 00 08 00 0F 00 06 00 00 00 00 00 00 00 00 00 00 00 00 00
00 00 00 00 00 00 00 00 00 00 00 00 00 00 06 80 04 80 07 80 06 40 00 00 00 20 00 20 00 10 00 00 00 00 00 00 00 00 02 00 00 00 06 00 0D 80 0C 00 0B 00 02 60 00 00 00 00 00 00 00 00 00 00 00 00
00 00 00 00 00 00 00 00 00 00 01 00 00 00 06 00 04 80 01 80 02 40 00 00 00 20 00 20 00 20 00 00 00 00 00 02 00 00 00 00 00 00 02 00 04 00 08 00 09 00 06 00 00 00 00 00 00 00 00 00 00 00 00 00
00 00 00 00 00 00 00 00 00 00 00 00 00 00 00 80 04 80 00 00 03 00 00 40 00 00 00 00 00 10 00 00 00 00 00 00 00 00 00 00 00 00 06 00 06 00 08 00 01 00 02 00 00 00 00 00 00 00 00 00 00 00 00 00
00 00 00 00 00 00 00 00 00 00 00 00 00 00 00 00 00 00 01 00 02 00 00 00 00 00 00 10 00 00 00 00 00 00 00 00 00 00 00 00 00 00 00 00 80 00 00 00 09 00 08 00 00 00 00 00 00 00 00 00 00 00 00 00
00 00 00 00 00 00 00 00 00 00 00 00 01 00 00 80 04 80 04 C0 00 40 00 20 00 20 00 20 00 00 00 00 00 00 00 00 00 00 00 00 00 00 00 00 00 02 00 00 09 00 04 00 00 80 00 80 00 40 00 20 00 00 00 00
00 00 00 00 00 00 00 00 00 00 01 00 01 00 00 80 04 80 02 00 00 40 00 40 00 20 00 00 00 10 00 00 00 00 00 00 02 00 08 00 02 00 00 00 00 00 03 00 01 00 00 80 00 80 00 84 00 00 00 20 00 00 00 00
00 00 00 00 00 00 00 00 00 00 00 00 01 00 00 80 04 80 04 C0 00 40 00 60 00 20 00 00 00 00 00 00 00 00 00 00 02 00 00 00 01 00 08 80 0C 00 06 00 11 00 04 01 04 88 00 40 00 48 00 02 00 20 00 00
00 00 00 00 00 00 00 00 00 00 00 00 81 00 00 00 04 80 00 00 00 40 00 00 00 00 00 10 00 00 00 00 00 00 00 00 00 00 80 00 00 00 00 00 04 00 04 00 09 00 08 00 00 00 00 48 00 40 00 60 00 20 00 00
00 00 00 00 00 00 00 00 00 00 01 00 01 80 02 80 06 C0 07 C0 01 40 00 20 00 30 00 10 00 10 00 00 00 00 00 00 08 00 00 00 04 00 00 00 04 00 0D 00 09 80 04 80 06 80 00 40 00 60 00 20 00 00 00 00
00 00 00 00 00 00 00 00 00 00 01 00 01 80 00 C0 06 C0 03 40 02 60 00 20 00 30 00 10 00 10 00 00 00 00 00 00 00 00 00 00 00 00 00 00 06 00 05 00 0D 80 04 80 06 C0 00 C0 00 60 00 20 00 30 00 00
00 00 00 00 00 00 00 00 00 00 01 80 01 80 00 C0 02 C0 02 60 00 60 00 20 00 30 00 10 00 08 00 00 00 00 00 00 00 00 00 00 00 00 02 00 02 00 05 80 05 80 0E 80 06 C0 00 60 00 60 00 20 00 30 00 00
00 00 00 00 00 00 00 00 01 00 01 80 01 C0 10 C0 02 40 03 60 00 20 00 30 00 18 00 18 00 00 00 00 40 00 00 00 00 00 00 00 00 00 00 00 04 00 07 80 0C 80 06 C0 03 C0 00 60 00 60 00 30 00 10 00 00
00 00 00 00 00 00 00 00 01 80 03 80 00 C0 10 40 03 60 00 20 00 30 00 10 00 18 00 08 00 80 00 00 00 00 00 00 00 00 00 00 00 00 00 00 03 80 03 80 0E C0 07 C0 03 60 00 60 00 30 00 10 00 20 00 00
00 00 00 00 00 00 00 00 03 80 03 C0 00 C0 02 60 03 E0 00 30 00 10 00 18 00 08 00 08 00 00 00 00 40 00 00 00 00 00 00 00 00 00 00 00 03 80 15 80 06 C0 03 E0 00 60 00 20 00 70 00 38 00 10 00 00
00 00 00 00 00 00 01 80 01 80 03 C0 00 60 03 E0 01 A0 00 30 00 18 00 18 00 08 00 00 00 80 00 00 00 00 00 00 00 00 00 00 00 00 01 80 03 80 14 C0 07 C0 03 E0 00 20 00 30 08 18 00 18 02 00 00 00
00 00 00 00 00 00 01 80 03 C0 00 E0 02 60 03 E0 01 30 00 10 00 18 00 08 00 08 00 00 00 00 00 00 08 00 00 00 00 00 00 00 00 00 01 80 03 80 06 C0 03 C0 03 60 00 70 00 90 00 18 00 18 80 08 00 00
00 00 00 00 00 00 01 80 00 C0 00 60 02 60 01 A0 00 30 00 18 00 08 00 08 00 04 00 00 00 00 00 00 00 00 00 00 00 00 00 00 00 00 01 80 00 80 02 C0 07 E0 01 A0 00 B0 00 10 00 18 00 40 00 10 00 00
00 00 00 00 00 00 00 80 01 C0 00 60 01 60 01 A0 00 30 00 18 00 08 00 08 00 00 00 00 00 00 00 00 00 00 00 00 00 00 00 00 00 00 02 80 02 80 06 C0 03 E0 01 30 00 30 00 38 00 18 00 08 00 00 00 00
00 00 00 00 00 00 00 80 00 E0 00 20 01 20 01 30 00 10 00 10 00 08 00 04 00 00 00 00 00 00 00 00 00 00 00 00 00 00 00 00 00 00 00 80 06 80 02 40 03 A0 02 E0 00 10 00 80 00 00 00 10 00 00 00 08
00 00 00 00 00 00 00 80 00 40 00 20 00 20 00 00 00 10 00 08 00 00 00 00 00 00 00 00 00 00 00 00 00 20 00 00 00 00 00 00 00 00 00 00 02 00 02 00 00 00 00 00 00 50 00 10 00 00 00 00 00 00 00 00
00 00 00 00 00 00 00 00 00 00 01 00 01 00 00 00 00 80 00 00 00 00 00 04 00 04 00 00 00 00 00 00 00 00 00 40 00 00 00 00 00 00 82 00 00 80 00 00 00 00 00 00 04 00 00 00 00 00 00 00 00 00 00 00
00 00 00 00 00 00 00 00 00 00 00 00 01 20 00 E0 00 80 00 00 00 00 00 08 00 00 00 00 00 00 00 00 02 00 04 00 00 00 01 00 01 00 02 00 80 80 00 80 01 0A 00 00 00 10 00 00 00 00 00 00 00 00 00 00
00 00 00 00 00 00 00 00 00 00 00 00 00 20 00 00 00 20 00 00 00 00 00 00 00 00 00 00 00 00 00 00 00 00 00 00 00 00 00 00 00 00 00 00 00 80 00 08 00 00 00 10 00 00 00 00 00 00 00 00 00 80 10 00
08 00 00 00 00 00 00 00 00 00 00 00 00 00 00 20 00 10 00 08 00 08 00 00 00 00 00 00 00 00 00 00 00 00 00 00 00 00 00 00 00 00 40 00 00 00 00 00 00 21 20 00 00 00 00 00 00 00 00 00 00 00 00 00
00 00 00 00 00 00 01 00 00 00 00 20 00 00 01 80 00 00 00 00 00 08 00 00 00 00 00 00 00 00 00 00 00 00 00 00 00 00 00 00 00 00 00 80 00 00 00 40 00 00 00 00 00 00 00 00 00 00 00 00 00 80 00 00
00 00 00 00 00 80 00 80 01 40 00 20 00 00 00 20 00 00 00 10 00 00 00 00 00 00 00 00 00 00 00 00 00 00 00 00 00 00 00 00 80 00 01 00 00 00 01 40 01 80 00 00 00 00 02 00 00 00 00 00 00 80 00 00
00 00 00 00 00 00 01 80 01 00 02 00 00 80 00 80 00 00 00 00 00 00 00 00 00 00 00 00 00 00 00 00 00 00 00 00 40 00 00 00 00 00 01 20 00 20 00 80 00 90 00 70 00 00 00 00 00 00 00 00 00 00 00 00
00 00 00 00 00 00 01 00 03 00 02 80 06 80 03 C0 01 60 00 30 00 10 00 18 00 08 00 00 00 00 00 00 00 00 00 00 00 00 00 80 00 C0 01 60 01 60 00 A0 00 B0 00 18 00 08 00 0C 00 04 00 00 00 00 00 00
00 00 00 00 00 00 03 00 07 00 06 80 06 80 06 40 03 60 00 20 00 30 00 10 00 00 00 00 00 00 00 00 00 00 00 00 00 00 00 80 00 C0 03 60 03 60 81 E0 00 B0 00 18 00 18 00 08 00 0C 00 00 00 00 00 00
00 00 00 00 00 00 03 00 06 00 05 80 04 80 07 C0 02 60 00 60 00 30 00 10 00 10 00 00 00 00 00 00 00 00 00 00 00 00 00 80 00 E0 03 40 03 60 03 E0 01 B0 00 38 00 18 00 08 00 08 00 00 00 00 00 00
00 00 00 00 00 00 07 00 06 00 05 80 0D 80 16 80 06 C0 00 60 00 20 00 30 00 10 00 00 00 00 00 00 00 00 00 00 08 80 01 80 00 80 02 C0 02 E0 03 E0 01 70 00 20 00 18 00 18 00 08 00 00 00 00 00 00
00 00 00 00 02 00 06 00 07 00 0D 80 0D 80 0D 80 04 C0 00 40 00 60 00 20 00 00 00 00 00 00 00 00 00 00 00 00 00 00 01 80 01 C0 06 C0 06 C0 03 40 01 70 00 30 00 30 00 10 00 00 00 00 00 00 00 00
00 00 00 00 00 00 06 00 0C 00 0D 00 09 80 0E 80 04 80 00 C0 00 60 00 20 00 00 00 00 00 00 00 00 00 00 00 00 00 00 01 00 01 C0 06 C0 04 C0 15 C0 03 60 00 20 00 30 00 10 00 10 00 00 00 00 00 00
00 00 00 00 02 00 06 00 0C 00 0B 00 0B 00 0E 80 04 80 00 C0 00 40 00 20 00 20 00 00 00 00 00 00 00 00 00 00 00 00 01 00 00 80 04 E0 04 C0 03 C0 02 40 00 60 00 20 00 10 00 00 00 00 00 00 00 00
00 00 00 00 06 00 0C 00 08 00 09 00 1B 00 0A 80 00 80 00 00 00 40 00 60 00 00 00 00 00 00 00 00 00 00 00 00 00 00 83 00 05 80 04 80 04 80 03 D0 00 40 00 60 00 20 00 B0 00 00 00 00 00 00 00 00
00 00 00 00 00 00 0E 00 08 00 0A 00 1B 00 18 80 0C 80 00 C0 00 40 00 40 00 00 00 00 00 00 00 00 00 00 00 00 00 00 03 00 01 00 00 00 0C 82 03 80 02 E0 00 00 00 00 00 20 02 00 00 00 00 00 00 00
00 00 00 00 00 00 00 00 08 00 09 00 01 00 09 00 00 80 00 80 00 40 00 20 00 00 00 00 00 00 00 00 00 00 00 00 20 00 02 00 01 80 0C 80 00 80 00 80 03 C0 00 40 00 30 00 20 00 00 00 00 00 00 00 00
00 00 00 00 00 00 00 00 08 00 00 00 00 00 08 00 00 80 00 80 00 40 00 00 00 00 00 00 00 00 00 00 80 00 00 00 02 00 01 00 01 00 00 80 00 80 10 80 02 00 00 60 00 20 00 30 00 00 00 00 00 00 80 00
