00000000: 0000 0000 0000 0000 0080 0080 0840 0000  .............@..
00000010: 0000 0000 0800 0400 0000 0000 0000 0000  ................
00000020: 0020 0000 0000 0000 0000 0000 0000 0000  . ..............
00000030: 0204 0000 0001 0000 0000 0000 0000 0000  ................
00000040: 0000 0000 0000 0000 0000 0000 0000 0000  ................
00000050: 0000 0000 0000 0000 0000 0000 0000 0000  ................
00000060: 0000 00c0 0000 0000 0000 0000 0000 0000  ................
00000070: 0000 0000 0000 0000 0000 0000 0000 0040  ...............@
00000080: 0000 0000 0300 0000 0000 0000 0000 0000  ................
00000090: 0000 0000 0d70 0000 0000 0000 0000 0000  .....p..........
000000a0: 0080 0000 0000 0000 0000 0000 0000 0000  ................
000000b0: 0000 0034 0000 0000 0000 0000 0000 0000  ...4............
000000c0: 0000 0000 0000 0400 1800 0100 8400 0380  ................
000000d0: 0000 0080 0000 0600 0800 0000 0000 0000  ................
000000e0: 0000 0080 0400 0000 0000 4000 0000 0000  ..........@.....
000000f0: 0000 0200 0400 0000 0000 0000 0000 0600  ................
00000100: 0000 0000 0000 0000 0000 0000 0000 0000  ................
00000110: 0100 0000 0000 0100 0000 0000 0000 0000  ................
00000120: 0000 0000 0000 0000 0000 0000 0000 0000  ................
00000130: 0000 8400 0000 0000 0000 0000 0000 0000  ................
00000140: 0000 0000 0300 0000 0000 0000 0440 0880  .............@..
00000150: 0020 0000 0080 0000 0000 0000 0000 0000  . ..............
00000160: 0000 0180 0400 0000 0000 0000 0000 0000  ................
00000170: 0000 0001 0080 0000 0000 0000 0000 0000  ................
00000180: 0000 0000 0000 0000 0000 0000 0000 0000  ................
00000190: 0200 0000 0000 0000 0000 0000 0000 0000  ................
000001a0: 0000 0040 0000 0000 0000 0000 0000 0000  ...@............
000001b0: 4040 0000 0000 0000 0000 0000 0000 0000  @@..............
000001c0: 0004 0000 0000 0000 1980 0000 0080 0000  ................
000001d0: 0000 0000 0000 0000 0400 0000 0000 0000  ................
000001e0: 0000 0000 0000 1980 0100 0000 0080 0000  ................
000001f0: 0302 0200 0000 0000 0000 0000 0100 0600  ................
00000200: 0000 0000 0000 0100 0440 0080 0100 1000  .........@......
00000210: 0300 0400 0000 0200 0000 0000 0000 0000  ................
00000220: 0000 0000 0020 0000 0000 0000 0000 0000  ..... ..........
00000230: 0000 0000 0000 0000 0000 0000 0000 0000  ................
00000240: 0000 0000 0000 0000 0600 0200 0000 0000  ................
00000250: 0000 0080 0000 0000 0000 0000 0000 0000  ................
00000260: 0000 0000 0040 0000 0000 0000 0400 8000  .....@..........
00000270: 0000 0000 0000 0000 0000 0000 0000 0000  ................
00000280: 0000 0000 0000 0000 0380 0280 04c0 0020  ............... 
00000290: 0040 1080 1b80 0600 0000 0000 0000 0000  .@..............
000002a0: 0100 0200 0000 0080 2080 0040 0000 0000  ........ ..@....
000002b0: 4000 0600 0000 0000 0000 0000 0000 0000  @...............
000002c0: 0000 0000 0000 0000 0000 0000 0000 0000  ................
000002d0: 0000 0000 0200 0400 0000 0000 0000 0000  ................
000002e0: 0000 0000 0000 0000 8000 0000 0000 0000  ................
000002f0: 0000 0480 0000 0000 0000 0000 0000 0000  ................
00000300: 0000 0000 0700 1800 0000 0300 0300 0000  ................
00000310: 0400 1000 0bf8 0000 0000 0000 0000 0000  ................
00000320: 0000 0700 0040 0000 0000 0000 0000 0004  .....@..........
00000330: 0000 07c0 0000 0000 0000 0000 0000 0000  ................
00000340: 0000 0000 0000 0400 1e00 0080 0600 0380  ................
00000350: 0080 0080 0300 0c00 0800 0000 0000 0000  ................
00000360: 0000 0000 0f00 1100 0000 0000 0180 0000  ................
00000370: 0100 0200 0800 0000 0000 0000 0000 0000  ................
00000380: 0000 0000 0000 0000 0000 0000 0000 0000  ................
00000390: 0f00 0000 0000 0080 0000 0000 0080 0000  ................
000003a0: 0000 0000 0000 0000 0000 0000 0000 0000  ................
000003b0: 0000 0000 0000 0000 0000 0080 0000 0400  ................
000003c0: 0000 0000 0380 0800 0000 0400 1dc0 0040  ...............@
000003d0: 0040 0000 18e0 0f00 0000 0000 0000 0000  .@..............
000003e0: 0000 0080 0c00 0000 0000 8f80 00c0 0000  ................
000003f0: 0002 0000 0d80 0000 0000 0000 0000 0000  ................
00000400: 0000 0000 0400 0000 0000 00c0 0180 0000  ................
00000410: 0300 0800 0f80 0000 0000 0000 0000 0000  ................
00000420: 0000 0000 0000 0000 00e0 0100 0000 0020  ............... 
00000430: 0040 0200 0000 0000 0000 0000 0000 0000  .@..............
00000440: 0000 0000 0000 0000 1780 0000 0000 0000  ................
00000450: 0000 0000 0000 0000 0600 0000 0000 0000  ................
00000460: 0010 0000 0000 3fc0 03c0 0080 0000 0000  ......?.........
00000470: 0100 0000 0c00 0400 0000 0000 0000 0000  ................
00000480: 0000 0000 0000 00a0 00a0 0000 0100 0800  ................
00000490: 0280 0000 0000 0300 0000 0000 0000 0000  ................
000004a0: 1000 0040 0120 0600 0880 0000 0400 0080  ...@. ..........
000004b0: 0080 0000 0080 0000 0000 0000 0000 0000  ................
000004c0: 0000 0000 0000 0000 0000 0600 0000 0900  ................
000004d0: 0c00 00c0 0040 0020 0000 0000 0000 0000  .....@. ........
000004e0: 0000 0000 0000 0800 0100 0000 0080 0400  ................
000004f0: 0000 0000 0000 0000 0000 0000 0000 0000  ................
00000500: 0000 0000 0000 0000 0180 0680 0800 0000  ................
00000510: 0040 10c0 0d80 0700 0000 0000 0000 0000  .@..............
00000520: 0000 0100 0400 0580 00c0 0042 0021 0000  ...........B.!..
00000530: 0780 0e00 0000 0000 0000 0000 0000 0000  ................
00000540: 0000 0000 0000 0000 0080 0000 0100 0000  ................
00000550: 0000 0000 0000 0400 0000 0000 0000 0000  ................
00000560: 0000 0080 0000 0000 0100 4001 0000 4000  ..........@...@.
00000570: 0400 0400 0000 0000 0000 0000 0000 0000  ................
00000580: 0000 0000 0700 0800 0100 0100 0000 0200  ................
00000590: 0400 1000 1ff0 0100 0000 0000 0000 0000  ................
000005a0: 0000 0700 0800 0000 0000 0000 0000 0000  ................
000005b0: 0800 07f0 0000 0080 0000 0200 0000 0000  ................
000005c0: 0000 0000 0000 0c00 1f00 0100 0400 0780  ................
000005d0: 0080 0080 0380 0600 0c00 0000 0000 0000  ................
000005e0: 0000 0000 0a00 0f80 0000 0600 0180 0480  ................
000005f0: 8000 0300 0e00 0800 0000 0000 0000 0000  ................
00000600: 0000 0000 0000 0000 0000 0040 0000 0000  ...........@....
00000610: 1900 0000 0000 0080 0000 0000 0000 0000  ................
00000620: 0000 0000 0000 0000 0000 0080 0000 0800  ................
00000630: 0f82 0400 0000 0000 0000 0100 0000 0000  ................
00000640: 0000 0000 0380 1600 0800 0000 0f00 00c0  ................
00000650: 0060 0020 10c0 0f80 0000 0000 0000 0000  .`. ............
00000660: 0020 0380 0600 0000 0200 1700 0080 0020  . ............. 
00000670: 0000 0000 0f80 0000 0000 0000 0000 0000  ................
00000680: 0000 0000 0600 0000 0800 00c0 0180 0200  ................
00000690: 0620 10c0 0f00 0000 0000 0000 0000 0000  . ..............
000006a0: 0000 0600 0000 0000 00f0 03e0 0004 0000  ................
000006b0: 0100 0f80 0000 0000 0000 0080 0000 0000  ................
000006c0: 0000 0000 0000 0000 1f80 0580 0040 0000  .............@..
000006d0: 0080 0100 0000 0000 0400 0000 0000 0000  ................
000006e0: 0000 0004 8008 3e40 07e4 0001 0000 1081  ......>@........
000006f0: 0101 0200 0240 0400 00c0 0000 0000 0000  .....@..........
00000700: 0000 0000 0000 0100 0660 0880 1000 1c00  .........`......
00000710: 0780 0040 0480 0280 0000 0000 0000 0000  ...@............
00000720: 0000 0080 01e0 0600 0980 1100 0a00 0500  ................
00000730: 00c0 0040 0300 0100 0000 0000 0000 0000  ...@............
00000740: 0000 0000 0000 0000 0000 0600 0000 0b00  ................
00000750: 0e80 0000 0040 0040 0020 0000 0000 0000  .....@.@. ......
00000760: 0010 0040 0000 0608 4300 0080 0c00 0480  ...@....C.......
00000770: 0000 0040 0000 0000 0000 0000 0080 0000  ...@............
00000780: 0000 0000 0000 0000 0180 0780 0c80 0000  ................
00000790: 1060 1080 1f80 0f00 0000 0000 0000 0000  .`..............
000007a0: 0000 0300 0300 8f80 0c82 1860 0000 1000  ...........`....
000007b0: 0180 0f00 0000 0000 0000 0000 0000 0000  ................
000007c0: 0000 0000 0080 0080 0000 0100 0000 0100  ................
000007d0: 0000 0000 0200 0600 0000 0000 0000 0000  ................
000007e0: 4000 0000 0080 0100 2100 8000 0400 0200  @.......!.......
000007f0: 0000 0000 0400 0000 0000 0000 0000 0000  ................
00000800: 0000 0000 0700 1f00 0000 0100 0300 0600  ................
00000810: 0400 0000 1ff8 0b80 0000 0000 0000 0000  ................
00000820: 0000 0f80 1c82 0010 0200 0600 0400 0c00  ................
00000830: 1000 07f8 0180 0000 0200 0000 0010 0000  ................
00000840: 0000 0000 0000 0000 1e80 0100 0000 0700  ................
00000850: 01c0 0080 0180 0600 1c00 0000 0000 0000  ................
00000860: 0008 0000 0d00 1f84 0080 0600 1180 00c0  ................
00000870: 01c0 0380 0e00 0800 0000 0000 0000 0000  ................
00000880: 0000 0000 0000 0000 0000 0000 1040 0000  .............@..
00000890: 1f80 0000 0080 0080 0000 0000 0000 0000  ................
000008a0: 0008 0008 0450 0000 1800 0080 4000 0100  .....P......@...
000008b0: 0f80 0000 0800 0000 0000 0000 0000 0000  ................
000008c0: 0000 0000 0380 1f00 0800 0000 1f80 0880  ................
000008d0: 0040 0000 0060 1fc0 0000 0000 0000 0000  .@...`..........
000008e0: 0000 0204 0f00 0000 0400 8b00 00c0 0040  ...............@
000008f0: 0020 10c0 0fc0 0000 0000 0000 0000 0000  . ..............
00000900: 0000 0000 0400 0000 0000 08c0 01c0 0200  ................
00000910: 0640 12c0 1f80 0000 0000 0000 0080 0000  .@..............
00000920: 0004 0400 0802 0800 08c0 01e0 0200 0000  ................
00000930: 02c0 0f80 0600 0000 0000 0000 0000 0000  ................
00000940: 0000 0000 0000 0000 1c00 0fc0 0040 0080  .............@..
00000950: 0080 0100 0100 0000 0600 0c00 0000 0000  ................
00000960: 8054 8008 0010 5d88 07c0 0800 0080 0000  .T....].........
00000970: 0300 0300 0600 0f80 00c0 0100 0000 0000  ................
00000980: 0000 0000 0000 0120 0660 0cc0 0180 1800  ....... .`......
00000990: 0f80 0400 0400 0680 0300 0000 0080 0000  ................
000009a0: 0000 0000 0060 0f28 1c80 1180 0e03 0700  .....`.(........
000009b0: 00c0 0000 0280 0380 0000 0000 0000 0000  ................
000009c0: 0000 0000 0000 0000 0000 0e00 0000 0b80  ................
000009d0: 0e80 0080 00c0 0040 0020 0000 0000 0000  .......@. ......
000009e0: 0000 0000 0200 0601 0300 0180 0800 8680  ................
000009f0: 00c0 0400 0060 0220 0000 0000 0080 0000  .....`. ........
00000a00: 0000 0000 0000 0000 0100 0780 0ec0 0820  ............... 
00000a10: 0060 00c0 1d80 0f00 0000 0000 0000 0000  .`..............
00000a20: 0008 0020 0380 0780 0cc0 1840 0060 1020  ... .......@.`. 
00000a30: 0180 0f00 0400 0000 0080 0000 0000 8000  ................
00000a40: 0000 0000 0000 0000 0080 0000 0180 0100  ................
00000a50: 0100 0000 0200 0600 0000 0000 0000 0000  ................
00000a60: 0000 0000 0080 0100 0000 0100 1300 0200  ................
00000a70: 0200 0420 0000 0000 0000 0000 0000 0000  ... ............
00000a80: 0000 0000 0300 0f80 1900 0100 0300 0600  ................
00000a90: 0400 0000 1ef8 0fe0 0000 0000 0000 0000  ................
00000aa0: 8000 0700 0f80 0101 0300 0200 0c00 0c00  ................
00000ab0: 1900 07f8 07e0 0000 0210 0000 0000 0000  ................
00000ac0: 0000 0000 0000 0000 1e80 1980 0000 0700  ................
00000ad0: 0380 00c0 0180 0700 0c00 0800 0000 0000  ................
00000ae0: 0000 0000 0000 1f00 9180 0600 0680 0180  ................
00000af0: 00c0 0180 0f00 1c80 0000 0000 0000 0000  ................
00000b00: 0000 0000 0000 0000 0400 0800 8840 0080  .............@..
00000b10: 1f00 0080 0000 0180 0100 0000 0000 0000  ................
00000b20: 0010 0010 0400 0040 08c0 1000 0080 0180  .......@........
00000b30: 0f80 0080 0000 0000 0000 0000 0040 0000  .............@..
00000b40: 0000 0000 0080 0700 0800 0000 0f80 19c0  ................
00000b50: 0060 0020 0020 1fc0 0000 0000 0000 0000  .`. . ..........
00000b60: 0008 0380 1f80 0800 0400 0780 19c0 0060  ...............`
00000b70: 0020 0840 1fc0 0400 0000 0100 0000 0000  . .@............
00000b80: 0000 0000 0600 0400 0000 0840 09c0 0300  ...........@....
00000b90: 0620 12c0 1d80 0f00 0000 0000 0080 0000  . ..............
00000ba0: 0000 0600 0c00 0000 10c0 03e0 9700 0000  ................
00000bb0: 0340 0980 0f00 0000 0000 0000 0000 0000  .@..............
00000bc0: 0000 0000 0000 0000 3800 1f80 0040 00c0  ........8....@..
00000bd0: 0080 0180 0300 0200 0200 0600 0000 0000  ................
00000be0: 0004 0000 0002 3a80 1fc0 0000 0080 0180  ......:.........
00000bf0: 0180 0300 0620 0600 0400 0000 0000 0020  ..... ......... 
00000c00: 0000 0000 0000 0080 0760 0cc0 19c0 1800  .........`......
00000c10: 0f80 0080 0440 0680 0380 0000 0000 0000  .....@..........
00000c20: 0020 0000 2060 2760 1c80 1181 0f00 0f00  . .. `'`........
00000c30: 01c0 0040 0280 0380 0000 0080 0080 0000  ...@............
00000c40: 0000 0000 0000 0000 0000 0f00 0900 0900  ................
00000c50: 0f80 0080 00c0 0040 0060 0000 0000 0000  .......@.`......
00000c60: 0000 0000 0000 0e00 0f00 1180 1800 0e80  ................
00000c70: 0080 0040 0060 0020 0000 0000 0080 0000  ...@.`. ........
00000c80: 0000 0000 0000 0000 0000 0380 0e80 0c80  ................
00000c90: 0060 10c0 1980 1f80 0e00 0000 0000 0000  .`..............
00000ca0: 0000 0000 0300 0780 0d80 18c0 1860 1080  .............`..
00000cb0: 1180 0f80 0c00 0000 0000 0000 0000 0000  ................
00000cc0: 0000 0000 0000 0080 0000 0080 0100 0100  ................
00000cd0: 0300 0200 0200 0600 0400 0000 0000 0000  ................
00000ce0: 0000 0000 0090 0180 0100 0300 0000 0200  ................
00000cf0: 1600 0400 0400 0000 0000 0000 0000 8000  ................
00000d00: 0000 0000 0200 0f00 1c80 0180 0300 0200  ................
00000d10: 0600 0c00 1830 1ff8 0300 0000 0000 0000  .....0..........
00000d20: 0040 0f00 1f80 3880 0300 0600 0400 1c00  .@....8.........
00000d30: 1800 13f0 07f8 0400 0000 0000 0000 0000  ................
00000d40: 0000 0000 0000 0000 0e00 1f80 0100 0600  ................
00000d50: 0780 00c0 0180 0300 1e00 1800 0000 0000  ................
00000d60: 0000 0000 0004 1f80 1b80 0600 0600 0180  ................
00000d70: 00c0 0380 0700 1e00 0800 0000 0000 0000  ................
00000d80: 0000 0000 0000 0000 0400 0c00 0840 0000  .............@..
00000d90: 1900 1f80 0000 0080 0180 0000 0000 0000  ................
00000da0: 0000 0000 0420 0440 0800 18c0 1080 0080  ..... .@........
00000db0: 0f80 0000 0000 0000 0000 0080 0000 0000  ................
00000dc0: 0000 0000 0000 07c0 1c00 0000 0f00 1f80  ................
00000dd0: 00e0 0030 0020 19e0 0f00 0000 0000 0000  ...0. ..........
00000de0: 0000 0000 0f80 0e01 0000 0f00 1fc0 00c0  ................
00000df0: 0070 0020 1bc0 0f80 0000 0020 0000 0000  .p. ....... ....
00000e00: 0000 0000 0200 0600 0000 0800 09e0 03a0  ................
00000e10: 0420 1660 19c0 0f00 0000 0000 0000 0000  . .`............
00000e20: 0008 0600 0e08 0800 08c2 11e0 1320 0600  ............. ..
00000e30: 03c0 09c0 0f80 0000 0000 0000 4000 0000  ............@...
00000e40: 0000 0000 0000 0000 0000 3fc0 07c0 00c0  ..........?.....
00000e50: 0080 0180 0300 0300 0200 0e00 0000 0000  ................
00000e60: 0000 0008 0000 0080 3fc0 07c2 0080 0180  ........?.......
00000e70: 0380 0300 0600 0e00 0c20 0000 0010 0000  ......... ......
00000e80: 0000 0000 0000 0000 0360 0ee0 09c0 1900  .........`......
00000e90: 1f80 0080 0440 0480 0380 0000 0080 0000  .....@..........
00000ea0: 0000 0000 0020 0360 0ec0 1981 1300 0e00  ..... .`........
00000eb0: 0180 0040 0000 0380 0000 0080 0000 0000  ...@............
00000ec0: 0000 0000 0000 0000 0000 0600 0e00 1100  ................
00000ed0: 0f80 0480 00c0 0040 0060 0020 0000 0000  .......@.`. ....
00000ee0: 0020 0000 0004 0e00 0f80 0980 0880 0e80  . ..............
00000ef0: 04c0 00c0 0040 0020 0000 0000 0000 0000  .....@. ........
00000f00: 0000 0000 0000 0000 0000 0380 0780 0cc0  ................
00000f10: 0860 10c0 10c0 1f80 0f00 0000 0000 0000  .`..............
00000f20: 0000 0000 0300 0f00 0fc0 0cc0 1860 1060  .............`.`
00000f30: 12c0 0f80 0f00 0000 0000 0000 0000 0100  ................
00000f40: 0000 0000 0000 0000 0080 0080 0100 0100  ................
00000f50: 0100 0000 0200 0200 0600 0000 0000 0000  ................
00000f60: 0000 0000 0080 0980 0100 0100 0300 0200  ................
00000f70: 0200 0600 0400 0400 0000 0000 0000 0000  ................
00000f80: 0000 0000 0000 0700 1e80 1180 0180 0300  ................
00000f90: 0600 0400 0000 1ff8 0f80 0000 0000 0000  ................
00000fa0: 0000 0100 0f00 1d80 0300 0a00 0600 0c00  ................
00000fb0: 0c01 1810 07f0 03c0 0000 0000 0100 0000  ................
00000fc0: 0000 0000 0000 0000 0400 1e80 1180 0400  ................
00000fd0: 0780 00c0 0080 0180 0700 1c00 0000 0000  ................
00000fe0: 0000 0000 0000 0f00 1f80 0000 0600 0584  ................
00000ff0: 0080 0180 0780 0e80 1c00 0000 0000 0000  ................
00001000: 0000 0000 0000 0000 0400 0c00 0840 0040  .............@.@
00001010: 1080 1f80 0080 0080 0180 0080 0000 0000  ................
00001020: 2000 0000 0000 0c40 0840 1880 1080 0080   ......@.@......
00001030: 0f80 0000 0000 0000 0000 0000 0000 0000  ................
00001040: 0000 0000 0000 0780 1f00 0800 0000 1f80  ................
00001050: 18c0 0040 0030 00e0 1f80 0000 0000 0000  ...@.0..........
00001060: 0000 0000 0380 1f00 0000 0000 1fc0 00e0  ................
00001070: 0060 1000 1ce0 1fc0 0000 0000 0000 0000  .`..............
00001080: 0000 0000 0000 0600 0400 0800 08c0 01e0  ................
00001090: 0720 1660 10c0 1f80 0b00 0000 0000 0000  . .`............
000010a0: 0000 0000 0e00 0800 0820 18e0 13a0 1600  ......... ......
000010b0: 0e40 0bc0 0f80 0000 0000 0000 0000 0000  .@..............
000010c0: 0000 0000 0000 0000 0000 1c00 1fc0 10c0  ................
000010d0: 00c0 0080 0180 0300 0200 0600 0c00 0000  ................
000010e0: 0040 0000 4000 0940 7fc0 0fe0 0080 0080  .@..@..@........
000010f0: 0180 0300 0700 0600 0400 0000 0000 0800  ................
00001100: 0000 0000 0000 0000 0160 0660 0cc0 1180  .........`.`....
00001110: 1f00 0680 0040 04c0 0780 0180 0000 0000  .....@..........
00001120: 0000 0000 0040 01e0 0ec0 1d80 13c0 0e00  .....@..........
00001130: 0580 00c0 0280 0380 0300 0000 0000 0000  ................
00001140: 0000 0000 0000 0000 0000 0400 0e00 0000  ................
00001150: 1f80 0e80 0080 0040 0040 0020 0000 0000  .......@.@. ....
00001160: 0000 0000 0000 0600 0e00 0b81 1184 0a80  ................
00001170: 0680 00c0 0060 0060 0000 0000 0200 0000  .....`.`........
00001180: 0000 0000 0000 0000 0000 0000 0380 0e80  ................
00001190: 0c60 0060 10c0 1dc0 0f80 0000 0000 0000  .`.`............
000011a0: 0000 0000 0380 0300 0f80 0dc0 1860 1060  .............`.`
000011b0: 1180 1380 0f00 0000 0000 0000 0000 0000  ................
000011c0: 0000 0000 0000 0000 0080 0080 0080 0100  ................
000011d0: 0100 0300 0300 0200 0600 0400 0000 0000  ................
000011e0: 0800 0000 0080 0180 0180 0100 0100 0300  ................
000011f0: 0200 0600 0600 0400 0000 0000 0000 0200  ................
00001200: 0000 0000 0000 0000 0f80 1c80 0180 0300  ................
00001210: 0600 0400 0400 0d78 0ff8 0000 0000 0000  .......x........
00001220: 1000 0300 0f80 1f80 1800 0300 0600 0600  ................
00001230: 0c00 1840 1ff8 07f0 0400 0000 0080 0000  ...@............
00001240: 0000 0000 0000 0000 0000 0e00 1d80 0100  ................
00001250: 0780 00c0 00c0 0180 0380 1e00 0800 0000  ................
00001260: 0000 0000 0200 0600 1f80 1180 0a00 0780  ................
00001270: 01c0 0000 0380 0f20 1c00 0000 0000 0000  ....... ........
00001280: 0000 0000 0000 0000 0000 0400 0c40 0840  .............@.@
00001290: 00c0 1f80 0f00 0000 0080 0180 0000 0000  ................
000012a0: 0800 0000 0000 0440 0cc0 08c0 1880 1080  .......@........
000012b0: 0b80 0e80 0000 0000 0000 0000 0000 0000  ................
000012c0: 0000 0000 0000 0080 0f80 0c00 0000 0f80  ................
000012d0: 19c0 0060 0020 0060 1fc0 0680 0000 0000  ...`. .`........
000012e0: 0000 0000 0680 1f80 1c00 0600 0fc0 11e0  ................
000012f0: 0060 0020 0040 1fc0 0f00 0000 0000 0000  .`. .@..........
00001300: 0000 0000 0000 0600 0600 0400 0c00 09e0  ................
00001310: 0b20 0660 1360 1dc0 0f00 0000 0000 0000  . .`.`..........
00001320: 0020 0400 0600 0c00 0800 18e0 13e0 1300  . ..............
00001330: 1440 03c0 0d80 0700 0000 0000 0000 0000  .@..............
00001340: 0000 0000 0000 0000 0000 1000 1fe0 0060  ...............`
00001350: 00c0 0080 0180 0100 0300 0200 0600 0000  ................
00001360: 2000 0000 0000 0000 1c80 3fc0 0000 0080   .........?.....
00001370: 0180 0180 0310 0600 0600 0c40 0000 0000  ...........@....
00001380: 0000 0000 0000 0000 0100 0760 0cc0 0180  ...........`....
00001390: 1f00 0380 04c0 0440 0680 0380 0000 0000  .......@........
000013a0: 0000 0000 0100 0260 0fe0 1e80 1980 0b00  .......`........
000013b0: 0f80 00c0 0000 0380 0780 0000 0000 0000  ................
000013c0: 0000 0000 0000 0000 0000 0400 0f00 0c80  ................
000013d0: 0b80 0e80 0080 00c0 0040 0060 0020 0000  .........@.`. ..
000013e0: 0000 0000 0000 0100 0f00 0f00 0980 0000  ................
000013f0: 0e80 00c0 0040 0060 0020 0000 0000 0000  .....@.`. ......
00001400: 0000 0000 0000 0000 0100 0000 0780 0700  ................
00001410: 0c20 0860 0040 01c0 1f80 0700 0000 0000  . .`.@..........
00001420: 0000 0000 0000 0300 0700 0ec0 0cc0 1800  ................
00001430: 10c0 11c0 0780 0f00 0000 0000 0000 0000  ................
00001440: 0000 0000 0000 0000 0080 0080 0080 0080  ................
00001450: 0180 0100 0300 0300 0200 0600 0000 0000  ................
00001460: 0000 0000 0000 0080 0180 0100 0100 0300  ................
00001470: 0300 0208 0600 0600 0400 0000 0000 0000  ................
00001480: 0000 0000 0000 0000 0780 1c80 0180 0100  ................
00001490: 0300 0600 0400 0008 0ff8 0380 0000 0000  ................
000014a0: 0000 0000 0f00 0f00 1c00 0300 0300 0600  ................
000014b0: 0c00 1c30 1870 1fb8 0000 0000 0000 0000  ...0.p..........
000014c0: 0000 0000 0000 0000 0000 0400 1e80 0180  ................
000014d0: 0300 01c0 00c0 0080 0380 0f00 0c00 0000  ................
000014e0: 0000 0000 0000 0000 1f00 1f80 0200 0600  ................
000014f0: 00c0 0080 0380 0300 1e00 1800 0000 0010  ................
00001500: 0000 0000 0000 0000 0000 0440 0c60 0840  ...........@.`.@
00001510: 08c0 00c0 0f80 0080 0080 0180 0000 0000  ................
00001520: 0000 0000 0000 0400 0cc0 18c0 1ac0 1080  ................
00001530: 1980 0f80 8004 0180 0180 0000 0000 1000  ................
00001540: 0000 0000 0000 0000 0380 0600 0040 0700  .............@..
00001550: 0fc0 0020 0010 0030 0be0 0f80 0000 0000  ... ...0........
00001560: 0000 0000 0000 0780 1e00 0000 0b80 1f80  ................
00001570: 00e0 0020 1820 1fe0 0f80 0000 0000 0000  ... . ..........
00001580: 0000 0000 0000 0200 0600 0400 0c00 08e0  ................
00001590: 0ba0 0a20 0b60 18c0 0f80 0000 0000 0000  ... .`..........
000015a0: 0000 0000 0600 0e00 1c00 0c80 19e0 13a0  ................
000015b0: 36c0 1440 01c0 0f80 0000 0000 0000 0000  6..@............
000015c0: 0000 0000 0000 0000 0000 0000 1fc0 03e0  ................
000015d0: 00c0 0080 0080 0180 0300 0200 0600 0400  ................
000015e0: 0000 0000 0000 0800 1080 1fc0 07c0 00c0  ................
000015f0: 0180 0180 0300 0300 0608 0c00 0400 0000  ................
00001600: 0000 0000 0000 0000 0000 03b0 86e0 0c80  ................
00001610: 1980 0300 0280 0040 06c0 0380 0000 0000  .......@........
00001620: 0000 0000 0000 0060 03e0 1ec0 1d80 1100  .......`........
00001630: 0f00 0480 0440 0080 0180 0000 0000 0000  .....@..........
00001640: 0000 0000 0000 0000 0000 0000 0604 0680  ................
00001650: 0100 0780 0600 00c0 0040 0020 0020 0000  .........@. . ..
00001660: 0000 0000 0400 0000 0e00 0f80 1d80 1800  ................
00001670: 0f00 0000 0040 0000 0000 0000 0000 0000  .....@..........
00001680: 0000 0000 0000 0000 0000 0100 0180 0780  ................
00001690: 0e20 0820 0860 08c0 0b80 0f80 0000 0000  . . .`..........
000016a0: 0000 0000 0100 0280 0b00 0600 9cc0 1860  ...............`
000016b0: 18c0 18c0 1780 0700 0000 0400 0000 0000  ................
000016c0: 0000 0000 0000 0000 0080 0080 0080 0080  ................
000016d0: 0180 0100 0100 0300 0300 0600 0000 0000  ................
000016e0: 0000 0000 1000 0080 0080 0180 0100 0100  ................
000016f0: 0300 0200 0200 0600 0400 0000 0000 0000  ................
00001700: 0000 0000 0000 0000 0380 0e80 0880 0180  ................
00001710: 0300 0200 0600 0000 0ff8 0380 0000 0000  ................
00001720: 0000 0000 0000 1780 0c00 1100 0300 0600  ................
00001730: 0e00 0c00 1830 1ff0 0080 0000 0000 0000  .....0..........
00001740: 0000 0000 0000 0000 0000 0000 0e80 0180  ................
00001750: 0500 03c0 0040 00c0 0180 0700 0c00 0000  .....@..........
00001760: 0000 0000 0000 0000 0680 1f00 0100 0700  ................
00001770: 0580 0000 0080 0380 0f80 1800 0000 0080  ................
00001780: 0000 0000 0000 0000 0000 0420 0460 0c60  ........... .`.`
00001790: 0840 00c0 0fc0 00c0 0080 0080 0080 0000  .@..............
000017a0: 0000 0000 0000 0080 0400 0c40 0840 10c0  ...........@.@..
000017b0: 1080 1780 0080 0080 0080 0080 0000 0000  ................
000017c0: 0000 0000 0000 0000 01c0 0700 0440 0000  .............@..
000017d0: 0f80 0000 0010 0010 0860 0fc0 0000 0000  .........`......
000017e0: 0000 0000 0000 0980 0f80 0000 0b00 0b00  ................
000017f0: 1870 0010 1020 19e0 1fc0 0000 0000 0000  .p... ..........
00001800: 0000 0000 0000 0000 0600 0400 0400 0cc0  ................
00001810: 09f0 0a30 0a20 00e0 0f80 0200 0000 0000  ...0. ..........
00001820: 0000 0000 0200 0c00 0c00 0800 18e0 1be0  ................
00001830: 3720 1720 11c0 0780 0300 0000 0000 0000  7 . ............
00001840: 0000 0000 0000 0000 0000 0000 1c00 07a0  ................
00001850: 0060 00c0 0080 0180 0180 0300 0200 0600  .`..............
00001860: 0000 4000 2000 0000 0100 1800 17c0 00c0  ..@. ...........
00001870: 00c0 0180 0180 0300 0e00 0600 0400 0000  ................
00001880: 0000 0000 0000 0000 0000 01b0 0760 0cc0  .............`..
00001890: 0980 0b00 0380 0240 0240 03c0 0180 0000  .......@.@......
000018a0: 0000 0000 0000 0000 01e0 07c0 1dc0 1980  ................
000018b0: 1f80 04c0 0480 0180 0180 0180 0000 0000  ................
000018c0: 0000 0000 0000 0000 0000 0000 0000 0e00  ................
000018d0: 0180 0b80 0600 0000 0000 0000 0030 0000  .............0..
000018e0: 0000 0000 0000 0000 0200 0e00 1d00 0800  ................
000018f0: 0f00 0600 0000 0000 0000 0000 0000 0000  ................
00001900: 0000 0000 0000 0000 0000 0000 0080 0380  ................
00001910: 0e20 0c20 0c60 00c0 04c0 0780 0000 0000  . . .`..........
00001920: 0000 0000 0000 0100 0340 0e00 0c80 1c20  .........@..... 
00001930: 18c0 19c0 1180 1700 0000 0000 0080 0000  ................
00001940: 0000 0000 0000 0000 0040 0080 0080 0080  .........@......
00001950: 0080 0100 0100 0100 0300 0200 0000 0000  ................
00001960: 0000 0000 0000 0080 0080 0080 0080 0100  ................
00001970: 0100 06e0 0600 0600 0610 0080 0000 0000  ................
00001980: 0000 0000 0000 0000 0280 0680 0480 0180  ................
00001990: 0380 0200 0600 0400 0778 05c0 0000 0000  .........x......
000019a0: 0000 0400 0000 0300 0e00 0900 0100 0700  ................
000019b0: 0e00 0c00 0c80 1bf8 0ae0 0000 0000 0000  ................
000019c0: 0000 0000 0000 0000 0000 0000 0e80 0080  ................
000019d0: 0180 0340 0040 00c0 0180 0300 0600 0000  ...@.@..........
000019e0: 4000 0000 0004 0000 0800 3f00 1800 0300  @.........?.....
000019f0: 0680 0000 0180 0180 0f80 0c00 0000 0000  ................
00001a00: 0000 0000 0000 0000 0000 0220 0620 0420  ........... . . 
00001a10: 0840 0840 0fc0 00c0 00c0 0080 0080 0000  .@.@............
00001a20: 0000 0000 0000 0000 0440 0c40 0c40 18c0  .........@.@.@..
00001a30: 18c0 1380 0780 0080 0180 0080 0000 0000  ................
00001a40: 0000 0000 0000 0000 01c0 0780 0400 0000  ................
00001a50: 0f80 0040 0010 0010 0020 07e0 0000 0000  ...@..... ......
00001a60: 0000 0000 0800 0000 0f80 0800 0000 0f80  ................
00001a70: 08e0 0000 0000 08a0 1fc0 0000 0000 0000  ................
00001a80: 0000 0000 0000 0000 0200 0600 0400 0c10  ................
00001a90: 0dd0 0b10 0820 0960 05c0 0780 0000 0000  ..... .`........
00001aa0: 0000 0600 0200 0600 0480 0820 09e0 0be0  ........... ....
00001ab0: 1b20 1660 1060 05c0 0700 0000 0000 0000  . .`.`..........
00001ac0: 0000 0000 0000 0000 0000 0000 0400 17a0  ................
00001ad0: 0060 0040 0080 0080 0180 0300 0300 0200  .`.@............
00001ae0: 0000 0000 8000 0000 0000 1c80 1fc0 0040  ...............@
00001af0: 00c0 0180 0180 0320 0200 0600 0400 0000  ....... ........
00001b00: 0000 0000 0000 0000 0000 0090 03f0 06e0  ................
00001b10: 0980 0500 0380 0240 0040 01c0 0180 0000  .......@.@......
00001b20: 0000 0000 0000 0000 04e0 0f60 0ec0 1980  ...........`....
00001b30: 1700 0080 0400 0490 0080 0180 0000 0000  ................
00001b40: 0000 0000 0000 0000 0000 0000 0000 0680  ................
00001b50: 0480 0780 0640 0000 0020 0020 0010 0000  .....@... . ....
00001b60: 0000 0000 0000 0200 0000 0600 0d80 0c00  ................
00001b70: 0b00 0260 0000 0000 0000 0000 0000 0000  ...`............
00001b80: 0000 0000 0000 0000 0000 0080 0000 0380  ................
00001b90: 0620 0c30 0460 00e0 04c0 0380 0000 0000  . .0.`..........
00001ba0: 0000 0000 0000 0000 0300 0600 0600 0c00  ................
00001bb0: 1840 0840 19c0 1b80 0800 0000 0080 0000  .@.@............
00001bc0: 0000 0000 0000 0000 0040 0080 0080 0000  .........@......
00001bd0: 0080 0180 0100 0000 0000 0200 0000 0000  ................
00001be0: 0000 0000 0000 0000 0080 0080 0000 0100  ................
00001bf0: 0300 0200 0600 0200 0600 0000 0000 0000  ................
00001c00: 0000 0000 0000 0000 0080 0080 0080 0180  ................
00001c10: 0180 0300 0000 0400 001c 0020 0000 0000  ........... ....
00001c20: 0000 0000 0080 0000 0c00 0904 0308 0000  ................
00001c30: 0e00 0400 0840 0980 0140 0000 0000 0000  .....@...@......
00001c40: 0000 0000 0000 0000 0000 0000 0c80 0080  ................
00001c50: 0180 0140 0040 0040 0080 0300 0600 0000  ...@.@.@........
00001c60: 0000 0000 0000 0000 0000 0080 0000 0100  ................
00001c70: 0000 0000 0080 0180 0a00 0c00 0800 0000  ................
00001c80: 0000 0000 0000 0000 0000 0200 0420 0420  ............. . 
00001c90: 0c60 0040 0240 0240 0040 00c0 0000 0000  .`.@.@.@.@......
00001ca0: 0000 0000 0000 0000 0400 0400 0c40 0840  .............@.@
00001cb0: 19c0 1180 0380 0080 0180 0180 0000 0000  ................
00001cc0: 0000 0000 0000 0000 00c0 0780 0440 0400  .............@..
00001cd0: 0e80 0000 0010 0010 0030 07e0 0080 0000  .........0......
00001ce0: 0000 0000 0000 0000 0f80 0c00 0880 0c80  ................
00001cf0: 0820 0000 0020 1120 0ae0 0200 0000 0000  . ... . ........
00001d00: 0000 0000 0000 0000 0300 0600 0400 0400  ................
00001d10: 0df0 0910 0130 0860 00c0 0300 0000 0000  .....0.`........
00001d20: 8000 0000 0000 0400 0e00 0c04 0800 09c0  ................
00001d30: 0ba0 1620 1060 1180 0100 0000 0000 0000  ... .`..........
00001d40: 0000 0000 0000 0000 0000 0000 0820 1120  ............. . 
00001d50: 0060 0040 0080 0080 0180 0100 0300 0200  .`.@............
00001d60: 0800 0000 0000 0000 2824 0080 1200 0000  ........($......
00001d70: 00c0 0080 0080 0500 0700 0600 0400 0000  ................
00001d80: 0000 0000 0000 0000 0000 0000 03b0 06e0  ................
00001d90: 0d80 0800 0300 0260 0260 0040 0080 0000  .......`.`.@....
00001da0: 0000 0000 0000 8100 01e0 01a0 0ec0 1880  ................
00001db0: 1b80 0000 0400 04c0 0480 0080 0000 0000  ................
00001dc0: 0000 0000 0000 0000 0000 0100 0000 0600  ................
00001dd0: 0480 0180 0240 0000 0020 0020 0020 0000  .....@... . . ..
00001de0: 0000 0002 0000 0000 0000 0200 0400 0800  ................
00001df0: 0900 0600 0000 0000 0000 0000 0000 0000  ................
00001e00: 0000 0000 0000 0000 0000 0080 0000 10c0  ................
00001e10: 0720 0000 0400 0040 02c0 0000 0000 0000  . .....@........
00001e20: 0000 0000 0000 0000 0000 0020 0000 0c40  ........... ...@
00001e30: 0880 1000 0080 0180 0400 0000 0000 4000  ..............@.
00001e40: 0000 0000 0000 0000 0000 0000 0000 0000  ................
00001e50: 0000 0100 0000 0100 0000 0000 0000 0000  ................
00001e60: 0000 0000 8000 0000 0000 0000 0100 0000  ................
00001e70: 0200 0000 0200 0200 0000 0400 0000 0000  ................
00001e80: 0000 0000 0000 0000 0080 0000 0000 0000  ................
00001e90: 0100 0000 0200 0000 0200 0000 0000 0000  ................
00001ea0: 0010 0000 0000 0000 0400 1000 0000 0000  ................
00001eb0: 0000 0800 0000 10a0 0000 0000 0000 0000  ................
00001ec0: 0000 0000 0000 0000 0000 0000 0000 0000  ................
00001ed0: 0100 0000 0000 0000 0080 0000 0000 0000  ................
00001ee0: 0000 0010 0000 0000 0000 0100 0000 0000  ................
00001ef0: 0200 0000 0100 0580 0000 1000 0000 0000  ................
00001f00: 0000 0000 0000 0000 0000 0200 0200 0000  ................
00001f10: 0800 0040 0040 0440 0040 00c0 0000 0000  ...@.@.@.@......
00001f20: 0000 0000 0000 0000 0000 0440 0040 0800  ...........@.@..
00001f30: 1000 1100 0400 0100 0080 0000 0000 0000  ................
00001f40: 0000 0000 0000 0000 0000 0000 0400 0000  ................
00001f50: 0a00 0000 0000 0000 0000 0080 0080 0000  ................
00001f60: 0000 0000 0000 0080 0200 0800 0000 0400  ................
00001f70: 0800 0000 0020 0010 0040 0000 0000 0000  ..... ...@......
00001f80: 0000 0000 0000 0000 0000 0000 0000 0400  ................
00001f90: 0090 0000 0010 0160 00c0 0000 0000 0000  .......`........
00001fa0: 0000 0010 0000 0000 0400 0000 0000 00a0  ................
00001fb0: 1300 0000 0000 0080 0000 0000 0000 0000  ................
00001fc0: 0000 0000 0000 0000 0000 0000 0000 0080  ................
00001fd0: 0000 0000 0080 0000 0000 0000 0000 0000  ................
00001fe0: 0000 0000 0000 0000 0000 0000 0000 1000  ................
00001ff0: 0000 0000 0000 0000 0000 0000 0000 0000  ................
00002000: 0000 0000 0000 0000 0000 0000 0030 0440  .............0.@
00002010: 0880 0100 0300 0200 0020 0000 00c0 0000  ......... ......
00002020: 0000 0000 0080 0220 0800 0060 0600 0980  ....... ...`....
00002030: 0300 0600 0600 0040 0080 0000 0000 0000  .......@........
00002040: 0000 0000 0000 0000 0000 0000 0000 0080  ................
00002050: 0480 0000 0300 0040 0000 0000 0010 0000  .......@........
00002060: 0000 0000 0000 0000 0000 0600 0600 0800  ................
00002070: 0100 0200 0000 0000 0000 0000 0000 0000  ................
00002080: 0000 0000 0000 0000 0080 0000 0000 0000  ................
00002090: 0020 0000 0000 0000 0000 0000 0000 0000  . ..............
000020a0: 0000 0000 0000 0000 0010 0000 0000 1000  ................
000020b0: 0000 0000 0000 0000 0000 0000 0000 0000  ................
000020c0: 0000 0000 0000 0000 0000 0000 0000 0000  ................
000020d0: 0000 0000 0000 0000 0000 0000 0000 0000  ................
000020e0: 0000 0000 0000 0000 0000 0000 0000 0000  ................
000020f0: 0000 0000 0000 0000 0000 0000 0000 0000  ................
00002100: 0000 0000 0000 0000 0000 0000 0000 0000  ................
00002110: 0000 0000 0000 0008 0080 0000 0000 0000  ................
00002120: 0000 0000 0000 8000 0008 0000 0000 0000  ................
00002130: 0000 0000 0020 0040 0000 0080 0000 0020  ..... .@....... 
00002140: 0000 0000 0000 0000 0000 0080 0080 0000  ................
00002150: 0000 0000 0000 0000 0000 0000 0400 0000  ................
00002160: 0000 0000 0001 0800 0000 0000 0000 0000  ................
00002170: 0000 0000 0000 1200 0000 0000 0000 0000  ................
00002180: 0000 0000 0000 0000 0000 0000 0000 0000  ................
00002190: 0000 0000 0040 0000 0000 0000 0000 0000  .....@..........
000021a0: 0000 0000 0000 0000 0000 0000 0000 0000  ................
000021b0: 1000 1400 0000 0080 0000 0000 0030 0000  .............0..
000021c0: 0000 0000 0000 0000 0000 0000 0000 0000  ................
000021d0: 0000 0000 0000 0000 0000 0000 0000 0000  ................
000021e0: 0000 0000 0000 0000 0000 0000 0000 0000  ................
000021f0: 0000 0000 0000 0000 1a00 0000 0000 0000  ................
00002200: 0000 0000 0000 0000 0000 0000 0000 0000  ................
00002210: 0000 0200 0020 0000 0200 0000 0000 0000  ..... ..........
00002220: 0000 0000 0000 0000 0000 0000 0000 1000  ................
00002230: 0000 0000 0000 0000 0000 0000 0000 0000  ................
00002240: 0000 0000 0000 0000 0000 0000 0000 0000  ................
00002250: 0000 0000 0000 0000 0000 0000 0000 0000  ................
00002260: 0040 0000 0000 0000 0400 0000 0000 1000  .@..............
00002270: 0000 0000 0000 0000 0000 0000 0000 0080  ................
00002280: 0000 0000 0000 0000 0000 0000 0000 0000  ................
00002290: 0000 0100 0000 0000 0040 0040 0000 0000  .........@.@....
000022a0: 0000 0000 8000 0000 0020 0100 0000 0080  ......... ......
000022b0: 0100 0000 0000 0000 0040 0100 2000 0000  .........@.. ...
000022c0: 0000 0000 0000 0000 0000 0000 0000 0000  ................
000022d0: 0000 0100 0200 0000 0000 0010 0000 0000  ................
000022e0: 0000 0000 0000 0000 0000 0000 8000 0000  ................
000022f0: 0900 0800 0000 0000 0000 0000 0000 0000  ................
00002300: 0000 0000 0000 0000 0000 0000 0280 0060  ...............`
00002310: 0020 0000 0000 0000 0000 0000 0000 0000  . ..............
00002320: 0000 0000 0000 0180 0000 0000 0000 0080  ................
00002330: 0040 0000 0000 0000 1000 0000 0000 0000  .@..............
00002340: 0000 0000 0000 0000 0000 0000 0000 0080  ................
00002350: 0080 0000 0100 0000 0100 0000 0000 0000  ................
00002360: 0000 0000 0000 0000 0000 0000 0100 0000  ................
00002370: 0000 0000 0000 0000 0000 0010 0000 0000  ................
00002380: 0000 0000 0000 0000 0080 0000 0000 1000  ................
00002390: 0000 0000 0000 0004 0000 0000 0000 0000  ................
000023a0: 0080 0000 0040 0000 0000 0100 0100 0000  .....@..........
000023b0: 0000 0000 1000 0000 0800 0000 0080 0000  ................
000023c0: 0000 0000 0000 0000 0000 0000 0000 0000  ................
000023d0: 0100 0040 0040 0000 0000 0000 0000 0000  ...@.@..........
000023e0: 0000 0000 0100 0000 2000 0800 0100 0000  ........ .......
000023f0: 0001 0000 0080 0000 0200 0000 0800 0000  ................
00002400: 0000 0000 0000 0000 0000 0020 0000 0020  ........... ... 
00002410: 0000 0000 0000 0000 0000 0000 0000 0000  ................
00002420: 0000 0000 0000 0000 0000 0000 0800 0000  ................
00002430: 0000 0000 0000 0000 0000 0000 0020 0000  ............. ..
00002440: 0000 0000 0000 0000 0000 0400 0400 0400  ................
00002450: 0080 0000 0010 0000 0030 0040 0000 0000  .........0.@....
00002460: 0000 0000 0100 0000 0000 0080 0880 0800  ................
00002470: 0000 0040 0020 0000 0000 0800 0000 0000  ...@. ..........
00002480: 0000 0000 0000 0000 0000 0000 0000 0030  ...............0
00002490: 0000 0000 0900 0000 0400 0000 0000 0000  ................
000024a0: 0000 0000 0000 0000 0000 0000 0000 0000  ................
000024b0: 00c0 1000 0200 0800 0000 0000 0000 0000  ................
000024c0: 0000 0000 0000 0000 0000 0000 0c20 0000  ............. ..
000024d0: 0000 0000 0000 0000 0000 0000 0000 0000  ................
000024e0: 0000 0200 0000 0000 0000 0000 0800 0180  ................
000024f0: 0000 0000 0000 0000 0000 0000 0400 0000  ................
00002500: 0000 0000 0000 0000 0000 0010 0200 0000  ................
00002510: 0800 0000 0040 0060 0200 0100 0000 0000  .....@.`........
00002520: 0000 2000 0000 0000 0000 0000 0000 0000  .. .............
00002530: 1810 0000 0480 0000 0400 0000 0000 0000  ................
00002540: 0000 0000 0000 0000 0000 0000 0100 0080  ................
00002550: 0480 04c0 0040 0020 0020 0020 0000 0000  .....@. . . ....
00002560: 0000 0000 0000 0000 0000 0000 0002 0000  ................
00002570: 0900 0400 0080 0080 0040 0020 0000 0000  .........@. ....
00002580: 0000 0000 0000 0000 0000 0000 00c0 1040  ...............@
00002590: 0020 0400 0040 0400 0000 0000 0000 0000  . ...@..........
000025a0: 0000 0000 0200 0000 0000 0000 0000 0080  ................
000025b0: 0040 0000 1000 0800 0800 0280 0000 0000  .@..............
000025c0: 0000 0000 0000 0000 0000 0080 0000 0080  ................
000025d0: 0000 0000 0100 0100 0100 0000 0000 0000  ................
000025e0: 0000 0100 0180 0000 0000 0180 0280 0000  ................
000025f0: 0000 0000 0000 0000 0000 0000 0000 0000  ................
00002600: 0000 0000 0000 0000 0080 0080 0080 0080  ................
00002610: 0000 0200 0000 0600 0180 0000 0000 0000  ................
00002620: 0000 0000 0000 0200 0000 0180 0300 0000  ................
00002630: 0600 0000 0000 0800 0020 8000 0080 0000  ......... ......
00002640: 0000 0000 0000 0000 0000 0080 0080 0000  ................
00002650: 00c0 0040 0060 0040 0000 0000 0000 0000  ...@.`.@........
00002660: 0000 0000 0000 0000 0000 0000 1300 0700  ................
00002670: 0600 0380 0090 0000 0010 0000 0000 0000  ................
00002680: 0000 0000 0000 0000 0000 0000 0020 0020  ............. . 
00002690: 0040 0040 0400 0040 0040 0000 0000 0000  .@.@...@.@......
000026a0: 0080 0000 0000 0040 0800 0040 0000 0000  .......@...@....
000026b0: 0000 0000 0800 0080 0000 0000 0000 0000  ................
000026c0: 0000 0000 0000 0000 0000 0200 0400 0400  ................
000026d0: 0040 0010 0000 0008 0400 0000 0000 0000  .@..............
000026e0: 0000 0000 0400 0000 0000 1980 0c00 0880  ................
000026f0: 0880 0060 0020 0020 0000 0502 0000 0000  ...`. . ........
00002700: 0000 0000 0000 0000 0100 0000 0400 0000  ................
00002710: 0010 0900 0d00 0000 0000 0000 0000 0000  ................
00002720: 0000 0000 0000 0100 0000 0000 0000 0000  ................
00002730: 0820 0000 1800 0000 0400 0000 0000 0000  . ..............
00002740: 0000 0000 0000 0000 0000 0000 0020 0000  ............. ..
00002750: 0040 0000 0000 0080 0000 0100 0300 0000  .@..............
00002760: 0000 0000 0000 0000 0000 0300 1000 02c0  ................
00002770: 0000 0000 0000 0000 0000 0000 0000 0000  ................
00002780: 0000 0000 0000 0000 0000 00b0 0000 0000  ................
00002790: 0600 0180 00c0 0220 0320 0100 0000 0000  ....... . ......
000027a0: 0000 0000 0000 2000 0000 0060 0000 0000  ...... ....`....
000027b0: 1800 0e00 0280 04c0 04c0 0080 0000 0000  ................
000027c0: 0000 0000 0000 0000 0000 0100 0100 0080  ................
000027d0: 0480 0200 0040 0040 0020 0000 0010 0000  .....@.@. ......
000027e0: 0000 0000 0200 0800 0200 0000 0000 0300  ................
000027f0: 0100 0080 0080 0084 0000 0020 0000 0000  ........... ....
00002800: 0000 0000 0000 0000 0080 0080 0040 1000  .............@..
00002810: 0020 0400 0420 0440 0000 0000 0080 0000  . ... .@........
00002820: 0000 0200 0000 0000 0000 0000 0000 00c0  ................
00002830: 0840 0040 0800 0000 0000 0100 0002 0000  .@.@............
00002840: 0000 0000 0000 0000 0000 0040 0000 0000  ...........@....
00002850: 0080 0080 0100 0100 0100 0300 0000 0000  ................
00002860: 0000 2000 0000 0000 0200 0800 0280 0100  .. .............
00002870: 0300 0300 0000 0200 0000 0000 0004 0000  ................
00002880: 0000 0000 0000 0000 0080 0080 0080 0080  ................
00002890: 0100 0000 0600 0408 0004 0000 0000 0000  ................
000028a0: 0002 0000 0000 0800 0000 0800 0180 0300  ................
000028b0: 0600 0000 0800 0800 0c00 0100 0080 0000  ................
000028c0: 0000 0000 0000 0000 0000 0080 0080 0080  ................
000028d0: 0080 0040 0040 0000 0080 0100 0200 0000  ...@.@..........
000028e0: 0000 0000 0000 0000 0000 0000 1900 0100  ................
000028f0: 0600 0180 0080 0000 0100 0800 0800 0010  ................
00002900: 0000 0000 0000 0000 0000 0200 0020 0400  ............. ..
00002910: 0c40 0840 0040 0040 0040 0040 0000 0000  .@.@.@.@.@.@....
00002920: 0000 0000 0000 0000 0040 0400 05c0 00c0  .........@......
00002930: 10c0 0080 0000 0000 0080 0080 0000 0000  ................
00002940: 0000 0000 0000 0000 00c0 0000 0200 0380  ................
00002950: 00e0 0030 0018 0010 0000 0000 0000 0000  ...0............
00002960: 0000 0000 0000 0000 0000 0800 0400 0400  ................
00002970: 09c0 0000 0010 0800 0000 0e00 0000 0010  ................
00002980: 0000 0000 0000 0000 0000 0000 0400 0400  ................
00002990: 0c10 0400 0510 0800 0000 0000 0000 0000  ................
000029a0: 0000 3000 0000 0000 0400 1d80 0d00 0a00  ..0.............
000029b0: 1000 1e00 0200 0900 0800 0002 0000 0000  ................
000029c0: 0000 0000 0000 0000 0000 0000 0040 0020  .............@. 
000029d0: 0000 0000 0000 0080 0100 0100 0100 0000  ................
000029e0: 0000 0000 0000 0400 0800 2200 0400 0080  ..........".....
000029f0: 0180 0080 0080 0100 0200 0000 0400 0002  ................
00002a00: 0000 0000 0000 0000 0000 0018 0010 0000  ................
00002a10: 0640 0180 0140 0220 0120 0140 0000 0000  .@...@. . .@....
00002a20: 0000 0000 0040 0000 0000 0060 0020 1980  .....@.....`. ..
00002a30: 1880 0600 0680 0240 0608 0300 0100 0004  .......@........
00002a40: 0000 0000 0000 0000 0000 0000 0100 0080  ................
00002a50: 0480 04c0 0040 0060 0020 0000 0000 0000  .....@.`. ......
00002a60: 0000 0000 0200 0000 0100 0880 0c00 0600  ................
00002a70: 1100 0401 0488 0040 0048 0002 0020 0000  .......@.H... ..
00002a80: 0000 0000 0000 0000 0000 0080 0040 0020  .............@. 
00002a90: 0430 0430 0430 0420 0040 0080 0000 0000  .0.0.0. .@......
00002aa0: 0000 0000 0000 0000 0000 0200 0c00 1800  ................
00002ab0: 0840 1840 1840 1800 0800 0404 0008 0002  .@.@.@..........
00002ac0: 0000 0000 0000 0000 0040 0040 0080 0080  .........@.@....
00002ad0: 0080 0180 0180 0100 0100 0100 0000 0000  ................
00002ae0: 0000 0000 0000 0000 4080 0080 0000 0580  ........@.......
00002af0: 0100 0100 0300 0000 0200 0000 0000 0004  ................
00002b00: 0000 0000 0000 0000 0080 04c0 0080 1080  ................
00002b10: 0100 0200 0200 0400 0000 0000 0000 0000  ................
00002b20: 0040 0000 0001 0000 0c00 0880 0100 2200  .@............".
00002b30: 0200 0400 0c00 0000 0000 0000 0000 0010  ................
00002b40: 0000 0000 0000 0000 0000 0000 0080 0080  ................
00002b50: 0080 0060 0060 0040 0080 0180 0200 0000  ...`.`.@........
00002b60: 0000 0000 0000 0200 0000 1800 0800 0200  ................
00002b70: 0200 0180 0080 0080 0100 0400 0c00 0000  ................
00002b80: 0000 0000 0000 0000 0000 0000 0200 0020  ............... 
00002b90: 0820 0840 0440 0040 0040 0040 0000 0000  . .@.@.@.@.@....
00002ba0: 0000 0000 0000 1000 0000 0000 0400 0840  ...............@
00002bb0: 18c0 1080 0800 0080 0080 0000 0008 0000  ................
00002bc0: 0000 0000 0000 0000 0000 0400 0600 0000  ................
00002bd0: 00a0 0020 0008 0008 0410 0200 0000 0000  ... ............
00002be0: 0000 0000 0000 0000 0000 0000 0c00 0000  ................
00002bf0: 0880 0040 0030 0830 0800 0000 0000 0000  ...@.0.0........
00002c00: 0000 0000 0000 0000 0000 0200 0000 0400  ................
00002c10: 0410 0d00 0c00 0020 0000 0000 0000 0000  ....... ........
00002c20: 0000 0002 1000 0000 0400 0400 0800 0900  ................
00002c30: 0a00 0020 0800 1040 0004 0000 0040 0000  ... ...@.....@..
00002c40: 0000 0000 0000 0000 0000 0000 0000 0020  ............... 
00002c50: 0060 0040 0080 0080 0080 0100 0100 0200  .`.@............
00002c60: 0000 8000 0000 0000 0000 0000 1000 0040  ...............@
00002c70: 00c0 0080 0000 0000 0300 0200 0200 0010  ................
00002c80: 0000 0000 0000 0000 0000 0098 0030 0660  .............0.`
00002c90: 04c0 0080 0160 0120 0120 0160 0000 0000  .....`. . .`....
00002ca0: 0000 0000 0000 0000 0000 0400 0460 0c00  .............`..
00002cb0: 3900 0e00 0280 0640 0240 0380 0080 0000  9......@.@......
00002cc0: 0000 0000 0000 0000 0000 0000 8100 0000  ................
00002cd0: 0480 0000 0040 0000 0000 0010 0000 0000  .....@..........
00002ce0: 0000 0000 0000 8000 0000 0000 0400 0400  ................
00002cf0: 0900 0800 0000 0048 0040 0060 0020 0000  .......H.@.`. ..
00002d00: 0000 0000 0000 0000 0080 0080 01e0 0120  ............... 
00002d10: 0630 0430 0430 0460 00c0 0080 0000 0000  .0.0.0.`........
00002d20: 0000 0000 0800 0000 0100 0300 8600 1cc0  ................
00002d30: 08c0 0840 08c0 0880 0c00 0c00 0000 0000  ...@............
00002d40: 0000 0000 0000 0000 0040 0040 00c0 0080  .........@.@....
00002d50: 0080 0080 0180 0100 0100 0300 0000 0000  ................
00002d60: 0000 0000 0000 0000 0080 1080 0080 0080  ................
00002d70: 0180 0300 0300 0200 0600 0600 0010 0000  ................
00002d80: 0000 0000 0000 0000 0180 06c0 0480 1080  ................
00002d90: 0180 0300 0200 0200 001c 0000 0000 0000  ................
00002da0: 0000 0000 0000 0600 1400 0880 0180 0100  ................
00002db0: 0700 0400 0400 0800 0800 0000 0000 0000  ................
00002dc0: 0000 0000 0000 0000 0000 0380 04c0 0080  ................
00002dd0: 00c0 0060 0020 0040 0080 0280 0200 0000  ...`. .@........
00002de0: 0000 0000 0000 0000 0000 0c00 0900 0100  ................
00002df0: 0700 0280 00c0 0080 8200 0c00 0c00 0000  ................
00002e00: 0000 0000 0000 0000 0000 0220 0220 0420  ........... . . 
00002e10: 0460 0440 0440 0040 0040 0040 0080 0000  .`.@.@.@.@.@....
00002e20: 0000 0080 0000 0000 0000 0440 0440 0c40  ...........@.@.@
00002e30: 08c0 1880 0880 0080 0080 0080 0000 0000  ................
00002e40: 0000 0000 0000 0000 02a0 0200 0200 0200  ................
00002e50: 00e0 0010 0008 0008 0400 0100 0000 0000  ................
00002e60: 0000 0000 0000 0000 0000 0c00 0500 0400  ................
00002e70: 0cc0 0260 0000 0010 0800 0e00 0002 0000  ...`............
00002e80: 0000 0000 0000 0000 0300 0200 0200 0410  ................
00002e90: 04d0 0510 0010 04a0 00c0 0000 0000 0000  ................
00002ea0: 0000 0000 0800 0000 0200 2000 8400 0080  .......... .....
00002eb0: 09a0 0a20 1820 0880 0900 0000 0000 0000  ... . ..........
00002ec0: 0000 0000 0000 0000 0000 0000 0420 0030  ............. .0
00002ed0: 0020 0040 00c0 0080 0180 0100 0100 0100  . .@............
00002ee0: 0000 0c00 0000 0000 0000 0000 1000 0040  ...............@
00002ef0: 00c0 2080 0080 0100 0300 0200 0400 0600  .. .............
00002f00: 0000 0000 0000 0000 0000 0018 0310 0660  ...............`
00002f10: 0680 00c0 0160 0120 0120 01e0 0000 0000  .....`. . ......
00002f20: 0000 0000 0000 0080 0000 0060 0020 0880  ...........`. ..
00002f30: 0880 0600 02c0 0240 0240 0340 0100 0000  .......@.@.@....
00002f40: 0000 0000 0000 0000 0000 0100 0180 0280  ................
00002f50: 06c0 07c0 0140 0020 0030 0010 0010 0000  .....@. .0......
00002f60: 0000 0000 0800 0000 0400 0000 0400 0d00  ................
00002f70: 0980 0480 0680 0040 0060 0020 0000 0000  .......@.`. ....
00002f80: 0000 0000 0000 0000 0080 0080 00e0 0130  ...............0
00002f90: 0630 0410 0430 0660 04a0 0000 0000 0000  .0...0.`........
00002fa0: 0000 0000 0000 0000 0100 0300 0600 0440  ...............@
00002fb0: 0ce0 18e0 1840 0880 0c00 0600 0000 0000  .....@..........
00002fc0: 0000 0000 0000 0000 0040 0040 0040 0080  .........@.@.@..
00002fd0: 0080 0080 0080 0180 0100 0100 0000 0000  ................
00002fe0: 0001 0000 0000 0000 0080 0080 0000 0080  ................
00002ff0: 0180 0100 0300 0300 0200 0200 0000 0000  ................
00003000: 0000 0000 0000 0180 00c0 02c0 00c0 0080  ................
00003010: 0180 0300 0200 068c 0284 0000 0000 0000  ................
00003020: 0000 0000 0000 0000 0500 0d80 0d80 0100  ................
00003030: 0210 0600 0c00 0c10 0e10 0080 0000 0000  ................
00003040: 0000 0000 0000 0000 0000 07c0 00c0 00c0  ................
00003050: 00c0 0060 0020 0060 0080 0100 0000 0000  ...`. .`........
00003060: 0000 0000 0000 0000 0000 0000 0b80 0100  ................
00003070: 0300 01c0 00c0 0080 0100 0c00 0c80 0000  ................
00003080: 0000 0000 0000 0000 0000 0220 0230 0620  ........... .0. 
00003090: 0420 0460 0740 0040 0040 0040 0000 0000  . .`.@.@.@.@....
000030a0: 0000 0000 0000 0000 0000 0620 0420 0860  ........... . .`
000030b0: 08c0 08c0 0e80 0080 0080 0080 0080 0000  ................
000030c0: 0000 0000 0000 0000 06e0 0200 0200 0380  ................
000030d0: 00e0 0018 0008 0008 0790 0000 0000 0000  ................
000030e0: 0000 0000 0000 0000 0000 0c00 0400 0400  ................
000030f0: 0fc0 0060 0030 0010 0800 0fc0 0000 0000  ...`.0..........
00003100: 0000 0000 0000 0100 0100 0200 0200 0430  ...............0
00003110: 0490 0510 0590 0460 0640 0000 0000 0000  .......`.@......
00003120: 0000 0000 0000 0000 0400 0400 0480 0c80  ................
00003130: 0b20 0a20 1b60 1900 0c80 0000 0000 0000  . . .`..........
00003140: 0000 0000 0000 0000 0000 0c00 07f0 0030  ...............0
00003150: 0060 0040 00c0 0080 0080 0180 0100 0000  .`.@............
00003160: 0000 0000 0000 0000 0000 0000 1e00 07e0  ................
00003170: 00c0 0080 0080 0180 0100 0200 0600 0600  ................
00003180: 0000 0400 0000 0000 0010 00d8 0088 0040  ...............@
00003190: 0600 00c0 0160 0120 0120 0080 0000 0000  .....`. . ......
000031a0: 0000 0000 0000 0000 0000 0020 0000 0c80  ........... ....
000031b0: 0d80 0e00 06c0 0240 0240 0300 0080 0000  .......@.@......
000031c0: 0000 0000 0000 0000 0000 0100 0180 00c0  ................
000031d0: 06c0 0340 0260 0020 0030 0010 0010 0000  ...@.`. .0......
000031e0: 0000 0000 0000 0000 0000 0000 0600 0500  ................
000031f0: 0d80 0480 06c0 00c0 0060 0020 0030 0000  .........`. .0..
00003200: 0000 0000 0000 0000 00c0 00c0 00e0 00b0  ................
00003210: 0010 0610 0630 0720 0000 0000 0000 0000  .....0. ........
00003220: 0000 0000 0000 0000 0100 0500 0200 04c0  ................
00003230: 0c60 0860 0cc0 0c80 0c00 0780 0000 0000  .`.`............
00003240: 0000 0000 0000 0000 0060 0040 0040 00c0  .........`.@.@..
00003250: 0080 0080 0080 0180 0180 0000 0000 0000  ................
00003260: 0000 0000 0000 0000 0040 0080 0080 0080  .........@......
00003270: 0100 0100 0100 0100 0100 0200 0000 0000  ................
00003280: 0000 0000 0000 0380 02c0 0040 00c0 0080  ...........@....
00003290: 0100 0100 0200 03fc 00f4 0000 0000 0000  ................
000032a0: 0000 0000 0200 0000 0d80 0d80 0080 1100  ................
000032b0: 0000 0600 0c00 0c00 07f8 0780 0000 0000  ................
000032c0: 0000 0000 0000 0000 0380 07c0 00c0 0080  ................
000032d0: 00e0 0030 0020 0020 0680 0200 0000 0000  ...0. . ........
000032e0: 0000 0000 0000 0000 0000 0800 0f80 0180  ................
000032f0: 0300 01c0 0040 0080 0000 0400 0680 0000  .....@..........
00003300: 0000 0000 0000 0000 0300 0130 0310 0230  ...........0...0
00003310: 0420 0660 0760 0060 0060 0040 0000 0000  . .`.`.`.`.@....
00003320: 0000 0000 0000 0000 0000 0200 8020 0c60  ............. .`
00003330: 0840 0840 0f80 04c0 0080 0080 0000 0000  .@.@............
00003340: 0000 0000 0000 0040 0780 0000 0200 03c0  .......@........
00003350: 00f0 0018 0008 0408 07e0 0000 0000 0000  ................
00003360: 0000 0000 0000 0000 00c0 0d80 0400 0400  ................
00003370: 07c0 0070 0010 0010 0c00 0fe0 0000 0000  ...p............
00003380: 0000 0000 0000 0100 0000 0200 0220 0630  ............. .0
00003390: 0498 0518 0590 0600 0300 0000 0000 0000  ................
000033a0: 0000 8000 0800 0200 0200 0400 0c00 0c00  ................
000033b0: 0b70 0a10 0b00 0900 0e80 0700 0000 0000  .p..............
000033c0: 0000 0000 0000 0000 0000 0600 03f0 0030  ...............0
000033d0: 0020 0040 0040 0080 0000 0180 0180 0000  . .@.@..........
000033e0: 0000 0000 0000 0000 0000 0000 0e40 03e0  .............@..
000033f0: 0040 0000 0080 0000 0400 0400 0200 0200  .@..............
00003400: 0000 0000 0000 0000 0058 00d8 0300 0200  .........X......
00003410: 0680 00c0 0120 0130 01a0 0080 0000 0000  ..... .0........
00003420: 0000 0000 0000 0000 0000 0020 0001 0800  ........... ....
00003430: 0c00 0600 02c0 0220 0340 01c0 0180 0000  ....... .@......
00003440: 0000 0000 0000 0000 0000 0180 0180 00c0  ................
00003450: 02c0 0260 0060 0020 0030 0010 0008 0000  ...`.`. .0......
00003460: 0000 0000 0000 0000 0000 0200 0200 0580  ................
00003470: 0580 0e80 06c0 0060 0060 0020 0030 0000  .......`.`. .0..
00003480: 0000 0000 0000 0080 00c0 00e0 0070 0030  .............p.0
00003490: 0218 0618 0690 03a0 0000 0000 0000 0000  ................
000034a0: 0000 0000 0000 0000 0000 0000 00c0 0be0  ................
000034b0: 0420 0c20 0400 0c20 06c0 0780 0000 0000  . . ... ........
000034c0: 0000 0000 0000 0060 0000 0040 0040 0040  .......`...@.@.@
000034d0: 0000 0000 0080 0080 0000 0000 0000 0000  ................
000034e0: 8000 0000 0000 0000 0000 0080 0080 0080  ................
000034f0: 0100 0100 0100 0100 0200 0300 0000 0000  ................
00003500: 0000 0000 0080 03c0 0240 0040 0040 0080  .........@.@.@..
00003510: 0080 0000 0200 03fe 0000 0000 0000 0000  ................
00003520: 0000 0000 0000 0000 0380 0680 0000 1100  ................
00003530: 0200 0000 0400 0400 07fc 01c0 0000 0000  ................
00003540: 0000 0000 0000 0000 07c0 07e0 0040 01c0  .............@..
00003550: 00e0 0030 0020 0080 0300 0000 0000 0000  ...0. ..........
00003560: 0000 0000 0000 0000 0000 0f80 0f80 0000  ................
00003570: 03c0 00c0 0040 0040 0080 0780 0600 1000  .....@.@........
00003580: 0000 0000 0000 0000 0100 0110 0010 1210  ................
00003590: 0420 07a0 0020 0020 0020 0000 0000 0000  . ... . . ......
000035a0: 0000 0200 0000 0000 0000 0020 0000 0800  ........... ....
000035b0: 0840 0c00 0fc0 01c0 00c0 00c0 0000 0000  .@..............
000035c0: 0000 0000 0000 01e0 0780 0200 0300 03c0  ................
000035d0: 0030 0008 0008 0630 07e0 0000 0000 0000  .0.....0........
000035e0: 0000 0000 0000 0040 05c0 0780 0600 0380  .......@........
000035f0: 0fe0 0030 0010 0008 0e60 07c0 0000 0000  ...0.....`......
00003600: 0000 0000 0000 0180 0200 0200 0270 00f8  .............p..
00003610: 0408 0588 04d0 06c0 0100 0000 0000 0000  ................
00003620: 0000 0000 0000 0000 0000 0400 0000 0c30  ...............0
00003630: 0970 1b20 0b00 0c20 0780 0380 0000 0000  .p. ... ........
00003640: 0000 0000 0000 0000 0000 0ff0 81f0 0000  ................
00003650: 0010 0040 0000 0000 0080 0180 0000 0000  ...@............
00003660: 0000 0000 0000 0000 0000 0000 0fe0 83c0  ................
00003670: 0000 0080 0100 0100 0100 0208 0300 0300  ................
00003680: 0000 0000 0000 0000 00f8 0388 0240 0000  .............@..
00003690: 07c0 01e0 0130 0190 01c0 0080 0000 0000  .....0..........
000036a0: 0000 0000 0000 0000 0000 00a8 03b0 0c00  ................
000036b0: 0e00 07c0 0360 0260 0700 01c0 0080 0000  .....`.`........
000036c0: 0000 0000 0000 0000 0100 0180 01c0 10c0  ................
000036d0: 0240 0360 0020 0030 0018 0018 0000 0000  .@.`. .0........
000036e0: 4000 0000 0000 0000 0000 0000 0400 0780  @...............
000036f0: 0c80 06c0 03c0 0060 0060 0030 0010 0000  .......`.`.0....
00003700: 0000 0000 0000 00c0 01c0 0360 0230 0018  ...........`.0..
00003710: 0218 0260 03c0 0380 0000 0000 0000 0000  ...`............
00003720: 0000 0000 0000 0000 0000 0400 00e0 05e0  ................
00003730: 0660 0c00 0c00 0c60 07c0 0380 0000 0000  .`.....`........
00003740: 0000 0000 0000 0060 0000 0000 0040 0000  .......`.....@..
00003750: 0040 0080 0080 0080 0000 0000 0000 0000  .@..............
00003760: 0000 0000 0000 0000 0000 0000 0000 0000  ................
00003770: 0480 0000 0100 0200 0304 0100 0004 0000  ................
00003780: 0000 0000 0180 07c0 0440 0040 0000 0100  .........@.@....
00003790: 0000 0000 03dc 03fc 0000 0000 0000 0000  ................
000037a0: 0000 0000 0000 0100 0380 0600 0480 0082  ................
000037b0: 0100 0000 0400 063c 07fc 0140 0000 0000  .......<...@....
000037c0: 0000 0000 0000 0000 07c0 0040 0180 01c0  ...........@....
000037d0: 00f0 0030 00c0 0380 0300 0000 0000 0000  ...0............
000037e0: 0000 0000 0000 0000 0100 0780 0740 0200  .............@..
000037f0: 01c0 00e0 2000 00e0 0180 0780 1600 0000  .... ...........
00003800: 0000 0000 0000 0000 0130 0110 0010 0000  .........0......
00003810: 0400 07e0 0020 0020 0020 0000 0000 0000  ..... . . ......
00003820: 0000 8000 0400 0000 0000 0040 0000 0000  ...........@....
00003830: 0808 0c00 07c0 00c0 0040 0040 0000 0000  .........@.@....
00003840: 0000 0000 0000 03e0 0200 0100 03c0 01f0  ................
00003850: 0018 000c 0218 07f0 01c0 0000 0000 0000  ................
00003860: 0000 0000 0000 0000 07e0 0600 0280 03c0  ................
00003870: 0ff0 0018 0008 0010 07f0 07a0 0000 0020  ............... 
00003880: 0000 0000 0100 0380 0000 0200 0078 02d8  .............x..
00003890: 0688 0598 06e0 07c0 0000 0000 0000 0000  ................
000038a0: 0000 0000 0000 0100 0700 0240 0400 0870  ...........@...p
000038b0: 04d0 0b00 0f80 0e60 07c0 0100 0000 0000  .......`........
000038c0: 0000 0000 0000 0000 0600 0ff0 0010 0000  ................
000038d0: 0060 0000 0080 0000 0000 0080 0000 0000  .`..............
000038e0: 0000 0000 0000 0000 0000 0e00 0fe0 0180  ................
000038f0: 0000 0000 0000 0000 0000 0000 0780 4200  ..............B.
00003900: 0000 0000 0000 0018 00f8 03e0 0660 0280  .............`..
00003910: 03c0 0070 0190 0180 00c0 0000 0000 0000  ...p............
00003920: 0000 0000 0000 0000 0000 01d8 03b8 0660  ...............`
00003930: 1e40 03c0 0360 0700 01a0 01e0 0000 0000  .@...`..........
00003940: 0000 0000 0000 0000 0180 0380 00c0 1040  ...............@
00003950: 0360 0020 0030 0010 0018 0008 0080 0000  .`. .0..........
00003960: 0000 0000 0000 0000 0000 0000 0380 0380  ................
00003970: 0ec0 07c0 0360 0060 0030 0010 0020 0000  .....`.`.0... ..
00003980: 0000 0000 0000 00c0 01e0 0370 0230 0018  ...........p.0..
00003990: 0208 06e0 03c0 0100 0000 0000 0000 0000  ................
000039a0: 0000 0000 0000 0000 0000 00c0 00e0 07e0  ................
000039b0: 0b00 0010 0410 16e0 07e0 0300 0000 0000  ................
000039c0: 0000 0000 0020 0060 0040 0040 0040 0000  ..... .`.@.@.@..
000039d0: 0000 0080 0000 0000 0000 0000 0000 0000  ................
000039e0: 0000 0000 0000 0000 0000 0000 0000 0040  ...............@
000039f0: 0000 0000 0200 0080 0500 0200 0000 0000  ................
00003a00: 0000 0000 03c0 07c0 00c0 00c0 0080 0100  ................
00003a10: 0300 0600 03fe 00c0 0000 0000 0000 0000  ................
00003a20: 0004 0001 0000 0180 0780 0640 00c0 0080  ...........@....
00003a30: 0180 0100 0400 07bc 07fc 0000 0000 0000  ................
00003a40: 0000 0000 0000 03c0 07e0 0000 0180 00e0  ................
00003a50: 0030 0040 00c0 0380 0200 0000 0000 0000  .0.@............
00003a60: 8000 0000 0000 0000 0100 0f80 0640 0180  .............@..
00003a70: 03c0 00b0 0060 00e0 0380 0700 0400 0000  .....`..........
00003a80: 0000 0000 0000 0100 0110 0210 0610 0020  ............... 
00003a90: 06e0 03e0 0020 0020 0000 0000 0000 0000  ..... . ........
00003aa0: 0000 0000 0000 0000 0000 0100 0240 1000  .............@..
00003ab0: 1c00 07c0 07c0 0080 0060 00c0 0080 0000  .........`......
00003ac0: 0000 0000 00e0 0380 0000 0100 03e0 0070  ...............p
00003ad0: 001c 000c 0610 07f0 0000 0000 0000 0000  ................
00003ae0: 0000 0000 0000 01e0 07c0 0600 0800 07c0  ................
00003af0: 0ef0 0008 0000 0638 07f0 0340 0000 0000  .......8...@....
00003b00: 0000 0000 0180 0300 0000 0020 00f8 01c8  ........... ....
00003b10: 0788 06b0 06e0 0380 0000 0000 0000 0000  ................
00003b20: 2000 0000 0000 0100 0500 0000 0030 0070   ............0.p
00003b30: 0cf0 07a8 0d90 06e0 07c0 0000 0000 0000  ................
00003b40: 0000 0000 0000 0000 0fe0 03f0 0000 0060  ...............`
00003b50: 0040 0080 0080 0000 0180 0000 0000 0000  .@..............
00003b60: 4004 0000 0000 0000 0000 1fe0 0fe0 0440  @..............@
00003b70: 0000 0040 0080 0890 0000 0380 0300 0000  ...@............
00003b80: 0000 0000 0000 005c 03dc 0760 06c0 1380  .......\...`....
00003b90: 01e0 0030 0000 00a0 00c0 0000 0000 0000  ...0............
00003ba0: 0000 0000 0000 0000 01c8 01d8 0370 0ce0  .............p..
00003bb0: 07c0 03e0 0320 0300 01e0 00e0 0000 0000  ..... ..........
00003bc0: 0000 0000 0000 0000 0380 03c0 00c0 0260  ...............`
00003bd0: 03e0 0030 0010 0018 0008 0008 0000 0000  ...0............
00003be0: 4000 0000 0000 0000 0000 0000 0380 1580  @...............
00003bf0: 06c0 03e0 0060 0020 0070 0038 0010 0000  .....`. .p.8....
00003c00: 0000 0000 00c0 01c0 03e0 0270 0618 0018  ...........p....
00003c10: 0260 03e0 03c0 0000 0000 0000 0000 0000  .`..............
00003c20: 0000 0000 0000 0000 0000 00e0 01e0 03a0  ................
00003c30: 0010 0c10 0460 0fe0 0fc0 0000 0080 0000  .....`..........
00003c40: 0000 0000 0060 0060 0000 0000 0000 0000  .....`.`........
00003c50: 0000 0000 0080 0000 0000 0000 0000 0000  ................
00003c60: 0000 0000 0000 0000 0000 0040 0000 0000  ...........@....
00003c70: 8000 0000 0000 0100 0104 0200 0000 0000  ................
00003c80: 0000 0180 03c0 0640 0000 0080 0180 0300  .......@........
00003c90: 0200 000c 01fe 0000 0000 0000 0000 0000  ................
00003ca0: 0000 0000 0000 0380 0700 0040 00c0 0080  ...........@....
00003cb0: 0380 0100 0610 07fc 02c0 0010 0000 0000  ................
00003cc0: 0000 0000 0000 07c0 06e0 0180 01a0 0070  ...............p
00003cd0: 0030 00c0 01c0 0380 0000 0000 0000 0000  .0..............
00003ce0: 0001 0000 0000 0000 0780 07c0 0200 01c0  ................
00003cf0: 01e0 0130 0060 00c0 07c0 0300 0000 000c  ...0.`..........
00003d00: 0000 0000 0000 0110 0210 0210 0420 0000  ............. ..
00003d10: 03e0 0020 0020 0020 0000 0000 0000 0000  ... . . ........
00003d20: 0000 0000 0000 0000 0000 0100 0000 0410  ................
00003d30: 0400 0fc0 0240 0020 00e0 0040 0000 0000  .....@. ...@....
00003d40: 0000 0000 03f0 0300 0000 01c0 02f0 0030  ...............0
00003d50: 000c 0000 0778 03e0 0000 0000 0000 0000  .....x..........
00003d60: 0000 0100 0000 01e0 0380 0080 03c0 03f0  ................
00003d70: 0238 0010 0008 0638 03f0 0000 0080 0000  .8.....8........
00003d80: 0000 0100 0180 0200 0000 0278 00f8 0188  ...........x....
00003d90: 0110 06b0 03e0 0180 0000 0000 0000 0000  ................
00003da0: 0000 0000 0000 0180 0000 0000 0030 20f0  .............0 .
00003db0: 0980 0d90 0c30 07e0 0580 0200 0000 0000  .....0..........
00003dc0: 0000 0000 0000 0400 07f0 00d0 0000 0060  ...............`
00003dd0: 0040 0080 0080 0180 0000 0000 0000 0000  .@..............
00003de0: 2000 0000 0000 0000 0200 0fe0 03f0 0030   ..............0
00003df0: 0020 0040 00c0 0080 0000 0380 0300 0000  . .@............
00003e00: 0000 0000 0018 00d8 03b0 0660 04c0 0380  ...........`....
00003e10: 00e0 0010 00a0 00e0 0040 0000 0000 0000  .........@......
00003e20: 0000 0000 0000 0800 00c8 01b8 0270 0ec0  .............p..
00003e30: 03c0 02f0 0300 01b0 00e0 00c0 0000 0000  ................
00003e40: 0000 0000 0000 0180 0180 03c0 0060 03e0  .............`..
00003e50: 01a0 0030 0018 0018 0008 0000 0080 0000  ...0............
00003e60: 0000 0000 0000 0000 0000 0180 0380 14c0  ................
00003e70: 07c0 03e0 0020 0030 0818 0018 0200 0000  ..... .0........
00003e80: 0000 0000 00c0 01e0 03f0 0618 0218 0008  ................
00003e90: 0260 03c0 0180 0000 0000 0000 0000 0000  .`..............
00003ea0: 0000 0000 0400 0000 0000 00e0 01e0 0380  ................
00003eb0: 0010 0410 0670 07e0 0380 0000 0280 0000  .....p..........
00003ec0: 0000 0000 0020 0040 0000 0040 0000 0000  ..... .@...@....
00003ed0: 0000 0000 0080 0000 0000 0000 0000 0000  ................
00003ee0: 0000 0000 0000 0000 0000 0000 0000 0000  ................
00003ef0: 0000 0000 0000 0180 0180 0000 0000 0000  ................
00003f00: 0000 0180 07c0 0060 0040 0000 0180 0100  .......`.@......
00003f10: 0600 01fe 01fa 0000 0000 0000 0000 0000  ................
00003f20: 0000 0000 0080 03c0 0600 0040 0080 0080  ...........@....
00003f30: 0100 0000 079c 07fc 0030 0000 0000 0000  .........0......
00003f40: 0000 0000 0180 07c0 0060 0180 00e0 0070  .........`.....p
00003f50: 0010 00e0 0380 0300 0000 0000 0000 0000  ................
00003f60: 0008 0000 0008 0000 0780 0240 0400 01c0  ...........@....
00003f70: 01e0 0020 00e0 00c0 0b80 0700 0000 0010  ... ............
00003f80: 0000 0000 0100 0110 0210 0610 0000 0020  ............... 
00003f90: 07c0 0020 0000 0000 0000 0000 0000 0000  ... ............
00003fa0: 0000 0000 0000 0080 0100 0200 0200 0400  ................
00003fb0: 06c0 07c0 0040 0060 0062 0040 0000 0000  .....@.`.b.@....
00003fc0: 0000 0000 03e0 0000 0100 01c0 0270 0018  .............p..
00003fd0: 000c 0204 03f0 0180 0000 0000 0000 0000  ................
00003fe0: 0002 0000 0060 03c0 0680 0600 03c0 0670  .....`.........p
00003ff0: 0838 0000 0008 07f0 07d0 0480 00a0 0000  .8..............
00004000: 0000 0180 0380 0000 0000 0078 00c8 0280  ...........x....
00004010: 0288 0270 03c0 0000 0000 0000 0000 0000  ...p............
00004020: 0000 0000 0080 0990 0100 0000 0078 00f8  .............x..
00004030: 0d80 0d90 0670 13e0 00c0 0000 0000 0000  .....p..........
00004040: 0000 0000 0000 0700 07f8 0018 0000 0020  ............... 
00004050: 0000 0080 0100 0180 0000 0000 0000 0000  ................
00004060: 0000 0000 0000 0000 0600 0fe0 0300 0000  ................
00004070: 0020 0040 00c0 0080 0080 0300 0100 0008  . .@............
00004080: 0000 0000 0018 01dc 0730 0660 0280 03c0  .........0.`....
00004090: 0070 0010 00a0 00e0 0000 0000 0000 0000  .p..............
000040a0: 0001 0000 0000 0040 01dc 03b8 0360 1ec0  .......@.....`..
000040b0: 07c0 0020 0190 01b0 00e0 0280 0000 0000  ... ............
000040c0: 0000 0000 0000 0180 03c0 00e0 0260 03e0  .............`..
000040d0: 0130 0010 0018 0008 0008 0000 0000 0000  .0..............
000040e0: 0800 0000 0000 0000 0000 0180 0380 06c0  ................
000040f0: 03c0 0360 0070 0090 0018 0018 8008 0000  ...`.p..........
00004100: 0000 0080 00c0 01e0 0370 0018 0018 0208  .........p......
00004110: 0260 03c0 0000 0000 0000 0000 0000 0000  .`..............
00004120: 0000 0000 0000 0000 00c0 01e0 23b0 8430  ............#..0
00004130: 0418 0c20 07f0 07e0 0180 0008 0000 0000  ... ............
00004140: 0000 0020 0020 0000 0040 0040 0080 0000  ... . ...@.@....
00004150: 0080 0080 0000 0000 0000 0000 0000 0000  ................
00004160: 0000 0000 0000 0000 0000 0000 0000 0000  ................
00004170: 0000 0000 0000 0180 0000 0200 0000 0000  ................
00004180: 0000 01c0 0360 0040 0040 0100 0000 0100  .....`.@.@......
00004190: 0000 01fe 00c0 0000 0000 0000 0000 0000  ................
000041a0: 0000 0000 0180 0780 4400 0000 2080 0000  ........D... ...
000041b0: 0100 0600 07fc 01ec 0180 0020 0000 0000  ........... ....
000041c0: 0000 0000 0380 03e0 0000 0180 0160 0030  .............`.0
000041d0: 0030 00c0 0380 0200 0000 0000 0000 0000  .0..............
000041e0: 0000 0000 0000 0100 0780 0440 0980 41c0  ...........@..A.
000041f0: 01a0 0020 00c0 0180 0300 0600 0000 0000  ... ............
00004200: 0000 0000 0100 0110 0210 0010 0020 0200  ............. ..
00004210: 03f0 0020 0020 0000 0000 0000 0000 0000  ... . ..........
00004220: 0000 0000 0000 0000 0000 0000 0000 0000  ................
00004230: 0fc0 03c0 0440 02e0 0060 0080 0000 0000  .....@...`......
00004240: 0000 0070 00c0 0100 0100 00c0 0070 0008  ...p.........p..
00004250: 0004 0200 03f0 0000 0000 0000 0000 0000  ................
00004260: 0000 0000 00c0 0380 0200 0000 03e0 0070  ...............p
00004270: 0010 0008 0408 03f0 0080 0380 0000 0000  ................
00004280: 0000 0180 0100 0000 0110 0078 0288 0288  ...........x....
00004290: 02d8 0360 01c0 0000 0000 0000 0000 0000  ...`............
000042a0: 0000 0000 0080 0000 0000 0000 0078 04d8  .............x..
000042b0: 0980 0590 07e0 05c0 0100 0080 0000 0000  ................
000042c0: 0000 0000 0000 0720 01f8 0000 0020 0000  ....... ..... ..
000042d0: 0000 0080 0000 0080 0000 0000 0000 0000  ................
000042e0: 0000 0000 4000 0000 07e0 01e0 0040 0010  ....@........@..
000042f0: 0000 0000 0080 0000 0100 0380 0580 0000  ................
00004300: 0000 0000 0048 0188 0360 0640 0380 01c0  .....H...`.@....
00004310: 0030 0010 0000 00c0 0000 0000 0000 0000  .0..............
00004320: 0000 0000 0000 0040 10d8 0110 0060 0600  .......@.....`..
00004330: 0be0 0120 0100 01a0 00e0 0040 0040 0000  ... .......@.@..
00004340: 0000 0000 0000 0180 00c0 0060 0260 01a0  ...........`.`..
00004350: 0030 0018 0008 0008 0004 0000 0000 0000  .0..............
00004360: 0000 0000 0000 0000 0000 0180 0080 02c0  ................
00004370: 07e0 01a0 00b0 0010 0018 0040 0010 0000  ...........@....
00004380: 0000 0000 00c0 00e0 0030 0018 8008 0208  .........0......
00004390: 02f0 03c0 0000 0000 0000 0000 0000 0000  ................
000043a0: 0000 0000 0000 0000 0060 00e0 0310 0110  .........`......
000043b0: 0400 0420 07c0 05c0 0040 2400 0000 0000  ... .....@$.....
000043c0: 0000 0000 0020 0020 0000 0020 0000 0000  ..... . ... ....
000043d0: 0080 0000 0000 0000 0000 0000 0000 0000  ................
000043e0: 0000 0000 0000 0000 0000 0080 0000 0000  ................
000043f0: 0080 0100 0000 0180 0008 0000 0000 0000  ................
00004400: 0000 01c0 0060 0020 0000 0000 0000 0000  .....`. ........
00004410: 0200 01fe 0040 0000 0000 0000 0000 0000  .....@..........
00004420: 0000 0000 00c0 07c0 0480 0000 0000 0000  ................
00004430: 0480 0600 07fe 05d4 044c 0000 0000 0000  .........L......
00004440: 0000 0000 01c0 01e0 0020 0000 0020 0010  ......... ... ..
00004450: 0000 0040 0300 0000 0000 0000 0000 0000  ...@............
00004460: 0000 0000 0000 0100 0780 0200 0180 00e0  ................
00004470: 00d0 0030 00e0 0180 0200 0000 0400 0000  ...0............
00004480: 0000 0000 0010 0118 0018 0200 0200 0260  ...............`
00004490: 03e0 0020 0020 0000 0000 0000 0000 0000  ... . ..........
000044a0: 0001 0000 0000 0000 0000 0000 0000 0480  ................
000044b0: 07c0 0140 0240 0060 0000 0000 0000 0000  ...@.@.`........
000044c0: 0000 00c0 0180 0000 0100 01e0 0030 0008  .............0..
000044d0: 0004 0004 0210 0000 0000 0000 0000 0000  ................
000044e0: 0000 0000 0000 0280 0a80 0280 05a0 0130  ...............0
000044f0: 0208 0000 0210 07d0 0000 0000 0000 0000  ................
00004500: 0000 0080 0000 0000 0038 02bc 020c 0208  .........8......
00004510: 02c0 03e0 0180 0000 0000 0000 0000 0000  ................
00004520: 0000 0000 0000 0200 0000 0218 0478 04d8  .............x..
00004530: 0580 0680 03e0 0180 0000 0000 0000 0000  ................
00004540: 0000 0000 0000 07f0 01f8 0000 0000 0000  ................
00004550: 0000 00c0 0000 0080 0000 0000 0000 0000  ................
00004560: 0000 0000 0000 0000 0fa0 04b0 0040 0000  .............@..
00004570: 0000 0000 0000 0000 0100 0100 0000 0100  ................
00004580: 0000 0000 005c 0024 0000 0000 0300 00c0  .....\.$........
00004590: 0030 0090 00a0 00c0 0000 0000 0000 0000  .0..............
000045a0: 0000 0000 0000 0000 0190 0090 0440 0300  .............@..
000045b0: 09e0 0120 0100 0180 0000 0080 0000 0000  ... ............
000045c0: 0000 0000 0000 0080 01c0 0060 0160 01a0  ...........`.`..
000045d0: 0030 0018 0008 0008 0000 0000 0000 0000  .0..............
000045e0: 0000 0000 0000 0000 0000 0280 0280 06c0  ................
000045f0: 03e0 0130 0030 0038 0018 0008 0000 0000  ...0.0.8........
00004600: 0000 0040 0040 0070 0010 0018 0008 1208  ...@.@.p........
00004610: 0280 0300 0000 0000 0000 0000 0000 0000  ................
00004620: 0003 0000 0000 0000 0020 0020 0610 0630  ......... . ...0
00004630: 0400 0620 0720 0180 0000 0000 0000 0000  ... . ..........
00004640: 0000 0000 0000 0020 0020 0000 0000 0000  ....... . ......
00004650: 0080 0080 0000 0000 0000 0000 0000 0000  ................
00004660: 8000 0000 0000 000a 0000 0000 0080 0100  ................
00004670: 0100 0200 0100 0100 0200 0040 8000 0000  ...........@....
00004680: 0040 0020 0260 0060 0060 0000 0000 0000  .@. .`.`.`......
00004690: 0000 00e2 0000 0000 0000 0000 0000 0000  ................
000046a0: 0000 0001 00c0 0200 0000 0000 0000 0000  ................
000046b0: 0000 0600 0020 0060 0000 0000 0000 0000  ..... .`........
000046c0: 0000 0000 0200 00e0 0060 0000 0020 0030  .........`... .0
000046d0: 0010 0000 0000 0000 0000 0000 0000 0000  ................
000046e0: 0000 0000 0000 0000 0080 0100 0100 0180  ................
000046f0: 0020 0000 0000 0200 0100 0000 0000 0000  . ..............
00004700: 0000 0000 0180 0080 0000 0008 0010 0210  ................
00004710: 00b0 0010 0020 0000 0000 0000 0000 0000  ..... ..........
00004720: 0000 0000 0001 0010 0010 0000 0400 0400  ................
00004730: 0140 01a0 0040 0040 0000 0000 0000 0000  .@...@.@........
00004740: 0000 0000 0240 0100 0100 0180 0030 0000  .....@.......0..
00004750: 0000 0004 0000 0000 0000 0000 0000 0000  ................
00004760: 0000 0000 0010 0220 0000 0000 00c0 0200  ....... ........
00004770: 1000 0000 0000 0100 0000 0000 0000 0000  ................
00004780: 0000 0180 0200 0100 0038 000c 028c 0204  .........8......
00004790: 02a0 03c0 0000 0000 0000 0000 0000 0000  ................
000047a0: 0004 0000 0000 0000 0000 0430 0408 0008  ...........0....
000047b0: 0180 0400 03e0 00a0 0000 0028 0000 0008  ...........(....
000047c0: 0000 0000 0000 0290 0028 0018 0000 0000  .........(......
000047d0: 0000 0000 0000 0080 0000 0000 0000 0000  ................
000047e0: 0000 0000 0000 0000 0050 0090 0100 0000  .........P......
000047f0: 0840 0000 0000 0000 0000 0000 0000 0000  .@..............
00004800: 0000 0000 0000 004c 0000 0100 0340 00c0  .......L.....@..
00004810: 0090 0090 0090 0080 0000 0000 0000 0000  ................
00004820: 0000 0000 0000 0010 0000 0400 0400 1700  ................
00004830: 03c0 0120 0120 0080 00c0 0000 0020 0000  ... . ....... ..
00004840: 0000 0000 0000 0080 00e0 0020 0120 0130  ........... . .0
00004850: 0010 0010 0008 0004 0000 0000 0000 0000  ................
00004860: 0000 0000 0000 0000 0000 0080 0680 0240  ...............@
00004870: 03a0 02e0 0010 0080 0000 0010 0000 0008  ................
00004880: 0000 0000 0040 0000 0090 0018 0008 0008  .....@..........
00004890: 0218 0030 0000 0000 0000 0000 0080 0000  ...0............
000048a0: 0004 0000 1000 0000 0200 0000 1200 0620  ............... 
000048b0: 0400 0000 0400 0080 0000 0100 0020 0010  ............. ..
000048c0: 0000 0000 0000 0000 0000 0040 0040 00c0  ...........@.@..
000048d0: 0080 0080 0080 0000 0000 0000 0000 0000  ................
000048e0: 0000 0000 8008 0004 0080 0080 0080 0000  ................
000048f0: 0080 0080 0000 0100 0000 0000 0000 0000  ................
00004900: 0000 0000 0000 0000 0040 0000 0000 0080  .........@......
00004910: 0100 0100 0060 0000 0000 0000 0000 0000  .....`..........
00004920: 0008 0000 0000 04c0 0800 0800 0200 0000  ................
00004930: 0200 0001 0000 0000 0000 0080 0000 0000  ................
00004940: 0000 0000 0000 0000 0020 0040 0040 0000  ......... .@.@..
00004950: 0010 0020 0080 0080 0000 0000 0000 0000  ... ............
00004960: 0000 0000 0000 0200 0480 0180 0000 0000  ................
00004970: 0000 0040 0000 0200 0200 0000 0200 0000  ...@............
00004980: 0000 0000 0000 0100 0000 0210 0010 0010  ................
00004990: 0010 0030 0030 0020 0000 0000 0000 0000  ...0.0. ........
000049a0: 0000 0000 0000 0000 0000 0020 0420 0420  ........... . . 
000049b0: 0a40 0260 0260 0000 0000 0000 0080 0010  .@.`.`..........
000049c0: 0000 0000 0030 0100 0000 0080 0000 0000  .....0..........
000049d0: 0000 0000 0030 0080 0000 0000 0000 0000  .....0..........
000049e0: 0000 0000 0000 0000 0200 0200 8000 0000  ................
000049f0: 0008 0009 0000 0000 0000 0000 0000 0000  ................
00004a00: 0000 0000 0080 0000 0110 0158 8204 0084  ...........X....
00004a10: 0008 0000 0000 0000 0000 0000 0000 0000  ................
00004a20: 0010 0008 0000 0200 0200 0a00 1008 0c10  ................
00004a30: 1c88 0200 0400 0000 0380 0000 0010 0000  ................
00004a40: 0000 0000 0000 0000 0000 0000 0010 0020  ............... 
00004a50: 0020 0000 0080 0080 0080 0000 0000 0000  . ..............
00004a60: 0020 0000 0000 0000 0000 1010 0020 0060  . ........... .`
00004a70: 0000 0080 0001 0000 0100 0000 0200 0000  ................
00004a80: 0000 0000 0004 000c 0110 0220 0240 0080  ........... .@..
00004a90: 00a0 0010 0090 0020 0000 0000 0000 0000  ....... ........
00004aa0: 0000 0000 0010 0010 0270 0640 0480 0100  .........p.@....
00004ab0: 0120 0120 0020 0000 0000 0000 0000 0000  . . . ..........
00004ac0: 0000 0000 0000 0080 0040 0020 0020 0000  .........@. . ..
00004ad0: 0010 0008 0000 0000 0000 0000 0000 0000  ................
00004ae0: 0020 0000 0000 0000 0000 0000 0200 0200  . ..............
00004af0: 0000 0000 0050 0010 0000 0000 0000 0000  .....P..........
00004b00: 0000 0000 0000 0000 0040 0180 0100 0000  .........@......
00004b10: 0108 0030 0060 0080 0000 0000 0000 0000  ...0.`..........
00004b20: 0000 0000 0000 0080 8100 0200 0410 1210  ................
00004b30: 0440 0480 0800 0100 0000 0000 0000 0000  .@..............
00004b40: 0000 0000 0020 0020 0020 0020 0000 0000  ..... . . . ....
00004b50: 0000 0080 0080 0000 0000 0000 0000 0000  ................
00004b60: 0000 0000 0000 0040 0000 0040 0000 0080  .......@...@....
00004b70: 0080 0110 0100 0000 0000 0000 0000 0000  ................
00004b80: 0000 0000 0020 0120 0020 0040 0080 0080  ..... . . .@....
00004b90: 0180 0000 0020 0000 0000 0000 0000 0000  ..... ..........
00004ba0: 0000 0000 0240 0080 0080 0080 0004 0100  .....@..........
00004bb0: 0000 0200 0000 0000 0080 0000 0000 0000  ................
00004bc0: 0000 0000 0000 0000 0220 0000 0000 0000  ......... ......
00004bd0: 0010 0030 0040 0000 0000 0000 0000 0000  ...0.@..........
00004be0: 0000 0000 0000 0600 0000 0000 0020 0000  ............. ..
00004bf0: 0042 0086 0300 0000 0000 0000 0000 0000  .B..............
00004c00: 0000 0000 0000 0008 0100 0200 0200 0210  ................
00004c10: 0010 0000 0020 0000 0000 0000 0000 0000  ..... ..........
00004c20: 0000 0000 0000 0100 0030 0210 4000 2020  .........0..@.  
00004c30: 0000 0000 0040 0040 0000 0000 0000 0000  .....@.@........
00004c40: 0000 0000 0040 0000 0000 0000 8100 0000  .....@..........
00004c50: 0004 0000 0000 0100 0000 0000 0000 0000  ................
00004c60: 0800 0800 0000 0000 0200 0280 0200 0000  ................
00004c70: 0000 0008 0210 0004 0000 0800 0000 0000  ................
00004c80: 0000 0000 0000 0000 0100 0320 0200 0200  ........... ....
00004c90: 02c8 0010 0000 0000 0000 0000 0000 0000  ................
00004ca0: 0000 0000 0100 0200 0200 0600 0010 0488  ................
00004cb0: 0c10 0000 0000 0000 0000 0000 0000 0000  ................
00004cc0: 0000 0000 0000 0000 0028 0018 0000 0010  .........(......
00004cd0: 0020 0040 0000 0080 0080 0000 0000 0000  . .@............
00004ce0: 0400 0000 0000 0000 0000 0030 0020 1000  ...........0. ..
00004cf0: 0040 0094 0090 0100 0200 0000 0000 0000  .@..............
00004d00: 0000 0000 0000 006c 0098 0320 0040 0000  .......l... .@..
00004d10: 00c0 0080 0010 0020 0000 0000 0000 0000  ....... ........
00004d20: 0000 0200 0010 0010 0300 0640 0480 0000  ...........@....
00004d30: 0100 0110 0120 0080 0000 0000 0000 0000  ..... ..........
00004d40: 0000 0000 0000 0000 0000 0100 0100 0000  ................
00004d50: 0080 0000 0000 0004 0004 0000 0000 0000  ................
00004d60: 0000 0040 0000 0000 0000 8200 0080 0000  ...@............
00004d70: 0000 0000 0400 0000 0000 0000 0000 0000  ................
00004d80: 0000 0000 0040 0000 00c0 0000 0108 0000  .....@..........
00004d90: 0100 0000 00c0 0000 0000 0000 0000 0000  ................
00004da0: 0000 0000 0080 0000 0000 0200 0220 0230  ............. .0
00004db0: 0060 0480 0000 0000 0c00 0000 0000 0000  .`..............
00004dc0: 0000 0000 0000 0020 0020 0020 0040 0040  ....... . . .@.@
00004dd0: 0000 0000 0000 0000 0000 0000 0000 0000  ................
00004de0: 0400 0000 0000 0000 0040 0040 8080 0028  .........@.@...(
00004df0: 0084 0080 0080 0000 0000 1000 0000 0800  ................
00004e00: 0000 0000 00a0 0020 0000 0040 0080 0080  ....... ...@....
00004e10: 0100 0000 0080 0000 0000 0000 0000 0000  ................
00004e20: 0000 0400 0200 0040 0080 0000 0100 0100  .......@........
00004e30: 0200 0200 0000 0082 0000 0800 1000 0000  ................
00004e40: 0000 0000 0000 0100 0000 0000 0000 0000  ................
00004e50: 0000 0000 0000 0100 0000 0000 0000 0000  ................
00004e60: 0100 0000 0000 0000 0000 0080 0100 0000  ................
00004e70: 0020 0000 0180 0000 0000 0400 0800 0000  . ..............
00004e80: 0000 0000 0000 0008 0008 0018 0210 0000  ................
00004e90: 0000 0000 0010 0000 0000 0000 0000 0000  ................
00004ea0: 0000 0000 0000 0000 0000 0020 0000 0400  ........... ....
00004eb0: 0060 0004 0020 0000 0040 0000 0800 0000  .`... ...@......
00004ec0: 0000 0000 0080 0000 0000 0000 0020 0000  ............. ..
00004ed0: 0000 0000 0000 0000 0000 0000 0000 0000  ................
00004ee0: 0000 0000 0000 0000 0200 0000 0000 0090  ................
00004ef0: 0050 0008 0000 0000 0000 0000 0000 0000  .P..............
00004f00: 0000 0000 0000 0000 0000 0100 0060 0000  .............`..
00004f10: 0080 0020 0060 0000 0000 0000 0000 0000  ... .`..........
00004f20: 0000 0100 0000 0000 0200 0000 8400 0000  ................
00004f30: 8000 0800 1000 0000 0000 0000 0000 0200  ................
00004f40: 0000 0000 0000 0000 0040 0008 0010 0020  .........@..... 
00004f50: 0020 0000 0040 0000 0080 0000 0000 0000  . ...@..........
00004f60: 0400 0000 9800 0000 0000 0000 0020 0020  ............. . 
00004f70: 0040 0080 00a0 0000 0100 0400 0000 2a00  .@............*.
00004f80: 0000 0000 0000 0000 0180 0000 0060 0000  .............`..
00004f90: 0080 0008 0010 0040 0000 0000 0000 0000  .......@........
00004fa0: 0000 0000 0040 0190 0220 0000 0000 0000  .....@... ......
00004fb0: 0100 0010 0020 0040 1000 0000 0082 0000  ..... .@........
00004fc0: 0000 0000 0000 0000 0000 0000 0120 00e0  ............. ..
00004fd0: 0080 0000 0000 0008 0000 0000 0000 0000  ................
00004fe0: 0200 0400 0000 0100 0100 0200 8080 0080  ................
00004ff0: 010a 0000 0010 0000 0000 0000 0000 0000  ................
00005000: 0000 0000 0020 0000 0000 0000 0000 0000  ..... ..........
00005010: 0000 0000 0000 0000 0000 0000 0000 0000  ................
00005020: 0000 0000 0080 0000 0000 0000 0000 0000  ................
00005030: 0000 0000 0000 0000 0000 0200 0000 0000  ................
00005040: 0000 0000 0000 0000 0000 0000 0000 0000  ................
00005050: 0000 0000 0000 0000 0000 0000 0000 0000  ................
00005060: 0000 0000 0000 0000 0000 0000 0000 0000  ................
00005070: 0004 0002 0000 0000 0000 0000 0000 0800  ................
00005080: 0000 0000 0000 0000 0000 0000 0000 0000  ................
00005090: 0000 0000 0000 0000 0000 0000 0000 0000  ................
000050a0: 0000 0000 0000 0000 0000 4000 0000 0000  ..........@.....
000050b0: 0000 0000 0000 0000 0000 0000 0000 0400  ................
000050c0: 0000 0000 0000 0000 0000 0000 0000 0000  ................
000050d0: 0000 0000 0000 0080 0000 0000 0000 0000  ................
000050e0: 0000 0000 0000 0000 0000 0000 0000 0000  ................
000050f0: 0000 0040 0000 0000 0000 0000 1000 0000  ...@............
00005100: 0000 0000 0000 0000 0000 0000 0000 0000  ................
00005110: 0020 0000 0000 0000 0000 0000 0000 0000  . ..............
00005120: 0000 0000 0000 0000 0000 0000 0000 0000  ................
00005130: 0000 0040 0000 0040 0000 0000 0000 0000  ...@...@........
00005140: 0000 0000 0000 0000 0000 0000 0000 0000  ................
00005150: 0000 0200 0000 0000 0000 0000 0000 0000  ................
00005160: 0000 0080 0000 0000 0040 0000 0000 0000  .........@......
00005170: 0020 1000 0002 0000 0000 0000 0000 0000  . ..............
00005180: 0000 0000 0000 0000 0000 0000 0080 0000  ................
00005190: 0000 0000 0000 0000 0000 0000 0000 0000  ................
000051a0: 0000 0000 0040 0000 0020 0000 0000 0000  .....@... ......
000051b0: 0000 0000 0800 0000 0000 0000 0000 0000  ................
000051c0: 0000 0000 0000 0000 0000 0000 0000 0000  ................
000051d0: 0000 0000 0000 0000 0000 0000 0000 0000  ................
000051e0: 0800 0000 0000 0000 0000 0000 0000 0000  ................
000051f0: 0010 0000 0000 0100 0000 0000 0000 0000  ................
00005200: 0000 0000 0000 0000 0000 0000 0000 0000  ................
00005210: 0000 0000 0000 0030 0000 0000 0000 0000  .......0........
00005220: 0000 0000 0010 0000 0000 0400 8000 0000  ................
00005230: 0200 0000 0000 0000 0000 0000 0080 1000  ................
00005240: 0000 0000 0000 0000 0000 0000 0020 0000  ............. ..
00005250: 0020 0000 0000 0000 0000 0000 0000 0000  . ..............
00005260: 0000 0000 0000 0000 0000 0000 0080 0008  ................
00005270: 0000 0010 0000 0000 0000 0000 0080 1000  ................
00005280: 0000 0000 0000 0000 0000 0000 0000 0000  ................
00005290: 0000 0000 0000 0000 0000 0000 0000 0000  ................
000052a0: 0000 0000 0000 0000 0000 0000 0000 0002  ................
000052b0: 2800 0000 0000 0000 0200 0000 0000 0080  (...............
000052c0: 0000 0000 0000 0000 0000 0000 0000 0000  ................
000052d0: 0000 0000 0000 0000 0000 0000 0000 0000  ................
000052e0: 0000 0000 0000 0000 0000 0000 0000 0000  ................
000052f0: 4000 0000 2001 0000 0000 0000 0000 0000  @... ...........
00005300: 0000 0000 0000 0000 0000 0000 0000 0000  ................
00005310: 0000 0104 0000 0000 0000 0000 0000 0000  ................
00005320: 0100 0000 00a0 0000 0000 2000 0000 0000  .......... .....
00005330: 1000 2000 1000 0000 0000 0200 0000 0000  .. .............
00005340: 0000 0000 0000 0000 0000 0000 0060 0000  .............`..
00005350: 0000 0000 0000 0000 0000 0000 0000 0000  ................
00005360: 0000 0000 0000 0000 0080 0000 0000 0000  ................
00005370: 0000 4000 0000 0000 0000 0000 0000 0000  ..@.............
00005380: 0000 0000 0000 0000 0000 0000 0000 0000  ................
00005390: 0010 0000 0000 0000 0000 0000 0000 0000  ................
000053a0: 0000 0000 0000 0000 0000 0000 0000 0000  ................
000053b0: 4000 0000 0000 0000 0000 0000 0000 0000  @...............
000053c0: 0000 0020 0000 0000 0000 01a0 0000 0004  ... ............
000053d0: 0000 0000 0080 0000 0000 0000 0000 0000  ................
000053e0: 0000 0000 0000 0040 00a0 0000 0060 0000  .......@.....`..
000053f0: 0008 0000 0400 0380 0000 0000 0000 0000  ................
00005400: 0000 0000 0000 0000 0000 0000 0000 0000  ................
00005410: 0000 0000 0000 0000 0000 0000 0000 0000  ................
00005420: 0000 0000 0000 0000 0000 0000 0000 0000  ................
00005430: 0002 0000 0000 0100 0000 0000 0000 0000  ................
00005440: 0000 0000 0000 0000 0000 0000 0000 0000  ................
00005450: 0000 0000 0000 0000 0000 0000 0000 0000  ................
00005460: 0200 0000 0000 0000 0400 0020 0000 0000  ........... ....
00005470: 0000 0000 0000 0000 0000 0000 0400 0000  ................
00005480: 0000 0000 0000 0000 0000 0000 0000 0000  ................
00005490: 0000 0010 0000 0000 0000 0000 0000 0000  ................
000054a0: 0000 0000 0200 0000 0000 0000 0000 0000  ................
000054b0: 0000 0000 0080 0000 0000 0000 0000 0000  ................
000054c0: 0800 0000 0000 0000 0000 0000 0000 0020  ............... 
000054d0: 0010 0008 0008 0000 0000 0000 0000 0000  ................
000054e0: 0000 0000 0000 0000 0000 4000 0000 0000  ..........@.....
000054f0: 0021 2000 0000 0000 0000 0000 0000 0000  .! .............
00005500: 0000 0000 0040 0060 0010 0008 0008 0000  .....@.`........
00005510: 0040 0000 0000 0000 0000 0000 0000 0000  .@..............
00005520: 0000 0000 0000 0000 0000 0000 0050 0000  .............P..
00005530: 0000 0020 0080 0080 0000 0000 0000 0000  ... ............
00005540: 0000 0000 0000 0000 0000 0000 0000 0000  ................
00005550: 0000 0000 0000 0000 0000 0000 0000 0000  ................
00005560: 0000 0000 0000 0000 0000 0000 0000 0000  ................
00005570: 0000 6000 0000 0100 0000 0000 0000 0000  ..`.............
00005580: 0000 0040 0000 0000 0080 0000 0000 0000  ...@............
00005590: 0000 00da 0000 0000 0000 0000 0000 0000  ................
000055a0: 0000 0000 0080 0000 0000 0000 0000 0080  ................
000055b0: 0100 0000 03c0 0200 0000 0000 0000 0000  ................
000055c0: 0000 0000 0100 0220 0000 0000 0020 0010  ....... ..... ..
000055d0: 0000 0040 0180 0000 0000 0000 0000 0000  ...@............
000055e0: 0000 0000 0000 0180 0000 0000 0080 0060  ...............`
000055f0: 0000 0020 1080 0000 0200 0000 0000 0000  ... ............
00005600: 0000 0000 0000 0000 0000 0000 0000 0000  ................
00005610: 0040 0000 0000 0000 0000 0000 0000 0000  .@..............
00005620: 0000 0000 0060 0000 0000 0000 0000 0000  .....`..........
00005630: 3000 0000 0800 0000 0000 0000 0000 0000  0...............
00005640: 0000 0040 0180 0000 0000 00c0 0010 0008  ...@............
00005650: 0000 0010 0070 0000 0000 0000 0000 0000  .....p..........
00005660: 0000 0000 00e0 0000 0000 0000 0122 0000  ............."..
00005670: 0000 0000 0210 0180 0800 0000 0000 0000  ................
00005680: 0000 0000 0000 0000 0000 0000 0000 0000  ................
00005690: 0040 0000 0000 0000 0000 0000 0000 0000  .@..............
000056a0: 0000 0000 0000 0010 0000 0008 0040 0000  .............@..
000056b0: 0000 0420 0000 0200 0000 0000 0000 0000  ... ............
000056c0: 0000 0000 0000 0000 0000 0000 0000 0000  ................
000056d0: 0000 0000 0000 0000 0000 0000 0000 0000  ................
000056e0: 0000 0000 0080 0000 02c0 0440 0000 0000  ...........@....
000056f0: 8000 0000 0000 0000 1180 0000 0400 0000  ................
00005700: 0000 0000 006c 0180 0020 0000 0100 0020  .....l... ..... 
00005710: 0010 0080 0080 0040 0000 0000 0000 0000  .......@........
00005720: 0000 0000 0000 0004 0180 0000 0000 0100  ................
00005730: 0060 0000 0000 0080 0000 0000 0000 0000  .`..............
00005740: 0000 0000 0000 0100 0000 0020 0000 0180  ........... ....
00005750: 0000 0000 0008 0000 0000 0000 0000 0000  ................
00005760: 0000 0000 0000 0000 0000 0080 0000 0040  ...............@
00005770: 0000 0000 0000 0000 0000 0000 0080 0000  ................
00005780: 0000 0080 0000 0140 0000 0008 0000 0000  .......@........
00005790: 00a0 0080 0000 0000 0000 0000 0000 0000  ................
000057a0: 0000 0000 0000 0000 00c0 10b0 0100 0000  ................
000057b0: 0018 0210 0b60 0380 0000 0000 0080 0000  .....`..........
000057c0: 0000 0000 0000 0000 0000 0000 0000 0000  ................
000057d0: 0000 0000 0000 0000 0000 0000 0000 0000  ................
000057e0: 0000 0000 0000 0000 0000 0008 0000 0000  ................
000057f0: 0000 0000 0000 0000 0000 8000 0000 0000  ................
00005800: 0004 00c0 0020 0000 0000 0000 0000 0000  ..... ..........
00005810: 0000 002c 0000 0000 0000 0000 0000 0000  ...,............
00005820: 0000 0000 0000 0000 0000 4040 0000 0000  ..........@@....
00005830: 0000 0400 01f8 0000 0000 0000 0000 0000  ................
00005840: 0000 0000 01c0 0240 0000 0080 0020 0010  .......@..... ..
00005850: 0000 0080 0000 0000 0000 0000 0000 0000  ................
00005860: 0000 0000 0000 0080 0280 0000 8080 00c0  ................
00005870: 0010 0020 00c0 0b80 0180 0000 0000 0000  ... ............
00005880: 0000 0000 0080 0000 0000 0000 0000 0000  ................
00005890: 0100 0000 0000 0000 0000 0000 0000 0000  ................
000058a0: 0000 0000 0000 0000 0000 0000 0000 0000  ................
000058b0: 0040 0000 0000 0200 0080 0000 0000 0000  .@..............
000058c0: 0000 0080 0300 0000 0000 0280 0000 0000  ................
000058d0: 0004 0000 0100 0000 0000 0000 0000 0000  ................
000058e0: 0000 0000 00b0 8000 0000 0000 0280 0810  ................
000058f0: 0009 0000 0010 00c0 0000 0400 0000 0000  ................
00005900: 0000 0180 0000 0000 0000 0000 0000 0000  ................
00005910: 0010 0040 0000 0000 0000 0000 0000 0000  ...@............
00005920: 0000 0000 8000 0000 0000 0010 0020 0000  ............. ..
00005930: 00c0 0000 03e0 0200 0000 0000 0000 0000  ................
00005940: 0000 0000 0000 0380 0038 0000 0020 0000  .........8... ..
00005950: 0000 0080 0000 0000 0000 0000 0000 0000  ................
00005960: 0000 0000 0000 0000 01a0 0008 0000 0020  ............... 
00005970: 0000 0000 1000 0000 0000 0000 0000 0000  ................
00005980: 0000 0000 0018 0100 0220 0200 0080 0040  ......... .....@
00005990: 0020 0000 0000 0000 0000 0000 0000 0000  . ..............
000059a0: 0000 0000 0000 0000 0088 0020 0000 0200  ........... ....
000059b0: 0020 0000 0000 0060 0000 0000 0000 0000  . .....`........
000059c0: 0000 0000 0080 0080 0140 0020 0000 0020  .........@. ... 
000059d0: 0000 0010 0000 0000 0000 0000 0000 0000  ................
000059e0: 0000 0000 0000 0000 8000 0100 0000 0140  ...............@
000059f0: 0180 0000 0000 0200 0000 0000 0080 0000  ................
00005a00: 0000 0000 0080 0180 0320 0200 0210 0630  ......... .....0
00005a10: 0460 0080 0000 0000 0000 0000 0000 0000  .`..............
00005a20: 0000 0000 0040 0000 0040 0180 0100 0200  .....@...@......
00005a30: 0018 0030 02a0 0040 0000 0000 0080 0000  ...0...@........
00005a40: 0000 0000 0020 0040 0040 0040 0080 0080  ..... .@.@.@....
00005a50: 0080 0080 0000 0000 0000 0000 0000 0000  ................
00005a60: 0000 0000 0000 0000 0020 0000 0040 0040  ......... ...@.@
00005a70: 0000 0080 0080 0080 0000 0000 0000 2000  .............. .
00005a80: 0000 0380 0200 0040 0080 0080 0180 0100  .......@........
00005a90: 0200 0218 0000 0000 0000 0000 0000 0000  ................
00005aa0: 2000 0000 0120 0320 0040 00c0 0080 0080   .... . .@......
00005ab0: 0180 0000 0094 0040 0000 0000 2000 0000  .......@.... ...
00005ac0: 0000 0000 0200 0400 0080 0180 0000 0000  ................
00005ad0: 0060 0040 0380 0200 0000 0000 0000 0000  .`.@............
00005ae0: 0000 0000 0000 0100 0320 0040 0000 0010  ......... .@....
00005af0: 0000 0030 00c0 0000 0000 0000 0000 0000  ...0............
00005b00: 0000 0000 0000 0100 0210 0220 0020 0420  ........... . . 
00005b10: 00c0 0040 0040 0040 0000 0000 0000 0000  ...@.@.@........
00005b20: 0000 0000 0000 0108 0100 0218 0210 0010  ................
00005b30: 0180 0000 0020 0480 0000 0000 0000 0020  ..... ......... 
00005b40: 0000 0050 0000 0000 0000 0200 0000 0800  ...P............
00005b50: 0008 0008 0200 0000 0000 0000 0000 0000  ................
00005b60: 0000 0000 0000 0100 0000 0080 0200 0800  ................
00005b70: 0000 0000 0000 0000 0000 0000 0000 0000  ................
00005b80: 0000 0100 0100 0200 0220 0260 0480 0400  ......... .`....
00005b90: 0400 00a0 0000 0000 0000 0000 0000 0000  ................
00005ba0: 0000 0080 0180 0000 0100 0220 00e0 0240  ........... ...@
00005bb0: 0108 0030 0080 0000 0000 0000 0000 0000  ...0............
00005bc0: 0000 0000 0000 02c0 0000 0000 0020 0020  ............. . 
00005bd0: 00c0 0080 0080 0100 0100 0000 0000 0000  ................
00005be0: 0000 0000 0000 0000 0008 0008 0010 0020  ............... 
00005bf0: 0020 0040 20c0 0080 0080 0200 0000 0000  . .@ ...........
00005c00: 0000 0000 0010 00d0 0370 0640 0480 0080  .........p.@....
00005c10: 0100 0010 0020 0000 0000 0000 0000 0000  ..... ..........
00005c20: 8000 0000 0004 0044 0190 0320 0060 0000  .......D... .`..
00005c30: 02d0 0090 0090 0030 0000 0400 0000 0000  .......0........
00005c40: 0000 0000 0000 0180 0100 0200 0080 0080  ................
00005c50: 0000 0000 0000 0000 0000 0000 0000 0000  ................
00005c60: 0000 0000 4000 0000 0000 0120 0020 0080  ....@...... . ..
00005c70: 0090 0070 0000 0000 0000 0000 0000 0000  ...p............
00005c80: 0000 0080 0080 0380 0360 0630 0630 0630  .........`.0.0.0
00005c90: 0460 0700 0700 0100 0000 0000 0000 0000  .`..............
00005ca0: 0000 0000 0040 0060 00b0 0398 0388 0208  .....@.`........
00005cb0: 0218 0230 0060 1080 0000 8000 0000 0000  ...0.`..........
00005cc0: 0000 0000 0040 0040 00c0 00c0 0080 0080  .....@.@........
00005cd0: 0080 0180 0100 0000 0000 0000 0000 0000  ................
00005ce0: 0000 0000 0020 0020 0060 0060 0040 00c0  ..... . .`.`.@..
00005cf0: 0080 0480 10c0 0000 0000 0000 0000 0000  ................
00005d00: 0000 0000 06c0 06c0 0080 0180 0300 0300  ................
00005d10: 0600 0628 0280 0000 0000 0000 0000 0000  ...(............
00005d20: 0000 00c0 0160 0360 0060 00c0 0080 0180  .....`.`.`......
00005d30: 0180 0102 0016 0000 0000 0000 0000 0000  ................
00005d40: 0000 0000 0000 0600 0480 0180 0180 00e0  ................
00005d50: 0060 00c0 0300 0600 0200 0000 0000 0000  .`..............
00005d60: 0000 0000 00c0 0060 0060 00c0 0060 0030  .......`.`...`.0
00005d70: 0030 0060 00c0 0180 0000 0000 0000 0000  .0.`............
00005d80: 0000 0000 0100 0310 0210 0630 0420 0460  ...........0. .`
00005d90: 0440 0060 0060 0040 0000 0000 0000 0000  .@.`.`.@........
00005da0: 0000 0000 0080 0108 0118 0310 0210 0230  ...............0
00005db0: 0030 0030 0030 0020 0000 0000 0000 0000  .0.0.0. ........
00005dc0: 0000 0000 0680 0200 0200 0200 0660 0810  .............`..
00005dd0: 0018 0408 0600 0100 0000 0000 0000 0000  ................
00005de0: 0100 0000 0060 0100 0500 01e0 0230 0008  .....`.......0..
00005df0: 0004 020c 0018 0000 0000 0000 0000 0000  ................
00005e00: 0000 0100 0200 0200 0600 06c8 0588 0598  ................
00005e10: 05b0 0620 0300 0000 0000 0000 0000 0000  ... ............
00005e20: 0000 0080 0180 0100 0100 032c 02c4 02cc  ...........,....
00005e30: 02d8 0138 0060 0000 0000 0000 0080 0000  ...8.`..........
00005e40: 0000 0000 0000 0c00 0710 0030 0060 0060  ...........0.`.`
00005e50: 00c0 0080 0180 0100 0300 0000 0000 0000  ................
00005e60: 0000 0000 0000 0300 0018 0018 0010 0030  ...............0
00005e70: 0060 0040 0080 0080 0080 0000 0080 0000  .`.@............
00005e80: 0000 0000 0010 0290 0760 04c0 0480 0300  .........`......
00005e90: 0160 0120 01e0 0080 0000 0000 0000 0000  .`. ............
00005ea0: 0000 0000 000c 006c 0198 0320 0340 00c0  .......l... .@..
00005eb0: 0090 0090 0090 0020 0000 0000 0000 0000  ....... ........
00005ec0: 0000 0000 0000 0100 0300 0280 0680 03c0  ................
00005ed0: 0160 0030 0010 0018 0008 0000 0000 0000  .`.0............
00005ee0: 0000 0000 0000 0080 00c0 0160 0160 00a0  ...........`.`..
00005ef0: 00b0 0018 0008 000c 0004 0000 0000 0000  ................
00005f00: 0000 0000 0180 0300 0660 0660 0430 0430  .........`.`.0.0
00005f10: 0ce0 0c00 0700 0300 0000 0000 0000 0000  ................
00005f20: 0000 0000 00c0 0060 00b0 0198 0318 0218  .......`........
00005f30: 0318 0230 0040 00c0 0000 0000 0000 0000  ...0.@..........
00005f40: 0000 0040 0040 0040 00c0 0080 0080 0180  ...@.@.@........
00005f50: 0180 0100 0300 0100 0000 0000 0000 0000  ................
00005f60: 0000 0000 0020 0060 1040 0040 00c0 00c0  ..... .`.@.@....
00005f70: 0080 0080 0080 0000 0000 0000 0000 0000  ................
00005f80: 0000 0200 0680 0480 0080 0180 0300 0300  ................
00005f90: 0600 0608 0780 0000 0000 0000 0000 0000  ................
00005fa0: 0000 00c0 0060 02e0 00e0 00c0 00c0 0180  .....`..........
00005fb0: 0300 03c6 0002 0000 0000 0000 0000 0000  ................
00005fc0: 0000 0000 0400 0f80 0480 0180 0380 01c0  ................
00005fd0: 0060 00c0 0580 0600 0400 0000 0000 0000  .`..............
00005fe0: 0000 0000 01c0 0060 0240 00c0 00e0 0030  .......`.@.....0
00005ff0: 0030 0060 00e0 0100 0180 0000 0000 0000  .0.`............
00006000: 0000 0000 0220 0230 0630 0460 0c60 0440  ..... .0.0.`.`.@
00006010: 06c0 0040 00c0 0040 0000 0000 0000 0000  ...@...@........
00006020: 0000 0000 0190 1190 0318 0310 0630 0630  .............0.0
00006030: 0330 0020 0020 0060 0000 0000 0000 0000  .0. . .`........
00006040: 0000 0000 0600 0600 0200 0680 04e0 0830  ...............0
00006050: 0018 0018 0600 0780 0000 0000 0000 0000  ................
00006060: 0000 8030 0000 0300 0100 01c0 0030 0018  ...0.........0..
00006070: 000c 020c 0318 0000 0000 0000 0000 0000  ................
00006080: 0000 0300 0600 0600 0600 04d0 0d90 0d10  ................
00006090: 0db0 06c0 0700 0000 0000 0000 0000 0000  ................
000060a0: 0000 0080 0180 0100 0308 026c 02ec 0688  ...........l....
000060b0: 06d8 0330 0040 0000 0000 0000 0000 0000  ...0.@..........
000060c0: 0000 0000 0000 0800 0ba0 0030 0060 0040  ...........0.`.@
000060d0: 00c0 0080 0180 0300 0300 0000 0000 0000  ................
000060e0: 0000 0000 0000 0380 0018 0018 0030 0030  .............0.0
000060f0: 0060 00c0 00c0 0080 0180 0000 0000 0000  .`..............
00006100: 0000 0000 0030 00b0 0660 0cc0 0c80 0700  .....0...`......
00006110: 0360 0320 0160 01c0 0000 0000 0000 0000  .`. .`..........
00006120: 0000 0000 0008 00cc 0198 0370 07c0 00e0  ...........p....
00006130: 01b0 0098 0090 0070 0000 0000 0000 0000  .......p........
00006140: 0000 0000 0000 0300 0700 0680 0680 0640  ...............@
00006150: 0360 0020 0030 0010 0000 0000 0000 0000  .`. .0..........
00006160: 0000 0000 0000 0080 00c0 0360 0360 81e0  ...........`.`..
00006170: 00b0 0018 0018 0008 000c 0000 0000 0000  ................
00006180: 0000 0000 0180 0380 0640 0660 0e20 0c60  .........@.`. .`
00006190: 0ce0 0d80 0e00 0200 0000 0000 0000 0000  ................
000061a0: 0000 0080 00c0 00e0 0270 03b0 0318 0718  .........p......
000061b0: 0638 0230 00e0 0000 0000 0000 0000 0000  .8.0............
000061c0: 0000 0000 0040 0080 0080 0080 0080 0180  .....@..........
000061d0: 0100 0300 0300 0300 0000 0000 0000 0000  ................
000061e0: 0000 1020 0060 0860 0040 0040 00c0 0080  ... .`.`.@.@....
000061f0: 0080 0080 0180 0000 0000 0000 0080 0000  ................
00006200: 0000 0780 0680 0480 0180 0180 0300 0600  ................
00006210: 0600 0430 0780 0000 0000 0000 0000 0000  ...0............
00006220: 0000 80c0 0340 0360 08c0 00c0 00c0 0180  .....@.`........
00006230: 0300 0386 000e 0000 0000 0000 0000 0000  ................
00006240: 0000 0000 0000 0d00 0180 0380 0380 01c0  ................
00006250: 00c0 0080 0700 0400 0400 0000 0000 0000  ................
00006260: 0000 0000 0100 02c0 00e0 00c0 00e0 0030  ...............0
00006270: 0038 0060 00c0 0180 0260 0040 0000 0000  .8.`.....`.@....
00006280: 0000 0000 0220 0220 0620 0c60 0840 08c0  ..... . . .`.@..
00006290: 0ec0 00c0 00c0 0080 0000 0000 0000 0000  ................
000062a0: 0000 0000 0100 0110 0210 0210 0630 0630  .............0.0
000062b0: 0060 0020 0060 0060 0000 0000 0000 0000  .`. .`.`........
000062c0: 0000 0000 0480 0400 0600 0600 04e0 0020  ............... 
000062d0: 0018 0418 0c20 0200 0000 0000 0000 0000  ..... ..........
000062e0: 0000 0040 0860 0380 0b00 02e0 0030 0018  ...@.`.......0..
000062f0: 000c 020c 0318 0060 0000 0000 0000 0000  .......`........
00006300: 0000 0300 0600 0600 0400 0cd0 0d90 0f10  ................
00006310: 0db0 0cc0 0600 0000 0000 0000 0000 0000  ................
00006320: 0000 0180 0100 1300 0218 0618 06cc 0688  ................
00006330: 0698 0770 00f0 0000 0000 0000 0000 0000  ...p............
00006340: 0000 0000 0000 0800 0a20 0060 0060 10c0  ......... .`.`..
00006350: 0080 0180 0100 0300 0200 0000 0000 0000  ................
00006360: 0000 0000 0000 0210 0038 0010 0030 0020  .........8...0. 
00006370: 0060 00c0 00c0 0180 0180 0000 0000 0000  .`..............
00006380: 0000 0000 0020 03b0 06e0 0cc0 0c80 0700  ..... ..........
00006390: 03e0 0320 0360 01c0 0000 0000 0000 0000  ... .`..........
000063a0: 0000 0000 0058 00cc 83bc 0660 07c0 00c0  .....X.....`....
000063b0: 01f0 01b0 01b0 0060 0000 0000 0000 0000  .......`........
000063c0: 0000 0000 0000 0300 0600 0580 0480 07c0  ................
000063d0: 0260 0060 0030 0010 0010 0000 0000 0000  .`.`.0..........
000063e0: 0000 0000 0000 0080 00e0 0340 0360 03e0  ...........@.`..
000063f0: 01b0 0038 0018 0008 0008 0000 0000 0000  ...8............
00006400: 0000 0100 0100 0300 0640 0e40 0c60 0c60  .........@.@.`.`
00006410: 08e0 0d80 0e00 0200 0000 0000 0000 0000  ................
00006420: 0000 00c0 00c0 00e0 00f0 03b0 0618 0618  ................
00006430: 0630 0460 00c0 0180 0000 0000 0000 0000  .0.`............
00006440: 0000 0000 0080 0080 0080 0080 0180 0100  ................
00006450: 0300 0300 0200 0200 0000 0000 0000 0000  ................
00006460: 0004 0800 0060 2060 00c0 00c0 0080 00c0  .....` `........
00006470: 0080 0180 01a0 0180 0000 0000 0080 0000  ................
00006480: 0000 0700 0e80 0980 0180 0300 0204 0600  ................
00006490: 0e00 0c10 0d00 0000 0000 0000 0000 0000  ................
000064a0: 0000 00c0 03e0 06c0 00c0 00c0 01c0 0380  ................
000064b0: 0300 0304 0070 0010 0000 0000 0000 0000  .....p..........
000064c0: 0000 0000 0000 0d80 0980 0380 0300 01c0  ................
000064d0: 00c0 0180 0700 0c00 0800 0000 0000 0000  ................
000064e0: 0000 0000 00c0 02c0 00c0 00c0 00c0 0060  ...............`
000064f0: 0060 00e0 0080 0390 0240 0000 0000 0000  .`.......@......
00006500: 0000 0000 0200 0620 0460 0c60 0840 08c0  ....... .`.`.@..
00006510: 0cc0 00c0 0080 0080 0000 0000 0000 0000  ................
00006520: 0004 0000 0100 0310 0230 0430 0630 0460  .........0.0.0.`
00006530: 06e0 0060 0060 0060 0000 0000 0000 0000  ...`.`.`........
00006540: 0000 0180 0f80 0c00 0400 0400 0cc0 0060  ...............`
00006550: 0030 0830 0c60 0400 0000 0000 0000 0000  .0.0.`..........
00006560: 0000 0020 01e0 0280 2300 0040 0760 0018  ... ....#..@.`..
00006570: 000c 0018 0230 0080 0000 0000 0000 0000  .....0..........
00006580: 0000 0200 0600 0400 0c60 0dd0 0b30 0b30  .........`...0.0
00006590: 0960 0cc0 0600 0000 0000 0000 0000 0000  .`..............
000065a0: 0000 0180 0300 0280 0610 0458 06c8 0588  ...........X....
000065b0: 0598 0760 00c0 0000 0000 0000 0080 0000  ...`............
000065c0: 0000 0000 0000 1800 1fe0 0060 00c0 00c0  ...........`....
000065d0: 0080 0180 0300 0300 0600 0000 0000 0000  ................
000065e0: 0000 0000 0000 0010 0030 0030 0020 0060  .........0.0. .`
000065f0: 00e0 00c0 0080 0180 0180 0120 0100 0000  ........... ....
00006600: 0000 0000 00a0 03a0 0ee0 0c80 0d80 0b00  ................
00006610: 0640 0240 0240 0180 0000 0000 0000 0000  .@.@.@..........
00006620: 0000 0000 0018 00d8 03b0 0640 06c0 00c0  ...........@....
00006630: 01f0 01a0 01a0 00e0 0000 0000 0000 0000  ................
00006640: 0000 0000 0000 0700 0600 0580 0d80 1680  ................
00006650: 06c0 0060 0020 0030 0010 0000 0000 0000  ...`. .0........
00006660: 0000 0000 0880 0180 0080 02c0 02e0 03e0  ................
00006670: 0170 0020 0018 0018 0008 0000 0000 0000  .p. ............
00006680: 0000 0000 0300 0700 0600 0c40 0860 1860  ...........@.`.`
00006690: 19c0 1f00 0c00 0000 0000 0000 0000 0000  ................
000066a0: 0000 0080 0080 0080 01e0 03b0 0630 0430  .............0.0
000066b0: 0630 04e0 00c0 0180 0000 8000 0000 0000  .0..............
000066c0: 0000 0080 0080 0080 0080 0180 0100 0300  ................
000066d0: 0300 0200 0200 0200 0000 0000 0000 0000  ................
000066e0: 0000 0000 0040 0040 00c0 00c0 00c0 0080  .....@.@........
000066f0: 0180 0180 0100 0100 0000 0000 0000 0000  ................
00006700: 0000 0700 0c80 0980 0100 0300 0600 0400  ................
00006710: 0c00 0c78 0d80 0000 0000 0000 0000 0000  ...x............
00006720: 0000 0080 06e0 04c0 00c0 0180 01c0 0300  ................
00006730: 0680 020c 00fc 0000 0000 0000 0000 0000  ................
00006740: 0000 0000 0400 1e00 0980 0300 0700 0080  ................
00006750: 00c0 0380 0f00 0c00 0000 0000 0000 0000  ................
00006760: 0000 0000 0080 04c0 06c0 00c0 00c0 0060  ...............`
00006770: 0060 00c0 0180 0300 0000 0000 0000 0002  .`..............
00006780: 0000 0000 0600 0460 0c40 0840 18c0 18c0  .......`.@.@....
00006790: 0880 0080 0080 0080 0000 0000 0000 0000  ................
000067a0: 0000 0000 0300 0230 0730 0630 0c60 0660  .......0.0.0.`.`
000067b0: 0160 0040 0060 0040 0000 0000 0000 0000  .`.@.`.@........
000067c0: 0000 0180 0f00 0c00 0400 0c00 0880 0020  ............... 
000067d0: 0030 0830 08c0 0000 0000 0000 0000 0000  .0.0............
000067e0: 0000 0010 01e0 0700 0200 0280 0620 0030  ............. .0
000067f0: 0018 0218 0470 01f0 0000 0000 0000 0000  .....p..........
00006800: 0000 0600 0600 0c00 0cc0 09a0 1b30 1a20  .............0. 
00006810: 1a60 0c80 0600 0000 0000 0000 0000 0000  .`..............
00006820: 0000 0180 0300 0200 0400 06d0 0498 0598  ................
00006830: 0db0 0460 00c0 0000 0000 0000 0000 0000  ...`............
00006840: 0000 0000 0000 1800 1040 0040 00c0 0080  .........@.@....
00006850: 0180 0300 0200 0600 0600 0000 0000 0000  ................
00006860: 0000 0000 0000 0400 0030 0030 0060 1040  .........0.0.`.@
00006870: 00c0 00a0 0180 0180 0300 0000 0000 0000  ................
00006880: 0000 0000 0060 07e0 0cc0 1980 1980 0e00  .....`..........
00006890: 06c0 0640 02c0 0300 0000 0000 0000 0000  ...@............
000068a0: 0000 0000 0018 0198 0770 07e0 0e80 01c0  .........p......
000068b0: 03e0 0320 01f0 00e0 0020 0000 0000 0000  ... ..... ......
000068c0: 0000 0000 0200 0600 0700 0d80 0d80 0d80  ................
000068d0: 04c0 0040 0060 0020 0000 0000 0000 0000  ...@.`. ........
000068e0: 0000 0000 0000 0180 01c0 06c0 06c0 0340  ...............@
000068f0: 0170 0030 0030 0010 0000 0000 0000 0000  .p.0.0..........
00006900: 0000 0100 0300 0600 0cc0 0cc0 0840 1840  .............@.@
00006910: 19c0 1b80 0e00 0400 0000 0000 0000 0000  ................
00006920: 0000 0000 0080 00c0 01e0 0370 0730 0430  ...........p.0.0
00006930: 4468 04e0 0180 0100 0000 0000 0000 0000  Dh..............
00006940: 0000 0000 0080 0080 0180 0100 0100 0300  ................
00006950: 0200 0600 0600 0000 0000 0000 0000 0000  ................
00006960: 0000 0000 0040 0040 0080 0080 0080 0980  .....@.@........
00006970: 0980 0100 0300 0200 0000 0000 0000 0000  ................
00006980: 0000 0600 0880 0980 0300 0300 0640 0c00  .............@..
00006990: 0c00 0870 0800 0000 0000 0000 0000 0000  ...p............
000069a0: 0000 0080 07c0 04c0 0080 0180 0380 0300  ................
000069b0: 0740 048c 00f8 0000 0000 0000 0000 0000  .@..............
000069c0: 0000 0000 0f00 1a00 1300 0700 0600 0380  ................
000069d0: 0080 0380 0e00 0c00 0000 0000 0000 0000  ................
000069e0: 0000 0000 0080 0480 0480 0080 00c0 0060  ...............`
000069f0: 0060 00c0 0180 0700 0000 0000 0000 0000  .`..............
00006a00: 0000 0000 0400 0440 0840 18c0 1080 1080  .......@.@......
00006a10: 1980 0080 0080 0080 0000 0000 0000 0000  ................
00006a20: 0000 0000 0000 0220 0420 0470 0c60 0c60  ....... . .p.`.`
00006a30: 0140 0060 0040 0040 0000 0000 0000 0000  .@.`.@.@........
00006a40: 0000 0180 0e00 0800 0c00 0c00 0840 0060  .............@.`
00006a50: 0030 0860 1bc0 0000 0000 0000 0000 0000  .0.`............
00006a60: 0000 0000 03c0 0600 0600 0280 0660 0030  .............`.0
00006a70: 0058 0450 04f0 0380 0000 0000 0000 0000  .X.P............
00006a80: 0000 0600 0c00 0c00 0880 09a0 1b20 1e20  ............. . 
00006a90: 1be0 0980 0c00 0000 0000 0000 0000 0000  ................
00006aa0: 0000 0300 0700 0600 0630 04f8 0dd0 0f10  .........0......
00006ab0: 0db0 04e0 01c0 0000 0000 0000 0000 0000  ................
00006ac0: 0000 0000 0000 1000 1040 0040 00c0 0080  .........@.@....
00006ad0: 0180 0300 0200 0600 0400 0000 0000 0000  ................
00006ae0: 0000 0000 0000 0422 0030 0020 0070 0060  .......".0. .p.`
00006af0: 0080 0080 0100 0100 0300 0000 0000 0000  ................
00006b00: 0000 0000 01e0 0760 0cc0 1980 1b00 0e00  .......`........
00006b10: 0680 04c0 06c0 0300 0000 0000 0000 0000  ................
00006b20: 0000 0000 0010 0198 07f0 0cc0 0f80 0180  ................
00006b30: 0370 0320 0140 00c0 0000 0000 0000 0000  .p. .@..........
00006b40: 0000 0000 0000 0600 0c00 0d00 0980 0e80  ................
00006b50: 0480 00c0 0060 0020 0000 0000 0000 0000  .....`. ........
00006b60: 0000 0000 0000 0100 01c0 06c0 04c0 15c0  ................
00006b70: 0360 0020 0030 0010 0010 0000 0000 0000  .`. .0..........
00006b80: 0000 0200 0600 0700 0c00 08c0 1840 18c0  .............@..
00006b90: 1b80 1f00 0c00 0000 0000 0000 0000 0000  ................
00006ba0: 0000 0000 0080 00d0 01c0 0630 0e30 0c20  ...........0.0. 
00006bb0: 0c70 00c0 0180 0300 0080 0000 0000 0000  .p..............
00006bc0: 0000 0080 0080 0180 0100 0100 0300 0200  ................
00006bd0: 0200 0600 0400 0000 0000 0000 0000 0000  ................
00006be0: 0000 0000 00c0 00c0 00c0 0080 0080 0180  ................
00006bf0: 01c0 0300 0300 0100 0000 0000 0080 1000  ................
00006c00: 0000 0f00 1d00 1900 0300 0600 0640 0c00  .............@..
00006c10: 0810 08f0 0800 0000 0000 0000 0000 0000  ................
00006c20: 0000 00c0 0680 0680 01c0 0180 0300 0380  ................
00006c30: 0600 0008 00fc 0000 0000 4000 4000 0000  ..........@.@...
00006c40: 0000 0000 0e00 1c00 0300 0600 0600 0180  ................
00006c50: 0080 0300 0e00 0800 0000 0000 0000 0000  ................
00006c60: 0000 0000 0000 04c0 04c0 01c0 0080 0040  ...............@
00006c70: 00e0 00c0 01c0 0700 0400 0000 0000 0000  ................
00006c80: 0000 0000 0440 0c40 0840 18c0 1080 1180  .....@.@.@......
00006c90: 1180 0080 0080 0080 0000 0000 0000 0000  ................
00006ca0: 0000 0000 0200 06a0 0420 0c60 0840 0840  ......... .`.@.@
00006cb0: 02c0 00c0 00c0 0080 0000 0000 0000 0000  ................
00006cc0: 0000 0380 0e00 0800 0c00 0c00 1880 0060  ...............`
00006cd0: 0030 1860 1980 0000 0000 0000 0000 0000  .0.`............
00006ce0: 0000 0000 0380 0700 0400 0200 0c40 0020  .............@. 
00006cf0: 0018 0030 00f0 0140 0000 0000 0000 0000  ...0...@........
00006d00: 0000 0600 0c00 0800 18c0 1b80 1320 1620  ............. . 
00006d10: 12e0 1b80 0400 0000 0000 0000 0000 0000  ................
00006d20: 0000 0300 0600 0400 0400 0cb8 0990 0b90  ................
00006d30: 0b38 00c0 01c0 0000 0000 0000 0000 0000  .8..............
00006d40: 0000 0000 0000 1800 0040 00c0 0080 0080  .........@......
00006d50: 0180 0300 0600 0600 0400 0000 0000 0000  ................
00006d60: 4000 8000 0000 0000 00b0 0070 0040 00e0  @..........p.@..
00006d70: 0080 0080 0180 0380 0300 2000 0000 0020  .......... .... 
00006d80: 0000 0000 0160 0f40 1880 1980 1b00 0c00  .....`.@........
00006d90: 04c0 04c0 0680 0000 0000 0000 0000 0000  ................
00006da0: 0000 0000 0010 01b0 0768 0cc0 0180 0180  .........h......
00006db0: 0360 0360 0340 0080 0000 0000 0000 0000  .`.`.@..........
00006dc0: 0000 0000 0200 0600 0c00 0b00 0b00 0e80  ................
00006dd0: 0480 00c0 0040 0020 0020 0000 0000 0000  .....@. . ......
00006de0: 0000 0000 0000 0100 0080 04e0 04c0 03c0  ................
00006df0: 0240 0060 0020 0010 0000 0000 0000 0000  .@.`. ..........
00006e00: 0000 0300 0200 0e00 0c80 1880 1880 18c0  ................
00006e10: 1380 1e00 0c00 0000 0000 0000 0000 0000  ................
00006e20: 0002 0000 0181 0080 01c0 0760 0c30 08b0  ...........`.0..
00006e30: 0860 00e0 03c0 0180 0000 0000 0000 0000  .`..............
00006e40: 0000 0080 0080 0100 0100 0100 0200 0200  ................
00006e50: 0200 0600 0400 0000 0000 0000 0000 0000  ................
00006e60: 2000 0000 0080 0080 0081 0000 0180 0180   ...............
00006e70: 0180 0380 0200 0200 0000 0000 0000 0000  ................
00006e80: 0000 0e00 0900 0100 0300 0600 0c00 0c00  ................
00006e90: 1800 1880 0000 0000 0000 0000 0080 0000  ................
00006ea0: 0000 0081 0480 0c80 0180 0180 0200 0600  ................
00006eb0: 0680 040e 00e8 0000 0000 0000 0000 0000  ................
00006ec0: 0000 0000 0e00 1000 0300 0400 0600 0080  ................
00006ed0: 0180 0300 0e00 1000 0000 0000 0000 0000  ................
00006ee0: 0001 0000 0000 04c0 08c0 0080 01c0 00c0  ................
00006ef0: 00c0 0080 0300 0780 0000 0000 0000 0000  ................
00006f00: 0000 0000 0400 0c40 08c0 0880 1080 1180  .......@........
00006f10: 1080 0080 0180 0180 0000 0000 0000 0000  ................
00006f20: 0000 0000 0200 0620 0660 0c40 0840 0040  ....... .`.@.@.@
00006f30: 05c0 00e0 00e0 0080 0000 0000 0000 2000  .............. .
00006f40: 0000 0300 0800 0800 0800 1a00 0000 0000  ................
00006f50: 0020 10e0 1180 0000 0000 0000 0000 0000  . ..............
00006f60: 0000 0040 07c0 0400 0400 0480 0640 0030  ...@.........@.0
00006f70: 0010 0038 0078 0380 0020 0080 0000 0000  ...8.x... ......
00006f80: 0000 0400 0800 0800 0880 1ba0 1620 1460  ............. .`
00006f90: 1640 1980 0000 0000 0000 0000 0000 0000  .@..............
00006fa0: 0000 0300 0700 0600 0c20 0cb0 0930 0b20  ......... ...0. 
00006fb0: 09f0 0890 0180 0000 0000 0000 0000 0000  ................
00006fc0: 0000 0000 0000 3100 0000 00c0 0080 0080  ......1.........
00006fd0: 0100 0300 0600 0400 0000 0000 0000 0000  ................
00006fe0: 8000 2000 0000 4000 01e0 0060 0050 00c0  .. ...@....`.P..
00006ff0: 0080 0180 0300 0300 0300 0000 0000 0000  ................
00007000: 0000 0000 0040 0a40 1880 1180 1300 0000  .....@.@........
00007010: 0480 0480 0680 0200 0000 0000 0080 0000  ................
00007020: 8000 0000 0020 0190 07c0 1cc0 0180 0080  ..... ..........
00007030: 03c0 0270 0260 0080 0000 0000 0000 0000  ...p.`..........
00007040: 0000 0000 0600 0c00 0800 0900 1b00 0a80  ................
00007050: 0080 0000 0040 0060 0000 0000 0000 0000  .....@.`........
00007060: 0000 0000 0000 8300 0580 0480 0480 03d0  ................
00007070: 0040 0060 0020 00b0 0000 0000 0000 0000  .@.`. ..........
00007080: 0000 0000 0600 0400 0880 18c0 1040 10c0  .............@..
00007090: 1180 1000 1800 0000 0000 0000 0000 0000  ................
000070a0: 0000 0000 0180 0180 0350 0268 0e20 0c20  .........P.h. . 
000070b0: 0872 0000 0180 0200 0000 0000 2000 0000  .r.......... ...
000070c0: 0000 0000 0180 0180 0100 0100 0300 0200  ................
000070d0: 0600 0400 0400 0000 0000 0000 0000 0000  ................
000070e0: 0000 0000 00c0 0080 0080 0080 0100 0180  ................
000070f0: 0300 0200 0200 0000 0000 0000 0000 0000  ................
00007100: 0000 0800 1900 1100 0200 0600 0440 0800  .............@..
00007110: 1800 18a0 0a00 0000 0000 0000 0080 0000  ................
00007120: 0000 0180 0680 0880 0080 0100 0300 0600  ................
00007130: 0400 048c 0040 0000 0800 0800 0000 0000  .....@..........
00007140: 0000 0000 0800 1000 1300 0600 0600 0080  ................
00007150: 0080 0300 0400 1800 0000 0000 0000 0000  ................
00007160: 0000 0000 0000 0880 0080 0180 0000 0040  ...............@
00007170: 10d0 0080 0340 0400 0000 0000 0000 0000  .....@..........
00007180: 0000 0000 0440 0040 10c0 1080 1080 1080  .....@.@........
00007190: 0880 0080 0180 0100 0000 0000 0000 0000  ................
000071a0: 0000 0000 0400 0420 0800 0800 0840 0890  ....... .....@..
000071b0: 0010 0080 0080 0080 0000 0000 0000 0000  ................
000071c0: 0000 0280 1c00 1800 0800 0800 1080 0040  ...............@
000071d0: 0020 0040 1000 0000 0000 0000 0000 0000  . .@............
000071e0: 0000 0000 0080 0400 0400 0080 0040 0130  .............@.0
000071f0: 001a 0c00 0800 0000 0000 0000 0000 0000  ................
00007200: 0000 0400 0800 0800 1800 10a0 1660 1440  .............`.@
00007210: 10c0 1100 0800 0000 0000 0000 0000 0000  ................
00007220: 0800 0200 0400 0400 0410 0c38 0910 0a28  ...........8...(
00007230: 0f38 00c0 0100 0000 0000 0000 0000 0000  .8..............
00007240: 0000 0000 0000 3000 14c0 0080 0080 0100  ......0.........
00007250: 0300 0200 0600 0400 0c00 0000 0000 0000  ................
00007260: 0000 0000 0000 0000 00b0 0048 0041 0080  ...........H.A..
00007270: 00a0 0100 0300 0300 0200 2000 0000 0000  .......... .....
00007280: 0000 0000 0040 0040 1980 1100 1a00 0400  .....@.@........
00007290: 0480 0480 0480 0300 0000 0000 0000 0000  ................
000072a0: 0000 0000 0030 0120 0430 0884 0d00 0180  .....0. .0......
000072b0: 0240 0200 02e0 0080 0000 0000 0000 0000  .@..............
000072c0: 0000 0000 0000 0e00 0800 0a00 1b00 1880  ................
000072d0: 0c80 00c0 0040 0040 0000 0000 0000 0000  .....@.@........
000072e0: 0000 0000 0000 0300 0100 0000 0c82 0380  ................
000072f0: 02e0 0000 0000 0020 0200 0000 0000 0000  ....... ........
00007300: 0000 0200 0200 0000 0c00 0880 1880 1080  ................
00007310: 1000 1000 0c00 0000 0000 0000 0080 0000  ................
00007320: 0000 0000 0181 0181 0080 0440 0420 0a20  ...........@. . 
00007330: 0c40 08c0 0300 0000 0000 0000 0000 0000  .@..............
00007340: 0000 0000 0080 0100 0100 0000 0000 0000  ................
00007350: 0600 0400 0400 0000 0000 0000 0080 0000  ................
00007360: 0000 0000 0000 0000 8080 0080 0100 0100  ................
00007370: 0200 0200 0200 0000 0000 0000 0000 0000  ................
00007380: 0000 0400 1900 1300 0200 0000 0400 0c00  ................
00007390: 1000 1800 0100 0000 0000 0000 0000 0000  ................
000073a0: 0010 4080 0080 0000 0180 0300 0200 0200  ..@.............
000073b0: 0600 0008 0080 0040 0000 0000 0000 0000  .......@........
000073c0: 0000 0000 0000 1000 0200 0000 0200 0180  ................
000073d0: 0180 0000 0800 0800 0000 0000 0000 0000  ................
000073e0: 0000 0000 8000 0180 0800 0080 0180 00c0  ................
000073f0: 00c0 0080 0000 0080 0000 0040 0000 0000  ...........@....
00007400: 0000 0000 0000 0880 0800 1000 1080 1080  ................
00007410: 1180 0000 0180 0000 0000 0000 0000 0000  ................
00007420: 0000 0000 0000 0000 0460 0840 0840 0840  .........`.@.@.@
00007430: 05c0 0000 0000 0000 0000 0000 0000 0000  ................
00007440: 0000 0000 0000 0000 0800 1000 0080 0040  ...............@
00007450: 0020 0020 0800 0000 0000 0000 0000 0000  . . ............
00007460: 0000 0000 0000 0000 0400 0580 08c1 0000  ................
00007470: 0010 0000 0420 0080 0000 0000 0000 0000  ..... ..........
00007480: 0000 0400 0000 0800 1800 1100 0020 1020  ............. . 
00007490: 0640 1800 0800 0000 0000 0000 0000 0000  .@..............
000074a0: 0000 0000 0400 0000 0801 0822 0b20 0a20  ...........". . 
000074b0: 0320 0c00 0000 0080 0000 0000 0000 0000  . ..............
000074c0: 0000 0000 0000 0000 0400 0000 0000 0080  ................
000074d0: 0100 0200 0000 0400 0400 0000 0000 0000  ................
000074e0: 0000 0000 0000 0000 0040 0040 0080 0080  .........@.@....
000074f0: 0080 0100 0800 0200 0000 0000 0000 0000  ................
00007500: 0000 0000 0000 0080 1080 1000 1200 1800  ................
00007510: 0480 0480 0480 0000 0000 0000 0000 0000  ................
00007520: 0000 0001 0010 0030 0401 0800 0500 0180  .......0........
00007530: 02c0 0040 02c0 0000 0000 0000 0000 0000  ...@............
00007540: 0000 0000 0000 0000 0800 0900 0100 0900  ................
00007550: 0080 0080 0040 0020 0000 0000 0000 0000  .....@. ........
00007560: 0000 0000 2000 0200 0180 0c80 0080 0080  .... ...........
00007570: 03c0 0040 0030 0020 0000 0000 0000 0000  ...@.0. ........
00007580: 0000 0000 0200 0000 0880 0000 1000 1000  ................
00007590: 0000 0000 0800 0400 0000 0000 0000 0000  ................
000075a0: 0000 0002 0001 0080 0001 0200 0000 0000  ................
000075b0: 0040 0000 0000 0000 0000 0000 0000 2000  .@............ .
000075c0: 0000 0000 0000 0000 0000 0200 0000 1000  ................
000075d0: 0400 0400 0000 0000 0000 0000 0080 0000  ................
000075e0: 0000 0002 0000 0080 0000 0000 0940 0000  .............@..
000075f0: 0100 0100 0000 0000 0000 0000 0000 0000  ................
00007600: 0000 0000 1000 0000 0100 0000 0000 0000  ................
00007610: 0000 1000 1000 0000 0000 0000 0000 0000  ................
00007620: 0000 0000 0000 0000 0000 1800 0080 0000  ................
00007630: 0200 0000 0000 0000 0000 0000 0000 0000  ................
00007640: 0000 0000 0000 0200 1100 0000 0400 0180  ................
00007650: 0000 0000 0000 0000 0000 0000 0000 0000  ................
00007660: 0000 8000 0000 0080 0000 0000 0000 0000  ................
00007670: 0000 0000 0000 0080 0000 0000 0000 0000  ................
00007680: 0000 0000 0000 0000 0000 0000 0080 0000  ................
00007690: 1000 0100 0000 0000 0000 0000 0000 0000  ................
000076a0: 0004 0000 0000 0440 0040 0000 0000 0080  .......@.@......
000076b0: 0040 0080 0080 0000 0000 0000 0000 0000  .@..............
000076c0: 0000 0000 0100 0800 0000 0800 0180 0000  ................
000076d0: 0060 0000 1000 0800 0000 0000 0000 0000  .`..............
000076e0: 0000 8180 0010 0000 0200 0280 0060 0000  .............`..
000076f0: 0080 0000 0400 0000 0000 0000 0000 0000  ................
00007700: 0000 0000 0800 0000 0000 1000 0000 0000  ................
00007710: 1000 0000 0400 0000 0000 0000 0000 0000  ................
00007720: 0000 0000 0000 0000 0000 0020 0800 1800  ........... ....
00007730: 0820 0400 0000 0000 0000 0000 0000 0000  . ..............
00007740: 0000 0000 0000 0000 2800 0000 0080 0100  ........(.......
00007750: 0000 0000 0000 0000 0000 0000 0000 0000  ................
00007760: 0000 0000 0000 0000 0000 1000 0000 0000  ................
00007770: 0080 0100 0000 0000 0000 0000 0000 0000  ................
00007780: 0000 0000 0000 0000 0000 1000 0000 0000  ................
00007790: 0080 0000 0000 0200 0000 0000 0000 0000  ................
000077a0: 0004 0006 0000 0010 0000 0000 0100 0180  ................
000077b0: 0040 0200 0200 0000 0000 8000 0000 0004  .@..............
000077c0: 0000 0000 0000 0000 0800 0000 0000 0800  ................
000077d0: 0080 0080 0040 0000 0000 0000 0000 0000  .....@..........
000077e0: 8000 0000 0200 0100 0100 0080 0080 1080  ................
000077f0: 0200 0060 0020 0030 0000 0000 0000 8000  ...`. .0........
00007800: ffff ffff ffff ffff ffff ffff ffff ffff  ................
00007810: ffff ffff ffff ffff ffff ffff ffff ffff  ................
00007820: ffff ffff ffff ffff ffff ffff ffff ffff  ................
00007830: ffff ffff ffff ffff ffff ffff ffff ffff  ................
00007840: ffff ffff ffff ffff ffff ffff ffff ffff  ................
00007850: ffff ffff ffff ffff ffff ffff ffff ffff  ................
00007860: ffff ffff ffff ffff ffff ffff ffff ffff  ................
00007870: ffff ffff ffff ffff ffff ffff ffff ffff  ................
00007880: ffff ffff ffff ffff ffff ffff ffff ffff  ................
00007890: ffff ffff ffff ffff ffff ffff ffff ffff  ................
000078a0: ffff ffff ffff ffff ffff ffff ffff ffff  ................
000078b0: ffff ffff ffff ffff ffff ffff ffff ffff  ................
000078c0: ffff ffff ffff ffff ffff ffff ffff ffff  ................
000078d0: ffff ffff ffff ffff ffff ffff ffff ffff  ................
000078e0: ffff ffff ffff ffff ffff ffff ffff ffff  ................
000078f0: ffff ffff ffff ffff ffff ffff ffff ffff  ................
00007900: ffff ffff ffff ffff ffff ffff ffff ffff  ................
00007910: ffff ffff ffff ffff ffff ffff ffff ffff  ................
00007920: ffff ffff ffff ffff ffff ffff ffff ffff  ................
00007930: ffff ffff ffff ffff ffff ffff ffff ffff  ................
00007940: ffff ffff ffff ffff ffff ffff ffff ffff  ................
00007950: ffff ffff ffff ffff ffff ffff ffff ffff  ................
00007960: ffff ffff ffff ffff ffff ffff ffff ffff  ................
00007970: ffff ffff ffff ffff ffff ffff ffff ffff  ................
00007980: ffff ffff ffff ffff ffff ffff ffff ffff  ................
00007990: ffff ffff ffff ffff ffff ffff ffff ffff  ................
000079a0: ffff ffff ffff ffff ffff ffff ffff ffff  ................
000079b0: ffff ffff ffff ffff ffff ffff ffff ffff  ................
000079c0: ffff ffff ffff ffff ffff ffff ffff ffff  ................
000079d0: ffff ffff ffff ffff ffff ffff ffff ffff  ................
000079e0: ffff ffff ffff ffff ffff ffff ffff ffff  ................
000079f0: ffff ffff ffff ffff ffff ffff ffff ffff  ................
00007a00: ffff ffff ffff ffff ffff ffff ffff ffff  ................
00007a10: ffff ffff ffff ffff ffff ffff ffff ffff  ................
00007a20: ffff ffff ffff ffff ffff ffff ffff ffff  ................
00007a30: ffff ffff ffff ffff ffff ffff ffff ffff  ................
00007a40: ffff ffff ffff ffff ffff ffff ffff ffff  ................
00007a50: ffff ffff ffff ffff ffff ffff ffff ffff  ................
00007a60: ffff ffff ffff ffff ffff ffff ffff ffff  ................
00007a70: ffff ffff ffff ffff ffff ffff ffff ffff  ................
00007a80: ffff ffff ffff ffff ffff ffff ffff ffff  ................
00007a90: ffff ffff ffff ffff ffff ffff ffff ffff  ................
00007aa0: ffff ffff ffff ffff ffff ffff ffff ffff  ................
00007ab0: ffff ffff ffff ffff ffff ffff ffff ffff  ................
00007ac0: ffff ffff ffff ffff ffff ffff ffff ffff  ................
00007ad0: ffff ffff ffff ffff ffff ffff ffff ffff  ................
00007ae0: ffff ffff ffff ffff ffff ffff ffff ffff  ................
00007af0: ffff ffff ffff ffff ffff ffff ffff ffff  ................
00007b00: ffff ffff ffff ffff ffff ffff ffff ffff  ................
00007b10: ffff ffff ffff ffff ffff ffff ffff ffff  ................
00007b20: ffff ffff ffff ffff ffff ffff ffff ffff  ................
00007b30: ffff ffff ffff ffff ffff ffff ffff ffff  ................
00007b40: ffff ffff ffff ffff ffff ffff ffff ffff  ................
00007b50: ffff ffff ffff ffff ffff ffff ffff ffff  ................
00007b60: ffff ffff ffff ffff ffff ffff ffff ffff  ................
00007b70: ffff ffff ffff ffff ffff ffff ffff ffff  ................
00007b80: ffff ffff ffff ffff ffff ffff ffff ffff  ................
00007b90: ffff ffff ffff ffff ffff ffff ffff ffff  ................
00007ba0: ffff ffff ffff ffff ffff ffff ffff ffff  ................
00007bb0: ffff ffff ffff ffff ffff ffff ffff ffff  ................
00007bc0: ffff ffff ffff ffff ffff ffff ffff ffff  ................
00007bd0: ffff ffff ffff ffff ffff ffff ffff ffff  ................
00007be0: ffff ffff ffff ffff ffff ffff ffff ffff  ................
00007bf0: ffff ffff ffff ffff ffff ffff ffff ffff  ................
00007c00: ffff ffff ffff ffff ffff ffff ffff ffff  ................
00007c10: ffff ffff ffff ffff ffff ffff ffff ffff  ................
00007c20: ffff ffff ffff ffff ffff ffff ffff ffff  ................
00007c30: ffff ffff ffff ffff ffff ffff ffff ffff  ................
00007c40: ffff ffff ffff ffff ffff ffff ffff ffff  ................
00007c50: ffff ffff ffff ffff ffff ffff ffff ffff  ................
00007c60: ffff ffff ffff ffff ffff ffff ffff ffff  ................
00007c70: ffff ffff ffff ffff ffff ffff ffff ffff  ................
00007c80: ffff ffff ffff ffff ffff ffff ffff ffff  ................
00007c90: ffff ffff ffff ffff ffff ffff ffff ffff  ................
00007ca0: ffff ffff ffff ffff ffff ffff ffff ffff  ................
00007cb0: ffff ffff ffff ffff ffff ffff ffff ffff  ................
00007cc0: ffff ffff ffff ffff ffff ffff ffff ffff  ................
00007cd0: ffff ffff ffff ffff ffff ffff ffff ffff  ................
00007ce0: ffff ffff ffff ffff ffff ffff ffff ffff  ................
00007cf0: ffff ffff ffff ffff ffff ffff ffff ffff  ................
00007d00: ffff ffff ffff ffff ffff ffff ffff ffff  ................
00007d10: ffff ffff ffff ffff ffff ffff ffff ffff  ................
00007d20: ffff ffff ffff ffff ffff ffff ffff ffff  ................
00007d30: ffff ffff ffff ffff ffff ffff ffff ffff  ................
00007d40: ffff ffff ffff ffff ffff ffff ffff ffff  ................
00007d50: ffff ffff ffff ffff ffff ffff ffff ffff  ................
00007d60: ffff ffff ffff ffff ffff ffff ffff ffff  ................
00007d70: ffff ffff ffff ffff ffff ffff ffff ffff  ................
00007d80: ffff ffff ffff ffff ffff ffff ffff ffff  ................
00007d90: ffff ffff ffff ffff ffff ffff ffff ffff  ................
00007da0: ffff ffff ffff ffff ffff ffff ffff ffff  ................
00007db0: ffff ffff ffff ffff ffff ffff ffff ffff  ................
00007dc0: ffff ffff ffff ffff ffff ffff ffff ffff  ................
00007dd0: ffff ffff ffff ffff ffff ffff ffff ffff  ................
00007de0: ffff ffff ffff ffff ffff ffff ffff ffff  ................
00007df0: ffff ffff ffff ffff ffff ffff ffff ffff  ................
00007e00: ffff ffff ffff ffff ffff ffff ffff ffff  ................
00007e10: ffff ffff ffff ffff ffff ffff ffff ffff  ................
00007e20: ffff ffff ffff ffff ffff ffff ffff ffff  ................
00007e30: ffff ffff ffff ffff ffff ffff ffff ffff  ................
00007e40: ffff ffff ffff ffff ffff ffff ffff ffff  ................
00007e50: ffff ffff ffff ffff ffff ffff ffff ffff  ................
00007e60: ffff ffff ffff ffff ffff ffff ffff ffff  ................
00007e70: ffff ffff ffff ffff ffff ffff ffff ffff  ................
00007e80: ffff ffff ffff ffff ffff ffff ffff ffff  ................
00007e90: ffff ffff ffff ffff ffff ffff ffff ffff  ................
00007ea0: ffff ffff ffff ffff ffff ffff ffff ffff  ................
00007eb0: ffff ffff ffff ffff ffff ffff ffff ffff  ................
00007ec0: ffff ffff ffff ffff ffff ffff ffff ffff  ................
00007ed0: ffff ffff ffff ffff ffff ffff ffff ffff  ................
00007ee0: ffff ffff ffff ffff ffff ffff ffff ffff  ................
00007ef0: ffff ffff ffff ffff ffff ffff ffff ffff  ................
00007f00: ffff ffff ffff ffff ffff ffff ffff ffff  ................
00007f10: ffff ffff ffff ffff ffff ffff ffff ffff  ................
00007f20: ffff ffff ffff ffff ffff ffff ffff ffff  ................
00007f30: ffff ffff ffff ffff ffff ffff ffff ffff  ................
00007f40: ffff ffff ffff ffff ffff ffff ffff ffff  ................
00007f50: ffff ffff ffff ffff ffff ffff ffff ffff  ................
00007f60: ffff ffff ffff ffff ffff ffff ffff ffff  ................
00007f70: ffff ffff ffff ffff ffff ffff ffff ffff  ................
00007f80: ffff ffff ffff ffff ffff ffff ffff ffff  ................
00007f90: ffff ffff ffff ffff ffff ffff ffff ffff  ................
00007fa0: ffff ffff ffff ffff ffff ffff ffff ffff  ................
00007fb0: ffff ffff ffff ffff ffff ffff ffff ffff  ................
00007fc0: ffff ffff ffff ffff ffff ffff ffff ffff  ................
00007fd0: ffff ffff ffff ffff ffff ffff ffff ffff  ................
00007fe0: ffff ffff ffff ffff ffff ffff ffff ffff  ................
00007ff0: ffff ffff ffff ffff ffff ffff ffff ffff  ................
