00000000: 1aec 38bb c600 cfe5 1203 1400 e9ff 01eb  ..8.............
00000010: 0100 c123 401f 2c00 8580 0aba 2400 01e6  ...#@.,.....$...
00000020: fce1 c300 fffa 4600 e000 10da 09f6 2300  ......F.......#.
00000030: ebc7 0811 1600 022a 1f03 ec00 b7f3 e323  .......*.......#
00000040: e000 23e7 131d f500 f337 f818 ef00 0800  ..#......7......
00000050: f9fc f200 f5eb d4e8 e200 3614 29f6 3100  ..........6.).1.
00000060: 0000 0000 0000 0000 0000 0000 0000 0000  ................
00000070: 0000 0000 0000 0000 0000 0000 0000 0000  ................
00000080: 0000 0000 0000 0000 0000 0000 0000 0000  ................
00000090: 0000 0000 0000 0000 0000 0000 0000 0000  ................
000000a0: 0000 0000 0000 0000 0000 0000 0000 0000  ................
000000b0: 0000 0000 0000 0000 0000 0000 0000 0000  ................
000000c0: 0000 0000 0000 0000 0000 0000 0000 0000  ................
000000d0: 0000 0000 0000 0000 0000 0000 0000 0000  ................
000000e0: 0000 0000 0000 0000 0000 0000 0000 0000  ................
000000f0: 0000 0000 0000 0000 0000 0000 0000 0000  ................
00000100: 0000 0000 0000 0000 0000 0000 0000 0000  ................
00000110: 0000 0000 0000 0000 0000 0000 0000 0000  ................
00000120: 0000 0000 0000 0000 0000 0000 0000 0000  ................
00000130: 0000 0000 0000 0000 0000 0000 0000 0000  ................
00000140: 0000 0000 0000 0000 0000 0000 0000 0000  ................
00000150: 0000 0000 0000 0000 0000 0000 0000 0000  ................
00000160: 0000 0000 0000 0000 0000 0000 0000 0000  ................
00000170: 0000 0000 0000 0000 0000 0000 0000 0000  ................
00000180: 0000 0000 0000 0000 0000 0000 0000 0000  ................
00000190: 0000 0000 0000 0000 0000 0000 0000 0000  ................
000001a0: 0000 0000 0000 0000 0000 0000 0000 0000  ................
000001b0: 0000 0000 0000 0000 0000 0000 0000 0000  ................
000001c0: 0000 0000 0000 0000 0000 0000 0000 0000  ................
000001d0: 0000 0000 0000 0000 0000 0000 0000 0000  ................
000001e0: 0000 0000 0000 0000 0000 0000 0000 0000  ................
000001f0: 0000 0000 0000 0000 0000 0000 0000 0000  ................
00000200: 0000 0000 0000 0000 0000 0000 0000 0000  ................
00000210: 0000 0000 0000 0000 0000 0000 0000 0000  ................
00000220: 0000 0000 0000 0000 0000 0000 0000 0000  ................
00000230: 0000 0000 0000 0000 0000 0000 0000 0000  ................
00000240: 0000 0000 0000 0000 0000 0000 0000 0000  ................
00000250: 0000 0000 0000 0000 0000 0000 0000 0000  ................
00000260: 0000 0000 0000 0000 0000 0000 0000 0000  ................
00000270: 0000 0000 0000 0000 0000 0000 0000 0000  ................
00000280: 0000 0000 0000 0000 0000 0000 0000 0000  ................
00000290: 0000 0000 0000 0000 0000 0000 0000 0000  ................
000002a0: 0000 0000 0000 0000 0000 0000 0000 0000  ................
000002b0: 0000 0000 0000 0000 0000 0000 0000 0000  ................
000002c0: 0000 0000 0000 0000 0000 0000 0000 0000  ................
000002d0: 0000 0000 0000 0000 0000 0000 0000 0000  ................
000002e0: 0000 0000 0000 0000 0000 0000 0000 0000  ................
000002f0: 0000 0000 0000 0000 0000 0000 0000 0000  ................
00000300: 0000 0000 0000 0000 0000 0000 0000 0000  ................
00000310: 0000 0000 0000 0000 0000 0000 0000 0000  ................
00000320: 0000 0000 0000 0000 0000 0000 0000 0000  ................
00000330: 0000 0000 0000 0000 0000 0000 0000 0000  ................
00000340: 0000 0000 0000 0000 0000 0000 0000 0000  ................
00000350: 0000 0000 0000 0000 0000 0000 0000 0000  ................
00000360: 0000 0000 0000 0000 0000 0000 0000 0000  ................
00000370: 0000 0000 0000 0000 0000 0000 0000 0000  ................
00000380: 0000 0000 0000 0000 0000 0000 0000 0000  ................
00000390: 0000 0000 0000 0000 0000 0000 0000 0000  ................
000003a0: 0000 0000 0000 0000 0000 0000 0000 0000  ................
000003b0: 0000 0000 0000 0000 0000 0000 0000 0000  ................
000003c0: 0000 0000 0000 0000 0000 0000 0000 0000  ................
000003d0: 0000 0000 0000 0000 0000 0000 0000 0000  ................
000003e0: 0000 0000 0000 0000 0000 0000 0000 0000  ................
000003f0: 0000 0000 0000 0000 0000 0000 0000 0000  ................
00000400: 0000 0000 0000 0000 0000 0000 0000 0000  ................
00000410: 0000 0000 0000 0000 0000 0000 0000 0000  ................
00000420: 0000 0000 0000 0000 0000 0000 0000 0000  ................
00000430: 0000 0000 0000 0000 0000 0000 0000 0000  ................
00000440: 0000 0000 0000 0000 0000 0000 0000 0000  ................
00000450: 0000 0000 0000 0000 0000 0000 0000 0000  ................
00000460: 0000 0000 0000 0000 0000 0000 0000 0000  ................
00000470: 0000 0000 0000 0000 0000 0000 0000 0000  ................
00000480: 0000 0000 0000 0000 0000 0000 0000 0000  ................
00000490: 0000 0000 0000 0000 0000 0000 0000 0000  ................
000004a0: 0000 0000 0000 0000 0000 0000 0000 0000  ................
000004b0: 0000 0000 0000 0000 0000 0000 0000 0000  ................
000004c0: 0000 0000 0000 0000 0000 0000 0000 0000  ................
000004d0: 0000 0000 0000 0000 0000 0000 0000 0000  ................
000004e0: 0000 0000 0000 0000 0000 0000 0000 0000  ................
000004f0: 0000 0000 0000 0000 0000 0000 0000 0000  ................
00000500: 0000 0000 0000 0000 0000 0000 0000 0000  ................
00000510: 0000 0000 0000 0000 0000 0000 0000 0000  ................
00000520: 0000 0000 0000 0000 0000 0000 0000 0000  ................
00000530: 0000 0000 0000 0000 0000 0000 0000 0000  ................
00000540: 0000 0000 0000 0000 0000 0000 0000 0000  ................
00000550: 0000 0000 0000 0000 0000 0000 0000 0000  ................
00000560: 0000 0000 0000 0000 0000 0000 0000 0000  ................
00000570: 0000 0000 0000 0000 0000 0000 0000 0000  ................
00000580: 0000 0000 0000 0000 0000 0000 0000 0000  ................
00000590: 0000 0000 0000 0000 0000 0000 0000 0000  ................
000005a0: 0000 0000 0000 0000 0000 0000 0000 0000  ................
000005b0: 0000 0000 0000 0000 0000 0000 0000 0000  ................
000005c0: 0000 0000 0000 0000 0000 0000 0000 0000  ................
000005d0: 0000 0000 0000 0000 0000 0000 0000 0000  ................
000005e0: 0000 0000 0000 0000 0000 0000 0000 0000  ................
000005f0: 0000 0000 0000 0000 0000 0000 0000 0000  ................
00000600: 0000 0000 0000 0000 0000 0000 0000 0000  ................
00000610: 0000 0000 0000 0000 0000 0000 0000 0000  ................
00000620: 0000 0000 0000 0000 0000 0000 0000 0000  ................
00000630: 0000 0000 0000 0000 0000 0000 0000 0000  ................
00000640: 0000 0000 0000 0000 0000 0000 0000 0000  ................
00000650: 0000 0000 0000 0000 0000 0000 0000 0000  ................
00000660: 0000 0000 0000 0000 0000 0000 0000 0000  ................
00000670: 0000 0000 0000 0000 0000 0000 0000 0000  ................
00000680: 0000 0000 0000 0000 0000 0000 0000 0000  ................
00000690: 0000 0000 0000 0000 0000 0000 0000 0000  ................
000006a0: 0000 0000 0000 0000 0000 0000 0000 0000  ................
000006b0: 0000 0000 0000 0000 0000 0000 0000 0000  ................
000006c0: 0000 0000 0000 0000 0000 0000 0000 0000  ................
000006d0: 0000 0000 0000 0000 0000 0000 0000 0000  ................
000006e0: 0000 0000 0000 0000 0000 0000 0000 0000  ................
000006f0: 0000 0000 0000 0000 0000 0000 0000 0000  ................
00000700: 0000 0000 0000 0000 0000 0000 0000 0000  ................
00000710: 0000 0000 0000 0000 0000 0000 0000 0000  ................
00000720: 0000 0000 0000 0000 0000 0000 0000 0000  ................
00000730: 0000 0000 0000 0000 0000 0000 0000 0000  ................
00000740: 0000 0000 0000 0000 0000 0000 0000 0000  ................
00000750: 0000 0000 0000 0000 0000 0000 0000 0000  ................
00000760: 0000 0000 0000 0000 0000 0000 0000 0000  ................
00000770: 0000 0000 0000 0000 0000 0000 0000 0000  ................
00000780: 0000 0000 0000 0000 0000 0000 0000 0000  ................
00000790: 0000 0000 0000 0000 0000 0000 0000 0000  ................
000007a0: 0000 0000 0000 0000 0000 0000 0000 0000  ................
000007b0: 0000 0000 0000 0000 0000 0000 0000 0000  ................
000007c0: 0000 0000 0000 0000 0000 0000 0000 0000  ................
000007d0: 0000 0000 0000 0000 0000 0000 0000 0000  ................
000007e0: 0000 0000 0000 0000 0000 0000 0000 0000  ................
000007f0: 0000 0000 0000 0000 0000 0000 0000 0000  ................
00000800: e8ec e394 fc00 bb38 dfb9 df00 abd1 ec05  .......8........
00000810: f700 e71b fced 1400 4de8 526f 3100 99c5  ........M.Ro1...
00000820: 8fa9 f700 35fa ebdb 2100 97cb f8e2 0d00  ....5...!.......
00000830: 04a8 0421 2700 ee09 f6fc 1f00 23ca fa2a  ...!'.......#..*
00000840: de00 beb7 33fa fe00 f00a cbd9 0600 3c0b  ....3.........<.
00000850: f81d 3500 b5a5 f80f 0500 0508 f96d fa00  ..5..........m..
00000860: fe40 3e1d f000 b219 2762 3b00 e314 12c4  .@>.....'b;.....
00000870: 3300 e106 1aec 1f00 22ed 8881 0400 2c7f  3.......".....,.
00000880: 2b00 ed00 110f fdfd 1000 ceef f9e7 0300  +...............
00000890: 05d8 ece8 e100 11e2 1efa 0d00 fbe9 ee12  ................
000008a0: 2a00 9cdd f3e9 e200 1305 02ee 0600 1a35  *..............5
000008b0: 0110 2000 ecbb cf01 f900 3d4a e33b fd00  .. .......=J.;..
000008c0: e5d3 12ec f900 5570 25f8 b500 0013 041d  ......Up%.......
000008d0: ee00 f2a8 1b1b 0700 f814 28f5 0f00 1b04  ..........(.....
000008e0: da04 c900 a2c0 1328 0100 cb33 edff 0700  .......(...3....
000008f0: c82b dbe4 0a00 eb06 100a e700 d52c 07ba  .+...........,..
00000900: fa00 fcf9 d71b 1a00 ecf1 ddf8 0c00 bff6  ................
00000910: 2fff e400 ed3d 06e6 f300 94fd bbaa 2f00  /....=......../.
00000920: f000 0814 0f00 5c31 f4c1 e900 ee80 1d14  ......\1........
00000930: f500 b1cc 4309 3000 30d5 80e2 f200 15f8  ....C.0.0.......
00000940: f2fa 2900 bce3 2210 1c00 1dcc 0705 ff00  ..)...".........
00000950: 2aff b9e5 ee00 f806 eee9 f900 27fc bfff  *...........'...
00000960: 2c00 29e1 fb02 0f00 0009 1421 1e00 0315  ,.)........!....
00000970: 0504 dd00 d6d8 f729 2300 12b6 93f1 d000  .......)#.......
00000980: 0000 0000 0000 0000 0000 0000 0000 0000  ................
00000990: 0000 0000 0000 0000 0000 0000 0000 0000  ................
000009a0: 0000 0000 0000 0000 0000 0000 0000 0000  ................
000009b0: 0000 0000 0000 0000 0000 0000 0000 0000  ................
000009c0: 0000 0000 0000 0000 0000 0000 0000 0000  ................
000009d0: 0000 0000 0000 0000 0000 0000 0000 0000  ................
000009e0: 0000 0000 0000 0000 0000 0000 0000 0000  ................
000009f0: 0000 0000 0000 0000 0000 0000 0000 0000  ................
00000a00: 0000 0000 0000 0000 0000 0000 0000 0000  ................
00000a10: 0000 0000 0000 0000 0000 0000 0000 0000  ................
00000a20: 0000 0000 0000 0000 0000 0000 0000 0000  ................
00000a30: 0000 0000 0000 0000 0000 0000 0000 0000  ................
00000a40: 0000 0000 0000 0000 0000 0000 0000 0000  ................
00000a50: 0000 0000 0000 0000 0000 0000 0000 0000  ................
00000a60: 0000 0000 0000 0000 0000 0000 0000 0000  ................
00000a70: 0000 0000 0000 0000 0000 0000 0000 0000  ................
00000a80: 0000 0000 0000 0000 0000 0000 0000 0000  ................
00000a90: 0000 0000 0000 0000 0000 0000 0000 0000  ................
00000aa0: 0000 0000 0000 0000 0000 0000 0000 0000  ................
00000ab0: 0000 0000 0000 0000 0000 0000 0000 0000  ................
00000ac0: 0000 0000 0000 0000 0000 0000 0000 0000  ................
00000ad0: 0000 0000 0000 0000 0000 0000 0000 0000  ................
00000ae0: 0000 0000 0000 0000 0000 0000 0000 0000  ................
00000af0: 0000 0000 0000 0000 0000 0000 0000 0000  ................
00000b00: 0000 0000 0000 0000 0000 0000 0000 0000  ................
00000b10: 0000 0000 0000 0000 0000 0000 0000 0000  ................
00000b20: 0000 0000 0000 0000 0000 0000 0000 0000  ................
00000b30: 0000 0000 0000 0000 0000 0000 0000 0000  ................
00000b40: 0000 0000 0000 0000 0000 0000 0000 0000  ................
00000b50: 0000 0000 0000 0000 0000 0000 0000 0000  ................
00000b60: 0000 0000 0000 0000 0000 0000 0000 0000  ................
00000b70: 0000 0000 0000 0000 0000 0000 0000 0000  ................
00000b80: 0000 0000 0000 0000 0000 0000 0000 0000  ................
00000b90: 0000 0000 0000 0000 0000 0000 0000 0000  ................
00000ba0: 0000 0000 0000 0000 0000 0000 0000 0000  ................
00000bb0: 0000 0000 0000 0000 0000 0000 0000 0000  ................
00000bc0: 0000 0000 0000 0000 0000 0000 0000 0000  ................
00000bd0: 0000 0000 0000 0000 0000 0000 0000 0000  ................
00000be0: 0000 0000 0000 0000 0000 0000 0000 0000  ................
00000bf0: 0000 0000 0000 0000 0000 0000 0000 0000  ................
00000c00: 0000 0000 0000 0000 0000 0000 0000 0000  ................
00000c10: 0000 0000 0000 0000 0000 0000 0000 0000  ................
00000c20: 0000 0000 0000 0000 0000 0000 0000 0000  ................
00000c30: 0000 0000 0000 0000 0000 0000 0000 0000  ................
00000c40: 0000 0000 0000 0000 0000 0000 0000 0000  ................
00000c50: 0000 0000 0000 0000 0000 0000 0000 0000  ................
00000c60: 0000 0000 0000 0000 0000 0000 0000 0000  ................
00000c70: 0000 0000 0000 0000 0000 0000 0000 0000  ................
00000c80: 0000 0000 0000 0000 0000 0000 0000 0000  ................
00000c90: 0000 0000 0000 0000 0000 0000 0000 0000  ................
00000ca0: 0000 0000 0000 0000 0000 0000 0000 0000  ................
00000cb0: 0000 0000 0000 0000 0000 0000 0000 0000  ................
00000cc0: 0000 0000 0000 0000 0000 0000 0000 0000  ................
00000cd0: 0000 0000 0000 0000 0000 0000 0000 0000  ................
00000ce0: 0000 0000 0000 0000 0000 0000 0000 0000  ................
00000cf0: 0000 0000 0000 0000 0000 0000 0000 0000  ................
00000d00: 0000 0000 0000 0000 0000 0000 0000 0000  ................
00000d10: 0000 0000 0000 0000 0000 0000 0000 0000  ................
00000d20: 0000 0000 0000 0000 0000 0000 0000 0000  ................
00000d30: 0000 0000 0000 0000 0000 0000 0000 0000  ................
00000d40: 0000 0000 0000 0000 0000 0000 0000 0000  ................
00000d50: 0000 0000 0000 0000 0000 0000 0000 0000  ................
00000d60: 0000 0000 0000 0000 0000 0000 0000 0000  ................
00000d70: 0000 0000 0000 0000 0000 0000 0000 0000  ................
00000d80: 0000 0000 0000 0000 0000 0000 0000 0000  ................
00000d90: 0000 0000 0000 0000 0000 0000 0000 0000  ................
00000da0: 0000 0000 0000 0000 0000 0000 0000 0000  ................
00000db0: 0000 0000 0000 0000 0000 0000 0000 0000  ................
00000dc0: 0000 0000 0000 0000 0000 0000 0000 0000  ................
00000dd0: 0000 0000 0000 0000 0000 0000 0000 0000  ................
00000de0: 0000 0000 0000 0000 0000 0000 0000 0000  ................
00000df0: 0000 0000 0000 0000 0000 0000 0000 0000  ................
00000e00: 0000 0000 0000 0000 0000 0000 0000 0000  ................
00000e10: 0000 0000 0000 0000 0000 0000 0000 0000  ................
00000e20: 0000 0000 0000 0000 0000 0000 0000 0000  ................
00000e30: 0000 0000 0000 0000 0000 0000 0000 0000  ................
00000e40: 0000 0000 0000 0000 0000 0000 0000 0000  ................
00000e50: 0000 0000 0000 0000 0000 0000 0000 0000  ................
00000e60: 0000 0000 0000 0000 0000 0000 0000 0000  ................
00000e70: 0000 0000 0000 0000 0000 0000 0000 0000  ................
00000e80: 0000 0000 0000 0000 0000 0000 0000 0000  ................
00000e90: 0000 0000 0000 0000 0000 0000 0000 0000  ................
00000ea0: 0000 0000 0000 0000 0000 0000 0000 0000  ................
00000eb0: 0000 0000 0000 0000 0000 0000 0000 0000  ................
00000ec0: 0000 0000 0000 0000 0000 0000 0000 0000  ................
00000ed0: 0000 0000 0000 0000 0000 0000 0000 0000  ................
00000ee0: 0000 0000 0000 0000 0000 0000 0000 0000  ................
00000ef0: 0000 0000 0000 0000 0000 0000 0000 0000  ................
00000f00: 0000 0000 0000 0000 0000 0000 0000 0000  ................
00000f10: 0000 0000 0000 0000 0000 0000 0000 0000  ................
00000f20: 0000 0000 0000 0000 0000 0000 0000 0000  ................
00000f30: 0000 0000 0000 0000 0000 0000 0000 0000  ................
00000f40: 0000 0000 0000 0000 0000 0000 0000 0000  ................
00000f50: 0000 0000 0000 0000 0000 0000 0000 0000  ................
00000f60: 0000 0000 0000 0000 0000 0000 0000 0000  ................
00000f70: 0000 0000 0000 0000 0000 0000 0000 0000  ................
00000f80: 0000 0000 0000 0000 0000 0000 0000 0000  ................
00000f90: 0000 0000 0000 0000 0000 0000 0000 0000  ................
00000fa0: 0000 0000 0000 0000 0000 0000 0000 0000  ................
00000fb0: 0000 0000 0000 0000 0000 0000 0000 0000  ................
00000fc0: 0000 0000 0000 0000 0000 0000 0000 0000  ................
00000fd0: 0000 0000 0000 0000 0000 0000 0000 0000  ................
00000fe0: 0000 0000 0000 0000 0000 0000 0000 0000  ................
00000ff0: 0000 0000 0000 0000 0000 0000 0000 0000  ................
00001000: 82c6 0fcf c81b 0d00 f7e5 0fea 06da fdfa  ................
00001010: 0d18 f62e fb06 0413 fae6 00ed 1fd4 e326  ...............&
00001020: 04f3 edfc 0000 0000 0000 0000 0000 0000  ................
00001030: 0000 0000 0000 0000 0000 0000 0000 0000  ................
00001040: eaf7 ead4 d3da befd d0d1 c7bb e1c9 ffcd  ................
00001050: b1a3 e9e4 e4b4 cece c908 f7db f088 f9eb  ................
00001060: ebdd cdc6 0000 0000 0000 0000 0000 0000  ................
00001070: 0000 0000 0000 0000 0000 0000 0000 0000  ................
00001080: ccd6 c22c caae dae8 aac6 d6f3 f0de ab14  ...,............
00001090: 9ed0 b4d0 e8cc f3c7 cbfb ed05 faef f5e2  ................
000010a0: bfca 0717 0000 0000 0000 0000 0000 0000  ................
000010b0: 0000 0000 0000 0000 0000 0000 0000 0000  ................
000010c0: ece3 f411 2105 fee8 f310 02ed 030f 01fe  ....!...........
000010d0: fbfb ec0d 0211 0503 0be5 e4db fdef 0d16  ................
000010e0: f2ee 02da 0000 0000 0000 0000 0000 0000  ................
000010f0: 0000 0000 0000 0000 0000 0000 0000 0000  ................
00001100: e002 e8ef 07ef 1c08 0506 08fb 06fa ff04  ................
00001110: 0f0f f219 09ff da1b 09f9 0ae9 ebe4 def3  ................
00001120: 05f3 14f1 0000 0000 0000 0000 0000 0000  ................
00001130: 0000 0000 0000 0000 0000 0000 0000 0000  ................
00001140: ea12 1af5 340e f9e2 0acb fbff 060f 1500  ....4...........
00001150: 27f8 f010 1200 ee04 f6f7 edd1 d3e8 181f  '...............
00001160: e105 04d4 0000 0000 0000 0000 0000 0000  ................
00001170: 0000 0000 0000 0000 0000 0000 0000 0000  ................
00001180: 06d0 1a9d fc15 f2f2 df04 aaf2 fb28 e8f2  .............(..
00001190: f9e1 faf6 f9ed 021a f806 09f2 ecf4 e202  ................
000011a0: 06f5 0e1c 0000 0000 0000 0000 0000 0000  ................
000011b0: 0000 0000 0000 0000 0000 0000 0000 0000  ................
000011c0: d5f6 eeff 0c05 f4f1 da0a 03f7 1400 ece6  ................
000011d0: fbf5 ef10 fd01 ea1f 11ff 14d8 180d 1105  ................
000011e0: 0211 16f1 0000 0000 0000 0000 0000 0000  ................
000011f0: 0000 0000 0000 0000 0000 0000 0000 0000  ................
00001200: b4b6 d2fc 1504 e7ea c9ce e0ea 1aa6 0ecd  ................
00001210: 0d17 9de3 f005 16f8 10df abfb ba4c cebe  .............L..
00001220: 05ed 0eea 0000 0000 0000 0000 0000 0000  ................
00001230: 0000 0000 0000 0000 0000 0000 0000 0000  ................
00001240: 0bf0 11f5 fbeb f7f8 fd0a fc13 0402 f20a  ................
00001250: f9f8 f7f6 18dd 13e8 fcf3 faf9 1a17 f919  ................
00001260: 00f1 091e 0000 0000 0000 0000 0000 0000  ................
00001270: 0000 0000 0000 0000 0000 0000 0000 0000  ................
00001280: 1822 1df7 0aef 0617 0f06 c8ea cffb 0c02  ."..............
00001290: 03fc 0fe2 e403 d80e 200e 0df1 8824 3116  ........ ....$1.
000012a0: eada 0ee9 0000 0000 0000 0000 0000 0000  ................
000012b0: 0000 0000 0000 0000 0000 0000 0000 0000  ................
000012c0: 1504 09f9 0efa 0e05 0409 fb05 0312 e1fb  ................
000012d0: 040b 1bff 0312 fee1 ee0f fa00 04eb 0312  ................
000012e0: f1f6 1617 0000 0000 0000 0000 0000 0000  ................
000012f0: 0000 0000 0000 0000 0000 0000 0000 0000  ................
00001300: 02ff ea08 1400 0405 fff5 0504 09fe f50d  ................
00001310: 0407 fbf4 f310 0823 fbff f90d 1a05 17f7  .......#........
00001320: 0cf0 f90e 0000 0000 0000 0000 0000 0000  ................
00001330: 0000 0000 0000 0000 0000 0000 0000 0000  ................
00001340: 0df3 fc28 ecec fafb ebe3 0bf5 f5e0 dd18  ...(............
00001350: fc0e e7dd ebee 08e4 f80e fa07 0706 f8fa  ................
00001360: ef18 fa0b 0000 0000 0000 0000 0000 0000  ................
00001370: 0000 0000 0000 0000 0000 0000 0000 0000  ................
00001380: fb0c 0b08 0e05 f6f2 13ff fd13 fef5 1607  ................
00001390: 0c01 f605 0ce0 0218 0c05 ff03 060b f3fd  ................
000013a0: 1402 f80d 0000 0000 0000 0000 0000 0000  ................
000013b0: 0000 0000 0000 0000 0000 0000 0000 0000  ................
000013c0: cacf c6c8 f6ee e109 bfef bc97 d4ed c8bd  ................
000013d0: afc7 cc01 c5ed a2b7 9700 efd8 ddc3 f1b1  ................
000013e0: f2b5 d4e9 0000 0000 0000 0000 0000 0000  ................
000013f0: 0000 0000 0000 0000 0000 0000 0000 0000  ................
00001400: 09f2 0df5 15fb f20a ed16 ffed e4f9 ecd6  ................
00001410: 25f6 0f07 e00d 10e8 1006 0af3 e9e2 f1f7  %...............
00001420: f5f2 0021 0000 0000 0000 0000 0000 0000  ...!............
00001430: 0000 0000 0000 0000 0000 0000 0000 0000  ................
00001440: eccd df1d d5bc dee8 c2ea c7dc 2803 a2cc  ............(...
00001450: a7b4 da0c dfb8 badc c403 06d5 f8d9 ee05  ................
00001460: cdc9 0724 0000 0000 0000 0000 0000 0000  ...$............
00001470: 0000 0000 0000 0000 0000 0000 0000 0000  ................
00001480: f5dc 20e3 c7f4 fc12 17ff 14fe fcf5 1be9  .. .............
00001490: 10e8 e7ef ef0d 01ed 180f f7ed c0e9 01fb  ................
000014a0: 17f6 fc0c 0000 0000 0000 0000 0000 0000  ................
000014b0: 0000 0000 0000 0000 0000 0000 0000 0000  ................
000014c0: cad7 c007 9ef2 12d6 fdf1 1f3b 0d14 98fb  ...........;....
000014d0: 93e3 b502 fae4 07e0 1016 f702 f706 e306  ................
000014e0: e905 2009 0000 0000 0000 0000 0000 0000  .. .............
000014f0: 0000 0000 0000 0000 0000 0000 0000 0000  ................
00001500: dfe3 fced d6fc e904 e9ee e005 0e04 e921  ...............!
00001510: 230e f8f6 0efc ea09 1edb f5f2 d9d8 d809  #...............
00001520: eaf6 04fd 0000 0000 0000 0000 0000 0000  ................
00001530: 0000 0000 0000 0000 0000 0000 0000 0000  ................
00001540: bf82 fdeb fc0b fe1d 1011 14f4 0f15 afbc  ................
00001550: f8f8 b940 e61c eaf9 ca29 e3ba cfe4 cbfa  ...@.....)......
00001560: f5f9 360c 0000 0000 0000 0000 0000 0000  ..6.............
00001570: 0000 0000 0000 0000 0000 0000 0000 0000  ................
00001580: 04f6 d90a ecf1 fe0c e9df ee0e fe29 d709  .............)..
00001590: 1b04 fb07 14ee 0a20 18f1 0aee 0dfe 020f  ....... ........
000015a0: ea02 2304 0000 0000 0000 0000 0000 0000  ..#.............
000015b0: 0000 0000 0000 0000 0000 0000 0000 0000  ................
000015c0: f3fd e9e7 fbe2 f108 fde3 fbfb 0dea f5fc  ................
000015d0: 09f6 fb0a f606 fe0d 0df9 eee6 ed04 ea04  ................
000015e0: e7ee 0e1f 0000 0000 0000 0000 0000 0000  ................
000015f0: 0000 0000 0000 0000 0000 0000 0000 0000  ................
00001600: f512 0714 12f1 0d18 090c fa0e 0ec9 0dfa  ................
00001610: fa18 f512 0006 1fe4 fb12 1ffc 0af2 e2e8  ................
00001620: fbf0 f2f5 0000 0000 0000 0000 0000 0000  ................
00001630: 0000 0000 0000 0000 0000 0000 0000 0000  ................
00001640: 0dcc 0410 f40d fde4 0e16 af15 e710 d3e9  ................
00001650: c5d6 05fb 1af6 040d f00a f10b faf6 fc16  ................
00001660: 0c18 0ff4 0000 0000 0000 0000 0000 0000  ................
00001670: 0000 0000 0000 0000 0000 0000 0000 0000  ................
00001680: edfa e4d8 d6ce bee9 cee8 dad3 e8d9 d4c4  ................
00001690: 92aa dbff e7c9 93b2 b4fa e6f5 e880 fcd6  ................
000016a0: d0ae c0c6 0000 0000 0000 0000 0000 0000  ................
000016b0: 0000 0000 0000 0000 0000 0000 0000 0000  ................
000016c0: d800 fce4 0cfc 05f7 ff14 16e8 fb08 1ae3  ................
000016d0: e705 20f1 e5f9 2016 fce5 f0ec f711 0bff  .. ... .........
000016e0: e6f7 17f2 0000 0000 0000 0000 0000 0000  ................
000016f0: 0000 0000 0000 0000 0000 0000 0000 0000  ................
00001700: f2e1 fdef 200e 0e20 060d 04e7 0df4 d1d8  .... .. ........
00001710: 0afc f50e e008 e90b f3f9 f60d f0f4 1cfb  ................
00001720: 020a e7de 0000 0000 0000 0000 0000 0000  ................
00001730: 0000 0000 0000 0000 0000 0000 0000 0000  ................
00001740: 0000 0000 03fd faff fffd 00ff 00fe 00ff  ................
00001750: fef6 00fe 00f9 fcd4 fefe 0000 00fc 0000  ................
00001760: fcff fffe 0000 0000 0000 0000 0000 0000  ................
00001770: 0000 0000 0000 0000 0000 0000 0000 0000  ................
00001780: e4fb 0df1 f2fd 0b06 1e11 e809 07d5 12f6  ................
00001790: d702 dcfc cef4 24ef f10b faff b911 18f2  ......$.........
000017a0: 0d10 0e1c 0000 0000 0000 0000 0000 0000  ................
000017b0: 0000 0000 0000 0000 0000 0000 0000 0000  ................
000017c0: 9fcf 9e2b edca 0ed6 e60a 1adb 08e3 ae14  ...+............
000017d0: 98fe a609 17e0 20f8 0002 0d01 0e2a f5eb  ...... ......*..
000017e0: ef2b 101b 0000 0000 0000 0000 0000 0000  .+..............
000017f0: 0000 0000 0000 0000 0000 0000 0000 0000  ................
00001800: 0608 fd0e 0605 070e 0507 02fc 1d07 29ff  ..............).
00001810: 0f06 3afa 0606 07f9 1302 fcfe 06f4 6c07  ..:...........l.
00001820: 0606 f807 0603 fa13 06fb 6d05 200c 2c03  ..........m. .,.
00001830: 0613 f9f9 fb06 0206 031d e402 06fa 0601  ................
00001840: 3b06 fa06 2005 0606 e2fb fa06 130f 2df9  ;... .........-.
00001850: 0706 fa06 2713 f9fb 0606 fbf2 0412 0606  ....'...........
00001860: 0506 fa06 0807 060a 0107 fa05 200c 2dfb  ............ .-.
00001870: 0606 04fe ff05 06fa 0602 10e2 00f3 0607  ................
00001880: 0301 fd03 0609 f718 f9fa fa05 2009 2904  ............ .).
00001890: 0810 f937 faf8 06eb 06fe f1f0 3413 fa80  ...7........4...
000018a0: 0000 0000 0000 0000 0000 0000 0000 0000  ................
000018b0: 0000 0000 0000 0000 0000 0000 0000 0000  ................
000018c0: 0000 0000 0000 0000 0000 0000 0000 0000  ................
000018d0: 0000 0000 0000 0000 0000 0000 0000 0000  ................
000018e0: 0000 0000 0000 0000 0000 0000 0000 0000  ................
000018f0: 0000 0000 0000 0000 0000 0000 0000 0000  ................
00001900: 0000 0000 0000 0000 0000 0000 0000 0000  ................
00001910: 0000 0000 0000 0000 0000 0000 0000 0000  ................
00001920: 0000 0000 0000 0000 0000 0000 0000 0000  ................
00001930: 0000 0000 0000 0000 0000 0000 0000 0000  ................
00001940: 0000 0000 0000 0000 0000 0000 0000 0000  ................
00001950: 0000 0000 0000 0000 0000 0000 0000 0000  ................
00001960: 0000 0000 0000 0000 0000 0000 0000 0000  ................
00001970: 0000 0000 0000 0000 0000 0000 0000 0000  ................
00001980: 0000 0000 0000 0000 0000 0000 0000 0000  ................
00001990: 0000 0000 0000 0000 0000 0000 0000 0000  ................
000019a0: 0000 0000 0000 0000 0000 0000 0000 0000  ................
000019b0: 0000 0000 0000 0000 0000 0000 0000 0000  ................
000019c0: 0000 0000 0000 0000 0000 0000 0000 0000  ................
000019d0: 0000 0000 0000 0000 0000 0000 0000 0000  ................
000019e0: 0000 0000 0000 0000 0000 0000 0000 0000  ................
000019f0: 0000 0000 0000 0000 0000 0000 0000 0000  ................
00001a00: 0000 0000 0000 0000 0000 0000 0000 0000  ................
00001a10: 0000 0000 0000 0000 0000 0000 0000 0000  ................
00001a20: 0000 0000 0000 0000 0000 0000 0000 0000  ................
00001a30: 0000 0000 0000 0000 0000 0000 0000 0000  ................
00001a40: 0000 0000 0000 0000 0000 0000 0000 0000  ................
00001a50: 0000 0000 0000 0000 0000 0000 0000 0000  ................
00001a60: 0000 0000 0000 0000 0000 0000 0000 0000  ................
00001a70: 0000 0000 0000 0000 0000 0000 0000 0000  ................
00001a80: 0000 0000 0000 0000 0000 0000 0000 0000  ................
00001a90: 0000 0000 0000 0000 0000 0000 0000 0000  ................
00001aa0: 0000 0000 0000 0000 0000 0000 0000 0000  ................
00001ab0: 0000 0000 0000 0000 0000 0000 0000 0000  ................
00001ac0: 0000 0000 0000 0000 0000 0000 0000 0000  ................
00001ad0: 0000 0000 0000 0000 0000 0000 0000 0000  ................
00001ae0: 0000 0000 0000 0000 0000 0000 0000 0000  ................
00001af0: 0000 0000 0000 0000 0000 0000 0000 0000  ................
00001b00: 0000 0000 0000 0000 0000 0000 0000 0000  ................
00001b10: 0000 0000 0000 0000 0000 0000 0000 0000  ................
00001b20: 0000 0000 0000 0000 0000 0000 0000 0000  ................
00001b30: 0000 0000 0000 0000 0000 0000 0000 0000  ................
00001b40: 0000 0000 0000 0000 0000 0000 0000 0000  ................
00001b50: 0000 0000 0000 0000 0000 0000 0000 0000  ................
00001b60: 0000 0000 0000 0000 0000 0000 0000 0000  ................
00001b70: 0000 0000 0000 0000 0000 0000 0000 0000  ................
00001b80: 0000 0000 0000 0000 0000 0000 0000 0000  ................
00001b90: 0000 0000 0000 0000 0000 0000 0000 0000  ................
00001ba0: 0000 0000 0000 0000 0000 0000 0000 0000  ................
00001bb0: 0000 0000 0000 0000 0000 0000 0000 0000  ................
00001bc0: 0000 0000 0000 0000 0000 0000 0000 0000  ................
00001bd0: 0000 0000 0000 0000 0000 0000 0000 0000  ................
00001be0: 0000 0000 0000 0000 0000 0000 0000 0000  ................
00001bf0: 0000 0000 0000 0000 0000 0000 0000 0000  ................
00001c00: 0000 0000 0000 0000 0000 0000 0000 0000  ................
00001c10: 0000 0000 0000 0000 0000 0000 0000 0000  ................
00001c20: 0000 0000 0000 0000 0000 0000 0000 0000  ................
00001c30: 0000 0000 0000 0000 0000 0000 0000 0000  ................
00001c40: 0000 0000 0000 0000 0000 0000 0000 0000  ................
00001c50: 0000 0000 0000 0000 0000 0000 0000 0000  ................
00001c60: 0000 0000 0000 0000 0000 0000 0000 0000  ................
00001c70: 0000 0000 0000 0000 0000 0000 0000 0000  ................
00001c80: 0000 0000 0000 0000 0000 0000 0000 0000  ................
00001c90: 0000 0000 0000 0000 0000 0000 0000 0000  ................
00001ca0: 0000 0000 0000 0000 0000 0000 0000 0000  ................
00001cb0: 0000 0000 0000 0000 0000 0000 0000 0000  ................
00001cc0: 0000 0000 0000 0000 0000 0000 0000 0000  ................
00001cd0: 0000 0000 0000 0000 0000 0000 0000 0000  ................
00001ce0: 0000 0000 0000 0000 0000 0000 0000 0000  ................
00001cf0: 0000 0000 0000 0000 0000 0000 0000 0000  ................
00001d00: 0000 0000 0000 0000 0000 0000 0000 0000  ................
00001d10: 0000 0000 0000 0000 0000 0000 0000 0000  ................
00001d20: 0000 0000 0000 0000 0000 0000 0000 0000  ................
00001d30: 0000 0000 0000 0000 0000 0000 0000 0000  ................
00001d40: 0000 0000 0000 0000 0000 0000 0000 0000  ................
00001d50: 0000 0000 0000 0000 0000 0000 0000 0000  ................
00001d60: 0000 0000 0000 0000 0000 0000 0000 0000  ................
00001d70: 0000 0000 0000 0000 0000 0000 0000 0000  ................
00001d80: 0000 0000 0000 0000 0000 0000 0000 0000  ................
00001d90: 0000 0000 0000 0000 0000 0000 0000 0000  ................
00001da0: 0000 0000 0000 0000 0000 0000 0000 0000  ................
00001db0: 0000 0000 0000 0000 0000 0000 0000 0000  ................
00001dc0: 0000 0000 0000 0000 0000 0000 0000 0000  ................
00001dd0: 0000 0000 0000 0000 0000 0000 0000 0000  ................
00001de0: 0000 0000 0000 0000 0000 0000 0000 0000  ................
00001df0: 0000 0000 0000 0000 0000 0000 0000 0000  ................
00001e00: 0000 0000 0000 0000 0000 0000 0000 0000  ................
00001e10: 0000 0000 0000 0000 0000 0000 0000 0000  ................
00001e20: 0000 0000 0000 0000 0000 0000 0000 0000  ................
00001e30: 0000 0000 0000 0000 0000 0000 0000 0000  ................
00001e40: 0000 0000 0000 0000 0000 0000 0000 0000  ................
00001e50: 0000 0000 0000 0000 0000 0000 0000 0000  ................
00001e60: 0000 0000 0000 0000 0000 0000 0000 0000  ................
00001e70: 0000 0000 0000 0000 0000 0000 0000 0000  ................
00001e80: 0000 0000 0000 0000 0000 0000 0000 0000  ................
00001e90: 0000 0000 0000 0000 0000 0000 0000 0000  ................
00001ea0: 0000 0000 0000 0000 0000 0000 0000 0000  ................
00001eb0: 0000 0000 0000 0000 0000 0000 0000 0000  ................
00001ec0: 0000 0000 0000 0000 0000 0000 0000 0000  ................
00001ed0: 0000 0000 0000 0000 0000 0000 0000 0000  ................
00001ee0: 0000 0000 0000 0000 0000 0000 0000 0000  ................
00001ef0: 0000 0000 0000 0000 0000 0000 0000 0000  ................
00001f00: 0000 0000 0000 0000 0000 0000 0000 0000  ................
00001f10: 0000 0000 0000 0000 0000 0000 0000 0000  ................
00001f20: 0000 0000 0000 0000 0000 0000 0000 0000  ................
00001f30: 0000 0000 0000 0000 0000 0000 0000 0000  ................
00001f40: 0000 0000 0000 0000 0000 0000 0000 0000  ................
00001f50: 0000 0000 0000 0000 0000 0000 0000 0000  ................
00001f60: 0000 0000 0000 0000 0000 0000 0000 0000  ................
00001f70: 0000 0000 0000 0000 0000 0000 0000 0000  ................
00001f80: 0000 0000 0000 0000 0000 0000 0000 0000  ................
00001f90: 0000 0000 0000 0000 0000 0000 0000 0000  ................
00001fa0: 0000 0000 0000 0000 0000 0000 0000 0000  ................
00001fb0: 0000 0000 0000 0000 0000 0000 0000 0000  ................
00001fc0: 0000 0000 0000 0000 0000 0000 0000 0000  ................
00001fd0: 0000 0000 0000 0000 0000 0000 0000 0000  ................
00001fe0: 0000 0000 0000 0000 0000 0000 0000 0000  ................
00001ff0: 0000 0000 0000 0000 0000 0000 0000 0000  ................
00002000: 0117 3fea 0000 ece8 2530 0000 fd09 c9cc  ..?.....%0......
00002010: 0000 f009 1044 0000 b934 3056 0000 440d  .....D...40V..D.
00002020: fbf8 0000 161c 2f09 0000 c8f8 23fc 0000  ....../.....#...
00002030: a7eb 28eb 0000 2af2 ced0 0000 f6b0 0af1  ..(...*.........
00002040: 0000 093e 2926 0000 2af6 eae3 0000 1c25  ...>)&..*......%
00002050: e623 0000 21d2 d0e2 0000 e407 3017 0000  .#..!.......0...
00002060: 0000 0000 0000 0000 0000 0000 0000 0000  ................
00002070: 0000 0000 0000 0000 0000 0000 0000 0000  ................
00002080: 0000 0000 0000 0000 0000 0000 0000 0000  ................
00002090: 0000 0000 0000 0000 0000 0000 0000 0000  ................
000020a0: 0000 0000 0000 0000 0000 0000 0000 0000  ................
000020b0: 0000 0000 0000 0000 0000 0000 0000 0000  ................
000020c0: 0000 0000 0000 0000 0000 0000 0000 0000  ................
000020d0: 0000 0000 0000 0000 0000 0000 0000 0000  ................
000020e0: 0000 0000 0000 0000 0000 0000 0000 0000  ................
000020f0: 0000 0000 0000 0000 0000 0000 0000 0000  ................
00002100: 0000 0000 0000 0000 0000 0000 0000 0000  ................
00002110: 0000 0000 0000 0000 0000 0000 0000 0000  ................
00002120: 0000 0000 0000 0000 0000 0000 0000 0000  ................
00002130: 0000 0000 0000 0000 0000 0000 0000 0000  ................
00002140: 0000 0000 0000 0000 0000 0000 0000 0000  ................
00002150: 0000 0000 0000 0000 0000 0000 0000 0000  ................
00002160: 0000 0000 0000 0000 0000 0000 0000 0000  ................
00002170: 0000 0000 0000 0000 0000 0000 0000 0000  ................
00002180: 0000 0000 0000 0000 0000 0000 0000 0000  ................
00002190: 0000 0000 0000 0000 0000 0000 0000 0000  ................
000021a0: 0000 0000 0000 0000 0000 0000 0000 0000  ................
000021b0: 0000 0000 0000 0000 0000 0000 0000 0000  ................
000021c0: 0000 0000 0000 0000 0000 0000 0000 0000  ................
000021d0: 0000 0000 0000 0000 0000 0000 0000 0000  ................
000021e0: 0000 0000 0000 0000 0000 0000 0000 0000  ................
000021f0: 0000 0000 0000 0000 0000 0000 0000 0000  ................
00002200: 0000 0000 0000 0000 0000 0000 0000 0000  ................
00002210: 0000 0000 0000 0000 0000 0000 0000 0000  ................
00002220: 0000 0000 0000 0000 0000 0000 0000 0000  ................
00002230: 0000 0000 0000 0000 0000 0000 0000 0000  ................
00002240: 0000 0000 0000 0000 0000 0000 0000 0000  ................
00002250: 0000 0000 0000 0000 0000 0000 0000 0000  ................
00002260: 0000 0000 0000 0000 0000 0000 0000 0000  ................
00002270: 0000 0000 0000 0000 0000 0000 0000 0000  ................
00002280: 0000 0000 0000 0000 0000 0000 0000 0000  ................
00002290: 0000 0000 0000 0000 0000 0000 0000 0000  ................
000022a0: 0000 0000 0000 0000 0000 0000 0000 0000  ................
000022b0: 0000 0000 0000 0000 0000 0000 0000 0000  ................
000022c0: 0000 0000 0000 0000 0000 0000 0000 0000  ................
000022d0: 0000 0000 0000 0000 0000 0000 0000 0000  ................
000022e0: 0000 0000 0000 0000 0000 0000 0000 0000  ................
000022f0: 0000 0000 0000 0000 0000 0000 0000 0000  ................
00002300: 0000 0000 0000 0000 0000 0000 0000 0000  ................
00002310: 0000 0000 0000 0000 0000 0000 0000 0000  ................
00002320: 0000 0000 0000 0000 0000 0000 0000 0000  ................
00002330: 0000 0000 0000 0000 0000 0000 0000 0000  ................
00002340: 0000 0000 0000 0000 0000 0000 0000 0000  ................
00002350: 0000 0000 0000 0000 0000 0000 0000 0000  ................
00002360: 0000 0000 0000 0000 0000 0000 0000 0000  ................
00002370: 0000 0000 0000 0000 0000 0000 0000 0000  ................
00002380: 0000 0000 0000 0000 0000 0000 0000 0000  ................
00002390: 0000 0000 0000 0000 0000 0000 0000 0000  ................
000023a0: 0000 0000 0000 0000 0000 0000 0000 0000  ................
000023b0: 0000 0000 0000 0000 0000 0000 0000 0000  ................
000023c0: 0000 0000 0000 0000 0000 0000 0000 0000  ................
000023d0: 0000 0000 0000 0000 0000 0000 0000 0000  ................
000023e0: 0000 0000 0000 0000 0000 0000 0000 0000  ................
000023f0: 0000 0000 0000 0000 0000 0000 0000 0000  ................
00002400: 0000 0000 0000 0000 0000 0000 0000 0000  ................
00002410: 0000 0000 0000 0000 0000 0000 0000 0000  ................
00002420: 0000 0000 0000 0000 0000 0000 0000 0000  ................
00002430: 0000 0000 0000 0000 0000 0000 0000 0000  ................
00002440: 0000 0000 0000 0000 0000 0000 0000 0000  ................
00002450: 0000 0000 0000 0000 0000 0000 0000 0000  ................
00002460: 0000 0000 0000 0000 0000 0000 0000 0000  ................
00002470: 0000 0000 0000 0000 0000 0000 0000 0000  ................
00002480: 0000 0000 0000 0000 0000 0000 0000 0000  ................
00002490: 0000 0000 0000 0000 0000 0000 0000 0000  ................
000024a0: 0000 0000 0000 0000 0000 0000 0000 0000  ................
000024b0: 0000 0000 0000 0000 0000 0000 0000 0000  ................
000024c0: 0000 0000 0000 0000 0000 0000 0000 0000  ................
000024d0: 0000 0000 0000 0000 0000 0000 0000 0000  ................
000024e0: 0000 0000 0000 0000 0000 0000 0000 0000  ................
000024f0: 0000 0000 0000 0000 0000 0000 0000 0000  ................
00002500: 0000 0000 0000 0000 0000 0000 0000 0000  ................
00002510: 0000 0000 0000 0000 0000 0000 0000 0000  ................
00002520: 0000 0000 0000 0000 0000 0000 0000 0000  ................
00002530: 0000 0000 0000 0000 0000 0000 0000 0000  ................
00002540: 0000 0000 0000 0000 0000 0000 0000 0000  ................
00002550: 0000 0000 0000 0000 0000 0000 0000 0000  ................
00002560: 0000 0000 0000 0000 0000 0000 0000 0000  ................
00002570: 0000 0000 0000 0000 0000 0000 0000 0000  ................
00002580: 0000 0000 0000 0000 0000 0000 0000 0000  ................
00002590: 0000 0000 0000 0000 0000 0000 0000 0000  ................
000025a0: 0000 0000 0000 0000 0000 0000 0000 0000  ................
000025b0: 0000 0000 0000 0000 0000 0000 0000 0000  ................
000025c0: 0000 0000 0000 0000 0000 0000 0000 0000  ................
000025d0: 0000 0000 0000 0000 0000 0000 0000 0000  ................
000025e0: 0000 0000 0000 0000 0000 0000 0000 0000  ................
000025f0: 0000 0000 0000 0000 0000 0000 0000 0000  ................
00002600: 0000 0000 0000 0000 0000 0000 0000 0000  ................
00002610: 0000 0000 0000 0000 0000 0000 0000 0000  ................
00002620: 0000 0000 0000 0000 0000 0000 0000 0000  ................
00002630: 0000 0000 0000 0000 0000 0000 0000 0000  ................
00002640: 0000 0000 0000 0000 0000 0000 0000 0000  ................
00002650: 0000 0000 0000 0000 0000 0000 0000 0000  ................
00002660: 0000 0000 0000 0000 0000 0000 0000 0000  ................
00002670: 0000 0000 0000 0000 0000 0000 0000 0000  ................
00002680: 0000 0000 0000 0000 0000 0000 0000 0000  ................
00002690: 0000 0000 0000 0000 0000 0000 0000 0000  ................
000026a0: 0000 0000 0000 0000 0000 0000 0000 0000  ................
000026b0: 0000 0000 0000 0000 0000 0000 0000 0000  ................
000026c0: 0000 0000 0000 0000 0000 0000 0000 0000  ................
000026d0: 0000 0000 0000 0000 0000 0000 0000 0000  ................
000026e0: 0000 0000 0000 0000 0000 0000 0000 0000  ................
000026f0: 0000 0000 0000 0000 0000 0000 0000 0000  ................
00002700: 0000 0000 0000 0000 0000 0000 0000 0000  ................
00002710: 0000 0000 0000 0000 0000 0000 0000 0000  ................
00002720: 0000 0000 0000 0000 0000 0000 0000 0000  ................
00002730: 0000 0000 0000 0000 0000 0000 0000 0000  ................
00002740: 0000 0000 0000 0000 0000 0000 0000 0000  ................
00002750: 0000 0000 0000 0000 0000 0000 0000 0000  ................
00002760: 0000 0000 0000 0000 0000 0000 0000 0000  ................
00002770: 0000 0000 0000 0000 0000 0000 0000 0000  ................
00002780: 0000 0000 0000 0000 0000 0000 0000 0000  ................
00002790: 0000 0000 0000 0000 0000 0000 0000 0000  ................
000027a0: 0000 0000 0000 0000 0000 0000 0000 0000  ................
000027b0: 0000 0000 0000 0000 0000 0000 0000 0000  ................
000027c0: 0000 0000 0000 0000 0000 0000 0000 0000  ................
000027d0: 0000 0000 0000 0000 0000 0000 0000 0000  ................
000027e0: 0000 0000 0000 0000 0000 0000 0000 0000  ................
000027f0: 0000 0000 0000 0000 0000 0000 0000 0000  ................
00002800: 1e32 2115 0000 3639 0780 0000 27db 2863  .2!...69....'.(c
00002810: 0000 fc26 4218 0000 ead4 1b31 0000 e3fe  ...&B......1....
00002820: e7d8 0000 f328 f908 0000 01ff fb1d 0000  .....(..........
00002830: a7c1 1814 0000 1f0a 0afe 0000 e3c3 3432  ..............42
00002840: 0000 2c10 1dcf 0000 0a34 f620 0000 e4e8  ..,......4. ....
00002850: d727 0000 0401 4108 0000 c3e8 0920 0000  .'....A...... ..
00002860: 0e34 432d 0000 5105 2955 0000 c8d2 0a17  .4C-..Q.)U......
00002870: 0000 ec0b 071c 0000 890d bcb9 0000 7f14  ................
00002880: 21ef 0000 dbfa 0506 0000 0ee4 fcf3 0000  !...............
00002890: 119e b2f8 0000 dbfa 05fb 0000 e5e2 00e3  ................
000028a0: 0000 09d8 cc0d 0000 0615 01e6 0000 f121  ...............!
000028b0: 23d3 0000 02e7 ee00 0000 c1b4 97c2 0000  #...............
000028c0: e70e 1d20 0000 0ee6 eafc 0000 d012 1f28  ... ...........(
000028d0: 0000 e010 2c07 0000 1046 f9e8 0000 ed16  ....,....F......
000028e0: 21fd 0000 d61a fd10 0000 06db 1f27 0000  !............'..
000028f0: 0b07 1e07 0000 1122 f618 0000 0a6c 0812  .......".....l..
00002900: 0000 0aea 480e 0000 fbdd 1b15 0000 1e28  ....H..........(
00002910: 1916 0000 e3f6 2d1d 0000 0226 7550 0000  ......-....&uP..
00002920: 1e14 f2cc 0000 fc2c 69e7 0000 e701 1625  .......,i......%
00002930: 0000 11e3 1721 0000 c5e3 09e3 0000 ec01  .....!..........
00002940: a9e3 0000 04ff f0df 0000 ecac bdd9 0000  ................
00002950: d12e ea42 0000 1d0c ea28 0000 f6c8 343c  ...B.....(....4<
00002960: 0000 100b 550a 0000 1ae3 e41a 0000 c709  ....U...........
00002970: cfe4 0000 e3e6 f813 0000 a5b2 2835 0000  ............(5..
00002980: 0000 0000 0000 0000 0000 0000 0000 0000  ................
00002990: 0000 0000 0000 0000 0000 0000 0000 0000  ................
000029a0: 0000 0000 0000 0000 0000 0000 0000 0000  ................
000029b0: 0000 0000 0000 0000 0000 0000 0000 0000  ................
000029c0: 0000 0000 0000 0000 0000 0000 0000 0000  ................
000029d0: 0000 0000 0000 0000 0000 0000 0000 0000  ................
000029e0: 0000 0000 0000 0000 0000 0000 0000 0000  ................
000029f0: 0000 0000 0000 0000 0000 0000 0000 0000  ................
00002a00: 0000 0000 0000 0000 0000 0000 0000 0000  ................
00002a10: 0000 0000 0000 0000 0000 0000 0000 0000  ................
00002a20: 0000 0000 0000 0000 0000 0000 0000 0000  ................
00002a30: 0000 0000 0000 0000 0000 0000 0000 0000  ................
00002a40: 0000 0000 0000 0000 0000 0000 0000 0000  ................
00002a50: 0000 0000 0000 0000 0000 0000 0000 0000  ................
00002a60: 0000 0000 0000 0000 0000 0000 0000 0000  ................
00002a70: 0000 0000 0000 0000 0000 0000 0000 0000  ................
00002a80: 0000 0000 0000 0000 0000 0000 0000 0000  ................
00002a90: 0000 0000 0000 0000 0000 0000 0000 0000  ................
00002aa0: 0000 0000 0000 0000 0000 0000 0000 0000  ................
00002ab0: 0000 0000 0000 0000 0000 0000 0000 0000  ................
00002ac0: 0000 0000 0000 0000 0000 0000 0000 0000  ................
00002ad0: 0000 0000 0000 0000 0000 0000 0000 0000  ................
00002ae0: 0000 0000 0000 0000 0000 0000 0000 0000  ................
00002af0: 0000 0000 0000 0000 0000 0000 0000 0000  ................
00002b00: 0000 0000 0000 0000 0000 0000 0000 0000  ................
00002b10: 0000 0000 0000 0000 0000 0000 0000 0000  ................
00002b20: 0000 0000 0000 0000 0000 0000 0000 0000  ................
00002b30: 0000 0000 0000 0000 0000 0000 0000 0000  ................
00002b40: 0000 0000 0000 0000 0000 0000 0000 0000  ................
00002b50: 0000 0000 0000 0000 0000 0000 0000 0000  ................
00002b60: 0000 0000 0000 0000 0000 0000 0000 0000  ................
00002b70: 0000 0000 0000 0000 0000 0000 0000 0000  ................
00002b80: 0000 0000 0000 0000 0000 0000 0000 0000  ................
00002b90: 0000 0000 0000 0000 0000 0000 0000 0000  ................
00002ba0: 0000 0000 0000 0000 0000 0000 0000 0000  ................
00002bb0: 0000 0000 0000 0000 0000 0000 0000 0000  ................
00002bc0: 0000 0000 0000 0000 0000 0000 0000 0000  ................
00002bd0: 0000 0000 0000 0000 0000 0000 0000 0000  ................
00002be0: 0000 0000 0000 0000 0000 0000 0000 0000  ................
00002bf0: 0000 0000 0000 0000 0000 0000 0000 0000  ................
00002c00: 0000 0000 0000 0000 0000 0000 0000 0000  ................
00002c10: 0000 0000 0000 0000 0000 0000 0000 0000  ................
00002c20: 0000 0000 0000 0000 0000 0000 0000 0000  ................
00002c30: 0000 0000 0000 0000 0000 0000 0000 0000  ................
00002c40: 0000 0000 0000 0000 0000 0000 0000 0000  ................
00002c50: 0000 0000 0000 0000 0000 0000 0000 0000  ................
00002c60: 0000 0000 0000 0000 0000 0000 0000 0000  ................
00002c70: 0000 0000 0000 0000 0000 0000 0000 0000  ................
00002c80: 0000 0000 0000 0000 0000 0000 0000 0000  ................
00002c90: 0000 0000 0000 0000 0000 0000 0000 0000  ................
00002ca0: 0000 0000 0000 0000 0000 0000 0000 0000  ................
00002cb0: 0000 0000 0000 0000 0000 0000 0000 0000  ................
00002cc0: 0000 0000 0000 0000 0000 0000 0000 0000  ................
00002cd0: 0000 0000 0000 0000 0000 0000 0000 0000  ................
00002ce0: 0000 0000 0000 0000 0000 0000 0000 0000  ................
00002cf0: 0000 0000 0000 0000 0000 0000 0000 0000  ................
00002d00: 0000 0000 0000 0000 0000 0000 0000 0000  ................
00002d10: 0000 0000 0000 0000 0000 0000 0000 0000  ................
00002d20: 0000 0000 0000 0000 0000 0000 0000 0000  ................
00002d30: 0000 0000 0000 0000 0000 0000 0000 0000  ................
00002d40: 0000 0000 0000 0000 0000 0000 0000 0000  ................
00002d50: 0000 0000 0000 0000 0000 0000 0000 0000  ................
00002d60: 0000 0000 0000 0000 0000 0000 0000 0000  ................
00002d70: 0000 0000 0000 0000 0000 0000 0000 0000  ................
00002d80: 0000 0000 0000 0000 0000 0000 0000 0000  ................
00002d90: 0000 0000 0000 0000 0000 0000 0000 0000  ................
00002da0: 0000 0000 0000 0000 0000 0000 0000 0000  ................
00002db0: 0000 0000 0000 0000 0000 0000 0000 0000  ................
00002dc0: 0000 0000 0000 0000 0000 0000 0000 0000  ................
00002dd0: 0000 0000 0000 0000 0000 0000 0000 0000  ................
00002de0: 0000 0000 0000 0000 0000 0000 0000 0000  ................
00002df0: 0000 0000 0000 0000 0000 0000 0000 0000  ................
00002e00: 0000 0000 0000 0000 0000 0000 0000 0000  ................
00002e10: 0000 0000 0000 0000 0000 0000 0000 0000  ................
00002e20: 0000 0000 0000 0000 0000 0000 0000 0000  ................
00002e30: 0000 0000 0000 0000 0000 0000 0000 0000  ................
00002e40: 0000 0000 0000 0000 0000 0000 0000 0000  ................
00002e50: 0000 0000 0000 0000 0000 0000 0000 0000  ................
00002e60: 0000 0000 0000 0000 0000 0000 0000 0000  ................
00002e70: 0000 0000 0000 0000 0000 0000 0000 0000  ................
00002e80: 0000 0000 0000 0000 0000 0000 0000 0000  ................
00002e90: 0000 0000 0000 0000 0000 0000 0000 0000  ................
00002ea0: 0000 0000 0000 0000 0000 0000 0000 0000  ................
00002eb0: 0000 0000 0000 0000 0000 0000 0000 0000  ................
00002ec0: 0000 0000 0000 0000 0000 0000 0000 0000  ................
00002ed0: 0000 0000 0000 0000 0000 0000 0000 0000  ................
00002ee0: 0000 0000 0000 0000 0000 0000 0000 0000  ................
00002ef0: 0000 0000 0000 0000 0000 0000 0000 0000  ................
00002f00: 0000 0000 0000 0000 0000 0000 0000 0000  ................
00002f10: 0000 0000 0000 0000 0000 0000 0000 0000  ................
00002f20: 0000 0000 0000 0000 0000 0000 0000 0000  ................
00002f30: 0000 0000 0000 0000 0000 0000 0000 0000  ................
00002f40: 0000 0000 0000 0000 0000 0000 0000 0000  ................
00002f50: 0000 0000 0000 0000 0000 0000 0000 0000  ................
00002f60: 0000 0000 0000 0000 0000 0000 0000 0000  ................
00002f70: 0000 0000 0000 0000 0000 0000 0000 0000  ................
00002f80: 0000 0000 0000 0000 0000 0000 0000 0000  ................
00002f90: 0000 0000 0000 0000 0000 0000 0000 0000  ................
00002fa0: 0000 0000 0000 0000 0000 0000 0000 0000  ................
00002fb0: 0000 0000 0000 0000 0000 0000 0000 0000  ................
00002fc0: 0000 0000 0000 0000 0000 0000 0000 0000  ................
00002fd0: 0000 0000 0000 0000 0000 0000 0000 0000  ................
00002fe0: 0000 0000 0000 0000 0000 0000 0000 0000  ................
00002ff0: 0000 0000 0000 0000 0000 0000 0000 0000  ................
00003000: 16ae 0c03 ae14 0407 fcf2 28fc f0f0 2df8  ..........(...-.
00003010: 04f7 ce0d 06f4 03e7 11e5 18a8 eeff ea0d  ................
00003020: c2db e80e 0000 0000 0000 0000 0000 0000  ................
00003030: 0000 0000 0000 0000 0000 0000 0000 0000  ................
00003040: f9da fadb c6d9 c3c2 fee5 ccdd 80cb f5b1  ................
00003050: d0fd bd98 a3ea c3dd 8edc fadf e7b9 f2c9  ................
00003060: f8dd e1c7 0000 0000 0000 0000 0000 0000  ................
00003070: 0000 0000 0000 0000 0000 0000 0000 0000  ................
00003080: 08df 15e7 0ddb 2218 f6ed daf2 c409 dce9  ......".........
00003090: eadc cbcb d8f1 dad5 edce fdc4 ddda dde8  ................
000030a0: f92d 05f2 0000 0000 0000 0000 0000 0000  .-..............
000030b0: 0000 0000 0000 0000 0000 0000 0000 0000  ................
000030c0: efd7 1619 dc11 060d f8e7 1714 031e 1a0c  ................
000030d0: 0c0d deec 09f4 dbf8 2014 f9fc d011 ebe9  ........ .......
000030e0: d1ee f706 0000 0000 0000 0000 0000 0000  ................
000030f0: 0000 0000 0000 0000 0000 0000 0000 0000  ................
00003100: 23f3 09f7 e204 e513 fde5 1e03 e00a 080d  #...............
00003110: 08ef 04f9 fe0e f6f3 fce3 04d8 0c06 e6fb  ................
00003120: e7ee fb04 0000 0000 0000 0000 0000 0000  ................
00003130: 0000 0000 0000 0000 0000 0000 0000 0000  ................
00003140: f6de 0f0a 01e4 eeda e602 0703 e225 06fa  .............%..
00003150: fa0c f20e 0710 fc06 02ef ed02 c8fe e8ea  ................
00003160: c310 0003 0000 0000 0000 0000 0000 0000  ................
00003170: 0000 0000 0000 0000 0000 0000 0000 0000  ................
00003180: bec4 fbe6 e6f4 160e de05 bbcc fcbf bcf4  ................
00003190: 0b16 dc08 f3e0 16ed 11f7 e927 07fb ff0b  ...........'....
000031a0: 2029 12e8 0000 0000 0000 0000 0000 0000   )..............
000031b0: 0000 0000 0000 0000 0000 0000 0000 0000  ................
000031c0: fbf5 f4f3 eaf5 efe8 0a05 f007 06f2 120d  ................
000031d0: 1307 021b 05f6 0e0c ec0f 0102 0208 08e4  ................
000031e0: e707 01e4 0000 0000 0000 0000 0000 0000  ................
000031f0: 0000 0000 0000 0000 0000 0000 0000 0000  ................
00003200: 16e0 11ff e20d 01cb d63a 8084 acb2 e12f  .........:...../
00003210: 2215 b420 abf8 16f1 10f1 18d2 f2d8 6502  ".. ..........e.
00003220: a32f e024 0000 0000 0000 0000 0000 0000  ./.$............
00003230: 0000 0000 0000 0000 0000 0000 0000 0000  ................
00003240: fcf3 0b00 f310 04e4 120a 1604 f4e8 07fd  ................
00003250: 13fd 0103 0ee9 0b0c 0e1f 06f5 0a16 fc0a  ................
00003260: 0104 1bea 0000 0000 0000 0000 0000 0000  ................
00003270: 0000 0000 0000 0000 0000 0000 0000 0000  ................
00003280: d616 d7e7 d7f5 0efd 0d02 c6d2 f200 15e5  ................
00003290: d81c 17f3 040c e9f6 0cf4 f40a fbda 0109  ................
000032a0: 41c8 fc20 0000 0000 0000 0000 0000 0000  A.. ............
000032b0: 0000 0000 0000 0000 0000 0000 0000 0000  ................
000032c0: 0efb 0e08 f40c f50b 02fc 11fb f016 0916  ................
000032d0: 0216 0225 f90e f2e2 0bf5 02ff 1ff9 09eb  ...%............
000032e0: 1003 f1e9 0000 0000 0000 0000 0000 0000  ................
000032f0: 0000 0000 0000 0000 0000 0000 0000 0000  ................
00003300: 0506 1404 1203 fd08 02fc d911 0705 0cf9  ................
00003310: fb00 0af4 08ff e504 0e0d fcf3 f2fc 040f  ................
00003320: 1bf2 fd0c 0000 0000 0000 0000 0000 0000  ................
00003330: 0000 0000 0000 0000 0000 0000 0000 0000  ................
00003340: cd09 1afb fa04 1d04 fcf2 16ff 260f fe21  ............&..!
00003350: 0604 0d16 17e6 e7fd fb04 0a09 ec04 ef07  ................
00003360: f516 f21f 0000 0000 0000 0000 0000 0000  ................
00003370: 0000 0000 0000 0000 0000 0000 0000 0000  ................
00003380: 0bff f80e 12ff 1109 f304 0cf2 0d15 0e06  ................
00003390: 0dea fffe f4f2 050f 0d14 0613 fc07 fcfe  ................
000033a0: ff0b 0608 0000 0000 0000 0000 0000 0000  ................
000033b0: 0000 0000 0000 0000 0000 0000 0000 0000  ................
000033c0: eeaf d5a7 dac4 eadd f6ea dcd3 d591 16a2  ................
000033d0: dcdd 9ba3 d2e3 16d0 a4b0 f4c2 e2c5 f6be  ................
000033e0: ebb9 a6c5 0000 0000 0000 0000 0000 0000  ................
000033f0: 0000 0000 0000 0000 0000 0000 0000 0000  ................
00003400: 0b10 ff0a fbee fbfc fd0a 21f3 17fe 0a0e  ..........!.....
00003410: 03fb ff05 040e 0413 1d03 090d e905 fa02  ................
00003420: f8ec 04e3 0000 0000 0000 0000 0000 0000  ................
00003430: 0000 0000 0000 0000 0000 0000 0000 0000  ................
00003440: 0202 e3cf 07e2 15ed fbdd d6ec a8bd 1104  ................
00003450: bfc2 c0d4 1ae6 dedb cbeb e8e7 00fb cffe  ................
00003460: eaef f2f7 0000 0000 0000 0000 0000 0000  ................
00003470: 0000 0000 0000 0000 0000 0000 0000 0000  ................
00003480: 0604 0adb 0208 f0eb 08f5 e9f5 f904 1708  ................
00003490: ea05 c214 0d10 02ee fc09 16f5 e008 04f3  ................
000034a0: f5f5 f4ea 0000 0000 0000 0000 0000 0000  ................
000034b0: 0000 0000 0000 0000 0000 0000 0000 0000  ................
000034c0: 1916 012e 23ff ff20 f3df ed1d 02d7 dfed  ....#.. ........
000034d0: f8fd ead5 f8ff 410c 00ff 28d5 c0f0 16f9  ......A...(.....
000034e0: c306 280b 0000 0000 0000 0000 0000 0000  ..(.............
000034f0: 0000 0000 0000 0000 0000 0000 0000 0000  ................
00003500: 15bd e921 b81f f9fc fb01 32ea fa0a 010f  ...!......2.....
00003510: 0c0e e218 e0f8 d514 00ff 04d9 f9f9 e7fb  ................
00003520: 02f4 e43c 0000 0000 0000 0000 0000 0000  ...<............
00003530: 0000 0000 0000 0000 0000 0000 0000 0000  ................
00003540: 22ae e5d9 0733 ee08 daed e7db 0db2 29df  "....3........).
00003550: 0feb b807 32ca 0d15 d6d5 c4ae 1804 180a  ....2...........
00003560: bedc deca 0000 0000 0000 0000 0000 0000  ................
00003570: 0000 0000 0000 0000 0000 0000 0000 0000  ................
00003580: ecf4 fcee 11f5 ec07 010f df08 f6eb d6f7  ................
00003590: 01e7 07f3 f401 fc0e 01f9 f3e9 f00f e2e4  ................
000035a0: e903 1b07 0000 0000 0000 0000 0000 0000  ................
000035b0: 0000 0000 0000 0000 0000 0000 0000 0000  ................
000035c0: 08f2 f7eb ee00 0d0d 0400 0113 eaf9 cdf9  ................
000035d0: 030d 010b fa0c 06e8 2916 fc0a 16fd 030b  ........).......
000035e0: f30d f312 0000 0000 0000 0000 0000 0000  ................
000035f0: 0000 0000 0000 0000 0000 0000 0000 0000  ................
00003600: 2af2 1502 d20e 010b fef9 dbf9 23fd e814  *...........#...
00003610: f40b 0de7 00f2 fc08 0907 fbfa e313 f709  ................
00003620: 0a03 ed08 0000 0000 0000 0000 0000 0000  ................
00003630: 0000 0000 0000 0000 0000 0000 0000 0000  ................
00003640: c517 07f3 0001 0ef0 d3f7 dddf e3fe d515  ................
00003650: 06f6 0d1f 0604 fef1 f905 1416 23f9 13ca  ............#...
00003660: 1c1c fefe 0000 0000 0000 0000 0000 0000  ................
00003670: 0000 0000 0000 0000 0000 0000 0000 0000  ................
00003680: f4d3 dbce d6dc e1d7 fdd8 e8ef afae c5bd  ................
00003690: d1e8 bec2 a6e2 d7c4 98b4 fbf3 e59e e6b7  ................
000036a0: faf0 ddc3 0000 0000 0000 0000 0000 0000  ................
000036b0: 0000 0000 0000 0000 0000 0000 0000 0000  ................
000036c0: f0f1 fb04 0616 0608 22e5 0512 03f6 0cf1  ........".......
000036d0: 01fa fbf1 1a17 f5e7 0b05 05ef 0b0d e1fc  ................
000036e0: f4e7 0405 0000 0000 0000 0000 0000 0000  ................
000036f0: 0000 0000 0000 0000 0000 0000 0000 0000  ................
00003700: 12e5 03eb fffa eb22 ecf2 f0f1 0fd5 030e  ......."........
00003710: e5e9 dd1c 0f01 3105 c514 f0ed f616 ecf3  ......1.........
00003720: e7cf feea 0000 0000 0000 0000 0000 0000  ................
00003730: 0000 0000 0000 0000 0000 0000 0000 0000  ................
00003740: 0000 fe00 00ff ecf7 0000 0000 fcfa fefa  ................
00003750: 0000 00e1 00f6 00f3 f8f0 0000 fffe 00ff  ................
00003760: 0000 fd00 0000 0000 0000 0000 0000 0000  ................
00003770: 0000 0000 0000 0000 0000 0000 0000 0000  ................
00003780: fbf7 f3eb dd05 08fb faf1 18e3 0f17 2009  .............. .
00003790: 0b14 d7fc fb0b ec11 e816 13ec ddfd f3e6  ................
000037a0: 0ed8 0dea 0000 0000 0000 0000 0000 0000  ................
000037b0: 0000 0000 0000 0000 0000 0000 0000 0000  ................
000037c0: e5fa 0e26 3204 0ef9 f5f5 cf22 cbfb c303  ...&2......"....
000037d0: 04d1 0502 fef2 c9ea ede6 3ac6 b7f2 aa0d  ..........:.....
000037e0: 2e21 1eeb 0000 0000 0000 0000 0000 0000  .!..............
000037f0: 0000 0000 0000 0000 0000 0000 0000 0000  ................
00003800: 0f05 fa06 0706 07f8 0600 1907 0707 f507  ................
00003810: 0c06 0600 fa00 0607 f913 0707 00fb f90b  ................
00003820: f307 0206 f906 0517 0700 1306 0708 de07  ................
00003830: e913 f900 f900 0729 0307 0512 0006 0406  .......)........
00003840: fe06 0a07 0606 0606 0700 14fb 0605 f201  ................
00003850: 02fa f900 fa00 0606 fa07 0816 00fa 0607  ................
00003860: fa06 ff07 0607 0704 0700 1307 0706 fa06  ................
00003870: ef0a f900 fa00 0606 0307 0707 0067 fa07  .............g..
00003880: f805 0600 fa0e 1401 0c00 1306 0714 1a08  ................
00003890: 080e f900 3000 0680 f913 0512 00f8 ed06  ....0...........
000038a0: 0000 0000 0000 0000 0000 0000 0000 0000  ................
000038b0: 0000 0000 0000 0000 0000 0000 0000 0000  ................
000038c0: 0000 0000 0000 0000 0000 0000 0000 0000  ................
000038d0: 0000 0000 0000 0000 0000 0000 0000 0000  ................
000038e0: 0000 0000 0000 0000 0000 0000 0000 0000  ................
000038f0: 0000 0000 0000 0000 0000 0000 0000 0000  ................
00003900: 0000 0000 0000 0000 0000 0000 0000 0000  ................
00003910: 0000 0000 0000 0000 0000 0000 0000 0000  ................
00003920: 0000 0000 0000 0000 0000 0000 0000 0000  ................
00003930: 0000 0000 0000 0000 0000 0000 0000 0000  ................
00003940: 0000 0000 0000 0000 0000 0000 0000 0000  ................
00003950: 0000 0000 0000 0000 0000 0000 0000 0000  ................
00003960: 0000 0000 0000 0000 0000 0000 0000 0000  ................
00003970: 0000 0000 0000 0000 0000 0000 0000 0000  ................
00003980: 0000 0000 0000 0000 0000 0000 0000 0000  ................
00003990: 0000 0000 0000 0000 0000 0000 0000 0000  ................
000039a0: 0000 0000 0000 0000 0000 0000 0000 0000  ................
000039b0: 0000 0000 0000 0000 0000 0000 0000 0000  ................
000039c0: 0000 0000 0000 0000 0000 0000 0000 0000  ................
000039d0: 0000 0000 0000 0000 0000 0000 0000 0000  ................
000039e0: 0000 0000 0000 0000 0000 0000 0000 0000  ................
000039f0: 0000 0000 0000 0000 0000 0000 0000 0000  ................
00003a00: 0000 0000 0000 0000 0000 0000 0000 0000  ................
00003a10: 0000 0000 0000 0000 0000 0000 0000 0000  ................
00003a20: 0000 0000 0000 0000 0000 0000 0000 0000  ................
00003a30: 0000 0000 0000 0000 0000 0000 0000 0000  ................
00003a40: 0000 0000 0000 0000 0000 0000 0000 0000  ................
00003a50: 0000 0000 0000 0000 0000 0000 0000 0000  ................
00003a60: 0000 0000 0000 0000 0000 0000 0000 0000  ................
00003a70: 0000 0000 0000 0000 0000 0000 0000 0000  ................
00003a80: 0000 0000 0000 0000 0000 0000 0000 0000  ................
00003a90: 0000 0000 0000 0000 0000 0000 0000 0000  ................
00003aa0: 0000 0000 0000 0000 0000 0000 0000 0000  ................
00003ab0: 0000 0000 0000 0000 0000 0000 0000 0000  ................
00003ac0: 0000 0000 0000 0000 0000 0000 0000 0000  ................
00003ad0: 0000 0000 0000 0000 0000 0000 0000 0000  ................
00003ae0: 0000 0000 0000 0000 0000 0000 0000 0000  ................
00003af0: 0000 0000 0000 0000 0000 0000 0000 0000  ................
00003b00: 0000 0000 0000 0000 0000 0000 0000 0000  ................
00003b10: 0000 0000 0000 0000 0000 0000 0000 0000  ................
00003b20: 0000 0000 0000 0000 0000 0000 0000 0000  ................
00003b30: 0000 0000 0000 0000 0000 0000 0000 0000  ................
00003b40: 0000 0000 0000 0000 0000 0000 0000 0000  ................
00003b50: 0000 0000 0000 0000 0000 0000 0000 0000  ................
00003b60: 0000 0000 0000 0000 0000 0000 0000 0000  ................
00003b70: 0000 0000 0000 0000 0000 0000 0000 0000  ................
00003b80: 0000 0000 0000 0000 0000 0000 0000 0000  ................
00003b90: 0000 0000 0000 0000 0000 0000 0000 0000  ................
00003ba0: 0000 0000 0000 0000 0000 0000 0000 0000  ................
00003bb0: 0000 0000 0000 0000 0000 0000 0000 0000  ................
00003bc0: 0000 0000 0000 0000 0000 0000 0000 0000  ................
00003bd0: 0000 0000 0000 0000 0000 0000 0000 0000  ................
00003be0: 0000 0000 0000 0000 0000 0000 0000 0000  ................
00003bf0: 0000 0000 0000 0000 0000 0000 0000 0000  ................
00003c00: 0000 0000 0000 0000 0000 0000 0000 0000  ................
00003c10: 0000 0000 0000 0000 0000 0000 0000 0000  ................
00003c20: 0000 0000 0000 0000 0000 0000 0000 0000  ................
00003c30: 0000 0000 0000 0000 0000 0000 0000 0000  ................
00003c40: 0000 0000 0000 0000 0000 0000 0000 0000  ................
00003c50: 0000 0000 0000 0000 0000 0000 0000 0000  ................
00003c60: 0000 0000 0000 0000 0000 0000 0000 0000  ................
00003c70: 0000 0000 0000 0000 0000 0000 0000 0000  ................
00003c80: 0000 0000 0000 0000 0000 0000 0000 0000  ................
00003c90: 0000 0000 0000 0000 0000 0000 0000 0000  ................
00003ca0: 0000 0000 0000 0000 0000 0000 0000 0000  ................
00003cb0: 0000 0000 0000 0000 0000 0000 0000 0000  ................
00003cc0: 0000 0000 0000 0000 0000 0000 0000 0000  ................
00003cd0: 0000 0000 0000 0000 0000 0000 0000 0000  ................
00003ce0: 0000 0000 0000 0000 0000 0000 0000 0000  ................
00003cf0: 0000 0000 0000 0000 0000 0000 0000 0000  ................
00003d00: 0000 0000 0000 0000 0000 0000 0000 0000  ................
00003d10: 0000 0000 0000 0000 0000 0000 0000 0000  ................
00003d20: 0000 0000 0000 0000 0000 0000 0000 0000  ................
00003d30: 0000 0000 0000 0000 0000 0000 0000 0000  ................
00003d40: 0000 0000 0000 0000 0000 0000 0000 0000  ................
00003d50: 0000 0000 0000 0000 0000 0000 0000 0000  ................
00003d60: 0000 0000 0000 0000 0000 0000 0000 0000  ................
00003d70: 0000 0000 0000 0000 0000 0000 0000 0000  ................
00003d80: 0000 0000 0000 0000 0000 0000 0000 0000  ................
00003d90: 0000 0000 0000 0000 0000 0000 0000 0000  ................
00003da0: 0000 0000 0000 0000 0000 0000 0000 0000  ................
00003db0: 0000 0000 0000 0000 0000 0000 0000 0000  ................
00003dc0: 0000 0000 0000 0000 0000 0000 0000 0000  ................
00003dd0: 0000 0000 0000 0000 0000 0000 0000 0000  ................
00003de0: 0000 0000 0000 0000 0000 0000 0000 0000  ................
00003df0: 0000 0000 0000 0000 0000 0000 0000 0000  ................
00003e00: 0000 0000 0000 0000 0000 0000 0000 0000  ................
00003e10: 0000 0000 0000 0000 0000 0000 0000 0000  ................
00003e20: 0000 0000 0000 0000 0000 0000 0000 0000  ................
00003e30: 0000 0000 0000 0000 0000 0000 0000 0000  ................
00003e40: 0000 0000 0000 0000 0000 0000 0000 0000  ................
00003e50: 0000 0000 0000 0000 0000 0000 0000 0000  ................
00003e60: 0000 0000 0000 0000 0000 0000 0000 0000  ................
00003e70: 0000 0000 0000 0000 0000 0000 0000 0000  ................
00003e80: 0000 0000 0000 0000 0000 0000 0000 0000  ................
00003e90: 0000 0000 0000 0000 0000 0000 0000 0000  ................
00003ea0: 0000 0000 0000 0000 0000 0000 0000 0000  ................
00003eb0: 0000 0000 0000 0000 0000 0000 0000 0000  ................
00003ec0: 0000 0000 0000 0000 0000 0000 0000 0000  ................
00003ed0: 0000 0000 0000 0000 0000 0000 0000 0000  ................
00003ee0: 0000 0000 0000 0000 0000 0000 0000 0000  ................
00003ef0: 0000 0000 0000 0000 0000 0000 0000 0000  ................
00003f00: 0000 0000 0000 0000 0000 0000 0000 0000  ................
00003f10: 0000 0000 0000 0000 0000 0000 0000 0000  ................
00003f20: 0000 0000 0000 0000 0000 0000 0000 0000  ................
00003f30: 0000 0000 0000 0000 0000 0000 0000 0000  ................
00003f40: 0000 0000 0000 0000 0000 0000 0000 0000  ................
00003f50: 0000 0000 0000 0000 0000 0000 0000 0000  ................
00003f60: 0000 0000 0000 0000 0000 0000 0000 0000  ................
00003f70: 0000 0000 0000 0000 0000 0000 0000 0000  ................
00003f80: 0000 0000 0000 0000 0000 0000 0000 0000  ................
00003f90: 0000 0000 0000 0000 0000 0000 0000 0000  ................
00003fa0: 0000 0000 0000 0000 0000 0000 0000 0000  ................
00003fb0: 0000 0000 0000 0000 0000 0000 0000 0000  ................
00003fc0: 0000 0000 0000 0000 0000 0000 0000 0000  ................
00003fd0: 0000 0000 0000 0000 0000 0000 0000 0000  ................
00003fe0: 0000 0000 0000 0000 0000 0000 0000 0000  ................
00003ff0: 0000 0000 0000 0000 0000 0000 0000 0000  ................
00004000: 0bae b01a 1d00 31fe 0c9f e600 f005 3e0f  ......1.......>.
00004010: f600 d3f0 ee2f 2300 0336 0eb7 8000 e416  ...../#..6......
00004020: 2205 1400 2d45 ed11 de00 0b07 072f b900  "...-E......./..
00004030: cd2b 06f9 fe00 ee21 f7d2 e700 4022 d3d8  .+.....!....@"..
00004040: c500 0010 17e3 1d00 12ea 1f4b 3400 f6d4  ...........K4...
00004050: 04d8 e900 f7e8 cfdf 0200 1b09 6568 1900  ............eh..
00004060: 0000 0000 0000 0000 0000 0000 0000 0000  ................
00004070: 0000 0000 0000 0000 0000 0000 0000 0000  ................
00004080: 0000 0000 0000 0000 0000 0000 0000 0000  ................
00004090: 0000 0000 0000 0000 0000 0000 0000 0000  ................
000040a0: 0000 0000 0000 0000 0000 0000 0000 0000  ................
000040b0: 0000 0000 0000 0000 0000 0000 0000 0000  ................
000040c0: 0000 0000 0000 0000 0000 0000 0000 0000  ................
000040d0: 0000 0000 0000 0000 0000 0000 0000 0000  ................
000040e0: 0000 0000 0000 0000 0000 0000 0000 0000  ................
000040f0: 0000 0000 0000 0000 0000 0000 0000 0000  ................
00004100: 0000 0000 0000 0000 0000 0000 0000 0000  ................
00004110: 0000 0000 0000 0000 0000 0000 0000 0000  ................
00004120: 0000 0000 0000 0000 0000 0000 0000 0000  ................
00004130: 0000 0000 0000 0000 0000 0000 0000 0000  ................
00004140: 0000 0000 0000 0000 0000 0000 0000 0000  ................
00004150: 0000 0000 0000 0000 0000 0000 0000 0000  ................
00004160: 0000 0000 0000 0000 0000 0000 0000 0000  ................
00004170: 0000 0000 0000 0000 0000 0000 0000 0000  ................
00004180: 0000 0000 0000 0000 0000 0000 0000 0000  ................
00004190: 0000 0000 0000 0000 0000 0000 0000 0000  ................
000041a0: 0000 0000 0000 0000 0000 0000 0000 0000  ................
000041b0: 0000 0000 0000 0000 0000 0000 0000 0000  ................
000041c0: 0000 0000 0000 0000 0000 0000 0000 0000  ................
000041d0: 0000 0000 0000 0000 0000 0000 0000 0000  ................
000041e0: 0000 0000 0000 0000 0000 0000 0000 0000  ................
000041f0: 0000 0000 0000 0000 0000 0000 0000 0000  ................
00004200: 0000 0000 0000 0000 0000 0000 0000 0000  ................
00004210: 0000 0000 0000 0000 0000 0000 0000 0000  ................
00004220: 0000 0000 0000 0000 0000 0000 0000 0000  ................
00004230: 0000 0000 0000 0000 0000 0000 0000 0000  ................
00004240: 0000 0000 0000 0000 0000 0000 0000 0000  ................
00004250: 0000 0000 0000 0000 0000 0000 0000 0000  ................
00004260: 0000 0000 0000 0000 0000 0000 0000 0000  ................
00004270: 0000 0000 0000 0000 0000 0000 0000 0000  ................
00004280: 0000 0000 0000 0000 0000 0000 0000 0000  ................
00004290: 0000 0000 0000 0000 0000 0000 0000 0000  ................
000042a0: 0000 0000 0000 0000 0000 0000 0000 0000  ................
000042b0: 0000 0000 0000 0000 0000 0000 0000 0000  ................
000042c0: 0000 0000 0000 0000 0000 0000 0000 0000  ................
000042d0: 0000 0000 0000 0000 0000 0000 0000 0000  ................
000042e0: 0000 0000 0000 0000 0000 0000 0000 0000  ................
000042f0: 0000 0000 0000 0000 0000 0000 0000 0000  ................
00004300: 0000 0000 0000 0000 0000 0000 0000 0000  ................
00004310: 0000 0000 0000 0000 0000 0000 0000 0000  ................
00004320: 0000 0000 0000 0000 0000 0000 0000 0000  ................
00004330: 0000 0000 0000 0000 0000 0000 0000 0000  ................
00004340: 0000 0000 0000 0000 0000 0000 0000 0000  ................
00004350: 0000 0000 0000 0000 0000 0000 0000 0000  ................
00004360: 0000 0000 0000 0000 0000 0000 0000 0000  ................
00004370: 0000 0000 0000 0000 0000 0000 0000 0000  ................
00004380: 0000 0000 0000 0000 0000 0000 0000 0000  ................
00004390: 0000 0000 0000 0000 0000 0000 0000 0000  ................
000043a0: 0000 0000 0000 0000 0000 0000 0000 0000  ................
000043b0: 0000 0000 0000 0000 0000 0000 0000 0000  ................
000043c0: 0000 0000 0000 0000 0000 0000 0000 0000  ................
000043d0: 0000 0000 0000 0000 0000 0000 0000 0000  ................
000043e0: 0000 0000 0000 0000 0000 0000 0000 0000  ................
000043f0: 0000 0000 0000 0000 0000 0000 0000 0000  ................
00004400: 0000 0000 0000 0000 0000 0000 0000 0000  ................
00004410: 0000 0000 0000 0000 0000 0000 0000 0000  ................
00004420: 0000 0000 0000 0000 0000 0000 0000 0000  ................
00004430: 0000 0000 0000 0000 0000 0000 0000 0000  ................
00004440: 0000 0000 0000 0000 0000 0000 0000 0000  ................
00004450: 0000 0000 0000 0000 0000 0000 0000 0000  ................
00004460: 0000 0000 0000 0000 0000 0000 0000 0000  ................
00004470: 0000 0000 0000 0000 0000 0000 0000 0000  ................
00004480: 0000 0000 0000 0000 0000 0000 0000 0000  ................
00004490: 0000 0000 0000 0000 0000 0000 0000 0000  ................
000044a0: 0000 0000 0000 0000 0000 0000 0000 0000  ................
000044b0: 0000 0000 0000 0000 0000 0000 0000 0000  ................
000044c0: 0000 0000 0000 0000 0000 0000 0000 0000  ................
000044d0: 0000 0000 0000 0000 0000 0000 0000 0000  ................
000044e0: 0000 0000 0000 0000 0000 0000 0000 0000  ................
000044f0: 0000 0000 0000 0000 0000 0000 0000 0000  ................
00004500: 0000 0000 0000 0000 0000 0000 0000 0000  ................
00004510: 0000 0000 0000 0000 0000 0000 0000 0000  ................
00004520: 0000 0000 0000 0000 0000 0000 0000 0000  ................
00004530: 0000 0000 0000 0000 0000 0000 0000 0000  ................
00004540: 0000 0000 0000 0000 0000 0000 0000 0000  ................
00004550: 0000 0000 0000 0000 0000 0000 0000 0000  ................
00004560: 0000 0000 0000 0000 0000 0000 0000 0000  ................
00004570: 0000 0000 0000 0000 0000 0000 0000 0000  ................
00004580: 0000 0000 0000 0000 0000 0000 0000 0000  ................
00004590: 0000 0000 0000 0000 0000 0000 0000 0000  ................
000045a0: 0000 0000 0000 0000 0000 0000 0000 0000  ................
000045b0: 0000 0000 0000 0000 0000 0000 0000 0000  ................
000045c0: 0000 0000 0000 0000 0000 0000 0000 0000  ................
000045d0: 0000 0000 0000 0000 0000 0000 0000 0000  ................
000045e0: 0000 0000 0000 0000 0000 0000 0000 0000  ................
000045f0: 0000 0000 0000 0000 0000 0000 0000 0000  ................
00004600: 0000 0000 0000 0000 0000 0000 0000 0000  ................
00004610: 0000 0000 0000 0000 0000 0000 0000 0000  ................
00004620: 0000 0000 0000 0000 0000 0000 0000 0000  ................
00004630: 0000 0000 0000 0000 0000 0000 0000 0000  ................
00004640: 0000 0000 0000 0000 0000 0000 0000 0000  ................
00004650: 0000 0000 0000 0000 0000 0000 0000 0000  ................
00004660: 0000 0000 0000 0000 0000 0000 0000 0000  ................
00004670: 0000 0000 0000 0000 0000 0000 0000 0000  ................
00004680: 0000 0000 0000 0000 0000 0000 0000 0000  ................
00004690: 0000 0000 0000 0000 0000 0000 0000 0000  ................
000046a0: 0000 0000 0000 0000 0000 0000 0000 0000  ................
000046b0: 0000 0000 0000 0000 0000 0000 0000 0000  ................
000046c0: 0000 0000 0000 0000 0000 0000 0000 0000  ................
000046d0: 0000 0000 0000 0000 0000 0000 0000 0000  ................
000046e0: 0000 0000 0000 0000 0000 0000 0000 0000  ................
000046f0: 0000 0000 0000 0000 0000 0000 0000 0000  ................
00004700: 0000 0000 0000 0000 0000 0000 0000 0000  ................
00004710: 0000 0000 0000 0000 0000 0000 0000 0000  ................
00004720: 0000 0000 0000 0000 0000 0000 0000 0000  ................
00004730: 0000 0000 0000 0000 0000 0000 0000 0000  ................
00004740: 0000 0000 0000 0000 0000 0000 0000 0000  ................
00004750: 0000 0000 0000 0000 0000 0000 0000 0000  ................
00004760: 0000 0000 0000 0000 0000 0000 0000 0000  ................
00004770: 0000 0000 0000 0000 0000 0000 0000 0000  ................
00004780: 0000 0000 0000 0000 0000 0000 0000 0000  ................
00004790: 0000 0000 0000 0000 0000 0000 0000 0000  ................
000047a0: 0000 0000 0000 0000 0000 0000 0000 0000  ................
000047b0: 0000 0000 0000 0000 0000 0000 0000 0000  ................
000047c0: 0000 0000 0000 0000 0000 0000 0000 0000  ................
000047d0: 0000 0000 0000 0000 0000 0000 0000 0000  ................
000047e0: 0000 0000 0000 0000 0000 0000 0000 0000  ................
000047f0: 0000 0000 0000 0000 0000 0000 0000 0000  ................
00004800: 0b14 f4ac e900 e0e0 f0cc eb00 0008 e3d8  ................
00004810: e200 19fe 1212 ec00 404a dbf5 dc00 d8b1  ........@J......
00004820: 24de e300 001c 07ed 1d00 9fab fd0c 1100  $...............
00004830: f513 162f ff00 03dc 021e 2300 f9ef f934  .../......#....4
00004840: 1d00 8080 f11d ca00 deef 061d 0700 2e40  ...............@
00004850: e3e7 2b00 d2ff f705 fe00 0d10 b6e5 1a00  ..+.............
00004860: 00f4 fe20 3400 d51f 4440 2400 fe22 b847  ... 4...D@$..".G
00004870: 0400 03ec c7ef 0c00 2019 31f6 1200 f951  ........ .1....Q
00004880: e01c 1a00 f5f7 04dd 0600 0d42 e0c0 2a00  ...........B..*.
00004890: 25fb eef9 1100 03cc 110e fe00 f308 f9d0  %...............
000048a0: 0b00 2e57 dafd 1200 15e6 d0d1 e400 3400  ...W..........4.
000048b0: 040a fc00 fbf7 f7e9 1500 f54b dfc0 2900  ...........K..).
000048c0: ed26 1301 dc00 d6fa fb0c cf00 eafa 12fb  .&..............
000048d0: 0600 0613 2e06 fd00 fef8 fd20 de00 e8f2  ........... ....
000048e0: faef e200 fc1f 0bf7 0700 24f4 121a 0400  ..........$.....
000048f0: e0e4 07ed c200 f61a 292d 0600 2620 fafa  ........)-..& ..
00004900: db00 0702 28fc e600 1909 00fc f500 f5f1  ....(...........
00004910: 261a f000 1102 0ae8 0400 12f2 4acc d600  &...........J...
00004920: e10e d8c4 1a00 decd e6be d300 fc12 17ff  ................
00004930: eb00 fb02 f1e2 0500 564a 3551 3e00 b8ec  ........VJ5Q>...
00004940: e7e9 2800 1916 c4f8 2300 ee2e 12f6 fb00  ..(.....#.......
00004950: 2306 f7fc 2800 f306 0504 1900 d8cc c1e3  #...(...........
00004960: d900 fee1 2d27 1b00 fff1 14dc d700 275a  ....-'........'Z
00004970: 1045 f500 c0d8 0607 e500 e9e7 4b7a 1600  .E..........Kz..
00004980: 0000 0000 0000 0000 0000 0000 0000 0000  ................
00004990: 0000 0000 0000 0000 0000 0000 0000 0000  ................
000049a0: 0000 0000 0000 0000 0000 0000 0000 0000  ................
000049b0: 0000 0000 0000 0000 0000 0000 0000 0000  ................
000049c0: 0000 0000 0000 0000 0000 0000 0000 0000  ................
000049d0: 0000 0000 0000 0000 0000 0000 0000 0000  ................
000049e0: 0000 0000 0000 0000 0000 0000 0000 0000  ................
000049f0: 0000 0000 0000 0000 0000 0000 0000 0000  ................
00004a00: 0000 0000 0000 0000 0000 0000 0000 0000  ................
00004a10: 0000 0000 0000 0000 0000 0000 0000 0000  ................
00004a20: 0000 0000 0000 0000 0000 0000 0000 0000  ................
00004a30: 0000 0000 0000 0000 0000 0000 0000 0000  ................
00004a40: 0000 0000 0000 0000 0000 0000 0000 0000  ................
00004a50: 0000 0000 0000 0000 0000 0000 0000 0000  ................
00004a60: 0000 0000 0000 0000 0000 0000 0000 0000  ................
00004a70: 0000 0000 0000 0000 0000 0000 0000 0000  ................
00004a80: 0000 0000 0000 0000 0000 0000 0000 0000  ................
00004a90: 0000 0000 0000 0000 0000 0000 0000 0000  ................
00004aa0: 0000 0000 0000 0000 0000 0000 0000 0000  ................
00004ab0: 0000 0000 0000 0000 0000 0000 0000 0000  ................
00004ac0: 0000 0000 0000 0000 0000 0000 0000 0000  ................
00004ad0: 0000 0000 0000 0000 0000 0000 0000 0000  ................
00004ae0: 0000 0000 0000 0000 0000 0000 0000 0000  ................
00004af0: 0000 0000 0000 0000 0000 0000 0000 0000  ................
00004b00: 0000 0000 0000 0000 0000 0000 0000 0000  ................
00004b10: 0000 0000 0000 0000 0000 0000 0000 0000  ................
00004b20: 0000 0000 0000 0000 0000 0000 0000 0000  ................
00004b30: 0000 0000 0000 0000 0000 0000 0000 0000  ................
00004b40: 0000 0000 0000 0000 0000 0000 0000 0000  ................
00004b50: 0000 0000 0000 0000 0000 0000 0000 0000  ................
00004b60: 0000 0000 0000 0000 0000 0000 0000 0000  ................
00004b70: 0000 0000 0000 0000 0000 0000 0000 0000  ................
00004b80: 0000 0000 0000 0000 0000 0000 0000 0000  ................
00004b90: 0000 0000 0000 0000 0000 0000 0000 0000  ................
00004ba0: 0000 0000 0000 0000 0000 0000 0000 0000  ................
00004bb0: 0000 0000 0000 0000 0000 0000 0000 0000  ................
00004bc0: 0000 0000 0000 0000 0000 0000 0000 0000  ................
00004bd0: 0000 0000 0000 0000 0000 0000 0000 0000  ................
00004be0: 0000 0000 0000 0000 0000 0000 0000 0000  ................
00004bf0: 0000 0000 0000 0000 0000 0000 0000 0000  ................
00004c00: 0000 0000 0000 0000 0000 0000 0000 0000  ................
00004c10: 0000 0000 0000 0000 0000 0000 0000 0000  ................
00004c20: 0000 0000 0000 0000 0000 0000 0000 0000  ................
00004c30: 0000 0000 0000 0000 0000 0000 0000 0000  ................
00004c40: 0000 0000 0000 0000 0000 0000 0000 0000  ................
00004c50: 0000 0000 0000 0000 0000 0000 0000 0000  ................
00004c60: 0000 0000 0000 0000 0000 0000 0000 0000  ................
00004c70: 0000 0000 0000 0000 0000 0000 0000 0000  ................
00004c80: 0000 0000 0000 0000 0000 0000 0000 0000  ................
00004c90: 0000 0000 0000 0000 0000 0000 0000 0000  ................
00004ca0: 0000 0000 0000 0000 0000 0000 0000 0000  ................
00004cb0: 0000 0000 0000 0000 0000 0000 0000 0000  ................
00004cc0: 0000 0000 0000 0000 0000 0000 0000 0000  ................
00004cd0: 0000 0000 0000 0000 0000 0000 0000 0000  ................
00004ce0: 0000 0000 0000 0000 0000 0000 0000 0000  ................
00004cf0: 0000 0000 0000 0000 0000 0000 0000 0000  ................
00004d00: 0000 0000 0000 0000 0000 0000 0000 0000  ................
00004d10: 0000 0000 0000 0000 0000 0000 0000 0000  ................
00004d20: 0000 0000 0000 0000 0000 0000 0000 0000  ................
00004d30: 0000 0000 0000 0000 0000 0000 0000 0000  ................
00004d40: 0000 0000 0000 0000 0000 0000 0000 0000  ................
00004d50: 0000 0000 0000 0000 0000 0000 0000 0000  ................
00004d60: 0000 0000 0000 0000 0000 0000 0000 0000  ................
00004d70: 0000 0000 0000 0000 0000 0000 0000 0000  ................
00004d80: 0000 0000 0000 0000 0000 0000 0000 0000  ................
00004d90: 0000 0000 0000 0000 0000 0000 0000 0000  ................
00004da0: 0000 0000 0000 0000 0000 0000 0000 0000  ................
00004db0: 0000 0000 0000 0000 0000 0000 0000 0000  ................
00004dc0: 0000 0000 0000 0000 0000 0000 0000 0000  ................
00004dd0: 0000 0000 0000 0000 0000 0000 0000 0000  ................
00004de0: 0000 0000 0000 0000 0000 0000 0000 0000  ................
00004df0: 0000 0000 0000 0000 0000 0000 0000 0000  ................
00004e00: 0000 0000 0000 0000 0000 0000 0000 0000  ................
00004e10: 0000 0000 0000 0000 0000 0000 0000 0000  ................
00004e20: 0000 0000 0000 0000 0000 0000 0000 0000  ................
00004e30: 0000 0000 0000 0000 0000 0000 0000 0000  ................
00004e40: 0000 0000 0000 0000 0000 0000 0000 0000  ................
00004e50: 0000 0000 0000 0000 0000 0000 0000 0000  ................
00004e60: 0000 0000 0000 0000 0000 0000 0000 0000  ................
00004e70: 0000 0000 0000 0000 0000 0000 0000 0000  ................
00004e80: 0000 0000 0000 0000 0000 0000 0000 0000  ................
00004e90: 0000 0000 0000 0000 0000 0000 0000 0000  ................
00004ea0: 0000 0000 0000 0000 0000 0000 0000 0000  ................
00004eb0: 0000 0000 0000 0000 0000 0000 0000 0000  ................
00004ec0: 0000 0000 0000 0000 0000 0000 0000 0000  ................
00004ed0: 0000 0000 0000 0000 0000 0000 0000 0000  ................
00004ee0: 0000 0000 0000 0000 0000 0000 0000 0000  ................
00004ef0: 0000 0000 0000 0000 0000 0000 0000 0000  ................
00004f00: 0000 0000 0000 0000 0000 0000 0000 0000  ................
00004f10: 0000 0000 0000 0000 0000 0000 0000 0000  ................
00004f20: 0000 0000 0000 0000 0000 0000 0000 0000  ................
00004f30: 0000 0000 0000 0000 0000 0000 0000 0000  ................
00004f40: 0000 0000 0000 0000 0000 0000 0000 0000  ................
00004f50: 0000 0000 0000 0000 0000 0000 0000 0000  ................
00004f60: 0000 0000 0000 0000 0000 0000 0000 0000  ................
00004f70: 0000 0000 0000 0000 0000 0000 0000 0000  ................
00004f80: 0000 0000 0000 0000 0000 0000 0000 0000  ................
00004f90: 0000 0000 0000 0000 0000 0000 0000 0000  ................
00004fa0: 0000 0000 0000 0000 0000 0000 0000 0000  ................
00004fb0: 0000 0000 0000 0000 0000 0000 0000 0000  ................
00004fc0: 0000 0000 0000 0000 0000 0000 0000 0000  ................
00004fd0: 0000 0000 0000 0000 0000 0000 0000 0000  ................
00004fe0: 0000 0000 0000 0000 0000 0000 0000 0000  ................
00004ff0: 0000 0000 0000 0000 0000 0000 0000 0000  ................
00005000: 0bc9 faf3 1614 f217 fbfc 23fd 1ee5 2805  ..........#...(.
00005010: 0e26 fef0 ea0b 0905 fb07 e401 f5dd 12fe  .&..............
00005020: ebfd fb0b 0000 0000 0000 0000 0000 0000  ................
00005030: 0000 0000 0000 0000 0000 0000 0000 0000  ................
00005040: 1a0c eae2 0d07 eb0d ed05 e518 f5e2 fcfc  ................
00005050: 0bfd 09e1 b9f0 16f7 15f6 0ced d409 f4fc  ................
00005060: 1102 fb13 0000 0000 0000 0000 0000 0000  ................
00005070: 0000 0000 0000 0000 0000 0000 0000 0000  ................
00005080: 2b35 0b03 cc09 f615 eee7 fb0e e907 080d  +5..............
00005090: c60a 07f7 f4d7 08d0 23cc f212 db29 310d  ........#....)1.
000050a0: e0fd fd1e 0000 0000 0000 0000 0000 0000  ................
000050b0: 0000 0000 0000 0000 0000 0000 0000 0000  ................
000050c0: 11fe f8ef ff16 02f4 14f8 e9f0 02fe 0eef  ................
000050d0: 14d8 f7f3 1cdd 0dfa 07e1 080c 010b 0405  ................
000050e0: 0b12 15f5 0000 0000 0000 0000 0000 0000  ................
000050f0: 0000 0000 0000 0000 0000 0000 0000 0000  ................
00005100: fae4 e7f1 fd0d fb17 ffe8 03e9 02ff 07ea  ................
00005110: ee09 0efc f10d ff23 0de8 07ea f804 e9f1  .......#........
00005120: 0ee6 200e 0000 0000 0000 0000 0000 0000  .. .............
00005130: 0000 0000 0000 0000 0000 0000 0000 0000  ................
00005140: f2e8 f2da 08ee fd1e 03e8 f90d 15fd e4dd  ................
00005150: fd1e ee17 ef16 0df4 01f6 0cfb 0326 f0e9  .............&..
00005160: 03eb f30b 0000 0000 0000 0000 0000 0000  ................
00005170: 0000 0000 0000 0000 0000 0000 0000 0000  ................
00005180: f2f4 01ef f508 0507 feea ea16 fc1e 0e17  ................
00005190: 13f4 1df4 07ef 0404 e7f0 06fc ff1a 09f7  ................
000051a0: f317 f602 0000 0000 0000 0000 0000 0000  ................
000051b0: 0000 0000 0000 0000 0000 0000 0000 0000  ................
000051c0: f2f1 f0ef 0607 ec0b 0319 d7f5 fe0e 0616  ................
000051d0: fef6 05f1 e905 fafb fbff fcf5 c4f6 2b1c  ..............+.
000051e0: 10e4 13e6 0000 0000 0000 0000 0000 0000  ................
000051f0: 0000 0000 0000 0000 0000 0000 0000 0000  ................
00005200: 05ea 04fd 0c04 f315 f1ff ee10 0209 0018  ................
00005210: 0314 dfe4 fa0d 09e6 09ed d3e1 1702 ffed  ................
00005220: ea09 01e7 0000 0000 0000 0000 0000 0000  ................
00005230: 0000 0000 0000 0000 0000 0000 0000 0000  ................
00005240: 0000 0000 ff00 0000 0000 0000 0000 0000  ................
00005250: 0000 0000 0000 00fc 0000 0000 0000 0000  ................
00005260: 0000 0000 0000 0000 0000 0000 0000 0000  ................
00005270: 0000 0000 0000 0000 0000 0000 0000 0000  ................
00005280: 04ec f500 f312 fa04 f40d f9f2 0b04 fc0d  ................
00005290: 14ef faff f9f0 0004 140d f4f1 ef0a e523  ...............#
000052a0: f309 0ef2 0000 0000 0000 0000 0000 0000  ................
000052b0: 0000 0000 0000 0000 0000 0000 0000 0000  ................
000052c0: 17f7 fb36 31f3 ffdf 02f0 fc29 f20c f705  ...61......)....
000052d0: 1f17 dd05 06ea 1717 02e8 e9ee b60a 3205  ..............2.
000052e0: 0800 f4de 0000 0000 0000 0000 0000 0000  ................
000052f0: 0000 0000 0000 0000 0000 0000 0000 0000  ................
00005300: fe13 13e3 fbfd 0bfd f8fc f7ef f802 17fa  ................
00005310: 061c 04f6 ecf1 f433 ef11 feef f102 09f6  .......3........
00005320: fc20 fffe 0000 0000 0000 0000 0000 0000  . ..............
00005330: 0000 0000 0000 0000 0000 0000 0000 0000  ................
00005340: e7d5 fee9 f4ea ec03 0cf3 0d04 0605 1107  ................
00005350: f22a d620 ff07 0f0c ebfe 16fe 2821 0be8  .*. ........(!..
00005360: 1aeb fa01 0000 0000 0000 0000 0000 0000  ................
00005370: 0000 0000 0000 0000 0000 0000 0000 0000  ................
00005380: eff9 fbf4 f3c5 d7ea cbe6 cdc1 0dcb e1d1  ................
00005390: c5bf f7e5 efc0 dec5 c5ff ecf9 f6eb fabf  ................
000053a0: d3c2 e0bb 0000 0000 0000 0000 0000 0000  ................
000053b0: 0000 0000 0000 0000 0000 0000 0000 0000  ................
000053c0: 04d8 feec e20e ef01 0d0f fc09 fb07 0e0c  ................
000053d0: f7fe 01f3 e40f 02f0 0f05 0feb 26fb eb07  ............&...
000053e0: 0816 090f 0000 0000 0000 0000 0000 0000  ................
000053f0: 0000 0000 0000 0000 0000 0000 0000 0000  ................
00005400: f80b fee3 f3eb 0b13 0fff 0002 04f7 ee03  ................
00005410: 1010 0006 04e7 efe0 0909 14f8 f5fe e6f8  ................
00005420: 0009 04fb 0000 0000 0000 0000 0000 0000  ................
00005430: 0000 0000 0000 0000 0000 0000 0000 0000  ................
00005440: 01fb 04ef f2e7 0804 fb0a ec21 08fd f00e  ...........!....
00005450: feef e2f0 f3fa 0504 1311 04fb 0120 eb05  ............. ..
00005460: 091e 14fc 0000 0000 0000 0000 0000 0000  ................
00005470: 0000 0000 0000 0000 0000 0000 0000 0000  ................
00005480: a480 e808 1608 2b31 e01d fbe1 03eb a0ee  ......+1........
00005490: e303 b21f 04f8 c8ff f2fd e8e7 e6fd fdd4  ................
000054a0: 02d5 08fa 0000 0000 0000 0000 0000 0000  ................
000054b0: 0000 0000 0000 0000 0000 0000 0000 0000  ................
000054c0: 0000 0000 fe00 fe00 0000 0000 0000 0000  ................
000054d0: 0000 0000 00ff 00e8 0000 0000 0000 0000  ................
000054e0: ff00 0000 0000 0000 0000 0000 0000 0000  ................
000054f0: 0000 0000 0000 0000 0000 0000 0000 0000  ................
00005500: ee11 04de d7f5 fd20 01e6 f4e0 14de e9f5  ....... ........
00005510: eb17 fae5 0e0d 0b22 f4e5 01e9 13ea e6f3  ......."........
00005520: f8e8 ec03 0000 0000 0000 0000 0000 0000  ................
00005530: 0000 0000 0000 0000 0000 0000 0000 0000  ................
00005540: 0000 0000 eef4 f0ff ffff 00fe ffff 00fd  ................
00005550: fdeb 00fe 00fa fce4 f9fc 0000 00f6 0000  ................
00005560: f6fc fefb 0000 0000 0000 0000 0000 0000  ................
00005570: 0000 0000 0000 0000 0000 0000 0000 0000  ................
00005580: dc11 de0e c8fa 07e0 f1f7 f906 ea0c e409  ................
00005590: d00e cfee 090f 04f8 06f6 080c dce6 fa0e  ................
000055a0: 060e 28fb 0000 0000 0000 0000 0000 0000  ..(.............
000055b0: 0000 0000 0000 0000 0000 0000 0000 0000  ................
000055c0: eee0 151d 6cb3 b8ef 1752 fe80 810a e07f  ....l....R......
000055d0: 8080 b309 f113 a6da ba1a a061 c0be 0fc4  ...........a....
000055e0: cf8e 8001 0000 0000 0000 0000 0000 0000  ................
000055f0: 0000 0000 0000 0000 0000 0000 0000 0000  ................
00005600: 03d9 f303 0df3 10fb 01fa e5fb f7ff 0008  ................
00005610: fdf3 06ed f6e8 fdec f5fd fbf4 dae8 1a34  ...............4
00005620: 0ffe ec17 0000 0000 0000 0000 0000 0000  ................
00005630: 0000 0000 0000 0000 0000 0000 0000 0000  ................
00005640: 00d2 f60b fc01 2712 dc16 e0fa 160d faf3  ......'.........
00005650: f2ff 0ef2 ee02 1913 03ec 05e3 f208 0206  ................
00005660: fc0f 2500 0000 0000 0000 0000 0000 0000  ..%.............
00005670: 0000 0000 0000 0000 0000 0000 0000 0000  ................
00005680: f6fc ecf0 d1c7 c6eb d5ec dcc0 ebc8 dbd8  ................
00005690: 999b e7e7 ead8 9699 bfda eeff f780 fac9  ................
000056a0: bfb6 b6ad 0000 0000 0000 0000 0000 0000  ................
000056b0: 0000 0000 0000 0000 0000 0000 0000 0000  ................
000056c0: 2003 0808 d001 0d16 07f7 15f2 f017 fcf4   ...............
000056d0: 0bfb 0bf3 f203 0b00 1a0b ea0b e2ef fcfb  ................
000056e0: e10b 12fb 0000 0000 0000 0000 0000 0000  ................
000056f0: 0000 0000 0000 0000 0000 0000 0000 0000  ................
00005700: aad3 042b 0407 eedc 1d1c 2106 e403 b2c3  ...+......!.....
00005710: ff0d df05 17f7 b100 110f 15f9 d5fa 062d  ...............-
00005720: cf21 ecfa 0000 0000 0000 0000 0000 0000  .!..............
00005730: 0000 0000 0000 0000 0000 0000 0000 0000  ................
00005740: ca00 e002 e0cf 2016 150c 0ef6 feca d4ee  ...... .........
00005750: e9f1 fff3 28e0 dfec 20fc 0df4 5ff0 dacf  ....(... ..._...
00005760: f724 2306 0000 0000 0000 0000 0000 0000  .$#.............
00005770: 0000 0000 0000 0000 0000 0000 0000 0000  ................
00005780: f210 8045 94a7 b5e4 8df2 9ac6 20e6 8051  ...E........ ..Q
00005790: b4ad ea1c abea 14a6 cbf0 b91b cd9c f013  ................
000057a0: c5f0 1f30 0000 0000 0000 0000 0000 0000  ...0............
000057b0: 0000 0000 0000 0000 0000 0000 0000 0000  ................
000057c0: fbf3 ea0d e9fc eb24 f713 17f3 ef0d f316  .......$........
000057d0: 1911 f4ee 0ff6 0d00 09ea 09ef f00d f0fe  ................
000057e0: f2f3 0510 0000 0000 0000 0000 0000 0000  ................
000057f0: 0000 0000 0000 0000 0000 0000 0000 0000  ................
00005800: ef7f fb06 06fc 0612 0603 04f9 1508 20f5  .............. .
00005810: 0613 f906 0304 0406 0807 04fc 030c 0607  ................
00005820: fa06 eb20 0613 6f13 fa06 f405 130d 2d06  ... ..o.......-.
00005830: 0606 06fa fc05 07fa 0707 0ef2 ec05 fa0f  ................
00005840: fa08 1407 06fb fa06 fa06 0601 1906 2dfc  ..............-.
00005850: 0507 13f9 fa03 132a 06fc e613 0613 f9e3  .......*........
00005860: fa0d fc09 f904 0509 ec13 0607 1b13 24fd  ..............$.
00005870: 0608 0507 06f9 07f8 0607 eedf fb05 0705  ................
00005880: fa06 0606 0506 0313 5607 0606 1e0f 2d09  ........V.....-.
00005890: 0606 0601 0707 06ff 06fc ebf5 f9d3 06fd  ................
000058a0: 0000 0000 0000 0000 0000 0000 0000 0000  ................
000058b0: 0000 0000 0000 0000 0000 0000 0000 0000  ................
000058c0: 0000 0000 0000 0000 0000 0000 0000 0000  ................
000058d0: 0000 0000 0000 0000 0000 0000 0000 0000  ................
000058e0: 0000 0000 0000 0000 0000 0000 0000 0000  ................
000058f0: 0000 0000 0000 0000 0000 0000 0000 0000  ................
00005900: 0000 0000 0000 0000 0000 0000 0000 0000  ................
00005910: 0000 0000 0000 0000 0000 0000 0000 0000  ................
00005920: 0000 0000 0000 0000 0000 0000 0000 0000  ................
00005930: 0000 0000 0000 0000 0000 0000 0000 0000  ................
00005940: 0000 0000 0000 0000 0000 0000 0000 0000  ................
00005950: 0000 0000 0000 0000 0000 0000 0000 0000  ................
00005960: 0000 0000 0000 0000 0000 0000 0000 0000  ................
00005970: 0000 0000 0000 0000 0000 0000 0000 0000  ................
00005980: 0000 0000 0000 0000 0000 0000 0000 0000  ................
00005990: 0000 0000 0000 0000 0000 0000 0000 0000  ................
000059a0: 0000 0000 0000 0000 0000 0000 0000 0000  ................
000059b0: 0000 0000 0000 0000 0000 0000 0000 0000  ................
000059c0: 0000 0000 0000 0000 0000 0000 0000 0000  ................
000059d0: 0000 0000 0000 0000 0000 0000 0000 0000  ................
000059e0: 0000 0000 0000 0000 0000 0000 0000 0000  ................
000059f0: 0000 0000 0000 0000 0000 0000 0000 0000  ................
00005a00: 0000 0000 0000 0000 0000 0000 0000 0000  ................
00005a10: 0000 0000 0000 0000 0000 0000 0000 0000  ................
00005a20: 0000 0000 0000 0000 0000 0000 0000 0000  ................
00005a30: 0000 0000 0000 0000 0000 0000 0000 0000  ................
00005a40: 0000 0000 0000 0000 0000 0000 0000 0000  ................
00005a50: 0000 0000 0000 0000 0000 0000 0000 0000  ................
00005a60: 0000 0000 0000 0000 0000 0000 0000 0000  ................
00005a70: 0000 0000 0000 0000 0000 0000 0000 0000  ................
00005a80: 0000 0000 0000 0000 0000 0000 0000 0000  ................
00005a90: 0000 0000 0000 0000 0000 0000 0000 0000  ................
00005aa0: 0000 0000 0000 0000 0000 0000 0000 0000  ................
00005ab0: 0000 0000 0000 0000 0000 0000 0000 0000  ................
00005ac0: 0000 0000 0000 0000 0000 0000 0000 0000  ................
00005ad0: 0000 0000 0000 0000 0000 0000 0000 0000  ................
00005ae0: 0000 0000 0000 0000 0000 0000 0000 0000  ................
00005af0: 0000 0000 0000 0000 0000 0000 0000 0000  ................
00005b00: 0000 0000 0000 0000 0000 0000 0000 0000  ................
00005b10: 0000 0000 0000 0000 0000 0000 0000 0000  ................
00005b20: 0000 0000 0000 0000 0000 0000 0000 0000  ................
00005b30: 0000 0000 0000 0000 0000 0000 0000 0000  ................
00005b40: 0000 0000 0000 0000 0000 0000 0000 0000  ................
00005b50: 0000 0000 0000 0000 0000 0000 0000 0000  ................
00005b60: 0000 0000 0000 0000 0000 0000 0000 0000  ................
00005b70: 0000 0000 0000 0000 0000 0000 0000 0000  ................
00005b80: 0000 0000 0000 0000 0000 0000 0000 0000  ................
00005b90: 0000 0000 0000 0000 0000 0000 0000 0000  ................
00005ba0: 0000 0000 0000 0000 0000 0000 0000 0000  ................
00005bb0: 0000 0000 0000 0000 0000 0000 0000 0000  ................
00005bc0: 0000 0000 0000 0000 0000 0000 0000 0000  ................
00005bd0: 0000 0000 0000 0000 0000 0000 0000 0000  ................
00005be0: 0000 0000 0000 0000 0000 0000 0000 0000  ................
00005bf0: 0000 0000 0000 0000 0000 0000 0000 0000  ................
00005c00: 0000 0000 0000 0000 0000 0000 0000 0000  ................
00005c10: 0000 0000 0000 0000 0000 0000 0000 0000  ................
00005c20: 0000 0000 0000 0000 0000 0000 0000 0000  ................
00005c30: 0000 0000 0000 0000 0000 0000 0000 0000  ................
00005c40: 0000 0000 0000 0000 0000 0000 0000 0000  ................
00005c50: 0000 0000 0000 0000 0000 0000 0000 0000  ................
00005c60: 0000 0000 0000 0000 0000 0000 0000 0000  ................
00005c70: 0000 0000 0000 0000 0000 0000 0000 0000  ................
00005c80: 0000 0000 0000 0000 0000 0000 0000 0000  ................
00005c90: 0000 0000 0000 0000 0000 0000 0000 0000  ................
00005ca0: 0000 0000 0000 0000 0000 0000 0000 0000  ................
00005cb0: 0000 0000 0000 0000 0000 0000 0000 0000  ................
00005cc0: 0000 0000 0000 0000 0000 0000 0000 0000  ................
00005cd0: 0000 0000 0000 0000 0000 0000 0000 0000  ................
00005ce0: 0000 0000 0000 0000 0000 0000 0000 0000  ................
00005cf0: 0000 0000 0000 0000 0000 0000 0000 0000  ................
00005d00: 0000 0000 0000 0000 0000 0000 0000 0000  ................
00005d10: 0000 0000 0000 0000 0000 0000 0000 0000  ................
00005d20: 0000 0000 0000 0000 0000 0000 0000 0000  ................
00005d30: 0000 0000 0000 0000 0000 0000 0000 0000  ................
00005d40: 0000 0000 0000 0000 0000 0000 0000 0000  ................
00005d50: 0000 0000 0000 0000 0000 0000 0000 0000  ................
00005d60: 0000 0000 0000 0000 0000 0000 0000 0000  ................
00005d70: 0000 0000 0000 0000 0000 0000 0000 0000  ................
00005d80: 0000 0000 0000 0000 0000 0000 0000 0000  ................
00005d90: 0000 0000 0000 0000 0000 0000 0000 0000  ................
00005da0: 0000 0000 0000 0000 0000 0000 0000 0000  ................
00005db0: 0000 0000 0000 0000 0000 0000 0000 0000  ................
00005dc0: 0000 0000 0000 0000 0000 0000 0000 0000  ................
00005dd0: 0000 0000 0000 0000 0000 0000 0000 0000  ................
00005de0: 0000 0000 0000 0000 0000 0000 0000 0000  ................
00005df0: 0000 0000 0000 0000 0000 0000 0000 0000  ................
00005e00: 0000 0000 0000 0000 0000 0000 0000 0000  ................
00005e10: 0000 0000 0000 0000 0000 0000 0000 0000  ................
00005e20: 0000 0000 0000 0000 0000 0000 0000 0000  ................
00005e30: 0000 0000 0000 0000 0000 0000 0000 0000  ................
00005e40: 0000 0000 0000 0000 0000 0000 0000 0000  ................
00005e50: 0000 0000 0000 0000 0000 0000 0000 0000  ................
00005e60: 0000 0000 0000 0000 0000 0000 0000 0000  ................
00005e70: 0000 0000 0000 0000 0000 0000 0000 0000  ................
00005e80: 0000 0000 0000 0000 0000 0000 0000 0000  ................
00005e90: 0000 0000 0000 0000 0000 0000 0000 0000  ................
00005ea0: 0000 0000 0000 0000 0000 0000 0000 0000  ................
00005eb0: 0000 0000 0000 0000 0000 0000 0000 0000  ................
00005ec0: 0000 0000 0000 0000 0000 0000 0000 0000  ................
00005ed0: 0000 0000 0000 0000 0000 0000 0000 0000  ................
00005ee0: 0000 0000 0000 0000 0000 0000 0000 0000  ................
00005ef0: 0000 0000 0000 0000 0000 0000 0000 0000  ................
00005f00: 0000 0000 0000 0000 0000 0000 0000 0000  ................
00005f10: 0000 0000 0000 0000 0000 0000 0000 0000  ................
00005f20: 0000 0000 0000 0000 0000 0000 0000 0000  ................
00005f30: 0000 0000 0000 0000 0000 0000 0000 0000  ................
00005f40: 0000 0000 0000 0000 0000 0000 0000 0000  ................
00005f50: 0000 0000 0000 0000 0000 0000 0000 0000  ................
00005f60: 0000 0000 0000 0000 0000 0000 0000 0000  ................
00005f70: 0000 0000 0000 0000 0000 0000 0000 0000  ................
00005f80: 0000 0000 0000 0000 0000 0000 0000 0000  ................
00005f90: 0000 0000 0000 0000 0000 0000 0000 0000  ................
00005fa0: 0000 0000 0000 0000 0000 0000 0000 0000  ................
00005fb0: 0000 0000 0000 0000 0000 0000 0000 0000  ................
00005fc0: 0000 0000 0000 0000 0000 0000 0000 0000  ................
00005fd0: 0000 0000 0000 0000 0000 0000 0000 0000  ................
00005fe0: 0000 0000 0000 0000 0000 0000 0000 0000  ................
00005ff0: 0000 0000 0000 0000 0000 0000 0000 0000  ................
00006000: 3c0d cd0b 0000 cf10 0bbf 0000 0543 ffd9  <............C..
00006010: 0000 1703 0927 0000 0714 2810 0000 0fd3  .....'....(.....
00006020: d3f6 0000 f938 edb2 0000 2324 d5ec 0000  .....8....#$....
00006030: 2ed7 2c29 0000 0ade 1b06 0000 3808 a9b9  ..,)........8...
00006040: 0000 0f46 f2cc 0000 d344 0012 0000 b606  ...F.....D......
00006050: 0cf4 0000 0985 f1c4 0000 f30f ade7 0000  ................
00006060: 0000 0000 0000 0000 0000 0000 0000 0000  ................
00006070: 0000 0000 0000 0000 0000 0000 0000 0000  ................
00006080: 0000 0000 0000 0000 0000 0000 0000 0000  ................
00006090: 0000 0000 0000 0000 0000 0000 0000 0000  ................
000060a0: 0000 0000 0000 0000 0000 0000 0000 0000  ................
000060b0: 0000 0000 0000 0000 0000 0000 0000 0000  ................
000060c0: 0000 0000 0000 0000 0000 0000 0000 0000  ................
000060d0: 0000 0000 0000 0000 0000 0000 0000 0000  ................
000060e0: 0000 0000 0000 0000 0000 0000 0000 0000  ................
000060f0: 0000 0000 0000 0000 0000 0000 0000 0000  ................
00006100: 0000 0000 0000 0000 0000 0000 0000 0000  ................
00006110: 0000 0000 0000 0000 0000 0000 0000 0000  ................
00006120: 0000 0000 0000 0000 0000 0000 0000 0000  ................
00006130: 0000 0000 0000 0000 0000 0000 0000 0000  ................
00006140: 0000 0000 0000 0000 0000 0000 0000 0000  ................
00006150: 0000 0000 0000 0000 0000 0000 0000 0000  ................
00006160: 0000 0000 0000 0000 0000 0000 0000 0000  ................
00006170: 0000 0000 0000 0000 0000 0000 0000 0000  ................
00006180: 0000 0000 0000 0000 0000 0000 0000 0000  ................
00006190: 0000 0000 0000 0000 0000 0000 0000 0000  ................
000061a0: 0000 0000 0000 0000 0000 0000 0000 0000  ................
000061b0: 0000 0000 0000 0000 0000 0000 0000 0000  ................
000061c0: 0000 0000 0000 0000 0000 0000 0000 0000  ................
000061d0: 0000 0000 0000 0000 0000 0000 0000 0000  ................
000061e0: 0000 0000 0000 0000 0000 0000 0000 0000  ................
000061f0: 0000 0000 0000 0000 0000 0000 0000 0000  ................
00006200: 0000 0000 0000 0000 0000 0000 0000 0000  ................
00006210: 0000 0000 0000 0000 0000 0000 0000 0000  ................
00006220: 0000 0000 0000 0000 0000 0000 0000 0000  ................
00006230: 0000 0000 0000 0000 0000 0000 0000 0000  ................
00006240: 0000 0000 0000 0000 0000 0000 0000 0000  ................
00006250: 0000 0000 0000 0000 0000 0000 0000 0000  ................
00006260: 0000 0000 0000 0000 0000 0000 0000 0000  ................
00006270: 0000 0000 0000 0000 0000 0000 0000 0000  ................
00006280: 0000 0000 0000 0000 0000 0000 0000 0000  ................
00006290: 0000 0000 0000 0000 0000 0000 0000 0000  ................
000062a0: 0000 0000 0000 0000 0000 0000 0000 0000  ................
000062b0: 0000 0000 0000 0000 0000 0000 0000 0000  ................
000062c0: 0000 0000 0000 0000 0000 0000 0000 0000  ................
000062d0: 0000 0000 0000 0000 0000 0000 0000 0000  ................
000062e0: 0000 0000 0000 0000 0000 0000 0000 0000  ................
000062f0: 0000 0000 0000 0000 0000 0000 0000 0000  ................
00006300: 0000 0000 0000 0000 0000 0000 0000 0000  ................
00006310: 0000 0000 0000 0000 0000 0000 0000 0000  ................
00006320: 0000 0000 0000 0000 0000 0000 0000 0000  ................
00006330: 0000 0000 0000 0000 0000 0000 0000 0000  ................
00006340: 0000 0000 0000 0000 0000 0000 0000 0000  ................
00006350: 0000 0000 0000 0000 0000 0000 0000 0000  ................
00006360: 0000 0000 0000 0000 0000 0000 0000 0000  ................
00006370: 0000 0000 0000 0000 0000 0000 0000 0000  ................
00006380: 0000 0000 0000 0000 0000 0000 0000 0000  ................
00006390: 0000 0000 0000 0000 0000 0000 0000 0000  ................
000063a0: 0000 0000 0000 0000 0000 0000 0000 0000  ................
000063b0: 0000 0000 0000 0000 0000 0000 0000 0000  ................
000063c0: 0000 0000 0000 0000 0000 0000 0000 0000  ................
000063d0: 0000 0000 0000 0000 0000 0000 0000 0000  ................
000063e0: 0000 0000 0000 0000 0000 0000 0000 0000  ................
000063f0: 0000 0000 0000 0000 0000 0000 0000 0000  ................
00006400: 0000 0000 0000 0000 0000 0000 0000 0000  ................
00006410: 0000 0000 0000 0000 0000 0000 0000 0000  ................
00006420: 0000 0000 0000 0000 0000 0000 0000 0000  ................
00006430: 0000 0000 0000 0000 0000 0000 0000 0000  ................
00006440: 0000 0000 0000 0000 0000 0000 0000 0000  ................
00006450: 0000 0000 0000 0000 0000 0000 0000 0000  ................
00006460: 0000 0000 0000 0000 0000 0000 0000 0000  ................
00006470: 0000 0000 0000 0000 0000 0000 0000 0000  ................
00006480: 0000 0000 0000 0000 0000 0000 0000 0000  ................
00006490: 0000 0000 0000 0000 0000 0000 0000 0000  ................
000064a0: 0000 0000 0000 0000 0000 0000 0000 0000  ................
000064b0: 0000 0000 0000 0000 0000 0000 0000 0000  ................
000064c0: 0000 0000 0000 0000 0000 0000 0000 0000  ................
000064d0: 0000 0000 0000 0000 0000 0000 0000 0000  ................
000064e0: 0000 0000 0000 0000 0000 0000 0000 0000  ................
000064f0: 0000 0000 0000 0000 0000 0000 0000 0000  ................
00006500: 0000 0000 0000 0000 0000 0000 0000 0000  ................
00006510: 0000 0000 0000 0000 0000 0000 0000 0000  ................
00006520: 0000 0000 0000 0000 0000 0000 0000 0000  ................
00006530: 0000 0000 0000 0000 0000 0000 0000 0000  ................
00006540: 0000 0000 0000 0000 0000 0000 0000 0000  ................
00006550: 0000 0000 0000 0000 0000 0000 0000 0000  ................
00006560: 0000 0000 0000 0000 0000 0000 0000 0000  ................
00006570: 0000 0000 0000 0000 0000 0000 0000 0000  ................
00006580: 0000 0000 0000 0000 0000 0000 0000 0000  ................
00006590: 0000 0000 0000 0000 0000 0000 0000 0000  ................
000065a0: 0000 0000 0000 0000 0000 0000 0000 0000  ................
000065b0: 0000 0000 0000 0000 0000 0000 0000 0000  ................
000065c0: 0000 0000 0000 0000 0000 0000 0000 0000  ................
000065d0: 0000 0000 0000 0000 0000 0000 0000 0000  ................
000065e0: 0000 0000 0000 0000 0000 0000 0000 0000  ................
000065f0: 0000 0000 0000 0000 0000 0000 0000 0000  ................
00006600: 0000 0000 0000 0000 0000 0000 0000 0000  ................
00006610: 0000 0000 0000 0000 0000 0000 0000 0000  ................
00006620: 0000 0000 0000 0000 0000 0000 0000 0000  ................
00006630: 0000 0000 0000 0000 0000 0000 0000 0000  ................
00006640: 0000 0000 0000 0000 0000 0000 0000 0000  ................
00006650: 0000 0000 0000 0000 0000 0000 0000 0000  ................
00006660: 0000 0000 0000 0000 0000 0000 0000 0000  ................
00006670: 0000 0000 0000 0000 0000 0000 0000 0000  ................
00006680: 0000 0000 0000 0000 0000 0000 0000 0000  ................
00006690: 0000 0000 0000 0000 0000 0000 0000 0000  ................
000066a0: 0000 0000 0000 0000 0000 0000 0000 0000  ................
000066b0: 0000 0000 0000 0000 0000 0000 0000 0000  ................
000066c0: 0000 0000 0000 0000 0000 0000 0000 0000  ................
000066d0: 0000 0000 0000 0000 0000 0000 0000 0000  ................
000066e0: 0000 0000 0000 0000 0000 0000 0000 0000  ................
000066f0: 0000 0000 0000 0000 0000 0000 0000 0000  ................
00006700: 0000 0000 0000 0000 0000 0000 0000 0000  ................
00006710: 0000 0000 0000 0000 0000 0000 0000 0000  ................
00006720: 0000 0000 0000 0000 0000 0000 0000 0000  ................
00006730: 0000 0000 0000 0000 0000 0000 0000 0000  ................
00006740: 0000 0000 0000 0000 0000 0000 0000 0000  ................
00006750: 0000 0000 0000 0000 0000 0000 0000 0000  ................
00006760: 0000 0000 0000 0000 0000 0000 0000 0000  ................
00006770: 0000 0000 0000 0000 0000 0000 0000 0000  ................
00006780: 0000 0000 0000 0000 0000 0000 0000 0000  ................
00006790: 0000 0000 0000 0000 0000 0000 0000 0000  ................
000067a0: 0000 0000 0000 0000 0000 0000 0000 0000  ................
000067b0: 0000 0000 0000 0000 0000 0000 0000 0000  ................
000067c0: 0000 0000 0000 0000 0000 0000 0000 0000  ................
000067d0: 0000 0000 0000 0000 0000 0000 0000 0000  ................
000067e0: 0000 0000 0000 0000 0000 0000 0000 0000  ................
000067f0: 0000 0000 0000 0000 0000 0000 0000 0000  ................
00006800: 0c1a e621 0000 cef3 391c 0000 1acd fb26  ...!....9......&
00006810: 0000 1719 0d05 0000 0dbe fdec 0000 ab2b  ...............+
00006820: f90a 0000 0fec d6e7 0000 dceb 2be6 0000  ............+...
00006830: 280c e502 0000 d106 00f8 0000 0eb7 c129  (..............)
00006840: 0000 9cd1 321b 0000 d22d fdf9 0000 2df5  ....2....-....-.
00006850: fe1c 0000 00ee 0423 0000 f4ef 11fc 0000  .......#........
00006860: db05 2a3e 0000 29e9 fb1b 0000 02ec e8df  ..*>..).........
00006870: 0000 d4df f625 0000 06e5 4325 0000 38f7  .....%....C%..8.
00006880: 2a49 0000 f4e2 2010 0000 11d4 050f 0000  *I.... .........
00006890: 0d9d 0817 0000 d21e f909 0000 ec09 4f0b  ..............O.
000068a0: 0000 40f6 0a00 0000 f3f9 ef1c 0000 e90a  ..@.............
000068b0: 383e 0000 d81e 0dfd 0000 10c2 302e 0000  8>..........0...
000068c0: 0d04 00f5 0000 f5f7 fc28 0000 e819 05fa  .........(......
000068d0: 0000 0f11 1af9 0000 0102 dedd 0000 eff9  ................
000068e0: 0407 0000 fff8 ea0a 0000 fa28 f913 0000  ...........(....
000068f0: f6f9 d6e5 0000 1105 0119 0000 26e5 e1e2  ............&...
00006900: 0000 f606 d301 0000 fa1b 08f8 0000 09fc  ................
00006910: ebfb 0000 1dfb f120 0000 e31e f6ee 0000  ....... ........
00006920: 34ec e6e7 0000 06b7 12e5 0000 2a18 fceb  4...........*...
00006930: 0000 2dd3 f9ee 0000 2f18 2141 0000 0eef  ..-...../.!A....
00006940: fe10 0000 2fd4 f5ea 0000 f52c 03f0 0000  ..../......,....
00006950: eafb 0822 0000 06fb 08f7 0000 e009 f21a  ..."............
00006960: 0000 122b 27e6 0000 ed09 ee01 0000 39f0  ...+'.........9.
00006970: f728 0000 e100 d7e3 0000 ca4e 1064 0000  .(.........N.d..
00006980: 0000 0000 0000 0000 0000 0000 0000 0000  ................
00006990: 0000 0000 0000 0000 0000 0000 0000 0000  ................
000069a0: 0000 0000 0000 0000 0000 0000 0000 0000  ................
000069b0: 0000 0000 0000 0000 0000 0000 0000 0000  ................
000069c0: 0000 0000 0000 0000 0000 0000 0000 0000  ................
000069d0: 0000 0000 0000 0000 0000 0000 0000 0000  ................
000069e0: 0000 0000 0000 0000 0000 0000 0000 0000  ................
000069f0: 0000 0000 0000 0000 0000 0000 0000 0000  ................
00006a00: 0000 0000 0000 0000 0000 0000 0000 0000  ................
00006a10: 0000 0000 0000 0000 0000 0000 0000 0000  ................
00006a20: 0000 0000 0000 0000 0000 0000 0000 0000  ................
00006a30: 0000 0000 0000 0000 0000 0000 0000 0000  ................
00006a40: 0000 0000 0000 0000 0000 0000 0000 0000  ................
00006a50: 0000 0000 0000 0000 0000 0000 0000 0000  ................
00006a60: 0000 0000 0000 0000 0000 0000 0000 0000  ................
00006a70: 0000 0000 0000 0000 0000 0000 0000 0000  ................
00006a80: 0000 0000 0000 0000 0000 0000 0000 0000  ................
00006a90: 0000 0000 0000 0000 0000 0000 0000 0000  ................
00006aa0: 0000 0000 0000 0000 0000 0000 0000 0000  ................
00006ab0: 0000 0000 0000 0000 0000 0000 0000 0000  ................
00006ac0: 0000 0000 0000 0000 0000 0000 0000 0000  ................
00006ad0: 0000 0000 0000 0000 0000 0000 0000 0000  ................
00006ae0: 0000 0000 0000 0000 0000 0000 0000 0000  ................
00006af0: 0000 0000 0000 0000 0000 0000 0000 0000  ................
00006b00: 0000 0000 0000 0000 0000 0000 0000 0000  ................
00006b10: 0000 0000 0000 0000 0000 0000 0000 0000  ................
00006b20: 0000 0000 0000 0000 0000 0000 0000 0000  ................
00006b30: 0000 0000 0000 0000 0000 0000 0000 0000  ................
00006b40: 0000 0000 0000 0000 0000 0000 0000 0000  ................
00006b50: 0000 0000 0000 0000 0000 0000 0000 0000  ................
00006b60: 0000 0000 0000 0000 0000 0000 0000 0000  ................
00006b70: 0000 0000 0000 0000 0000 0000 0000 0000  ................
00006b80: 0000 0000 0000 0000 0000 0000 0000 0000  ................
00006b90: 0000 0000 0000 0000 0000 0000 0000 0000  ................
00006ba0: 0000 0000 0000 0000 0000 0000 0000 0000  ................
00006bb0: 0000 0000 0000 0000 0000 0000 0000 0000  ................
00006bc0: 0000 0000 0000 0000 0000 0000 0000 0000  ................
00006bd0: 0000 0000 0000 0000 0000 0000 0000 0000  ................
00006be0: 0000 0000 0000 0000 0000 0000 0000 0000  ................
00006bf0: 0000 0000 0000 0000 0000 0000 0000 0000  ................
00006c00: 0000 0000 0000 0000 0000 0000 0000 0000  ................
00006c10: 0000 0000 0000 0000 0000 0000 0000 0000  ................
00006c20: 0000 0000 0000 0000 0000 0000 0000 0000  ................
00006c30: 0000 0000 0000 0000 0000 0000 0000 0000  ................
00006c40: 0000 0000 0000 0000 0000 0000 0000 0000  ................
00006c50: 0000 0000 0000 0000 0000 0000 0000 0000  ................
00006c60: 0000 0000 0000 0000 0000 0000 0000 0000  ................
00006c70: 0000 0000 0000 0000 0000 0000 0000 0000  ................
00006c80: 0000 0000 0000 0000 0000 0000 0000 0000  ................
00006c90: 0000 0000 0000 0000 0000 0000 0000 0000  ................
00006ca0: 0000 0000 0000 0000 0000 0000 0000 0000  ................
00006cb0: 0000 0000 0000 0000 0000 0000 0000 0000  ................
00006cc0: 0000 0000 0000 0000 0000 0000 0000 0000  ................
00006cd0: 0000 0000 0000 0000 0000 0000 0000 0000  ................
00006ce0: 0000 0000 0000 0000 0000 0000 0000 0000  ................
00006cf0: 0000 0000 0000 0000 0000 0000 0000 0000  ................
00006d00: 0000 0000 0000 0000 0000 0000 0000 0000  ................
00006d10: 0000 0000 0000 0000 0000 0000 0000 0000  ................
00006d20: 0000 0000 0000 0000 0000 0000 0000 0000  ................
00006d30: 0000 0000 0000 0000 0000 0000 0000 0000  ................
00006d40: 0000 0000 0000 0000 0000 0000 0000 0000  ................
00006d50: 0000 0000 0000 0000 0000 0000 0000 0000  ................
00006d60: 0000 0000 0000 0000 0000 0000 0000 0000  ................
00006d70: 0000 0000 0000 0000 0000 0000 0000 0000  ................
00006d80: 0000 0000 0000 0000 0000 0000 0000 0000  ................
00006d90: 0000 0000 0000 0000 0000 0000 0000 0000  ................
00006da0: 0000 0000 0000 0000 0000 0000 0000 0000  ................
00006db0: 0000 0000 0000 0000 0000 0000 0000 0000  ................
00006dc0: 0000 0000 0000 0000 0000 0000 0000 0000  ................
00006dd0: 0000 0000 0000 0000 0000 0000 0000 0000  ................
00006de0: 0000 0000 0000 0000 0000 0000 0000 0000  ................
00006df0: 0000 0000 0000 0000 0000 0000 0000 0000  ................
00006e00: 0000 0000 0000 0000 0000 0000 0000 0000  ................
00006e10: 0000 0000 0000 0000 0000 0000 0000 0000  ................
00006e20: 0000 0000 0000 0000 0000 0000 0000 0000  ................
00006e30: 0000 0000 0000 0000 0000 0000 0000 0000  ................
00006e40: 0000 0000 0000 0000 0000 0000 0000 0000  ................
00006e50: 0000 0000 0000 0000 0000 0000 0000 0000  ................
00006e60: 0000 0000 0000 0000 0000 0000 0000 0000  ................
00006e70: 0000 0000 0000 0000 0000 0000 0000 0000  ................
00006e80: 0000 0000 0000 0000 0000 0000 0000 0000  ................
00006e90: 0000 0000 0000 0000 0000 0000 0000 0000  ................
00006ea0: 0000 0000 0000 0000 0000 0000 0000 0000  ................
00006eb0: 0000 0000 0000 0000 0000 0000 0000 0000  ................
00006ec0: 0000 0000 0000 0000 0000 0000 0000 0000  ................
00006ed0: 0000 0000 0000 0000 0000 0000 0000 0000  ................
00006ee0: 0000 0000 0000 0000 0000 0000 0000 0000  ................
00006ef0: 0000 0000 0000 0000 0000 0000 0000 0000  ................
00006f00: 0000 0000 0000 0000 0000 0000 0000 0000  ................
00006f10: 0000 0000 0000 0000 0000 0000 0000 0000  ................
00006f20: 0000 0000 0000 0000 0000 0000 0000 0000  ................
00006f30: 0000 0000 0000 0000 0000 0000 0000 0000  ................
00006f40: 0000 0000 0000 0000 0000 0000 0000 0000  ................
00006f50: 0000 0000 0000 0000 0000 0000 0000 0000  ................
00006f60: 0000 0000 0000 0000 0000 0000 0000 0000  ................
00006f70: 0000 0000 0000 0000 0000 0000 0000 0000  ................
00006f80: 0000 0000 0000 0000 0000 0000 0000 0000  ................
00006f90: 0000 0000 0000 0000 0000 0000 0000 0000  ................
00006fa0: 0000 0000 0000 0000 0000 0000 0000 0000  ................
00006fb0: 0000 0000 0000 0000 0000 0000 0000 0000  ................
00006fc0: 0000 0000 0000 0000 0000 0000 0000 0000  ................
00006fd0: 0000 0000 0000 0000 0000 0000 0000 0000  ................
00006fe0: 0000 0000 0000 0000 0000 0000 0000 0000  ................
00006ff0: 0000 0000 0000 0000 0000 0000 0000 0000  ................
00007000: f807 10eb 04e4 1614 f805 18e1 3805 e5e4  ............8...
00007010: fbfc ffe8 f7fc d8e1 0c09 e21c e6f8 00fc  ................
00007020: 0d0d effb 0000 0000 0000 0000 0000 0000  ................
00007030: 0000 0000 0000 0000 0000 0000 0000 0000  ................
00007040: 00ee 05f6 df18 f304 e9e8 fdf8 12f8 e412  ................
00007050: f404 eb1e 0d04 eef0 04ef fe1f fd0a 04f5  ................
00007060: f204 0201 0000 0000 0000 0000 0000 0000  ................
00007070: 0000 0000 0000 0000 0000 0000 0000 0000  ................
00007080: f606 151c 2810 fa05 312b e6cd 0202 e8f8  ....(...1+......
00007090: 0a13 1603 e9e9 d217 f5f0 0539 fcef 2631  ...........9..&1
000070a0: bee1 f200 0000 0000 0000 0000 0000 0000  ................
000070b0: 0000 0000 0000 0000 0000 0000 0000 0000  ................
000070c0: 0310 0c17 fce9 19e0 04ef da18 22fa f1fd  ............"...
000070d0: 0d04 05f7 0d03 0eea 0f17 0f0d d9f9 fef6  ................
000070e0: 20eb fbea 0000 0000 0000 0000 0000 0000   ...............
000070f0: 0000 0000 0000 0000 0000 0000 0000 0000  ................
00007100: 19f1 0dd4 ef15 0bff f414 e8fb 04e3 fcfb  ................
00007110: fbfa 07ed 06fb 08ee f109 fffc 03f3 04ff  ................
00007120: 030c f910 0000 0000 0000 0000 0000 0000  ................
00007130: 0000 0000 0000 0000 0000 0000 0000 0000  ................
00007140: fbf9 0c02 0afb 0ee9 f707 faf2 11e2 08f3  ................
00007150: 1efe 1c22 f0fa f7db f20b fc01 edfc f6ef  ..."............
00007160: fefc ff0b 0000 0000 0000 0000 0000 0000  ................
00007170: 0000 0000 0000 0000 0000 0000 0000 0000  ................
00007180: 0806 ece5 e9fc ea08 13fc e8f7 f5df 1307  ................
00007190: f5e9 f128 1123 0e0f 04ec fce5 14ff 06fa  ...(.#..........
000071a0: f4f6 ee0d 0000 0000 0000 0000 0000 0000  ................
000071b0: 0000 0000 0000 0000 0000 0000 0000 0000  ................
000071c0: fbf4 03ff e3fe 1203 e5e5 ede6 f208 09f4  ................
000071d0: fcf9 fb1b 01fa f205 f115 f1ff fb04 0f15  ................
000071e0: 11e2 fb06 0000 0000 0000 0000 0000 0000  ................
000071f0: 0000 0000 0000 0000 0000 0000 0000 0000  ................
00007200: 0bb9 1bf0 e6e3 f7dd e91a dcf6 f902 f2eb  ................
00007210: 1313 071b e917 e4e1 1f00 0d27 0800 0025  ...........'...%
00007220: d40c e600 0000 0000 0000 0000 0000 0000  ................
00007230: 0000 0000 0000 0000 0000 0000 0000 0000  ................
00007240: 0000 0000 0000 ff00 0000 0000 0000 0000  ................
00007250: 0000 0000 0000 0000 0000 0000 0000 0000  ................
00007260: 0000 0000 0000 0000 0000 0000 0000 0000  ................
00007270: 0000 0000 0000 0000 0000 0000 0000 0000  ................
00007280: e9fb 00f3 f2f0 11f1 03e0 180a 050b 02fb  ................
00007290: e00a ed02 0ef8 f8f8 f522 0e0c f213 0c00  ........."......
000072a0: 0cf7 fef9 0000 0000 0000 0000 0000 0000  ................
000072b0: 0000 0000 0000 0000 0000 0000 0000 0000  ................
000072c0: ebf2 f40d ee02 eaf3 fdf3 dd20 ec13 1006  ........... ....
000072d0: fb0c dfea 1cdc eef0 f4e3 e8f2 f704 db03  ................
000072e0: f036 05f3 0000 0000 0000 0000 0000 0000  .6..............
000072f0: 0000 0000 0000 0000 0000 0000 0000 0000  ................
00007300: 0009 fdf7 f2ff 0efc 0912 1e00 f10e fef7  ................
00007310: effd fdfa 060e 20e8 0efe 00fb 05fc 0dfb  ...... .........
00007320: e719 0df8 0000 0000 0000 0000 0000 0000  ................
00007330: 0000 0000 0000 0000 0000 0000 0000 0000  ................
00007340: 0def e604 e918 0407 e8f4 020b f5ed fce6  ................
00007350: 10ff 12fe d7f3 fcde fb04 02fd eefa f121  ...............!
00007360: e106 f400 0000 0000 0000 0000 0000 0000  ................
00007370: 0000 0000 0000 0000 0000 0000 0000 0000  ................
00007380: fced ddbf d9cf e2b5 fff2 d8ee 98a7 d0f3  ................
00007390: dee9 f8de d0d9 f7c5 acac ffd4 f8c1 09df  ................
000073a0: fef6 dbda 0000 0000 0000 0000 0000 0000  ................
000073b0: 0000 0000 0000 0000 0000 0000 0000 0000  ................
000073c0: 07f8 ff15 fd08 ecfe dcf7 f702 fceb f4f9  ................
000073d0: 0403 f2fd 08f1 f9ef 1824 eb1d 220d ec0c  .........$.."...
000073e0: cff2 07e9 0000 0000 0000 0000 0000 0000  ................
000073f0: 0000 0000 0000 0000 0000 0000 0000 0000  ................
00007400: fcf1 0303 fb0b f50e 0105 060b 0602 e100  ................
00007410: 12fa 0104 fc01 11f5 f822 fb09 eb11 0111  ........."......
00007420: ee0e 040f 0000 0000 0000 0000 0000 0000  ................
00007430: 0000 0000 0000 0000 0000 0000 0000 0000  ................
00007440: fd0c 14ce eaf7 16f3 0a05 c3fe 0fdd fff9  ................
00007450: e2f5 f90c fcf0 edef 1df3 fff7 eaea 0afc  ................
00007460: 1ff0 f3ff 0000 0000 0000 0000 0000 0000  ................
00007470: 0000 0000 0000 0000 0000 0000 0000 0000  ................
00007480: 08cb e30a ca2d 0e17 09fa f1e5 1383 2c05  .....-........,.
00007490: 0ef4 ba04 2e1a 2208 c60c d1b7 010b 1f09  ......".........
000074a0: 80ac ec01 0000 0000 0000 0000 0000 0000  ................
000074b0: 0000 0000 0000 0000 0000 0000 0000 0000  ................
000074c0: 0000 0000 0000 f7ff 0000 0000 0000 0000  ................
000074d0: 0000 00fc 00fe 00fe 00f8 0000 0000 0000  ................
000074e0: 0000 0000 0000 0000 0000 0000 0000 0000  ................
000074f0: 0000 0000 0000 0000 0000 0000 0000 0000  ................
00007500: 04ff 1213 e8ee e804 17f1 2908 e715 03fa  ..........).....
00007510: fb18 0815 0cfd f202 0cfb 1713 e618 0f0e  ................
00007520: f808 e50d 0000 0000 0000 0000 0000 0000  ................
00007530: 0000 0000 0000 0000 0000 0000 0000 0000  ................
00007540: 0000 fc00 fdfc fdf3 0000 0000 f8f0 fdf9  ................
00007550: 0001 00e3 ff00 fffd efd7 0000 fdfa 00fa  ................
00007560: 0000 fc00 0000 0000 0000 0000 0000 0000  ................
00007570: 0000 0000 0000 0000 0000 0000 0000 0000  ................
00007580: ccfb ef22 36f1 02f9 e9e5 ef0f fb02 eaf8  ..."6...........
00007590: 01ea 09e3 0cf1 2a1c f214 1be5 e6ef f8d4  ......*.........
000075a0: 0c06 dcea 0000 0000 0000 0000 0000 0000  ................
000075b0: 0000 0000 0000 0000 0000 0000 0000 0000  ................
000075c0: baff b080 8080 8023 16f7 a7c5 f40d f180  .......#........
000075d0: 8080 21e8 37d7 56ff 80ff 07f6 2119 38f1  ..!.7.V.....!.8.
000075e0: e5db bd4d 0000 0000 0000 0000 0000 0000  ...M............
000075f0: 0000 0000 0000 0000 0000 0000 0000 0000  ................
00007600: c318 ecda e8ff 130a e200 e004 0307 f7f2  ................
00007610: f0f1 fb23 09f3 fc0b 151f 0307 0c0f 0c0f  ...#............
00007620: 30ec f309 0000 0000 0000 0000 0000 0000  0...............
00007630: 0000 0000 0000 0000 0000 0000 0000 0000  ................
00007640: 0a0d fbf5 04fc 07f4 04ec 2223 0e00 f0f2  .........."#....
00007650: 040b 0811 15fb 04e0 fefa fdfb e9f6 fa10  ................
00007660: fafb 03e6 0000 0000 0000 0000 0000 0000  ................
00007670: 0000 0000 0000 0000 0000 0000 0000 0000  ................
00007680: f7e1 dadc dcdf cbcd fee6 d9ef 9ac6 d6be  ................
00007690: dbdb c99f a4be d7e0 a0bd f8d1 d3ab d896  ................
000076a0: f8da d9dc 0000 0000 0000 0000 0000 0000  ................
000076b0: 0000 0000 0000 0000 0000 0000 0000 0000  ................
000076c0: f7e4 1014 e9f9 0cf3 16ea 1d02 04fe 0901  ................
000076d0: fc15 dc0b 2108 0efd eaf1 f7fb 1612 1912  ....!...........
000076e0: e907 0efb 0000 0000 0000 0000 0000 0000  ................
000076f0: 0000 0000 0000 0000 0000 0000 0000 0000  ................
00007700: e4e4 db06 f81d f820 10eb 160c efdf 05e2  ....... ........
00007710: 08ec ba00 cce4 f519 d3fc 1707 e407 dbed  ................
00007720: af13 faf7 0000 0000 0000 0000 0000 0000  ................
00007730: 0000 0000 0000 0000 0000 0000 0000 0000  ................
00007740: 27f9 06e8 1603 f4fc 25fb ea28 1d00 3ffb  '.......%..(..?.
00007750: f6e9 01ea e504 f204 0122 4ce2 fcf9 d105  ........."L.....
00007760: de80 0308 0000 0000 0000 0000 0000 0000  ................
00007770: 0000 0000 0000 0000 0000 0000 0000 0000  ................
00007780: e625 334d 51d5 1212 eee3 b81f 80fa affa  .%3MQ...........
00007790: dcc9 8ca8 daf8 35e0 97bf 02e7 d3d8 c207  ......5.........
000077a0: ea26 1807 0000 0000 0000 0000 0000 0000  .&..............
000077b0: 0000 0000 0000 0000 0000 0000 0000 0000  ................
000077c0: 120b 13fc e3fa 04fb ecf2 e611 0d04 03f0  ................
000077d0: f712 04ed fe02 0cf8 061b faf5 e9fa e420  ............... 
000077e0: f515 0409 0000 0000 0000 0000 0000 0000  ................
000077f0: 0000 0000 0000 0000 0000 0000 0000 0000  ................
00007800: f701 0114 0607 0605 0500 1306 0006 ff06  ................
00007810: 0406 0500 f700 06f2 0611 0713 0006 0606  ................
00007820: 0004 0507 fa06 0601 0600 1907 0605 f10e  ................
00007830: f805 ec00 ed00 0f80 2b13 0706 0006 ec07  ........+.......
00007840: ed05 0606 0706 05fa 0e00 13fd 1307 e305  ................
00007850: 0e06 3600 fa00 1201 0614 060d 00f9 6006  ..6...........`.
00007860: f60f 1413 3a0c 0404 0600 1758 0606 0306  ....:......X....
00007870: 00fc fa00 fa00 06f9 f906 0707 0006 fc07  ................
00007880: 0011 fe13 fd14 fd05 0700 1307 0607 ed03  ................
00007890: faf9 f900 fa00 0605 fc13 0612 0006 0606  ................
000078a0: 0000 0000 0000 0000 0000 0000 0000 0000  ................
000078b0: 0000 0000 0000 0000 0000 0000 0000 0000  ................
000078c0: 0000 0000 0000 0000 0000 0000 0000 0000  ................
000078d0: 0000 0000 0000 0000 0000 0000 0000 0000  ................
000078e0: 0000 0000 0000 0000 0000 0000 0000 0000  ................
000078f0: 0000 0000 0000 0000 0000 0000 0000 0000  ................
00007900: 0000 0000 0000 0000 0000 0000 0000 0000  ................
00007910: 0000 0000 0000 0000 0000 0000 0000 0000  ................
00007920: 0000 0000 0000 0000 0000 0000 0000 0000  ................
00007930: 0000 0000 0000 0000 0000 0000 0000 0000  ................
00007940: 0000 0000 0000 0000 0000 0000 0000 0000  ................
00007950: 0000 0000 0000 0000 0000 0000 0000 0000  ................
00007960: 0000 0000 0000 0000 0000 0000 0000 0000  ................
00007970: 0000 0000 0000 0000 0000 0000 0000 0000  ................
00007980: 0000 0000 0000 0000 0000 0000 0000 0000  ................
00007990: 0000 0000 0000 0000 0000 0000 0000 0000  ................
000079a0: 0000 0000 0000 0000 0000 0000 0000 0000  ................
000079b0: 0000 0000 0000 0000 0000 0000 0000 0000  ................
000079c0: 0000 0000 0000 0000 0000 0000 0000 0000  ................
000079d0: 0000 0000 0000 0000 0000 0000 0000 0000  ................
000079e0: 0000 0000 0000 0000 0000 0000 0000 0000  ................
000079f0: 0000 0000 0000 0000 0000 0000 0000 0000  ................
00007a00: 0000 0000 0000 0000 0000 0000 0000 0000  ................
00007a10: 0000 0000 0000 0000 0000 0000 0000 0000  ................
00007a20: 0000 0000 0000 0000 0000 0000 0000 0000  ................
00007a30: 0000 0000 0000 0000 0000 0000 0000 0000  ................
00007a40: 0000 0000 0000 0000 0000 0000 0000 0000  ................
00007a50: 0000 0000 0000 0000 0000 0000 0000 0000  ................
00007a60: 0000 0000 0000 0000 0000 0000 0000 0000  ................
00007a70: 0000 0000 0000 0000 0000 0000 0000 0000  ................
00007a80: 0000 0000 0000 0000 0000 0000 0000 0000  ................
00007a90: 0000 0000 0000 0000 0000 0000 0000 0000  ................
00007aa0: 0000 0000 0000 0000 0000 0000 0000 0000  ................
00007ab0: 0000 0000 0000 0000 0000 0000 0000 0000  ................
00007ac0: 0000 0000 0000 0000 0000 0000 0000 0000  ................
00007ad0: 0000 0000 0000 0000 0000 0000 0000 0000  ................
00007ae0: 0000 0000 0000 0000 0000 0000 0000 0000  ................
00007af0: 0000 0000 0000 0000 0000 0000 0000 0000  ................
00007b00: 0000 0000 0000 0000 0000 0000 0000 0000  ................
00007b10: 0000 0000 0000 0000 0000 0000 0000 0000  ................
00007b20: 0000 0000 0000 0000 0000 0000 0000 0000  ................
00007b30: 0000 0000 0000 0000 0000 0000 0000 0000  ................
00007b40: 0000 0000 0000 0000 0000 0000 0000 0000  ................
00007b50: 0000 0000 0000 0000 0000 0000 0000 0000  ................
00007b60: 0000 0000 0000 0000 0000 0000 0000 0000  ................
00007b70: 0000 0000 0000 0000 0000 0000 0000 0000  ................
00007b80: 0000 0000 0000 0000 0000 0000 0000 0000  ................
00007b90: 0000 0000 0000 0000 0000 0000 0000 0000  ................
00007ba0: 0000 0000 0000 0000 0000 0000 0000 0000  ................
00007bb0: 0000 0000 0000 0000 0000 0000 0000 0000  ................
00007bc0: 0000 0000 0000 0000 0000 0000 0000 0000  ................
00007bd0: 0000 0000 0000 0000 0000 0000 0000 0000  ................
00007be0: 0000 0000 0000 0000 0000 0000 0000 0000  ................
00007bf0: 0000 0000 0000 0000 0000 0000 0000 0000  ................
00007c00: 0000 0000 0000 0000 0000 0000 0000 0000  ................
00007c10: 0000 0000 0000 0000 0000 0000 0000 0000  ................
00007c20: 0000 0000 0000 0000 0000 0000 0000 0000  ................
00007c30: 0000 0000 0000 0000 0000 0000 0000 0000  ................
00007c40: 0000 0000 0000 0000 0000 0000 0000 0000  ................
00007c50: 0000 0000 0000 0000 0000 0000 0000 0000  ................
00007c60: 0000 0000 0000 0000 0000 0000 0000 0000  ................
00007c70: 0000 0000 0000 0000 0000 0000 0000 0000  ................
00007c80: 0000 0000 0000 0000 0000 0000 0000 0000  ................
00007c90: 0000 0000 0000 0000 0000 0000 0000 0000  ................
00007ca0: 0000 0000 0000 0000 0000 0000 0000 0000  ................
00007cb0: 0000 0000 0000 0000 0000 0000 0000 0000  ................
00007cc0: 0000 0000 0000 0000 0000 0000 0000 0000  ................
00007cd0: 0000 0000 0000 0000 0000 0000 0000 0000  ................
00007ce0: 0000 0000 0000 0000 0000 0000 0000 0000  ................
00007cf0: 0000 0000 0000 0000 0000 0000 0000 0000  ................
00007d00: 0000 0000 0000 0000 0000 0000 0000 0000  ................
00007d10: 0000 0000 0000 0000 0000 0000 0000 0000  ................
00007d20: 0000 0000 0000 0000 0000 0000 0000 0000  ................
00007d30: 0000 0000 0000 0000 0000 0000 0000 0000  ................
00007d40: 0000 0000 0000 0000 0000 0000 0000 0000  ................
00007d50: 0000 0000 0000 0000 0000 0000 0000 0000  ................
00007d60: 0000 0000 0000 0000 0000 0000 0000 0000  ................
00007d70: 0000 0000 0000 0000 0000 0000 0000 0000  ................
00007d80: 0000 0000 0000 0000 0000 0000 0000 0000  ................
00007d90: 0000 0000 0000 0000 0000 0000 0000 0000  ................
00007da0: 0000 0000 0000 0000 0000 0000 0000 0000  ................
00007db0: 0000 0000 0000 0000 0000 0000 0000 0000  ................
00007dc0: 0000 0000 0000 0000 0000 0000 0000 0000  ................
00007dd0: 0000 0000 0000 0000 0000 0000 0000 0000  ................
00007de0: 0000 0000 0000 0000 0000 0000 0000 0000  ................
00007df0: 0000 0000 0000 0000 0000 0000 0000 0000  ................
00007e00: 0000 0000 0000 0000 0000 0000 0000 0000  ................
00007e10: 0000 0000 0000 0000 0000 0000 0000 0000  ................
00007e20: 0000 0000 0000 0000 0000 0000 0000 0000  ................
00007e30: 0000 0000 0000 0000 0000 0000 0000 0000  ................
00007e40: 0000 0000 0000 0000 0000 0000 0000 0000  ................
00007e50: 0000 0000 0000 0000 0000 0000 0000 0000  ................
00007e60: 0000 0000 0000 0000 0000 0000 0000 0000  ................
00007e70: 0000 0000 0000 0000 0000 0000 0000 0000  ................
00007e80: 0000 0000 0000 0000 0000 0000 0000 0000  ................
00007e90: 0000 0000 0000 0000 0000 0000 0000 0000  ................
00007ea0: 0000 0000 0000 0000 0000 0000 0000 0000  ................
00007eb0: 0000 0000 0000 0000 0000 0000 0000 0000  ................
00007ec0: 0000 0000 0000 0000 0000 0000 0000 0000  ................
00007ed0: 0000 0000 0000 0000 0000 0000 0000 0000  ................
00007ee0: 0000 0000 0000 0000 0000 0000 0000 0000  ................
00007ef0: 0000 0000 0000 0000 0000 0000 0000 0000  ................
00007f00: 0000 0000 0000 0000 0000 0000 0000 0000  ................
00007f10: 0000 0000 0000 0000 0000 0000 0000 0000  ................
00007f20: 0000 0000 0000 0000 0000 0000 0000 0000  ................
00007f30: 0000 0000 0000 0000 0000 0000 0000 0000  ................
00007f40: 0000 0000 0000 0000 0000 0000 0000 0000  ................
00007f50: 0000 0000 0000 0000 0000 0000 0000 0000  ................
00007f60: 0000 0000 0000 0000 0000 0000 0000 0000  ................
00007f70: 0000 0000 0000 0000 0000 0000 0000 0000  ................
00007f80: 0000 0000 0000 0000 0000 0000 0000 0000  ................
00007f90: 0000 0000 0000 0000 0000 0000 0000 0000  ................
00007fa0: 0000 0000 0000 0000 0000 0000 0000 0000  ................
00007fb0: 0000 0000 0000 0000 0000 0000 0000 0000  ................
00007fc0: 0000 0000 0000 0000 0000 0000 0000 0000  ................
00007fd0: 0000 0000 0000 0000 0000 0000 0000 0000  ................
00007fe0: 0000 0000 0000 0000 0000 0000 0000 0000  ................
00007ff0: 0000 0000 0000 0000 0000 0000 0000 0000  ................
00008000: 0000 0000 0000 0000 0080 0080 0840 0000  .............@..
00008010: 0000 0000 0800 0400 0000 0000 0000 0000  ................
00008020: 0020 0000 0000 0000 0000 0000 0000 0000  . ..............
00008030: 0204 0000 0001 0000 0000 0000 0000 0000  ................
00008040: 0000 0000 0000 0000 0000 0000 0000 0000  ................
00008050: 0000 0000 0000 0000 0000 0000 0000 0000  ................
00008060: 0000 00c0 0000 0000 0000 0000 0000 0000  ................
00008070: 0000 0000 0000 0000 0000 0000 0000 0040  ...............@
00008080: 0000 0000 0300 0000 0000 0000 0000 0000  ................
00008090: 0000 0000 0d70 0000 0000 0000 0000 0000  .....p..........
000080a0: 0080 0000 0000 0000 0000 0000 0000 0000  ................
000080b0: 0000 0034 0000 0000 0000 0000 0000 0000  ...4............
000080c0: 0000 0000 0000 0400 1800 0100 8400 0380  ................
000080d0: 0000 0080 0000 0600 0800 0000 0000 0000  ................
000080e0: 0000 0080 0400 0000 0000 4000 0000 0000  ..........@.....
000080f0: 0000 0200 0400 0000 0000 0000 0000 0600  ................
00008100: 0000 0000 0000 0000 0000 0000 0000 0000  ................
00008110: 0100 0000 0000 0100 0000 0000 0000 0000  ................
00008120: 0000 0000 0000 0000 0000 0000 0000 0000  ................
00008130: 0000 8400 0000 0000 0000 0000 0000 0000  ................
00008140: 0000 0000 0300 0000 0000 0000 0440 0880  .............@..
00008150: 0020 0000 0080 0000 0000 0000 0000 0000  . ..............
00008160: 0000 0180 0400 0000 0000 0000 0000 0000  ................
00008170: 0000 0001 0080 0000 0000 0000 0000 0000  ................
00008180: 0000 0000 0000 0000 0000 0000 0000 0000  ................
00008190: 0200 0000 0000 0000 0000 0000 0000 0000  ................
000081a0: 0000 0040 0000 0000 0000 0000 0000 0000  ...@............
000081b0: 4040 0000 0000 0000 0000 0000 0000 0000  @@..............
000081c0: 0004 0000 0000 0000 1980 0000 0080 0000  ................
000081d0: 0000 0000 0000 0000 0400 0000 0000 0000  ................
000081e0: 0000 0000 0000 1980 0100 0000 0080 0000  ................
000081f0: 0302 0200 0000 0000 0000 0000 0100 0600  ................
00008200: 0000 0000 0000 0100 0440 0080 0100 1000  .........@......
00008210: 0300 0400 0000 0200 0000 0000 0000 0000  ................
00008220: 0000 0000 0020 0000 0000 0000 0000 0000  ..... ..........
00008230: 0000 0000 0000 0000 0000 0000 0000 0000  ................
00008240: 0000 0000 0000 0000 0600 0200 0000 0000  ................
00008250: 0000 0080 0000 0000 0000 0000 0000 0000  ................
00008260: 0000 0000 0040 0000 0000 0000 0400 8000  .....@..........
00008270: 0000 0000 0000 0000 0000 0000 0000 0000  ................
00008280: 0000 0000 0000 0000 0380 0280 04c0 0020  ............... 
00008290: 0040 1080 1b80 0600 0000 0000 0000 0000  .@..............
000082a0: 0100 0200 0000 0080 2080 0040 0000 0000  ........ ..@....
000082b0: 4000 0600 0000 0000 0000 0000 0000 0000  @...............
000082c0: 0000 0000 0000 0000 0000 0000 0000 0000  ................
000082d0: 0000 0000 0200 0400 0000 0000 0000 0000  ................
000082e0: 0000 0000 0000 0000 8000 0000 0000 0000  ................
000082f0: 0000 0480 0000 0000 0000 0000 0000 0000  ................
00008300: 0000 0000 0700 1800 0000 0300 0300 0000  ................
00008310: 0400 1000 0bf8 0000 0000 0000 0000 0000  ................
00008320: 0000 0700 0040 0000 0000 0000 0000 0004  .....@..........
00008330: 0000 07c0 0000 0000 0000 0000 0000 0000  ................
00008340: 0000 0000 0000 0400 1e00 0080 0600 0380  ................
00008350: 0080 0080 0300 0c00 0800 0000 0000 0000  ................
00008360: 0000 0000 0f00 1100 0000 0000 0180 0000  ................
00008370: 0100 0200 0800 0000 0000 0000 0000 0000  ................
00008380: 0000 0000 0000 0000 0000 0000 0000 0000  ................
00008390: 0f00 0000 0000 0080 0000 0000 0080 0000  ................
000083a0: 0000 0000 0000 0000 0000 0000 0000 0000  ................
000083b0: 0000 0000 0000 0000 0000 0080 0000 0400  ................
000083c0: 0000 0000 0380 0800 0000 0400 1dc0 0040  ...............@
000083d0: 0040 0000 18e0 0f00 0000 0000 0000 0000  .@..............
000083e0: 0000 0080 0c00 0000 0000 8f80 00c0 0000  ................
000083f0: 0002 0000 0d80 0000 0000 0000 0000 0000  ................
00008400: 0000 0000 0400 0000 0000 00c0 0180 0000  ................
00008410: 0300 0800 0f80 0000 0000 0000 0000 0000  ................
00008420: 0000 0000 0000 0000 00e0 0100 0000 0020  ............... 
00008430: 0040 0200 0000 0000 0000 0000 0000 0000  .@..............
00008440: 0000 0000 0000 0000 1780 0000 0000 0000  ................
00008450: 0000 0000 0000 0000 0600 0000 0000 0000  ................
00008460: 0010 0000 0000 3fc0 03c0 0080 0000 0000  ......?.........
00008470: 0100 0000 0c00 0400 0000 0000 0000 0000  ................
00008480: 0000 0000 0000 00a0 00a0 0000 0100 0800  ................
00008490: 0280 0000 0000 0300 0000 0000 0000 0000  ................
000084a0: 1000 0040 0120 0600 0880 0000 0400 0080  ...@. ..........
000084b0: 0080 0000 0080 0000 0000 0000 0000 0000  ................
000084c0: 0000 0000 0000 0000 0000 0600 0000 0900  ................
000084d0: 0c00 00c0 0040 0020 0000 0000 0000 0000  .....@. ........
000084e0: 0000 0000 0000 0800 0100 0000 0080 0400  ................
000084f0: 0000 0000 0000 0000 0000 0000 0000 0000  ................
00008500: 0000 0000 0000 0000 0180 0680 0800 0000  ................
00008510: 0040 10c0 0d80 0700 0000 0000 0000 0000  .@..............
00008520: 0000 0100 0400 0580 00c0 0042 0021 0000  ...........B.!..
00008530: 0780 0e00 0000 0000 0000 0000 0000 0000  ................
00008540: 0000 0000 0000 0000 0080 0000 0100 0000  ................
00008550: 0000 0000 0000 0400 0000 0000 0000 0000  ................
00008560: 0000 0080 0000 0000 0100 4001 0000 4000  ..........@...@.
00008570: 0400 0400 0000 0000 0000 0000 0000 0000  ................
00008580: 0000 0000 0700 0800 0100 0100 0000 0200  ................
00008590: 0400 1000 1ff0 0100 0000 0000 0000 0000  ................
000085a0: 0000 0700 0800 0000 0000 0000 0000 0000  ................
000085b0: 0800 07f0 0000 0080 0000 0200 0000 0000  ................
000085c0: 0000 0000 0000 0c00 1f00 0100 0400 0780  ................
000085d0: 0080 0080 0380 0600 0c00 0000 0000 0000  ................
000085e0: 0000 0000 0a00 0f80 0000 0600 0180 0480  ................
000085f0: 8000 0300 0e00 0800 0000 0000 0000 0000  ................
00008600: 0000 0000 0000 0000 0000 0040 0000 0000  ...........@....
00008610: 1900 0000 0000 0080 0000 0000 0000 0000  ................
00008620: 0000 0000 0000 0000 0000 0080 0000 0800  ................
00008630: 0f82 0400 0000 0000 0000 0100 0000 0000  ................
00008640: 0000 0000 0380 1600 0800 0000 0f00 00c0  ................
00008650: 0060 0020 10c0 0f80 0000 0000 0000 0000  .`. ............
00008660: 0020 0380 0600 0000 0200 1700 0080 0020  . ............. 
00008670: 0000 0000 0f80 0000 0000 0000 0000 0000  ................
00008680: 0000 0000 0600 0000 0800 00c0 0180 0200  ................
00008690: 0620 10c0 0f00 0000 0000 0000 0000 0000  . ..............
000086a0: 0000 0600 0000 0000 00f0 03e0 0004 0000  ................
000086b0: 0100 0f80 0000 0000 0000 0080 0000 0000  ................
000086c0: 0000 0000 0000 0000 1f80 0580 0040 0000  .............@..
000086d0: 0080 0100 0000 0000 0400 0000 0000 0000  ................
000086e0: 0000 0004 8008 3e40 07e4 0001 0000 1081  ......>@........
000086f0: 0101 0200 0240 0400 00c0 0000 0000 0000  .....@..........
00008700: 0000 0000 0000 0100 0660 0880 1000 1c00  .........`......
00008710: 0780 0040 0480 0280 0000 0000 0000 0000  ...@............
00008720: 0000 0080 01e0 0600 0980 1100 0a00 0500  ................
00008730: 00c0 0040 0300 0100 0000 0000 0000 0000  ...@............
00008740: 0000 0000 0000 0000 0000 0600 0000 0b00  ................
00008750: 0e80 0000 0040 0040 0020 0000 0000 0000  .....@.@. ......
00008760: 0010 0040 0000 0608 4300 0080 0c00 0480  ...@....C.......
00008770: 0000 0040 0000 0000 0000 0000 0080 0000  ...@............
00008780: 0000 0000 0000 0000 0180 0780 0c80 0000  ................
00008790: 1060 1080 1f80 0f00 0000 0000 0000 0000  .`..............
000087a0: 0000 0300 0300 8f80 0c82 1860 0000 1000  ...........`....
000087b0: 0180 0f00 0000 0000 0000 0000 0000 0000  ................
000087c0: 0000 0000 0080 0080 0000 0100 0000 0100  ................
000087d0: 0000 0000 0200 0600 0000 0000 0000 0000  ................
000087e0: 4000 0000 0080 0100 2100 8000 0400 0200  @.......!.......
000087f0: 0000 0000 0400 0000 0000 0000 0000 0000  ................
00008800: 0000 0000 0700 1f00 0000 0100 0300 0600  ................
00008810: 0400 0000 1ff8 0b80 0000 0000 0000 0000  ................
00008820: 0000 0f80 1c82 0010 0200 0600 0400 0c00  ................
00008830: 1000 07f8 0180 0000 0200 0000 0010 0000  ................
00008840: 0000 0000 0000 0000 1e80 0100 0000 0700  ................
00008850: 01c0 0080 0180 0600 1c00 0000 0000 0000  ................
00008860: 0008 0000 0d00 1f84 0080 0600 1180 00c0  ................
00008870: 01c0 0380 0e00 0800 0000 0000 0000 0000  ................
00008880: 0000 0000 0000 0000 0000 0000 1040 0000  .............@..
00008890: 1f80 0000 0080 0080 0000 0000 0000 0000  ................
000088a0: 0008 0008 0450 0000 1800 0080 4000 0100  .....P......@...
000088b0: 0f80 0000 0800 0000 0000 0000 0000 0000  ................
000088c0: 0000 0000 0380 1f00 0800 0000 1f80 0880  ................
000088d0: 0040 0000 0060 1fc0 0000 0000 0000 0000  .@...`..........
000088e0: 0000 0204 0f00 0000 0400 8b00 00c0 0040  ...............@
000088f0: 0020 10c0 0fc0 0000 0000 0000 0000 0000  . ..............
00008900: 0000 0000 0400 0000 0000 08c0 01c0 0200  ................
00008910: 0640 12c0 1f80 0000 0000 0000 0080 0000  .@..............
00008920: 0004 0400 0802 0800 08c0 01e0 0200 0000  ................
00008930: 02c0 0f80 0600 0000 0000 0000 0000 0000  ................
00008940: 0000 0000 0000 0000 1c00 0fc0 0040 0080  .............@..
00008950: 0080 0100 0100 0000 0600 0c00 0000 0000  ................
00008960: 8054 8008 0010 5d88 07c0 0800 0080 0000  .T....].........
00008970: 0300 0300 0600 0f80 00c0 0100 0000 0000  ................
00008980: 0000 0000 0000 0120 0660 0cc0 0180 1800  ....... .`......
00008990: 0f80 0400 0400 0680 0300 0000 0080 0000  ................
000089a0: 0000 0000 0060 0f28 1c80 1180 0e03 0700  .....`.(........
000089b0: 00c0 0000 0280 0380 0000 0000 0000 0000  ................
000089c0: 0000 0000 0000 0000 0000 0e00 0000 0b80  ................
000089d0: 0e80 0080 00c0 0040 0020 0000 0000 0000  .......@. ......
000089e0: 0000 0000 0200 0601 0300 0180 0800 8680  ................
000089f0: 00c0 0400 0060 0220 0000 0000 0080 0000  .....`. ........
00008a00: 0000 0000 0000 0000 0100 0780 0ec0 0820  ............... 
00008a10: 0060 00c0 1d80 0f00 0000 0000 0000 0000  .`..............
00008a20: 0008 0020 0380 0780 0cc0 1840 0060 1020  ... .......@.`. 
00008a30: 0180 0f00 0400 0000 0080 0000 0000 8000  ................
00008a40: 0000 0000 0000 0000 0080 0000 0180 0100  ................
00008a50: 0100 0000 0200 0600 0000 0000 0000 0000  ................
00008a60: 0000 0000 0080 0100 0000 0100 1300 0200  ................
00008a70: 0200 0420 0000 0000 0000 0000 0000 0000  ... ............
00008a80: 0000 0000 0300 0f80 1900 0100 0300 0600  ................
00008a90: 0400 0000 1ef8 0fe0 0000 0000 0000 0000  ................
00008aa0: 8000 0700 0f80 0101 0300 0200 0c00 0c00  ................
00008ab0: 1900 07f8 07e0 0000 0210 0000 0000 0000  ................
00008ac0: 0000 0000 0000 0000 1e80 1980 0000 0700  ................
00008ad0: 0380 00c0 0180 0700 0c00 0800 0000 0000  ................
00008ae0: 0000 0000 0000 1f00 9180 0600 0680 0180  ................
00008af0: 00c0 0180 0f00 1c80 0000 0000 0000 0000  ................
00008b00: 0000 0000 0000 0000 0400 0800 8840 0080  .............@..
00008b10: 1f00 0080 0000 0180 0100 0000 0000 0000  ................
00008b20: 0010 0010 0400 0040 08c0 1000 0080 0180  .......@........
00008b30: 0f80 0080 0000 0000 0000 0000 0040 0000  .............@..
00008b40: 0000 0000 0080 0700 0800 0000 0f80 19c0  ................
00008b50: 0060 0020 0020 1fc0 0000 0000 0000 0000  .`. . ..........
00008b60: 0008 0380 1f80 0800 0400 0780 19c0 0060  ...............`
00008b70: 0020 0840 1fc0 0400 0000 0100 0000 0000  . .@............
00008b80: 0000 0000 0600 0400 0000 0840 09c0 0300  ...........@....
00008b90: 0620 12c0 1d80 0f00 0000 0000 0080 0000  . ..............
00008ba0: 0000 0600 0c00 0000 10c0 03e0 9700 0000  ................
00008bb0: 0340 0980 0f00 0000 0000 0000 0000 0000  .@..............
00008bc0: 0000 0000 0000 0000 3800 1f80 0040 00c0  ........8....@..
00008bd0: 0080 0180 0300 0200 0200 0600 0000 0000  ................
00008be0: 0004 0000 0002 3a80 1fc0 0000 0080 0180  ......:.........
00008bf0: 0180 0300 0620 0600 0400 0000 0000 0020  ..... ......... 
00008c00: 0000 0000 0000 0080 0760 0cc0 19c0 1800  .........`......
00008c10: 0f80 0080 0440 0680 0380 0000 0000 0000  .....@..........
00008c20: 0020 0000 2060 2760 1c80 1181 0f00 0f00  . .. `'`........
00008c30: 01c0 0040 0280 0380 0000 0080 0080 0000  ...@............
00008c40: 0000 0000 0000 0000 0000 0f00 0900 0900  ................
00008c50: 0f80 0080 00c0 0040 0060 0000 0000 0000  .......@.`......
00008c60: 0000 0000 0000 0e00 0f00 1180 1800 0e80  ................
00008c70: 0080 0040 0060 0020 0000 0000 0080 0000  ...@.`. ........
00008c80: 0000 0000 0000 0000 0000 0380 0e80 0c80  ................
00008c90: 0060 10c0 1980 1f80 0e00 0000 0000 0000  .`..............
00008ca0: 0000 0000 0300 0780 0d80 18c0 1860 1080  .............`..
00008cb0: 1180 0f80 0c00 0000 0000 0000 0000 0000  ................
00008cc0: 0000 0000 0000 0080 0000 0080 0100 0100  ................
00008cd0: 0300 0200 0200 0600 0400 0000 0000 0000  ................
00008ce0: 0000 0000 0090 0180 0100 0300 0000 0200  ................
00008cf0: 1600 0400 0400 0000 0000 0000 0000 8000  ................
00008d00: 0000 0000 0200 0f00 1c80 0180 0300 0200  ................
00008d10: 0600 0c00 1830 1ff8 0300 0000 0000 0000  .....0..........
00008d20: 0040 0f00 1f80 3880 0300 0600 0400 1c00  .@....8.........
00008d30: 1800 13f0 07f8 0400 0000 0000 0000 0000  ................
00008d40: 0000 0000 0000 0000 0e00 1f80 0100 0600  ................
00008d50: 0780 00c0 0180 0300 1e00 1800 0000 0000  ................
00008d60: 0000 0000 0004 1f80 1b80 0600 0600 0180  ................
00008d70: 00c0 0380 0700 1e00 0800 0000 0000 0000  ................
00008d80: 0000 0000 0000 0000 0400 0c00 0840 0000  .............@..
00008d90: 1900 1f80 0000 0080 0180 0000 0000 0000  ................
00008da0: 0000 0000 0420 0440 0800 18c0 1080 0080  ..... .@........
00008db0: 0f80 0000 0000 0000 0000 0080 0000 0000  ................
00008dc0: 0000 0000 0000 07c0 1c00 0000 0f00 1f80  ................
00008dd0: 00e0 0030 0020 19e0 0f00 0000 0000 0000  ...0. ..........
00008de0: 0000 0000 0f80 0e01 0000 0f00 1fc0 00c0  ................
00008df0: 0070 0020 1bc0 0f80 0000 0020 0000 0000  .p. ....... ....
00008e00: 0000 0000 0200 0600 0000 0800 09e0 03a0  ................
00008e10: 0420 1660 19c0 0f00 0000 0000 0000 0000  . .`............
00008e20: 0008 0600 0e08 0800 08c2 11e0 1320 0600  ............. ..
00008e30: 03c0 09c0 0f80 0000 0000 0000 4000 0000  ............@...
00008e40: 0000 0000 0000 0000 0000 3fc0 07c0 00c0  ..........?.....
00008e50: 0080 0180 0300 0300 0200 0e00 0000 0000  ................
00008e60: 0000 0008 0000 0080 3fc0 07c2 0080 0180  ........?.......
00008e70: 0380 0300 0600 0e00 0c20 0000 0010 0000  ......... ......
00008e80: 0000 0000 0000 0000 0360 0ee0 09c0 1900  .........`......
00008e90: 1f80 0080 0440 0480 0380 0000 0080 0000  .....@..........
00008ea0: 0000 0000 0020 0360 0ec0 1981 1300 0e00  ..... .`........
00008eb0: 0180 0040 0000 0380 0000 0080 0000 0000  ...@............
00008ec0: 0000 0000 0000 0000 0000 0600 0e00 1100  ................
00008ed0: 0f80 0480 00c0 0040 0060 0020 0000 0000  .......@.`. ....
00008ee0: 0020 0000 0004 0e00 0f80 0980 0880 0e80  . ..............
00008ef0: 04c0 00c0 0040 0020 0000 0000 0000 0000  .....@. ........
00008f00: 0000 0000 0000 0000 0000 0380 0780 0cc0  ................
00008f10: 0860 10c0 10c0 1f80 0f00 0000 0000 0000  .`..............
00008f20: 0000 0000 0300 0f00 0fc0 0cc0 1860 1060  .............`.`
00008f30: 12c0 0f80 0f00 0000 0000 0000 0000 0100  ................
00008f40: 0000 0000 0000 0000 0080 0080 0100 0100  ................
00008f50: 0100 0000 0200 0200 0600 0000 0000 0000  ................
00008f60: 0000 0000 0080 0980 0100 0100 0300 0200  ................
00008f70: 0200 0600 0400 0400 0000 0000 0000 0000  ................
00008f80: 0000 0000 0000 0700 1e80 1180 0180 0300  ................
00008f90: 0600 0400 0000 1ff8 0f80 0000 0000 0000  ................
00008fa0: 0000 0100 0f00 1d80 0300 0a00 0600 0c00  ................
00008fb0: 0c01 1810 07f0 03c0 0000 0000 0100 0000  ................
00008fc0: 0000 0000 0000 0000 0400 1e80 1180 0400  ................
00008fd0: 0780 00c0 0080 0180 0700 1c00 0000 0000  ................
00008fe0: 0000 0000 0000 0f00 1f80 0000 0600 0584  ................
00008ff0: 0080 0180 0780 0e80 1c00 0000 0000 0000  ................
00009000: 0000 0000 0000 0000 0400 0c00 0840 0040  .............@.@
00009010: 1080 1f80 0080 0080 0180 0080 0000 0000  ................
00009020: 2000 0000 0000 0c40 0840 1880 1080 0080   ......@.@......
00009030: 0f80 0000 0000 0000 0000 0000 0000 0000  ................
00009040: 0000 0000 0000 0780 1f00 0800 0000 1f80  ................
00009050: 18c0 0040 0030 00e0 1f80 0000 0000 0000  ...@.0..........
00009060: 0000 0000 0380 1f00 0000 0000 1fc0 00e0  ................
00009070: 0060 1000 1ce0 1fc0 0000 0000 0000 0000  .`..............
00009080: 0000 0000 0000 0600 0400 0800 08c0 01e0  ................
00009090: 0720 1660 10c0 1f80 0b00 0000 0000 0000  . .`............
000090a0: 0000 0000 0e00 0800 0820 18e0 13a0 1600  ......... ......
000090b0: 0e40 0bc0 0f80 0000 0000 0000 0000 0000  .@..............
000090c0: 0000 0000 0000 0000 0000 1c00 1fc0 10c0  ................
000090d0: 00c0 0080 0180 0300 0200 0600 0c00 0000  ................
000090e0: 0040 0000 4000 0940 7fc0 0fe0 0080 0080  .@..@..@........
000090f0: 0180 0300 0700 0600 0400 0000 0000 0800  ................
00009100: 0000 0000 0000 0000 0160 0660 0cc0 1180  .........`.`....
00009110: 1f00 0680 0040 04c0 0780 0180 0000 0000  .....@..........
00009120: 0000 0000 0040 01e0 0ec0 1d80 13c0 0e00  .....@..........
00009130: 0580 00c0 0280 0380 0300 0000 0000 0000  ................
00009140: 0000 0000 0000 0000 0000 0400 0e00 0000  ................
00009150: 1f80 0e80 0080 0040 0040 0020 0000 0000  .......@.@. ....
00009160: 0000 0000 0000 0600 0e00 0b81 1184 0a80  ................
00009170: 0680 00c0 0060 0060 0000 0000 0200 0000  .....`.`........
00009180: 0000 0000 0000 0000 0000 0000 0380 0e80  ................
00009190: 0c60 0060 10c0 1dc0 0f80 0000 0000 0000  .`.`............
000091a0: 0000 0000 0380 0300 0f80 0dc0 1860 1060  .............`.`
000091b0: 1180 1380 0f00 0000 0000 0000 0000 0000  ................
000091c0: 0000 0000 0000 0000 0080 0080 0080 0100  ................
000091d0: 0100 0300 0300 0200 0600 0400 0000 0000  ................
000091e0: 0800 0000 0080 0180 0180 0100 0100 0300  ................
000091f0: 0200 0600 0600 0400 0000 0000 0000 0200  ................
00009200: 0000 0000 0000 0000 0f80 1c80 0180 0300  ................
00009210: 0600 0400 0400 0d78 0ff8 0000 0000 0000  .......x........
00009220: 1000 0300 0f80 1f80 1800 0300 0600 0600  ................
00009230: 0c00 1840 1ff8 07f0 0400 0000 0080 0000  ...@............
00009240: 0000 0000 0000 0000 0000 0e00 1d80 0100  ................
00009250: 0780 00c0 00c0 0180 0380 1e00 0800 0000  ................
00009260: 0000 0000 0200 0600 1f80 1180 0a00 0780  ................
00009270: 01c0 0000 0380 0f20 1c00 0000 0000 0000  ....... ........
00009280: 0000 0000 0000 0000 0000 0400 0c40 0840  .............@.@
00009290: 00c0 1f80 0f00 0000 0080 0180 0000 0000  ................
000092a0: 0800 0000 0000 0440 0cc0 08c0 1880 1080  .......@........
000092b0: 0b80 0e80 0000 0000 0000 0000 0000 0000  ................
000092c0: 0000 0000 0000 0080 0f80 0c00 0000 0f80  ................
000092d0: 19c0 0060 0020 0060 1fc0 0680 0000 0000  ...`. .`........
000092e0: 0000 0000 0680 1f80 1c00 0600 0fc0 11e0  ................
000092f0: 0060 0020 0040 1fc0 0f00 0000 0000 0000  .`. .@..........
00009300: 0000 0000 0000 0600 0600 0400 0c00 09e0  ................
00009310: 0b20 0660 1360 1dc0 0f00 0000 0000 0000  . .`.`..........
00009320: 0020 0400 0600 0c00 0800 18e0 13e0 1300  . ..............
00009330: 1440 03c0 0d80 0700 0000 0000 0000 0000  .@..............
00009340: 0000 0000 0000 0000 0000 1000 1fe0 0060  ...............`
00009350: 00c0 0080 0180 0100 0300 0200 0600 0000  ................
00009360: 2000 0000 0000 0000 1c80 3fc0 0000 0080   .........?.....
00009370: 0180 0180 0310 0600 0600 0c40 0000 0000  ...........@....
00009380: 0000 0000 0000 0000 0100 0760 0cc0 0180  ...........`....
00009390: 1f00 0380 04c0 0440 0680 0380 0000 0000  .......@........
000093a0: 0000 0000 0100 0260 0fe0 1e80 1980 0b00  .......`........
000093b0: 0f80 00c0 0000 0380 0780 0000 0000 0000  ................
000093c0: 0000 0000 0000 0000 0000 0400 0f00 0c80  ................
000093d0: 0b80 0e80 0080 00c0 0040 0060 0020 0000  .........@.`. ..
000093e0: 0000 0000 0000 0100 0f00 0f00 0980 0000  ................
000093f0: 0e80 00c0 0040 0060 0020 0000 0000 0000  .....@.`. ......
00009400: 0000 0000 0000 0000 0100 0000 0780 0700  ................
00009410: 0c20 0860 0040 01c0 1f80 0700 0000 0000  . .`.@..........
00009420: 0000 0000 0000 0300 0700 0ec0 0cc0 1800  ................
00009430: 10c0 11c0 0780 0f00 0000 0000 0000 0000  ................
00009440: 0000 0000 0000 0000 0080 0080 0080 0080  ................
00009450: 0180 0100 0300 0300 0200 0600 0000 0000  ................
00009460: 0000 0000 0000 0080 0180 0100 0100 0300  ................
00009470: 0300 0208 0600 0600 0400 0000 0000 0000  ................
00009480: 0000 0000 0000 0000 0780 1c80 0180 0100  ................
00009490: 0300 0600 0400 0008 0ff8 0380 0000 0000  ................
000094a0: 0000 0000 0f00 0f00 1c00 0300 0300 0600  ................
000094b0: 0c00 1c30 1870 1fb8 0000 0000 0000 0000  ...0.p..........
000094c0: 0000 0000 0000 0000 0000 0400 1e80 0180  ................
000094d0: 0300 01c0 00c0 0080 0380 0f00 0c00 0000  ................
000094e0: 0000 0000 0000 0000 1f00 1f80 0200 0600  ................
000094f0: 00c0 0080 0380 0300 1e00 1800 0000 0010  ................
00009500: 0000 0000 0000 0000 0000 0440 0c60 0840  ...........@.`.@
00009510: 08c0 00c0 0f80 0080 0080 0180 0000 0000  ................
00009520: 0000 0000 0000 0400 0cc0 18c0 1ac0 1080  ................
00009530: 1980 0f80 8004 0180 0180 0000 0000 1000  ................
00009540: 0000 0000 0000 0000 0380 0600 0040 0700  .............@..
00009550: 0fc0 0020 0010 0030 0be0 0f80 0000 0000  ... ...0........
00009560: 0000 0000 0000 0780 1e00 0000 0b80 1f80  ................
00009570: 00e0 0020 1820 1fe0 0f80 0000 0000 0000  ... . ..........
00009580: 0000 0000 0000 0200 0600 0400 0c00 08e0  ................
00009590: 0ba0 0a20 0b60 18c0 0f80 0000 0000 0000  ... .`..........
000095a0: 0000 0000 0600 0e00 1c00 0c80 19e0 13a0  ................
000095b0: 36c0 1440 01c0 0f80 0000 0000 0000 0000  6..@............
000095c0: 0000 0000 0000 0000 0000 0000 1fc0 03e0  ................
000095d0: 00c0 0080 0080 0180 0300 0200 0600 0400  ................
000095e0: 0000 0000 0000 0800 1080 1fc0 07c0 00c0  ................
000095f0: 0180 0180 0300 0300 0608 0c00 0400 0000  ................
00009600: 0000 0000 0000 0000 0000 03b0 86e0 0c80  ................
00009610: 1980 0300 0280 0040 06c0 0380 0000 0000  .......@........
00009620: 0000 0000 0000 0060 03e0 1ec0 1d80 1100  .......`........
00009630: 0f00 0480 0440 0080 0180 0000 0000 0000  .....@..........
00009640: 0000 0000 0000 0000 0000 0000 0604 0680  ................
00009650: 0100 0780 0600 00c0 0040 0020 0020 0000  .........@. . ..
00009660: 0000 0000 0400 0000 0e00 0f80 1d80 1800  ................
00009670: 0f00 0000 0040 0000 0000 0000 0000 0000  .....@..........
00009680: 0000 0000 0000 0000 0000 0100 0180 0780  ................
00009690: 0e20 0820 0860 08c0 0b80 0f80 0000 0000  . . .`..........
000096a0: 0000 0000 0100 0280 0b00 0600 9cc0 1860  ...............`
000096b0: 18c0 18c0 1780 0700 0000 0400 0000 0000  ................
000096c0: 0000 0000 0000 0000 0080 0080 0080 0080  ................
000096d0: 0180 0100 0100 0300 0300 0600 0000 0000  ................
000096e0: 0000 0000 1000 0080 0080 0180 0100 0100  ................
000096f0: 0300 0200 0200 0600 0400 0000 0000 0000  ................
00009700: 0000 0000 0000 0000 0380 0e80 0880 0180  ................
00009710: 0300 0200 0600 0000 0ff8 0380 0000 0000  ................
00009720: 0000 0000 0000 1780 0c00 1100 0300 0600  ................
00009730: 0e00 0c00 1830 1ff0 0080 0000 0000 0000  .....0..........
00009740: 0000 0000 0000 0000 0000 0000 0e80 0180  ................
00009750: 0500 03c0 0040 00c0 0180 0700 0c00 0000  .....@..........
00009760: 0000 0000 0000 0000 0680 1f00 0100 0700  ................
00009770: 0580 0000 0080 0380 0f80 1800 0000 0080  ................
00009780: 0000 0000 0000 0000 0000 0420 0460 0c60  ........... .`.`
00009790: 0840 00c0 0fc0 00c0 0080 0080 0080 0000  .@..............
000097a0: 0000 0000 0000 0080 0400 0c40 0840 10c0  ...........@.@..
000097b0: 1080 1780 0080 0080 0080 0080 0000 0000  ................
000097c0: 0000 0000 0000 0000 01c0 0700 0440 0000  .............@..
000097d0: 0f80 0000 0010 0010 0860 0fc0 0000 0000  .........`......
000097e0: 0000 0000 0000 0980 0f80 0000 0b00 0b00  ................
000097f0: 1870 0010 1020 19e0 1fc0 0000 0000 0000  .p... ..........
00009800: 0000 0000 0000 0000 0600 0400 0400 0cc0  ................
00009810: 09f0 0a30 0a20 00e0 0f80 0200 0000 0000  ...0. ..........
00009820: 0000 0000 0200 0c00 0c00 0800 18e0 1be0  ................
00009830: 3720 1720 11c0 0780 0300 0000 0000 0000  7 . ............
00009840: 0000 0000 0000 0000 0000 0000 1c00 07a0  ................
00009850: 0060 00c0 0080 0180 0180 0300 0200 0600  .`..............
00009860: 0000 4000 2000 0000 0100 1800 17c0 00c0  ..@. ...........
00009870: 00c0 0180 0180 0300 0e00 0600 0400 0000  ................
00009880: 0000 0000 0000 0000 0000 01b0 0760 0cc0  .............`..
00009890: 0980 0b00 0380 0240 0240 03c0 0180 0000  .......@.@......
000098a0: 0000 0000 0000 0000 01e0 07c0 1dc0 1980  ................
000098b0: 1f80 04c0 0480 0180 0180 0180 0000 0000  ................
000098c0: 0000 0000 0000 0000 0000 0000 0000 0e00  ................
000098d0: 0180 0b80 0600 0000 0000 0000 0030 0000  .............0..
000098e0: 0000 0000 0000 0000 0200 0e00 1d00 0800  ................
000098f0: 0f00 0600 0000 0000 0000 0000 0000 0000  ................
00009900: 0000 0000 0000 0000 0000 0000 0080 0380  ................
00009910: 0e20 0c20 0c60 00c0 04c0 0780 0000 0000  . . .`..........
00009920: 0000 0000 0000 0100 0340 0e00 0c80 1c20  .........@..... 
00009930: 18c0 19c0 1180 1700 0000 0000 0080 0000  ................
00009940: 0000 0000 0000 0000 0040 0080 0080 0080  .........@......
00009950: 0080 0100 0100 0100 0300 0200 0000 0000  ................
00009960: 0000 0000 0000 0080 0080 0080 0080 0100  ................
00009970: 0100 06e0 0600 0600 0610 0080 0000 0000  ................
00009980: 0000 0000 0000 0000 0280 0680 0480 0180  ................
00009990: 0380 0200 0600 0400 0778 05c0 0000 0000  .........x......
000099a0: 0000 0400 0000 0300 0e00 0900 0100 0700  ................
000099b0: 0e00 0c00 0c80 1bf8 0ae0 0000 0000 0000  ................
000099c0: 0000 0000 0000 0000 0000 0000 0e80 0080  ................
000099d0: 0180 0340 0040 00c0 0180 0300 0600 0000  ...@.@..........
000099e0: 4000 0000 0004 0000 0800 3f00 1800 0300  @.........?.....
000099f0: 0680 0000 0180 0180 0f80 0c00 0000 0000  ................
00009a00: 0000 0000 0000 0000 0000 0220 0620 0420  ........... . . 
00009a10: 0840 0840 0fc0 00c0 00c0 0080 0080 0000  .@.@............
00009a20: 0000 0000 0000 0000 0440 0c40 0c40 18c0  .........@.@.@..
00009a30: 18c0 1380 0780 0080 0180 0080 0000 0000  ................
00009a40: 0000 0000 0000 0000 01c0 0780 0400 0000  ................
00009a50: 0f80 0040 0010 0010 0020 07e0 0000 0000  ...@..... ......
00009a60: 0000 0000 0800 0000 0f80 0800 0000 0f80  ................
00009a70: 08e0 0000 0000 08a0 1fc0 0000 0000 0000  ................
00009a80: 0000 0000 0000 0000 0200 0600 0400 0c10  ................
00009a90: 0dd0 0b10 0820 0960 05c0 0780 0000 0000  ..... .`........
00009aa0: 0000 0600 0200 0600 0480 0820 09e0 0be0  ........... ....
00009ab0: 1b20 1660 1060 05c0 0700 0000 0000 0000  . .`.`..........
00009ac0: 0000 0000 0000 0000 0000 0000 0400 17a0  ................
00009ad0: 0060 0040 0080 0080 0180 0300 0300 0200  .`.@............
00009ae0: 0000 0000 8000 0000 0000 1c80 1fc0 0040  ...............@
00009af0: 00c0 0180 0180 0320 0200 0600 0400 0000  ....... ........
00009b00: 0000 0000 0000 0000 0000 0090 03f0 06e0  ................
00009b10: 0980 0500 0380 0240 0040 01c0 0180 0000  .......@.@......
00009b20: 0000 0000 0000 0000 04e0 0f60 0ec0 1980  ...........`....
00009b30: 1700 0080 0400 0490 0080 0180 0000 0000  ................
00009b40: 0000 0000 0000 0000 0000 0000 0000 0680  ................
00009b50: 0480 0780 0640 0000 0020 0020 0010 0000  .....@... . ....
00009b60: 0000 0000 0000 0200 0000 0600 0d80 0c00  ................
00009b70: 0b00 0260 0000 0000 0000 0000 0000 0000  ...`............
00009b80: 0000 0000 0000 0000 0000 0080 0000 0380  ................
00009b90: 0620 0c30 0460 00e0 04c0 0380 0000 0000  . .0.`..........
00009ba0: 0000 0000 0000 0000 0300 0600 0600 0c00  ................
00009bb0: 1840 0840 19c0 1b80 0800 0000 0080 0000  .@.@............
00009bc0: 0000 0000 0000 0000 0040 0080 0080 0000  .........@......
00009bd0: 0080 0180 0100 0000 0000 0200 0000 0000  ................
00009be0: 0000 0000 0000 0000 0080 0080 0000 0100  ................
00009bf0: 0300 0200 0600 0200 0600 0000 0000 0000  ................
00009c00: 0000 0000 0000 0000 0080 0080 0080 0180  ................
00009c10: 0180 0300 0000 0400 001c 0020 0000 0000  ........... ....
00009c20: 0000 0000 0080 0000 0c00 0904 0308 0000  ................
00009c30: 0e00 0400 0840 0980 0140 0000 0000 0000  .....@...@......
00009c40: 0000 0000 0000 0000 0000 0000 0c80 0080  ................
00009c50: 0180 0140 0040 0040 0080 0300 0600 0000  ...@.@.@........
00009c60: 0000 0000 0000 0000 0000 0080 0000 0100  ................
00009c70: 0000 0000 0080 0180 0a00 0c00 0800 0000  ................
00009c80: 0000 0000 0000 0000 0000 0200 0420 0420  ............. . 
00009c90: 0c60 0040 0240 0240 0040 00c0 0000 0000  .`.@.@.@.@......
00009ca0: 0000 0000 0000 0000 0400 0400 0c40 0840  .............@.@
00009cb0: 19c0 1180 0380 0080 0180 0180 0000 0000  ................
00009cc0: 0000 0000 0000 0000 00c0 0780 0440 0400  .............@..
00009cd0: 0e80 0000 0010 0010 0030 07e0 0080 0000  .........0......
00009ce0: 0000 0000 0000 0000 0f80 0c00 0880 0c80  ................
00009cf0: 0820 0000 0020 1120 0ae0 0200 0000 0000  . ... . ........
00009d00: 0000 0000 0000 0000 0300 0600 0400 0400  ................
00009d10: 0df0 0910 0130 0860 00c0 0300 0000 0000  .....0.`........
00009d20: 8000 0000 0000 0400 0e00 0c04 0800 09c0  ................
00009d30: 0ba0 1620 1060 1180 0100 0000 0000 0000  ... .`..........
00009d40: 0000 0000 0000 0000 0000 0000 0820 1120  ............. . 
00009d50: 0060 0040 0080 0080 0180 0100 0300 0200  .`.@............
00009d60: 0800 0000 0000 0000 2824 0080 1200 0000  ........($......
00009d70: 00c0 0080 0080 0500 0700 0600 0400 0000  ................
00009d80: 0000 0000 0000 0000 0000 0000 03b0 06e0  ................
00009d90: 0d80 0800 0300 0260 0260 0040 0080 0000  .......`.`.@....
00009da0: 0000 0000 0000 8100 01e0 01a0 0ec0 1880  ................
00009db0: 1b80 0000 0400 04c0 0480 0080 0000 0000  ................
00009dc0: 0000 0000 0000 0000 0000 0100 0000 0600  ................
00009dd0: 0480 0180 0240 0000 0020 0020 0020 0000  .....@... . . ..
00009de0: 0000 0002 0000 0000 0000 0200 0400 0800  ................
00009df0: 0900 0600 0000 0000 0000 0000 0000 0000  ................
00009e00: 0000 0000 0000 0000 0000 0080 0000 10c0  ................
00009e10: 0720 0000 0400 0040 02c0 0000 0000 0000  . .....@........
00009e20: 0000 0000 0000 0000 0000 0020 0000 0c40  ........... ...@
00009e30: 0880 1000 0080 0180 0400 0000 0000 4000  ..............@.
00009e40: 0000 0000 0000 0000 0000 0000 0000 0000  ................
00009e50: 0000 0100 0000 0100 0000 0000 0000 0000  ................
00009e60: 0000 0000 8000 0000 0000 0000 0100 0000  ................
00009e70: 0200 0000 0200 0200 0000 0400 0000 0000  ................
00009e80: 0000 0000 0000 0000 0080 0000 0000 0000  ................
00009e90: 0100 0000 0200 0000 0200 0000 0000 0000  ................
00009ea0: 0010 0000 0000 0000 0400 1000 0000 0000  ................
00009eb0: 0000 0800 0000 10a0 0000 0000 0000 0000  ................
00009ec0: 0000 0000 0000 0000 0000 0000 0000 0000  ................
00009ed0: 0100 0000 0000 0000 0080 0000 0000 0000  ................
00009ee0: 0000 0010 0000 0000 0000 0100 0000 0000  ................
00009ef0: 0200 0000 0100 0580 0000 1000 0000 0000  ................
00009f00: 0000 0000 0000 0000 0000 0200 0200 0000  ................
00009f10: 0800 0040 0040 0440 0040 00c0 0000 0000  ...@.@.@.@......
00009f20: 0000 0000 0000 0000 0000 0440 0040 0800  ...........@.@..
00009f30: 1000 1100 0400 0100 0080 0000 0000 0000  ................
00009f40: 0000 0000 0000 0000 0000 0000 0400 0000  ................
00009f50: 0a00 0000 0000 0000 0000 0080 0080 0000  ................
00009f60: 0000 0000 0000 0080 0200 0800 0000 0400  ................
00009f70: 0800 0000 0020 0010 0040 0000 0000 0000  ..... ...@......
00009f80: 0000 0000 0000 0000 0000 0000 0000 0400  ................
00009f90: 0090 0000 0010 0160 00c0 0000 0000 0000  .......`........
00009fa0: 0000 0010 0000 0000 0400 0000 0000 00a0  ................
00009fb0: 1300 0000 0000 0080 0000 0000 0000 0000  ................
00009fc0: 0000 0000 0000 0000 0000 0000 0000 0080  ................
00009fd0: 0000 0000 0080 0000 0000 0000 0000 0000  ................
00009fe0: 0000 0000 0000 0000 0000 0000 0000 1000  ................
00009ff0: 0000 0000 0000 0000 0000 0000 0000 0000  ................
0000a000: 0000 0000 0000 0000 0000 0000 0030 0440  .............0.@
0000a010: 0880 0100 0300 0200 0020 0000 00c0 0000  ......... ......
0000a020: 0000 0000 0080 0220 0800 0060 0600 0980  ....... ...`....
0000a030: 0300 0600 0600 0040 0080 0000 0000 0000  .......@........
0000a040: 0000 0000 0000 0000 0000 0000 0000 0080  ................
0000a050: 0480 0000 0300 0040 0000 0000 0010 0000  .......@........
0000a060: 0000 0000 0000 0000 0000 0600 0600 0800  ................
0000a070: 0100 0200 0000 0000 0000 0000 0000 0000  ................
0000a080: 0000 0000 0000 0000 0080 0000 0000 0000  ................
0000a090: 0020 0000 0000 0000 0000 0000 0000 0000  . ..............
0000a0a0: 0000 0000 0000 0000 0010 0000 0000 1000  ................
0000a0b0: 0000 0000 0000 0000 0000 0000 0000 0000  ................
0000a0c0: 0000 0000 0000 0000 0000 0000 0000 0000  ................
0000a0d0: 0000 0000 0000 0000 0000 0000 0000 0000  ................
0000a0e0: 0000 0000 0000 0000 0000 0000 0000 0000  ................
0000a0f0: 0000 0000 0000 0000 0000 0000 0000 0000  ................
0000a100: 0000 0000 0000 0000 0000 0000 0000 0000  ................
0000a110: 0000 0000 0000 0008 0080 0000 0000 0000  ................
0000a120: 0000 0000 0000 8000 0008 0000 0000 0000  ................
0000a130: 0000 0000 0020 0040 0000 0080 0000 0020  ..... .@....... 
0000a140: 0000 0000 0000 0000 0000 0080 0080 0000  ................
0000a150: 0000 0000 0000 0000 0000 0000 0400 0000  ................
0000a160: 0000 0000 0001 0800 0000 0000 0000 0000  ................
0000a170: 0000 0000 0000 1200 0000 0000 0000 0000  ................
0000a180: 0000 0000 0000 0000 0000 0000 0000 0000  ................
0000a190: 0000 0000 0040 0000 0000 0000 0000 0000  .....@..........
0000a1a0: 0000 0000 0000 0000 0000 0000 0000 0000  ................
0000a1b0: 1000 1400 0000 0080 0000 0000 0030 0000  .............0..
0000a1c0: 0000 0000 0000 0000 0000 0000 0000 0000  ................
0000a1d0: 0000 0000 0000 0000 0000 0000 0000 0000  ................
0000a1e0: 0000 0000 0000 0000 0000 0000 0000 0000  ................
0000a1f0: 0000 0000 0000 0000 1a00 0000 0000 0000  ................
0000a200: 0000 0000 0000 0000 0000 0000 0000 0000  ................
0000a210: 0000 0200 0020 0000 0200 0000 0000 0000  ..... ..........
0000a220: 0000 0000 0000 0000 0000 0000 0000 1000  ................
0000a230: 0000 0000 0000 0000 0000 0000 0000 0000  ................
0000a240: 0000 0000 0000 0000 0000 0000 0000 0000  ................
0000a250: 0000 0000 0000 0000 0000 0000 0000 0000  ................
0000a260: 0040 0000 0000 0000 0400 0000 0000 1000  .@..............
0000a270: 0000 0000 0000 0000 0000 0000 0000 0080  ................
0000a280: 0000 0000 0000 0000 0000 0000 0000 0000  ................
0000a290: 0000 0100 0000 0000 0040 0040 0000 0000  .........@.@....
0000a2a0: 0000 0000 8000 0000 0020 0100 0000 0080  ......... ......
0000a2b0: 0100 0000 0000 0000 0040 0100 2000 0000  .........@.. ...
0000a2c0: 0000 0000 0000 0000 0000 0000 0000 0000  ................
0000a2d0: 0000 0100 0200 0000 0000 0010 0000 0000  ................
0000a2e0: 0000 0000 0000 0000 0000 0000 8000 0000  ................
0000a2f0: 0900 0800 0000 0000 0000 0000 0000 0000  ................
0000a300: 0000 0000 0000 0000 0000 0000 0280 0060  ...............`
0000a310: 0020 0000 0000 0000 0000 0000 0000 0000  . ..............
0000a320: 0000 0000 0000 0180 0000 0000 0000 0080  ................
0000a330: 0040 0000 0000 0000 1000 0000 0000 0000  .@..............
0000a340: 0000 0000 0000 0000 0000 0000 0000 0080  ................
0000a350: 0080 0000 0100 0000 0100 0000 0000 0000  ................
0000a360: 0000 0000 0000 0000 0000 0000 0100 0000  ................
0000a370: 0000 0000 0000 0000 0000 0010 0000 0000  ................
0000a380: 0000 0000 0000 0000 0080 0000 0000 1000  ................
0000a390: 0000 0000 0000 0004 0000 0000 0000 0000  ................
0000a3a0: 0080 0000 0040 0000 0000 0100 0100 0000  .....@..........
0000a3b0: 0000 0000 1000 0000 0800 0000 0080 0000  ................
0000a3c0: 0000 0000 0000 0000 0000 0000 0000 0000  ................
0000a3d0: 0100 0040 0040 0000 0000 0000 0000 0000  ...@.@..........
0000a3e0: 0000 0000 0100 0000 2000 0800 0100 0000  ........ .......
0000a3f0: 0001 0000 0080 0000 0200 0000 0800 0000  ................
0000a400: 0000 0000 0000 0000 0000 0020 0000 0020  ........... ... 
0000a410: 0000 0000 0000 0000 0000 0000 0000 0000  ................
0000a420: 0000 0000 0000 0000 0000 0000 0800 0000  ................
0000a430: 0000 0000 0000 0000 0000 0000 0020 0000  ............. ..
0000a440: 0000 0000 0000 0000 0000 0400 0400 0400  ................
0000a450: 0080 0000 0010 0000 0030 0040 0000 0000  .........0.@....
0000a460: 0000 0000 0100 0000 0000 0080 0880 0800  ................
0000a470: 0000 0040 0020 0000 0000 0800 0000 0000  ...@. ..........
0000a480: 0000 0000 0000 0000 0000 0000 0000 0030  ...............0
0000a490: 0000 0000 0900 0000 0400 0000 0000 0000  ................
0000a4a0: 0000 0000 0000 0000 0000 0000 0000 0000  ................
0000a4b0: 00c0 1000 0200 0800 0000 0000 0000 0000  ................
0000a4c0: 0000 0000 0000 0000 0000 0000 0c20 0000  ............. ..
0000a4d0: 0000 0000 0000 0000 0000 0000 0000 0000  ................
0000a4e0: 0000 0200 0000 0000 0000 0000 0800 0180  ................
0000a4f0: 0000 0000 0000 0000 0000 0000 0400 0000  ................
0000a500: 0000 0000 0000 0000 0000 0010 0200 0000  ................
0000a510: 0800 0000 0040 0060 0200 0100 0000 0000  .....@.`........
0000a520: 0000 2000 0000 0000 0000 0000 0000 0000  .. .............
0000a530: 1810 0000 0480 0000 0400 0000 0000 0000  ................
0000a540: 0000 0000 0000 0000 0000 0000 0100 0080  ................
0000a550: 0480 04c0 0040 0020 0020 0020 0000 0000  .....@. . . ....
0000a560: 0000 0000 0000 0000 0000 0000 0002 0000  ................
0000a570: 0900 0400 0080 0080 0040 0020 0000 0000  .........@. ....
0000a580: 0000 0000 0000 0000 0000 0000 00c0 1040  ...............@
0000a590: 0020 0400 0040 0400 0000 0000 0000 0000  . ...@..........
0000a5a0: 0000 0000 0200 0000 0000 0000 0000 0080  ................
0000a5b0: 0040 0000 1000 0800 0800 0280 0000 0000  .@..............
0000a5c0: 0000 0000 0000 0000 0000 0080 0000 0080  ................
0000a5d0: 0000 0000 0100 0100 0100 0000 0000 0000  ................
0000a5e0: 0000 0100 0180 0000 0000 0180 0280 0000  ................
0000a5f0: 0000 0000 0000 0000 0000 0000 0000 0000  ................
0000a600: 0000 0000 0000 0000 0080 0080 0080 0080  ................
0000a610: 0000 0200 0000 0600 0180 0000 0000 0000  ................
0000a620: 0000 0000 0000 0200 0000 0180 0300 0000  ................
0000a630: 0600 0000 0000 0800 0020 8000 0080 0000  ......... ......
0000a640: 0000 0000 0000 0000 0000 0080 0080 0000  ................
0000a650: 00c0 0040 0060 0040 0000 0000 0000 0000  ...@.`.@........
0000a660: 0000 0000 0000 0000 0000 0000 1300 0700  ................
0000a670: 0600 0380 0090 0000 0010 0000 0000 0000  ................
0000a680: 0000 0000 0000 0000 0000 0000 0020 0020  ............. . 
0000a690: 0040 0040 0400 0040 0040 0000 0000 0000  .@.@...@.@......
0000a6a0: 0080 0000 0000 0040 0800 0040 0000 0000  .......@...@....
0000a6b0: 0000 0000 0800 0080 0000 0000 0000 0000  ................
0000a6c0: 0000 0000 0000 0000 0000 0200 0400 0400  ................
0000a6d0: 0040 0010 0000 0008 0400 0000 0000 0000  .@..............
0000a6e0: 0000 0000 0400 0000 0000 1980 0c00 0880  ................
0000a6f0: 0880 0060 0020 0020 0000 0502 0000 0000  ...`. . ........
0000a700: 0000 0000 0000 0000 0100 0000 0400 0000  ................
0000a710: 0010 0900 0d00 0000 0000 0000 0000 0000  ................
0000a720: 0000 0000 0000 0100 0000 0000 0000 0000  ................
0000a730: 0820 0000 1800 0000 0400 0000 0000 0000  . ..............
0000a740: 0000 0000 0000 0000 0000 0000 0020 0000  ............. ..
0000a750: 0040 0000 0000 0080 0000 0100 0300 0000  .@..............
0000a760: 0000 0000 0000 0000 0000 0300 1000 02c0  ................
0000a770: 0000 0000 0000 0000 0000 0000 0000 0000  ................
0000a780: 0000 0000 0000 0000 0000 00b0 0000 0000  ................
0000a790: 0600 0180 00c0 0220 0320 0100 0000 0000  ....... . ......
0000a7a0: 0000 0000 0000 2000 0000 0060 0000 0000  ...... ....`....
0000a7b0: 1800 0e00 0280 04c0 04c0 0080 0000 0000  ................
0000a7c0: 0000 0000 0000 0000 0000 0100 0100 0080  ................
0000a7d0: 0480 0200 0040 0040 0020 0000 0010 0000  .....@.@. ......
0000a7e0: 0000 0000 0200 0800 0200 0000 0000 0300  ................
0000a7f0: 0100 0080 0080 0084 0000 0020 0000 0000  ........... ....
0000a800: 0000 0000 0000 0000 0080 0080 0040 1000  .............@..
0000a810: 0020 0400 0420 0440 0000 0000 0080 0000  . ... .@........
0000a820: 0000 0200 0000 0000 0000 0000 0000 00c0  ................
0000a830: 0840 0040 0800 0000 0000 0100 0002 0000  .@.@............
0000a840: 0000 0000 0000 0000 0000 0040 0000 0000  ...........@....
0000a850: 0080 0080 0100 0100 0100 0300 0000 0000  ................
0000a860: 0000 2000 0000 0000 0200 0800 0280 0100  .. .............
0000a870: 0300 0300 0000 0200 0000 0000 0004 0000  ................
0000a880: 0000 0000 0000 0000 0080 0080 0080 0080  ................
0000a890: 0100 0000 0600 0408 0004 0000 0000 0000  ................
0000a8a0: 0002 0000 0000 0800 0000 0800 0180 0300  ................
0000a8b0: 0600 0000 0800 0800 0c00 0100 0080 0000  ................
0000a8c0: 0000 0000 0000 0000 0000 0080 0080 0080  ................
0000a8d0: 0080 0040 0040 0000 0080 0100 0200 0000  ...@.@..........
0000a8e0: 0000 0000 0000 0000 0000 0000 1900 0100  ................
0000a8f0: 0600 0180 0080 0000 0100 0800 0800 0010  ................
0000a900: 0000 0000 0000 0000 0000 0200 0020 0400  ............. ..
0000a910: 0c40 0840 0040 0040 0040 0040 0000 0000  .@.@.@.@.@.@....
0000a920: 0000 0000 0000 0000 0040 0400 05c0 00c0  .........@......
0000a930: 10c0 0080 0000 0000 0080 0080 0000 0000  ................
0000a940: 0000 0000 0000 0000 00c0 0000 0200 0380  ................
0000a950: 00e0 0030 0018 0010 0000 0000 0000 0000  ...0............
0000a960: 0000 0000 0000 0000 0000 0800 0400 0400  ................
0000a970: 09c0 0000 0010 0800 0000 0e00 0000 0010  ................
0000a980: 0000 0000 0000 0000 0000 0000 0400 0400  ................
0000a990: 0c10 0400 0510 0800 0000 0000 0000 0000  ................
0000a9a0: 0000 3000 0000 0000 0400 1d80 0d00 0a00  ..0.............
0000a9b0: 1000 1e00 0200 0900 0800 0002 0000 0000  ................
0000a9c0: 0000 0000 0000 0000 0000 0000 0040 0020  .............@. 
0000a9d0: 0000 0000 0000 0080 0100 0100 0100 0000  ................
0000a9e0: 0000 0000 0000 0400 0800 2200 0400 0080  ..........".....
0000a9f0: 0180 0080 0080 0100 0200 0000 0400 0002  ................
0000aa00: 0000 0000 0000 0000 0000 0018 0010 0000  ................
0000aa10: 0640 0180 0140 0220 0120 0140 0000 0000  .@...@. . .@....
0000aa20: 0000 0000 0040 0000 0000 0060 0020 1980  .....@.....`. ..
0000aa30: 1880 0600 0680 0240 0608 0300 0100 0004  .......@........
0000aa40: 0000 0000 0000 0000 0000 0000 0100 0080  ................
0000aa50: 0480 04c0 0040 0060 0020 0000 0000 0000  .....@.`. ......
0000aa60: 0000 0000 0200 0000 0100 0880 0c00 0600  ................
0000aa70: 1100 0401 0488 0040 0048 0002 0020 0000  .......@.H... ..
0000aa80: 0000 0000 0000 0000 0000 0080 0040 0020  .............@. 
0000aa90: 0430 0430 0430 0420 0040 0080 0000 0000  .0.0.0. .@......
0000aaa0: 0000 0000 0000 0000 0000 0200 0c00 1800  ................
0000aab0: 0840 1840 1840 1800 0800 0404 0008 0002  .@.@.@..........
0000aac0: 0000 0000 0000 0000 0040 0040 0080 0080  .........@.@....
0000aad0: 0080 0180 0180 0100 0100 0100 0000 0000  ................
0000aae0: 0000 0000 0000 0000 4080 0080 0000 0580  ........@.......
0000aaf0: 0100 0100 0300 0000 0200 0000 0000 0004  ................
0000ab00: 0000 0000 0000 0000 0080 04c0 0080 1080  ................
0000ab10: 0100 0200 0200 0400 0000 0000 0000 0000  ................
0000ab20: 0040 0000 0001 0000 0c00 0880 0100 2200  .@............".
0000ab30: 0200 0400 0c00 0000 0000 0000 0000 0010  ................
0000ab40: 0000 0000 0000 0000 0000 0000 0080 0080  ................
0000ab50: 0080 0060 0060 0040 0080 0180 0200 0000  ...`.`.@........
0000ab60: 0000 0000 0000 0200 0000 1800 0800 0200  ................
0000ab70: 0200 0180 0080 0080 0100 0400 0c00 0000  ................
0000ab80: 0000 0000 0000 0000 0000 0000 0200 0020  ............... 
0000ab90: 0820 0840 0440 0040 0040 0040 0000 0000  . .@.@.@.@.@....
0000aba0: 0000 0000 0000 1000 0000 0000 0400 0840  ...............@
0000abb0: 18c0 1080 0800 0080 0080 0000 0008 0000  ................
0000abc0: 0000 0000 0000 0000 0000 0400 0600 0000  ................
0000abd0: 00a0 0020 0008 0008 0410 0200 0000 0000  ... ............
0000abe0: 0000 0000 0000 0000 0000 0000 0c00 0000  ................
0000abf0: 0880 0040 0030 0830 0800 0000 0000 0000  ...@.0.0........
0000ac00: 0000 0000 0000 0000 0000 0200 0000 0400  ................
0000ac10: 0410 0d00 0c00 0020 0000 0000 0000 0000  ....... ........
0000ac20: 0000 0002 1000 0000 0400 0400 0800 0900  ................
0000ac30: 0a00 0020 0800 1040 0004 0000 0040 0000  ... ...@.....@..
0000ac40: 0000 0000 0000 0000 0000 0000 0000 0020  ............... 
0000ac50: 0060 0040 0080 0080 0080 0100 0100 0200  .`.@............
0000ac60: 0000 8000 0000 0000 0000 0000 1000 0040  ...............@
0000ac70: 00c0 0080 0000 0000 0300 0200 0200 0010  ................
0000ac80: 0000 0000 0000 0000 0000 0098 0030 0660  .............0.`
0000ac90: 04c0 0080 0160 0120 0120 0160 0000 0000  .....`. . .`....
0000aca0: 0000 0000 0000 0000 0000 0400 0460 0c00  .............`..
0000acb0: 3900 0e00 0280 0640 0240 0380 0080 0000  9......@.@......
0000acc0: 0000 0000 0000 0000 0000 0000 8100 0000  ................
0000acd0: 0480 0000 0040 0000 0000 0010 0000 0000  .....@..........
0000ace0: 0000 0000 0000 8000 0000 0000 0400 0400  ................
0000acf0: 0900 0800 0000 0048 0040 0060 0020 0000  .......H.@.`. ..
0000ad00: 0000 0000 0000 0000 0080 0080 01e0 0120  ............... 
0000ad10: 0630 0430 0430 0460 00c0 0080 0000 0000  .0.0.0.`........
0000ad20: 0000 0000 0800 0000 0100 0300 8600 1cc0  ................
0000ad30: 08c0 0840 08c0 0880 0c00 0c00 0000 0000  ...@............
0000ad40: 0000 0000 0000 0000 0040 0040 00c0 0080  .........@.@....
0000ad50: 0080 0080 0180 0100 0100 0300 0000 0000  ................
0000ad60: 0000 0000 0000 0000 0080 1080 0080 0080  ................
0000ad70: 0180 0300 0300 0200 0600 0600 0010 0000  ................
0000ad80: 0000 0000 0000 0000 0180 06c0 0480 1080  ................
0000ad90: 0180 0300 0200 0200 001c 0000 0000 0000  ................
0000ada0: 0000 0000 0000 0600 1400 0880 0180 0100  ................
0000adb0: 0700 0400 0400 0800 0800 0000 0000 0000  ................
0000adc0: 0000 0000 0000 0000 0000 0380 04c0 0080  ................
0000add0: 00c0 0060 0020 0040 0080 0280 0200 0000  ...`. .@........
0000ade0: 0000 0000 0000 0000 0000 0c00 0900 0100  ................
0000adf0: 0700 0280 00c0 0080 8200 0c00 0c00 0000  ................
0000ae00: 0000 0000 0000 0000 0000 0220 0220 0420  ........... . . 
0000ae10: 0460 0440 0440 0040 0040 0040 0080 0000  .`.@.@.@.@.@....
0000ae20: 0000 0080 0000 0000 0000 0440 0440 0c40  ...........@.@.@
0000ae30: 08c0 1880 0880 0080 0080 0080 0000 0000  ................
0000ae40: 0000 0000 0000 0000 02a0 0200 0200 0200  ................
0000ae50: 00e0 0010 0008 0008 0400 0100 0000 0000  ................
0000ae60: 0000 0000 0000 0000 0000 0c00 0500 0400  ................
0000ae70: 0cc0 0260 0000 0010 0800 0e00 0002 0000  ...`............
0000ae80: 0000 0000 0000 0000 0300 0200 0200 0410  ................
0000ae90: 04d0 0510 0010 04a0 00c0 0000 0000 0000  ................
0000aea0: 0000 0000 0800 0000 0200 2000 8400 0080  .......... .....
0000aeb0: 09a0 0a20 1820 0880 0900 0000 0000 0000  ... . ..........
0000aec0: 0000 0000 0000 0000 0000 0000 0420 0030  ............. .0
0000aed0: 0020 0040 00c0 0080 0180 0100 0100 0100  . .@............
0000aee0: 0000 0c00 0000 0000 0000 0000 1000 0040  ...............@
0000aef0: 00c0 2080 0080 0100 0300 0200 0400 0600  .. .............
0000af00: 0000 0000 0000 0000 0000 0018 0310 0660  ...............`
0000af10: 0680 00c0 0160 0120 0120 01e0 0000 0000  .....`. . ......
0000af20: 0000 0000 0000 0080 0000 0060 0020 0880  ...........`. ..
0000af30: 0880 0600 02c0 0240 0240 0340 0100 0000  .......@.@.@....
0000af40: 0000 0000 0000 0000 0000 0100 0180 0280  ................
0000af50: 06c0 07c0 0140 0020 0030 0010 0010 0000  .....@. .0......
0000af60: 0000 0000 0800 0000 0400 0000 0400 0d00  ................
0000af70: 0980 0480 0680 0040 0060 0020 0000 0000  .......@.`. ....
0000af80: 0000 0000 0000 0000 0080 0080 00e0 0130  ...............0
0000af90: 0630 0410 0430 0660 04a0 0000 0000 0000  .0...0.`........
0000afa0: 0000 0000 0000 0000 0100 0300 0600 0440  ...............@
0000afb0: 0ce0 18e0 1840 0880 0c00 0600 0000 0000  .....@..........
0000afc0: 0000 0000 0000 0000 0040 0040 0040 0080  .........@.@.@..
0000afd0: 0080 0080 0080 0180 0100 0100 0000 0000  ................
0000afe0: 0001 0000 0000 0000 0080 0080 0000 0080  ................
0000aff0: 0180 0100 0300 0300 0200 0200 0000 0000  ................
0000b000: 0000 0000 0000 0180 00c0 02c0 00c0 0080  ................
0000b010: 0180 0300 0200 068c 0284 0000 0000 0000  ................
0000b020: 0000 0000 0000 0000 0500 0d80 0d80 0100  ................
0000b030: 0210 0600 0c00 0c10 0e10 0080 0000 0000  ................
0000b040: 0000 0000 0000 0000 0000 07c0 00c0 00c0  ................
0000b050: 00c0 0060 0020 0060 0080 0100 0000 0000  ...`. .`........
0000b060: 0000 0000 0000 0000 0000 0000 0b80 0100  ................
0000b070: 0300 01c0 00c0 0080 0100 0c00 0c80 0000  ................
0000b080: 0000 0000 0000 0000 0000 0220 0230 0620  ........... .0. 
0000b090: 0420 0460 0740 0040 0040 0040 0000 0000  . .`.@.@.@.@....
0000b0a0: 0000 0000 0000 0000 0000 0620 0420 0860  ........... . .`
0000b0b0: 08c0 08c0 0e80 0080 0080 0080 0080 0000  ................
0000b0c0: 0000 0000 0000 0000 06e0 0200 0200 0380  ................
0000b0d0: 00e0 0018 0008 0008 0790 0000 0000 0000  ................
0000b0e0: 0000 0000 0000 0000 0000 0c00 0400 0400  ................
0000b0f0: 0fc0 0060 0030 0010 0800 0fc0 0000 0000  ...`.0..........
0000b100: 0000 0000 0000 0100 0100 0200 0200 0430  ...............0
0000b110: 0490 0510 0590 0460 0640 0000 0000 0000  .......`.@......
0000b120: 0000 0000 0000 0000 0400 0400 0480 0c80  ................
0000b130: 0b20 0a20 1b60 1900 0c80 0000 0000 0000  . . .`..........
0000b140: 0000 0000 0000 0000 0000 0c00 07f0 0030  ...............0
0000b150: 0060 0040 00c0 0080 0080 0180 0100 0000  .`.@............
0000b160: 0000 0000 0000 0000 0000 0000 1e00 07e0  ................
0000b170: 00c0 0080 0080 0180 0100 0200 0600 0600  ................
0000b180: 0000 0400 0000 0000 0010 00d8 0088 0040  ...............@
0000b190: 0600 00c0 0160 0120 0120 0080 0000 0000  .....`. . ......
0000b1a0: 0000 0000 0000 0000 0000 0020 0000 0c80  ........... ....
0000b1b0: 0d80 0e00 06c0 0240 0240 0300 0080 0000  .......@.@......
0000b1c0: 0000 0000 0000 0000 0000 0100 0180 00c0  ................
0000b1d0: 06c0 0340 0260 0020 0030 0010 0010 0000  ...@.`. .0......
0000b1e0: 0000 0000 0000 0000 0000 0000 0600 0500  ................
0000b1f0: 0d80 0480 06c0 00c0 0060 0020 0030 0000  .........`. .0..
0000b200: 0000 0000 0000 0000 00c0 00c0 00e0 00b0  ................
0000b210: 0010 0610 0630 0720 0000 0000 0000 0000  .....0. ........
0000b220: 0000 0000 0000 0000 0100 0500 0200 04c0  ................
0000b230: 0c60 0860 0cc0 0c80 0c00 0780 0000 0000  .`.`............
0000b240: 0000 0000 0000 0000 0060 0040 0040 00c0  .........`.@.@..
0000b250: 0080 0080 0080 0180 0180 0000 0000 0000  ................
0000b260: 0000 0000 0000 0000 0040 0080 0080 0080  .........@......
0000b270: 0100 0100 0100 0100 0100 0200 0000 0000  ................
0000b280: 0000 0000 0000 0380 02c0 0040 00c0 0080  ...........@....
0000b290: 0100 0100 0200 03fc 00f4 0000 0000 0000  ................
0000b2a0: 0000 0000 0200 0000 0d80 0d80 0080 1100  ................
0000b2b0: 0000 0600 0c00 0c00 07f8 0780 0000 0000  ................
0000b2c0: 0000 0000 0000 0000 0380 07c0 00c0 0080  ................
0000b2d0: 00e0 0030 0020 0020 0680 0200 0000 0000  ...0. . ........
0000b2e0: 0000 0000 0000 0000 0000 0800 0f80 0180  ................
0000b2f0: 0300 01c0 0040 0080 0000 0400 0680 0000  .....@..........
0000b300: 0000 0000 0000 0000 0300 0130 0310 0230  ...........0...0
0000b310: 0420 0660 0760 0060 0060 0040 0000 0000  . .`.`.`.`.@....
0000b320: 0000 0000 0000 0000 0000 0200 8020 0c60  ............. .`
0000b330: 0840 0840 0f80 04c0 0080 0080 0000 0000  .@.@............
0000b340: 0000 0000 0000 0040 0780 0000 0200 03c0  .......@........
0000b350: 00f0 0018 0008 0408 07e0 0000 0000 0000  ................
0000b360: 0000 0000 0000 0000 00c0 0d80 0400 0400  ................
0000b370: 07c0 0070 0010 0010 0c00 0fe0 0000 0000  ...p............
0000b380: 0000 0000 0000 0100 0000 0200 0220 0630  ............. .0
0000b390: 0498 0518 0590 0600 0300 0000 0000 0000  ................
0000b3a0: 0000 8000 0800 0200 0200 0400 0c00 0c00  ................
0000b3b0: 0b70 0a10 0b00 0900 0e80 0700 0000 0000  .p..............
0000b3c0: 0000 0000 0000 0000 0000 0600 03f0 0030  ...............0
0000b3d0: 0020 0040 0040 0080 0000 0180 0180 0000  . .@.@..........
0000b3e0: 0000 0000 0000 0000 0000 0000 0e40 03e0  .............@..
0000b3f0: 0040 0000 0080 0000 0400 0400 0200 0200  .@..............
0000b400: 0000 0000 0000 0000 0058 00d8 0300 0200  .........X......
0000b410: 0680 00c0 0120 0130 01a0 0080 0000 0000  ..... .0........
0000b420: 0000 0000 0000 0000 0000 0020 0001 0800  ........... ....
0000b430: 0c00 0600 02c0 0220 0340 01c0 0180 0000  ....... .@......
0000b440: 0000 0000 0000 0000 0000 0180 0180 00c0  ................
0000b450: 02c0 0260 0060 0020 0030 0010 0008 0000  ...`.`. .0......
0000b460: 0000 0000 0000 0000 0000 0200 0200 0580  ................
0000b470: 0580 0e80 06c0 0060 0060 0020 0030 0000  .......`.`. .0..
0000b480: 0000 0000 0000 0080 00c0 00e0 0070 0030  .............p.0
0000b490: 0218 0618 0690 03a0 0000 0000 0000 0000  ................
0000b4a0: 0000 0000 0000 0000 0000 0000 00c0 0be0  ................
0000b4b0: 0420 0c20 0400 0c20 06c0 0780 0000 0000  . . ... ........
0000b4c0: 0000 0000 0000 0060 0000 0040 0040 0040  .......`...@.@.@
0000b4d0: 0000 0000 0080 0080 0000 0000 0000 0000  ................
0000b4e0: 8000 0000 0000 0000 0000 0080 0080 0080  ................
0000b4f0: 0100 0100 0100 0100 0200 0300 0000 0000  ................
0000b500: 0000 0000 0080 03c0 0240 0040 0040 0080  .........@.@.@..
0000b510: 0080 0000 0200 03fe 0000 0000 0000 0000  ................
0000b520: 0000 0000 0000 0000 0380 0680 0000 1100  ................
0000b530: 0200 0000 0400 0400 07fc 01c0 0000 0000  ................
0000b540: 0000 0000 0000 0000 07c0 07e0 0040 01c0  .............@..
0000b550: 00e0 0030 0020 0080 0300 0000 0000 0000  ...0. ..........
0000b560: 0000 0000 0000 0000 0000 0f80 0f80 0000  ................
0000b570: 03c0 00c0 0040 0040 0080 0780 0600 1000  .....@.@........
0000b580: 0000 0000 0000 0000 0100 0110 0010 1210  ................
0000b590: 0420 07a0 0020 0020 0020 0000 0000 0000  . ... . . ......
0000b5a0: 0000 0200 0000 0000 0000 0020 0000 0800  ........... ....
0000b5b0: 0840 0c00 0fc0 01c0 00c0 00c0 0000 0000  .@..............
0000b5c0: 0000 0000 0000 01e0 0780 0200 0300 03c0  ................
0000b5d0: 0030 0008 0008 0630 07e0 0000 0000 0000  .0.....0........
0000b5e0: 0000 0000 0000 0040 05c0 0780 0600 0380  .......@........
0000b5f0: 0fe0 0030 0010 0008 0e60 07c0 0000 0000  ...0.....`......
0000b600: 0000 0000 0000 0180 0200 0200 0270 00f8  .............p..
0000b610: 0408 0588 04d0 06c0 0100 0000 0000 0000  ................
0000b620: 0000 0000 0000 0000 0000 0400 0000 0c30  ...............0
0000b630: 0970 1b20 0b00 0c20 0780 0380 0000 0000  .p. ... ........
0000b640: 0000 0000 0000 0000 0000 0ff0 81f0 0000  ................
0000b650: 0010 0040 0000 0000 0080 0180 0000 0000  ...@............
0000b660: 0000 0000 0000 0000 0000 0000 0fe0 83c0  ................
0000b670: 0000 0080 0100 0100 0100 0208 0300 0300  ................
0000b680: 0000 0000 0000 0000 00f8 0388 0240 0000  .............@..
0000b690: 07c0 01e0 0130 0190 01c0 0080 0000 0000  .....0..........
0000b6a0: 0000 0000 0000 0000 0000 00a8 03b0 0c00  ................
0000b6b0: 0e00 07c0 0360 0260 0700 01c0 0080 0000  .....`.`........
0000b6c0: 0000 0000 0000 0000 0100 0180 01c0 10c0  ................
0000b6d0: 0240 0360 0020 0030 0018 0018 0000 0000  .@.`. .0........
0000b6e0: 4000 0000 0000 0000 0000 0000 0400 0780  @...............
0000b6f0: 0c80 06c0 03c0 0060 0060 0030 0010 0000  .......`.`.0....
0000b700: 0000 0000 0000 00c0 01c0 0360 0230 0018  ...........`.0..
0000b710: 0218 0260 03c0 0380 0000 0000 0000 0000  ...`............
0000b720: 0000 0000 0000 0000 0000 0400 00e0 05e0  ................
0000b730: 0660 0c00 0c00 0c60 07c0 0380 0000 0000  .`.....`........
0000b740: 0000 0000 0000 0060 0000 0000 0040 0000  .......`.....@..
0000b750: 0040 0080 0080 0080 0000 0000 0000 0000  .@..............
0000b760: 0000 0000 0000 0000 0000 0000 0000 0000  ................
0000b770: 0480 0000 0100 0200 0304 0100 0004 0000  ................
0000b780: 0000 0000 0180 07c0 0440 0040 0000 0100  .........@.@....
0000b790: 0000 0000 03dc 03fc 0000 0000 0000 0000  ................
0000b7a0: 0000 0000 0000 0100 0380 0600 0480 0082  ................
0000b7b0: 0100 0000 0400 063c 07fc 0140 0000 0000  .......<...@....
0000b7c0: 0000 0000 0000 0000 07c0 0040 0180 01c0  ...........@....
0000b7d0: 00f0 0030 00c0 0380 0300 0000 0000 0000  ...0............
0000b7e0: 0000 0000 0000 0000 0100 0780 0740 0200  .............@..
0000b7f0: 01c0 00e0 2000 00e0 0180 0780 1600 0000  .... ...........
0000b800: 0000 0000 0000 0000 0130 0110 0010 0000  .........0......
0000b810: 0400 07e0 0020 0020 0020 0000 0000 0000  ..... . . ......
0000b820: 0000 8000 0400 0000 0000 0040 0000 0000  ...........@....
0000b830: 0808 0c00 07c0 00c0 0040 0040 0000 0000  .........@.@....
0000b840: 0000 0000 0000 03e0 0200 0100 03c0 01f0  ................
0000b850: 0018 000c 0218 07f0 01c0 0000 0000 0000  ................
0000b860: 0000 0000 0000 0000 07e0 0600 0280 03c0  ................
0000b870: 0ff0 0018 0008 0010 07f0 07a0 0000 0020  ............... 
0000b880: 0000 0000 0100 0380 0000 0200 0078 02d8  .............x..
0000b890: 0688 0598 06e0 07c0 0000 0000 0000 0000  ................
0000b8a0: 0000 0000 0000 0100 0700 0240 0400 0870  ...........@...p
0000b8b0: 04d0 0b00 0f80 0e60 07c0 0100 0000 0000  .......`........
0000b8c0: 0000 0000 0000 0000 0600 0ff0 0010 0000  ................
0000b8d0: 0060 0000 0080 0000 0000 0080 0000 0000  .`..............
0000b8e0: 0000 0000 0000 0000 0000 0e00 0fe0 0180  ................
0000b8f0: 0000 0000 0000 0000 0000 0000 0780 4200  ..............B.
0000b900: 0000 0000 0000 0018 00f8 03e0 0660 0280  .............`..
0000b910: 03c0 0070 0190 0180 00c0 0000 0000 0000  ...p............
0000b920: 0000 0000 0000 0000 0000 01d8 03b8 0660  ...............`
0000b930: 1e40 03c0 0360 0700 01a0 01e0 0000 0000  .@...`..........
0000b940: 0000 0000 0000 0000 0180 0380 00c0 1040  ...............@
0000b950: 0360 0020 0030 0010 0018 0008 0080 0000  .`. .0..........
0000b960: 0000 0000 0000 0000 0000 0000 0380 0380  ................
0000b970: 0ec0 07c0 0360 0060 0030 0010 0020 0000  .....`.`.0... ..
0000b980: 0000 0000 0000 00c0 01e0 0370 0230 0018  ...........p.0..
0000b990: 0208 06e0 03c0 0100 0000 0000 0000 0000  ................
0000b9a0: 0000 0000 0000 0000 0000 00c0 00e0 07e0  ................
0000b9b0: 0b00 0010 0410 16e0 07e0 0300 0000 0000  ................
0000b9c0: 0000 0000 0020 0060 0040 0040 0040 0000  ..... .`.@.@.@..
0000b9d0: 0000 0080 0000 0000 0000 0000 0000 0000  ................
0000b9e0: 0000 0000 0000 0000 0000 0000 0000 0040  ...............@
0000b9f0: 0000 0000 0200 0080 0500 0200 0000 0000  ................
0000ba00: 0000 0000 03c0 07c0 00c0 00c0 0080 0100  ................
0000ba10: 0300 0600 03fe 00c0 0000 0000 0000 0000  ................
0000ba20: 0004 0001 0000 0180 0780 0640 00c0 0080  ...........@....
0000ba30: 0180 0100 0400 07bc 07fc 0000 0000 0000  ................
0000ba40: 0000 0000 0000 03c0 07e0 0000 0180 00e0  ................
0000ba50: 0030 0040 00c0 0380 0200 0000 0000 0000  .0.@............
0000ba60: 8000 0000 0000 0000 0100 0f80 0640 0180  .............@..
0000ba70: 03c0 00b0 0060 00e0 0380 0700 0400 0000  .....`..........
0000ba80: 0000 0000 0000 0100 0110 0210 0610 0020  ............... 
0000ba90: 06e0 03e0 0020 0020 0000 0000 0000 0000  ..... . ........
0000baa0: 0000 0000 0000 0000 0000 0100 0240 1000  .............@..
0000bab0: 1c00 07c0 07c0 0080 0060 00c0 0080 0000  .........`......
0000bac0: 0000 0000 00e0 0380 0000 0100 03e0 0070  ...............p
0000bad0: 001c 000c 0610 07f0 0000 0000 0000 0000  ................
0000bae0: 0000 0000 0000 01e0 07c0 0600 0800 07c0  ................
0000baf0: 0ef0 0008 0000 0638 07f0 0340 0000 0000  .......8...@....
0000bb00: 0000 0000 0180 0300 0000 0020 00f8 01c8  ........... ....
0000bb10: 0788 06b0 06e0 0380 0000 0000 0000 0000  ................
0000bb20: 2000 0000 0000 0100 0500 0000 0030 0070   ............0.p
0000bb30: 0cf0 07a8 0d90 06e0 07c0 0000 0000 0000  ................
0000bb40: 0000 0000 0000 0000 0fe0 03f0 0000 0060  ...............`
0000bb50: 0040 0080 0080 0000 0180 0000 0000 0000  .@..............
0000bb60: 4004 0000 0000 0000 0000 1fe0 0fe0 0440  @..............@
0000bb70: 0000 0040 0080 0890 0000 0380 0300 0000  ...@............
0000bb80: 0000 0000 0000 005c 03dc 0760 06c0 1380  .......\...`....
0000bb90: 01e0 0030 0000 00a0 00c0 0000 0000 0000  ...0............
0000bba0: 0000 0000 0000 0000 01c8 01d8 0370 0ce0  .............p..
0000bbb0: 07c0 03e0 0320 0300 01e0 00e0 0000 0000  ..... ..........
0000bbc0: 0000 0000 0000 0000 0380 03c0 00c0 0260  ...............`
0000bbd0: 03e0 0030 0010 0018 0008 0008 0000 0000  ...0............
0000bbe0: 4000 0000 0000 0000 0000 0000 0380 1580  @...............
0000bbf0: 06c0 03e0 0060 0020 0070 0038 0010 0000  .....`. .p.8....
0000bc00: 0000 0000 00c0 01c0 03e0 0270 0618 0018  ...........p....
0000bc10: 0260 03e0 03c0 0000 0000 0000 0000 0000  .`..............
0000bc20: 0000 0000 0000 0000 0000 00e0 01e0 03a0  ................
0000bc30: 0010 0c10 0460 0fe0 0fc0 0000 0080 0000  .....`..........
0000bc40: 0000 0000 0060 0060 0000 0000 0000 0000  .....`.`........
0000bc50: 0000 0000 0080 0000 0000 0000 0000 0000  ................
0000bc60: 0000 0000 0000 0000 0000 0040 0000 0000  ...........@....
0000bc70: 8000 0000 0000 0100 0104 0200 0000 0000  ................
0000bc80: 0000 0180 03c0 0640 0000 0080 0180 0300  .......@........
0000bc90: 0200 000c 01fe 0000 0000 0000 0000 0000  ................
0000bca0: 0000 0000 0000 0380 0700 0040 00c0 0080  ...........@....
0000bcb0: 0380 0100 0610 07fc 02c0 0010 0000 0000  ................
0000bcc0: 0000 0000 0000 07c0 06e0 0180 01a0 0070  ...............p
0000bcd0: 0030 00c0 01c0 0380 0000 0000 0000 0000  .0..............
0000bce0: 0001 0000 0000 0000 0780 07c0 0200 01c0  ................
0000bcf0: 01e0 0130 0060 00c0 07c0 0300 0000 000c  ...0.`..........
0000bd00: 0000 0000 0000 0110 0210 0210 0420 0000  ............. ..
0000bd10: 03e0 0020 0020 0020 0000 0000 0000 0000  ... . . ........
0000bd20: 0000 0000 0000 0000 0000 0100 0000 0410  ................
0000bd30: 0400 0fc0 0240 0020 00e0 0040 0000 0000  .....@. ...@....
0000bd40: 0000 0000 03f0 0300 0000 01c0 02f0 0030  ...............0
0000bd50: 000c 0000 0778 03e0 0000 0000 0000 0000  .....x..........
0000bd60: 0000 0100 0000 01e0 0380 0080 03c0 03f0  ................
0000bd70: 0238 0010 0008 0638 03f0 0000 0080 0000  .8.....8........
0000bd80: 0000 0100 0180 0200 0000 0278 00f8 0188  ...........x....
0000bd90: 0110 06b0 03e0 0180 0000 0000 0000 0000  ................
0000bda0: 0000 0000 0000 0180 0000 0000 0030 20f0  .............0 .
0000bdb0: 0980 0d90 0c30 07e0 0580 0200 0000 0000  .....0..........
0000bdc0: 0000 0000 0000 0400 07f0 00d0 0000 0060  ...............`
0000bdd0: 0040 0080 0080 0180 0000 0000 0000 0000  .@..............
0000bde0: 2000 0000 0000 0000 0200 0fe0 03f0 0030   ..............0
0000bdf0: 0020 0040 00c0 0080 0000 0380 0300 0000  . .@............
0000be00: 0000 0000 0018 00d8 03b0 0660 04c0 0380  ...........`....
0000be10: 00e0 0010 00a0 00e0 0040 0000 0000 0000  .........@......
0000be20: 0000 0000 0000 0800 00c8 01b8 0270 0ec0  .............p..
0000be30: 03c0 02f0 0300 01b0 00e0 00c0 0000 0000  ................
0000be40: 0000 0000 0000 0180 0180 03c0 0060 03e0  .............`..
0000be50: 01a0 0030 0018 0018 0008 0000 0080 0000  ...0............
0000be60: 0000 0000 0000 0000 0000 0180 0380 14c0  ................
0000be70: 07c0 03e0 0020 0030 0818 0018 0200 0000  ..... .0........
0000be80: 0000 0000 00c0 01e0 03f0 0618 0218 0008  ................
0000be90: 0260 03c0 0180 0000 0000 0000 0000 0000  .`..............
0000bea0: 0000 0000 0400 0000 0000 00e0 01e0 0380  ................
0000beb0: 0010 0410 0670 07e0 0380 0000 0280 0000  .....p..........
0000bec0: 0000 0000 0020 0040 0000 0040 0000 0000  ..... .@...@....
0000bed0: 0000 0000 0080 0000 0000 0000 0000 0000  ................
0000bee0: 0000 0000 0000 0000 0000 0000 0000 0000  ................
0000bef0: 0000 0000 0000 0180 0180 0000 0000 0000  ................
0000bf00: 0000 0180 07c0 0060 0040 0000 0180 0100  .......`.@......
0000bf10: 0600 01fe 01fa 0000 0000 0000 0000 0000  ................
0000bf20: 0000 0000 0080 03c0 0600 0040 0080 0080  ...........@....
0000bf30: 0100 0000 079c 07fc 0030 0000 0000 0000  .........0......
0000bf40: 0000 0000 0180 07c0 0060 0180 00e0 0070  .........`.....p
0000bf50: 0010 00e0 0380 0300 0000 0000 0000 0000  ................
0000bf60: 0008 0000 0008 0000 0780 0240 0400 01c0  ...........@....
0000bf70: 01e0 0020 00e0 00c0 0b80 0700 0000 0010  ... ............
0000bf80: 0000 0000 0100 0110 0210 0610 0000 0020  ............... 
0000bf90: 07c0 0020 0000 0000 0000 0000 0000 0000  ... ............
0000bfa0: 0000 0000 0000 0080 0100 0200 0200 0400  ................
0000bfb0: 06c0 07c0 0040 0060 0062 0040 0000 0000  .....@.`.b.@....
0000bfc0: 0000 0000 03e0 0000 0100 01c0 0270 0018  .............p..
0000bfd0: 000c 0204 03f0 0180 0000 0000 0000 0000  ................
0000bfe0: 0002 0000 0060 03c0 0680 0600 03c0 0670  .....`.........p
0000bff0: 0838 0000 0008 07f0 07d0 0480 00a0 0000  .8..............
0000c000: 0000 0180 0380 0000 0000 0078 00c8 0280  ...........x....
0000c010: 0288 0270 03c0 0000 0000 0000 0000 0000  ...p............
0000c020: 0000 0000 0080 0990 0100 0000 0078 00f8  .............x..
0000c030: 0d80 0d90 0670 13e0 00c0 0000 0000 0000  .....p..........
0000c040: 0000 0000 0000 0700 07f8 0018 0000 0020  ............... 
0000c050: 0000 0080 0100 0180 0000 0000 0000 0000  ................
0000c060: 0000 0000 0000 0000 0600 0fe0 0300 0000  ................
0000c070: 0020 0040 00c0 0080 0080 0300 0100 0008  . .@............
0000c080: 0000 0000 0018 01dc 0730 0660 0280 03c0  .........0.`....
0000c090: 0070 0010 00a0 00e0 0000 0000 0000 0000  .p..............
0000c0a0: 0001 0000 0000 0040 01dc 03b8 0360 1ec0  .......@.....`..
0000c0b0: 07c0 0020 0190 01b0 00e0 0280 0000 0000  ... ............
0000c0c0: 0000 0000 0000 0180 03c0 00e0 0260 03e0  .............`..
0000c0d0: 0130 0010 0018 0008 0008 0000 0000 0000  .0..............
0000c0e0: 0800 0000 0000 0000 0000 0180 0380 06c0  ................
0000c0f0: 03c0 0360 0070 0090 0018 0018 8008 0000  ...`.p..........
0000c100: 0000 0080 00c0 01e0 0370 0018 0018 0208  .........p......
0000c110: 0260 03c0 0000 0000 0000 0000 0000 0000  .`..............
0000c120: 0000 0000 0000 0000 00c0 01e0 23b0 8430  ............#..0
0000c130: 0418 0c20 07f0 07e0 0180 0008 0000 0000  ... ............
0000c140: 0000 0020 0020 0000 0040 0040 0080 0000  ... . ...@.@....
0000c150: 0080 0080 0000 0000 0000 0000 0000 0000  ................
0000c160: 0000 0000 0000 0000 0000 0000 0000 0000  ................
0000c170: 0000 0000 0000 0180 0000 0200 0000 0000  ................
0000c180: 0000 01c0 0360 0040 0040 0100 0000 0100  .....`.@.@......
0000c190: 0000 01fe 00c0 0000 0000 0000 0000 0000  ................
0000c1a0: 0000 0000 0180 0780 4400 0000 2080 0000  ........D... ...
0000c1b0: 0100 0600 07fc 01ec 0180 0020 0000 0000  ........... ....
0000c1c0: 0000 0000 0380 03e0 0000 0180 0160 0030  .............`.0
0000c1d0: 0030 00c0 0380 0200 0000 0000 0000 0000  .0..............
0000c1e0: 0000 0000 0000 0100 0780 0440 0980 41c0  ...........@..A.
0000c1f0: 01a0 0020 00c0 0180 0300 0600 0000 0000  ... ............
0000c200: 0000 0000 0100 0110 0210 0010 0020 0200  ............. ..
0000c210: 03f0 0020 0020 0000 0000 0000 0000 0000  ... . ..........
0000c220: 0000 0000 0000 0000 0000 0000 0000 0000  ................
0000c230: 0fc0 03c0 0440 02e0 0060 0080 0000 0000  .....@...`......
0000c240: 0000 0070 00c0 0100 0100 00c0 0070 0008  ...p.........p..
0000c250: 0004 0200 03f0 0000 0000 0000 0000 0000  ................
0000c260: 0000 0000 00c0 0380 0200 0000 03e0 0070  ...............p
0000c270: 0010 0008 0408 03f0 0080 0380 0000 0000  ................
0000c280: 0000 0180 0100 0000 0110 0078 0288 0288  ...........x....
0000c290: 02d8 0360 01c0 0000 0000 0000 0000 0000  ...`............
0000c2a0: 0000 0000 0080 0000 0000 0000 0078 04d8  .............x..
0000c2b0: 0980 0590 07e0 05c0 0100 0080 0000 0000  ................
0000c2c0: 0000 0000 0000 0720 01f8 0000 0020 0000  ....... ..... ..
0000c2d0: 0000 0080 0000 0080 0000 0000 0000 0000  ................
0000c2e0: 0000 0000 4000 0000 07e0 01e0 0040 0010  ....@........@..
0000c2f0: 0000 0000 0080 0000 0100 0380 0580 0000  ................
0000c300: 0000 0000 0048 0188 0360 0640 0380 01c0  .....H...`.@....
0000c310: 0030 0010 0000 00c0 0000 0000 0000 0000  .0..............
0000c320: 0000 0000 0000 0040 10d8 0110 0060 0600  .......@.....`..
0000c330: 0be0 0120 0100 01a0 00e0 0040 0040 0000  ... .......@.@..
0000c340: 0000 0000 0000 0180 00c0 0060 0260 01a0  ...........`.`..
0000c350: 0030 0018 0008 0008 0004 0000 0000 0000  .0..............
0000c360: 0000 0000 0000 0000 0000 0180 0080 02c0  ................
0000c370: 07e0 01a0 00b0 0010 0018 0040 0010 0000  ...........@....
0000c380: 0000 0000 00c0 00e0 0030 0018 8008 0208  .........0......
0000c390: 02f0 03c0 0000 0000 0000 0000 0000 0000  ................
0000c3a0: 0000 0000 0000 0000 0060 00e0 0310 0110  .........`......
0000c3b0: 0400 0420 07c0 05c0 0040 2400 0000 0000  ... .....@$.....
0000c3c0: 0000 0000 0020 0020 0000 0020 0000 0000  ..... . ... ....
0000c3d0: 0080 0000 0000 0000 0000 0000 0000 0000  ................
0000c3e0: 0000 0000 0000 0000 0000 0080 0000 0000  ................
0000c3f0: 0080 0100 0000 0180 0008 0000 0000 0000  ................
0000c400: 0000 01c0 0060 0020 0000 0000 0000 0000  .....`. ........
0000c410: 0200 01fe 0040 0000 0000 0000 0000 0000  .....@..........
0000c420: 0000 0000 00c0 07c0 0480 0000 0000 0000  ................
0000c430: 0480 0600 07fe 05d4 044c 0000 0000 0000  .........L......
0000c440: 0000 0000 01c0 01e0 0020 0000 0020 0010  ......... ... ..
0000c450: 0000 0040 0300 0000 0000 0000 0000 0000  ...@............
0000c460: 0000 0000 0000 0100 0780 0200 0180 00e0  ................
0000c470: 00d0 0030 00e0 0180 0200 0000 0400 0000  ...0............
0000c480: 0000 0000 0010 0118 0018 0200 0200 0260  ...............`
0000c490: 03e0 0020 0020 0000 0000 0000 0000 0000  ... . ..........
0000c4a0: 0001 0000 0000 0000 0000 0000 0000 0480  ................
0000c4b0: 07c0 0140 0240 0060 0000 0000 0000 0000  ...@.@.`........
0000c4c0: 0000 00c0 0180 0000 0100 01e0 0030 0008  .............0..
0000c4d0: 0004 0004 0210 0000 0000 0000 0000 0000  ................
0000c4e0: 0000 0000 0000 0280 0a80 0280 05a0 0130  ...............0
0000c4f0: 0208 0000 0210 07d0 0000 0000 0000 0000  ................
0000c500: 0000 0080 0000 0000 0038 02bc 020c 0208  .........8......
0000c510: 02c0 03e0 0180 0000 0000 0000 0000 0000  ................
0000c520: 0000 0000 0000 0200 0000 0218 0478 04d8  .............x..
0000c530: 0580 0680 03e0 0180 0000 0000 0000 0000  ................
0000c540: 0000 0000 0000 07f0 01f8 0000 0000 0000  ................
0000c550: 0000 00c0 0000 0080 0000 0000 0000 0000  ................
0000c560: 0000 0000 0000 0000 0fa0 04b0 0040 0000  .............@..
0000c570: 0000 0000 0000 0000 0100 0100 0000 0100  ................
0000c580: 0000 0000 005c 0024 0000 0000 0300 00c0  .....\.$........
0000c590: 0030 0090 00a0 00c0 0000 0000 0000 0000  .0..............
0000c5a0: 0000 0000 0000 0000 0190 0090 0440 0300  .............@..
0000c5b0: 09e0 0120 0100 0180 0000 0080 0000 0000  ... ............
0000c5c0: 0000 0000 0000 0080 01c0 0060 0160 01a0  ...........`.`..
0000c5d0: 0030 0018 0008 0008 0000 0000 0000 0000  .0..............
0000c5e0: 0000 0000 0000 0000 0000 0280 0280 06c0  ................
0000c5f0: 03e0 0130 0030 0038 0018 0008 0000 0000  ...0.0.8........
0000c600: 0000 0040 0040 0070 0010 0018 0008 1208  ...@.@.p........
0000c610: 0280 0300 0000 0000 0000 0000 0000 0000  ................
0000c620: 0003 0000 0000 0000 0020 0020 0610 0630  ......... . ...0
0000c630: 0400 0620 0720 0180 0000 0000 0000 0000  ... . ..........
0000c640: 0000 0000 0000 0020 0020 0000 0000 0000  ....... . ......
0000c650: 0080 0080 0000 0000 0000 0000 0000 0000  ................
0000c660: 8000 0000 0000 000a 0000 0000 0080 0100  ................
0000c670: 0100 0200 0100 0100 0200 0040 8000 0000  ...........@....
0000c680: 0040 0020 0260 0060 0060 0000 0000 0000  .@. .`.`.`......
0000c690: 0000 00e2 0000 0000 0000 0000 0000 0000  ................
0000c6a0: 0000 0001 00c0 0200 0000 0000 0000 0000  ................
0000c6b0: 0000 0600 0020 0060 0000 0000 0000 0000  ..... .`........
0000c6c0: 0000 0000 0200 00e0 0060 0000 0020 0030  .........`... .0
0000c6d0: 0010 0000 0000 0000 0000 0000 0000 0000  ................
0000c6e0: 0000 0000 0000 0000 0080 0100 0100 0180  ................
0000c6f0: 0020 0000 0000 0200 0100 0000 0000 0000  . ..............
0000c700: 0000 0000 0180 0080 0000 0008 0010 0210  ................
0000c710: 00b0 0010 0020 0000 0000 0000 0000 0000  ..... ..........
0000c720: 0000 0000 0001 0010 0010 0000 0400 0400  ................
0000c730: 0140 01a0 0040 0040 0000 0000 0000 0000  .@...@.@........
0000c740: 0000 0000 0240 0100 0100 0180 0030 0000  .....@.......0..
0000c750: 0000 0004 0000 0000 0000 0000 0000 0000  ................
0000c760: 0000 0000 0010 0220 0000 0000 00c0 0200  ....... ........
0000c770: 1000 0000 0000 0100 0000 0000 0000 0000  ................
0000c780: 0000 0180 0200 0100 0038 000c 028c 0204  .........8......
0000c790: 02a0 03c0 0000 0000 0000 0000 0000 0000  ................
0000c7a0: 0004 0000 0000 0000 0000 0430 0408 0008  ...........0....
0000c7b0: 0180 0400 03e0 00a0 0000 0028 0000 0008  ...........(....
0000c7c0: 0000 0000 0000 0290 0028 0018 0000 0000  .........(......
0000c7d0: 0000 0000 0000 0080 0000 0000 0000 0000  ................
0000c7e0: 0000 0000 0000 0000 0050 0090 0100 0000  .........P......
0000c7f0: 0840 0000 0000 0000 0000 0000 0000 0000  .@..............
0000c800: 0000 0000 0000 004c 0000 0100 0340 00c0  .......L.....@..
0000c810: 0090 0090 0090 0080 0000 0000 0000 0000  ................
0000c820: 0000 0000 0000 0010 0000 0400 0400 1700  ................
0000c830: 03c0 0120 0120 0080 00c0 0000 0020 0000  ... . ....... ..
0000c840: 0000 0000 0000 0080 00e0 0020 0120 0130  ........... . .0
0000c850: 0010 0010 0008 0004 0000 0000 0000 0000  ................
0000c860: 0000 0000 0000 0000 0000 0080 0680 0240  ...............@
0000c870: 03a0 02e0 0010 0080 0000 0010 0000 0008  ................
0000c880: 0000 0000 0040 0000 0090 0018 0008 0008  .....@..........
0000c890: 0218 0030 0000 0000 0000 0000 0080 0000  ...0............
0000c8a0: 0004 0000 1000 0000 0200 0000 1200 0620  ............... 
0000c8b0: 0400 0000 0400 0080 0000 0100 0020 0010  ............. ..
0000c8c0: 0000 0000 0000 0000 0000 0040 0040 00c0  ...........@.@..
0000c8d0: 0080 0080 0080 0000 0000 0000 0000 0000  ................
0000c8e0: 0000 0000 8008 0004 0080 0080 0080 0000  ................
0000c8f0: 0080 0080 0000 0100 0000 0000 0000 0000  ................
0000c900: 0000 0000 0000 0000 0040 0000 0000 0080  .........@......
0000c910: 0100 0100 0060 0000 0000 0000 0000 0000  .....`..........
0000c920: 0008 0000 0000 04c0 0800 0800 0200 0000  ................
0000c930: 0200 0001 0000 0000 0000 0080 0000 0000  ................
0000c940: 0000 0000 0000 0000 0020 0040 0040 0000  ......... .@.@..
0000c950: 0010 0020 0080 0080 0000 0000 0000 0000  ... ............
0000c960: 0000 0000 0000 0200 0480 0180 0000 0000  ................
0000c970: 0000 0040 0000 0200 0200 0000 0200 0000  ...@............
0000c980: 0000 0000 0000 0100 0000 0210 0010 0010  ................
0000c990: 0010 0030 0030 0020 0000 0000 0000 0000  ...0.0. ........
0000c9a0: 0000 0000 0000 0000 0000 0020 0420 0420  ........... . . 
0000c9b0: 0a40 0260 0260 0000 0000 0000 0080 0010  .@.`.`..........
0000c9c0: 0000 0000 0030 0100 0000 0080 0000 0000  .....0..........
0000c9d0: 0000 0000 0030 0080 0000 0000 0000 0000  .....0..........
0000c9e0: 0000 0000 0000 0000 0200 0200 8000 0000  ................
0000c9f0: 0008 0009 0000 0000 0000 0000 0000 0000  ................
0000ca00: 0000 0000 0080 0000 0110 0158 8204 0084  ...........X....
0000ca10: 0008 0000 0000 0000 0000 0000 0000 0000  ................
0000ca20: 0010 0008 0000 0200 0200 0a00 1008 0c10  ................
0000ca30: 1c88 0200 0400 0000 0380 0000 0010 0000  ................
0000ca40: 0000 0000 0000 0000 0000 0000 0010 0020  ............... 
0000ca50: 0020 0000 0080 0080 0080 0000 0000 0000  . ..............
0000ca60: 0020 0000 0000 0000 0000 1010 0020 0060  . ........... .`
0000ca70: 0000 0080 0001 0000 0100 0000 0200 0000  ................
0000ca80: 0000 0000 0004 000c 0110 0220 0240 0080  ........... .@..
0000ca90: 00a0 0010 0090 0020 0000 0000 0000 0000  ....... ........
0000caa0: 0000 0000 0010 0010 0270 0640 0480 0100  .........p.@....
0000cab0: 0120 0120 0020 0000 0000 0000 0000 0000  . . . ..........
0000cac0: 0000 0000 0000 0080 0040 0020 0020 0000  .........@. . ..
0000cad0: 0010 0008 0000 0000 0000 0000 0000 0000  ................
0000cae0: 0020 0000 0000 0000 0000 0000 0200 0200  . ..............
0000caf0: 0000 0000 0050 0010 0000 0000 0000 0000  .....P..........
0000cb00: 0000 0000 0000 0000 0040 0180 0100 0000  .........@......
0000cb10: 0108 0030 0060 0080 0000 0000 0000 0000  ...0.`..........
0000cb20: 0000 0000 0000 0080 8100 0200 0410 1210  ................
0000cb30: 0440 0480 0800 0100 0000 0000 0000 0000  .@..............
0000cb40: 0000 0000 0020 0020 0020 0020 0000 0000  ..... . . . ....
0000cb50: 0000 0080 0080 0000 0000 0000 0000 0000  ................
0000cb60: 0000 0000 0000 0040 0000 0040 0000 0080  .......@...@....
0000cb70: 0080 0110 0100 0000 0000 0000 0000 0000  ................
0000cb80: 0000 0000 0020 0120 0020 0040 0080 0080  ..... . . .@....
0000cb90: 0180 0000 0020 0000 0000 0000 0000 0000  ..... ..........
0000cba0: 0000 0000 0240 0080 0080 0080 0004 0100  .....@..........
0000cbb0: 0000 0200 0000 0000 0080 0000 0000 0000  ................
0000cbc0: 0000 0000 0000 0000 0220 0000 0000 0000  ......... ......
0000cbd0: 0010 0030 0040 0000 0000 0000 0000 0000  ...0.@..........
0000cbe0: 0000 0000 0000 0600 0000 0000 0020 0000  ............. ..
0000cbf0: 0042 0086 0300 0000 0000 0000 0000 0000  .B..............
0000cc00: 0000 0000 0000 0008 0100 0200 0200 0210  ................
0000cc10: 0010 0000 0020 0000 0000 0000 0000 0000  ..... ..........
0000cc20: 0000 0000 0000 0100 0030 0210 4000 2020  .........0..@.  
0000cc30: 0000 0000 0040 0040 0000 0000 0000 0000  .....@.@........
0000cc40: 0000 0000 0040 0000 0000 0000 8100 0000  .....@..........
0000cc50: 0004 0000 0000 0100 0000 0000 0000 0000  ................
0000cc60: 0800 0800 0000 0000 0200 0280 0200 0000  ................
0000cc70: 0000 0008 0210 0004 0000 0800 0000 0000  ................
0000cc80: 0000 0000 0000 0000 0100 0320 0200 0200  ........... ....
0000cc90: 02c8 0010 0000 0000 0000 0000 0000 0000  ................
0000cca0: 0000 0000 0100 0200 0200 0600 0010 0488  ................
0000ccb0: 0c10 0000 0000 0000 0000 0000 0000 0000  ................
0000ccc0: 0000 0000 0000 0000 0028 0018 0000 0010  .........(......
0000ccd0: 0020 0040 0000 0080 0080 0000 0000 0000  . .@............
0000cce0: 0400 0000 0000 0000 0000 0030 0020 1000  ...........0. ..
0000ccf0: 0040 0094 0090 0100 0200 0000 0000 0000  .@..............
0000cd00: 0000 0000 0000 006c 0098 0320 0040 0000  .......l... .@..
0000cd10: 00c0 0080 0010 0020 0000 0000 0000 0000  ....... ........
0000cd20: 0000 0200 0010 0010 0300 0640 0480 0000  ...........@....
0000cd30: 0100 0110 0120 0080 0000 0000 0000 0000  ..... ..........
0000cd40: 0000 0000 0000 0000 0000 0100 0100 0000  ................
0000cd50: 0080 0000 0000 0004 0004 0000 0000 0000  ................
0000cd60: 0000 0040 0000 0000 0000 8200 0080 0000  ...@............
0000cd70: 0000 0000 0400 0000 0000 0000 0000 0000  ................
0000cd80: 0000 0000 0040 0000 00c0 0000 0108 0000  .....@..........
0000cd90: 0100 0000 00c0 0000 0000 0000 0000 0000  ................
0000cda0: 0000 0000 0080 0000 0000 0200 0220 0230  ............. .0
0000cdb0: 0060 0480 0000 0000 0c00 0000 0000 0000  .`..............
0000cdc0: 0000 0000 0000 0020 0020 0020 0040 0040  ....... . . .@.@
0000cdd0: 0000 0000 0000 0000 0000 0000 0000 0000  ................
0000cde0: 0400 0000 0000 0000 0040 0040 8080 0028  .........@.@...(
0000cdf0: 0084 0080 0080 0000 0000 1000 0000 0800  ................
0000ce00: 0000 0000 00a0 0020 0000 0040 0080 0080  ....... ...@....
0000ce10: 0100 0000 0080 0000 0000 0000 0000 0000  ................
0000ce20: 0000 0400 0200 0040 0080 0000 0100 0100  .......@........
0000ce30: 0200 0200 0000 0082 0000 0800 1000 0000  ................
0000ce40: 0000 0000 0000 0100 0000 0000 0000 0000  ................
0000ce50: 0000 0000 0000 0100 0000 0000 0000 0000  ................
0000ce60: 0100 0000 0000 0000 0000 0080 0100 0000  ................
0000ce70: 0020 0000 0180 0000 0000 0400 0800 0000  . ..............
0000ce80: 0000 0000 0000 0008 0008 0018 0210 0000  ................
0000ce90: 0000 0000 0010 0000 0000 0000 0000 0000  ................
0000cea0: 0000 0000 0000 0000 0000 0020 0000 0400  ........... ....
0000ceb0: 0060 0004 0020 0000 0040 0000 0800 0000  .`... ...@......
0000cec0: 0000 0000 0080 0000 0000 0000 0020 0000  ............. ..
0000ced0: 0000 0000 0000 0000 0000 0000 0000 0000  ................
0000cee0: 0000 0000 0000 0000 0200 0000 0000 0090  ................
0000cef0: 0050 0008 0000 0000 0000 0000 0000 0000  .P..............
0000cf00: 0000 0000 0000 0000 0000 0100 0060 0000  .............`..
0000cf10: 0080 0020 0060 0000 0000 0000 0000 0000  ... .`..........
0000cf20: 0000 0100 0000 0000 0200 0000 8400 0000  ................
0000cf30: 8000 0800 1000 0000 0000 0000 0000 0200  ................
0000cf40: 0000 0000 0000 0000 0040 0008 0010 0020  .........@..... 
0000cf50: 0020 0000 0040 0000 0080 0000 0000 0000  . ...@..........
0000cf60: 0400 0000 9800 0000 0000 0000 0020 0020  ............. . 
0000cf70: 0040 0080 00a0 0000 0100 0400 0000 2a00  .@............*.
0000cf80: 0000 0000 0000 0000 0180 0000 0060 0000  .............`..
0000cf90: 0080 0008 0010 0040 0000 0000 0000 0000  .......@........
0000cfa0: 0000 0000 0040 0190 0220 0000 0000 0000  .....@... ......
0000cfb0: 0100 0010 0020 0040 1000 0000 0082 0000  ..... .@........
0000cfc0: 0000 0000 0000 0000 0000 0000 0120 00e0  ............. ..
0000cfd0: 0080 0000 0000 0008 0000 0000 0000 0000  ................
0000cfe0: 0200 0400 0000 0100 0100 0200 8080 0080  ................
0000cff0: 010a 0000 0010 0000 0000 0000 0000 0000  ................
0000d000: 0000 0000 0020 0000 0000 0000 0000 0000  ..... ..........
0000d010: 0000 0000 0000 0000 0000 0000 0000 0000  ................
0000d020: 0000 0000 0080 0000 0000 0000 0000 0000  ................
0000d030: 0000 0000 0000 0000 0000 0200 0000 0000  ................
0000d040: 0000 0000 0000 0000 0000 0000 0000 0000  ................
0000d050: 0000 0000 0000 0000 0000 0000 0000 0000  ................
0000d060: 0000 0000 0000 0000 0000 0000 0000 0000  ................
0000d070: 0004 0002 0000 0000 0000 0000 0000 0800  ................
0000d080: 0000 0000 0000 0000 0000 0000 0000 0000  ................
0000d090: 0000 0000 0000 0000 0000 0000 0000 0000  ................
0000d0a0: 0000 0000 0000 0000 0000 4000 0000 0000  ..........@.....
0000d0b0: 0000 0000 0000 0000 0000 0000 0000 0400  ................
0000d0c0: 0000 0000 0000 0000 0000 0000 0000 0000  ................
0000d0d0: 0000 0000 0000 0080 0000 0000 0000 0000  ................
0000d0e0: 0000 0000 0000 0000 0000 0000 0000 0000  ................
0000d0f0: 0000 0040 0000 0000 0000 0000 1000 0000  ...@............
0000d100: 0000 0000 0000 0000 0000 0000 0000 0000  ................
0000d110: 0020 0000 0000 0000 0000 0000 0000 0000  . ..............
0000d120: 0000 0000 0000 0000 0000 0000 0000 0000  ................
0000d130: 0000 0040 0000 0040 0000 0000 0000 0000  ...@...@........
0000d140: 0000 0000 0000 0000 0000 0000 0000 0000  ................
0000d150: 0000 0200 0000 0000 0000 0000 0000 0000  ................
0000d160: 0000 0080 0000 0000 0040 0000 0000 0000  .........@......
0000d170: 0020 1000 0002 0000 0000 0000 0000 0000  . ..............
0000d180: 0000 0000 0000 0000 0000 0000 0080 0000  ................
0000d190: 0000 0000 0000 0000 0000 0000 0000 0000  ................
0000d1a0: 0000 0000 0040 0000 0020 0000 0000 0000  .....@... ......
0000d1b0: 0000 0000 0800 0000 0000 0000 0000 0000  ................
0000d1c0: 0000 0000 0000 0000 0000 0000 0000 0000  ................
0000d1d0: 0000 0000 0000 0000 0000 0000 0000 0000  ................
0000d1e0: 0800 0000 0000 0000 0000 0000 0000 0000  ................
0000d1f0: 0010 0000 0000 0100 0000 0000 0000 0000  ................
0000d200: 0000 0000 0000 0000 0000 0000 0000 0000  ................
0000d210: 0000 0000 0000 0030 0000 0000 0000 0000  .......0........
0000d220: 0000 0000 0010 0000 0000 0400 8000 0000  ................
0000d230: 0200 0000 0000 0000 0000 0000 0080 1000  ................
0000d240: 0000 0000 0000 0000 0000 0000 0020 0000  ............. ..
0000d250: 0020 0000 0000 0000 0000 0000 0000 0000  . ..............
0000d260: 0000 0000 0000 0000 0000 0000 0080 0008  ................
0000d270: 0000 0010 0000 0000 0000 0000 0080 1000  ................
0000d280: 0000 0000 0000 0000 0000 0000 0000 0000  ................
0000d290: 0000 0000 0000 0000 0000 0000 0000 0000  ................
0000d2a0: 0000 0000 0000 0000 0000 0000 0000 0002  ................
0000d2b0: 2800 0000 0000 0000 0200 0000 0000 0080  (...............
0000d2c0: 0000 0000 0000 0000 0000 0000 0000 0000  ................
0000d2d0: 0000 0000 0000 0000 0000 0000 0000 0000  ................
0000d2e0: 0000 0000 0000 0000 0000 0000 0000 0000  ................
0000d2f0: 4000 0000 2001 0000 0000 0000 0000 0000  @... ...........
0000d300: 0000 0000 0000 0000 0000 0000 0000 0000  ................
0000d310: 0000 0104 0000 0000 0000 0000 0000 0000  ................
0000d320: 0100 0000 00a0 0000 0000 2000 0000 0000  .......... .....
0000d330: 1000 2000 1000 0000 0000 0200 0000 0000  .. .............
0000d340: 0000 0000 0000 0000 0000 0000 0060 0000  .............`..
0000d350: 0000 0000 0000 0000 0000 0000 0000 0000  ................
0000d360: 0000 0000 0000 0000 0080 0000 0000 0000  ................
0000d370: 0000 4000 0000 0000 0000 0000 0000 0000  ..@.............
0000d380: 0000 0000 0000 0000 0000 0000 0000 0000  ................
0000d390: 0010 0000 0000 0000 0000 0000 0000 0000  ................
0000d3a0: 0000 0000 0000 0000 0000 0000 0000 0000  ................
0000d3b0: 4000 0000 0000 0000 0000 0000 0000 0000  @...............
0000d3c0: 0000 0020 0000 0000 0000 01a0 0000 0004  ... ............
0000d3d0: 0000 0000 0080 0000 0000 0000 0000 0000  ................
0000d3e0: 0000 0000 0000 0040 00a0 0000 0060 0000  .......@.....`..
0000d3f0: 0008 0000 0400 0380 0000 0000 0000 0000  ................
0000d400: 0000 0000 0000 0000 0000 0000 0000 0000  ................
0000d410: 0000 0000 0000 0000 0000 0000 0000 0000  ................
0000d420: 0000 0000 0000 0000 0000 0000 0000 0000  ................
0000d430: 0002 0000 0000 0100 0000 0000 0000 0000  ................
0000d440: 0000 0000 0000 0000 0000 0000 0000 0000  ................
0000d450: 0000 0000 0000 0000 0000 0000 0000 0000  ................
0000d460: 0200 0000 0000 0000 0400 0020 0000 0000  ........... ....
0000d470: 0000 0000 0000 0000 0000 0000 0400 0000  ................
0000d480: 0000 0000 0000 0000 0000 0000 0000 0000  ................
0000d490: 0000 0010 0000 0000 0000 0000 0000 0000  ................
0000d4a0: 0000 0000 0200 0000 0000 0000 0000 0000  ................
0000d4b0: 0000 0000 0080 0000 0000 0000 0000 0000  ................
0000d4c0: 0800 0000 0000 0000 0000 0000 0000 0020  ............... 
0000d4d0: 0010 0008 0008 0000 0000 0000 0000 0000  ................
0000d4e0: 0000 0000 0000 0000 0000 4000 0000 0000  ..........@.....
0000d4f0: 0021 2000 0000 0000 0000 0000 0000 0000  .! .............
0000d500: 0000 0000 0040 0060 0010 0008 0008 0000  .....@.`........
0000d510: 0040 0000 0000 0000 0000 0000 0000 0000  .@..............
0000d520: 0000 0000 0000 0000 0000 0000 0050 0000  .............P..
0000d530: 0000 0020 0080 0080 0000 0000 0000 0000  ... ............
0000d540: 0000 0000 0000 0000 0000 0000 0000 0000  ................
0000d550: 0000 0000 0000 0000 0000 0000 0000 0000  ................
0000d560: 0000 0000 0000 0000 0000 0000 0000 0000  ................
0000d570: 0000 6000 0000 0100 0000 0000 0000 0000  ..`.............
0000d580: 0000 0040 0000 0000 0080 0000 0000 0000  ...@............
0000d590: 0000 00da 0000 0000 0000 0000 0000 0000  ................
0000d5a0: 0000 0000 0080 0000 0000 0000 0000 0080  ................
0000d5b0: 0100 0000 03c0 0200 0000 0000 0000 0000  ................
0000d5c0: 0000 0000 0100 0220 0000 0000 0020 0010  ....... ..... ..
0000d5d0: 0000 0040 0180 0000 0000 0000 0000 0000  ...@............
0000d5e0: 0000 0000 0000 0180 0000 0000 0080 0060  ...............`
0000d5f0: 0000 0020 1080 0000 0200 0000 0000 0000  ... ............
0000d600: 0000 0000 0000 0000 0000 0000 0000 0000  ................
0000d610: 0040 0000 0000 0000 0000 0000 0000 0000  .@..............
0000d620: 0000 0000 0060 0000 0000 0000 0000 0000  .....`..........
0000d630: 3000 0000 0800 0000 0000 0000 0000 0000  0...............
0000d640: 0000 0040 0180 0000 0000 00c0 0010 0008  ...@............
0000d650: 0000 0010 0070 0000 0000 0000 0000 0000  .....p..........
0000d660: 0000 0000 00e0 0000 0000 0000 0122 0000  ............."..
0000d670: 0000 0000 0210 0180 0800 0000 0000 0000  ................
0000d680: 0000 0000 0000 0000 0000 0000 0000 0000  ................
0000d690: 0040 0000 0000 0000 0000 0000 0000 0000  .@..............
0000d6a0: 0000 0000 0000 0010 0000 0008 0040 0000  .............@..
0000d6b0: 0000 0420 0000 0200 0000 0000 0000 0000  ... ............
0000d6c0: 0000 0000 0000 0000 0000 0000 0000 0000  ................
0000d6d0: 0000 0000 0000 0000 0000 0000 0000 0000  ................
0000d6e0: 0000 0000 0080 0000 02c0 0440 0000 0000  ...........@....
0000d6f0: 8000 0000 0000 0000 1180 0000 0400 0000  ................
0000d700: 0000 0000 006c 0180 0020 0000 0100 0020  .....l... ..... 
0000d710: 0010 0080 0080 0040 0000 0000 0000 0000  .......@........
0000d720: 0000 0000 0000 0004 0180 0000 0000 0100  ................
0000d730: 0060 0000 0000 0080 0000 0000 0000 0000  .`..............
0000d740: 0000 0000 0000 0100 0000 0020 0000 0180  ........... ....
0000d750: 0000 0000 0008 0000 0000 0000 0000 0000  ................
0000d760: 0000 0000 0000 0000 0000 0080 0000 0040  ...............@
0000d770: 0000 0000 0000 0000 0000 0000 0080 0000  ................
0000d780: 0000 0080 0000 0140 0000 0008 0000 0000  .......@........
0000d790: 00a0 0080 0000 0000 0000 0000 0000 0000  ................
0000d7a0: 0000 0000 0000 0000 00c0 10b0 0100 0000  ................
0000d7b0: 0018 0210 0b60 0380 0000 0000 0080 0000  .....`..........
0000d7c0: 0000 0000 0000 0000 0000 0000 0000 0000  ................
0000d7d0: 0000 0000 0000 0000 0000 0000 0000 0000  ................
0000d7e0: 0000 0000 0000 0000 0000 0008 0000 0000  ................
0000d7f0: 0000 0000 0000 0000 0000 8000 0000 0000  ................
0000d800: 0004 00c0 0020 0000 0000 0000 0000 0000  ..... ..........
0000d810: 0000 002c 0000 0000 0000 0000 0000 0000  ...,............
0000d820: 0000 0000 0000 0000 0000 4040 0000 0000  ..........@@....
0000d830: 0000 0400 01f8 0000 0000 0000 0000 0000  ................
0000d840: 0000 0000 01c0 0240 0000 0080 0020 0010  .......@..... ..
0000d850: 0000 0080 0000 0000 0000 0000 0000 0000  ................
0000d860: 0000 0000 0000 0080 0280 0000 8080 00c0  ................
0000d870: 0010 0020 00c0 0b80 0180 0000 0000 0000  ... ............
0000d880: 0000 0000 0080 0000 0000 0000 0000 0000  ................
0000d890: 0100 0000 0000 0000 0000 0000 0000 0000  ................
0000d8a0: 0000 0000 0000 0000 0000 0000 0000 0000  ................
0000d8b0: 0040 0000 0000 0200 0080 0000 0000 0000  .@..............
0000d8c0: 0000 0080 0300 0000 0000 0280 0000 0000  ................
0000d8d0: 0004 0000 0100 0000 0000 0000 0000 0000  ................
0000d8e0: 0000 0000 00b0 8000 0000 0000 0280 0810  ................
0000d8f0: 0009 0000 0010 00c0 0000 0400 0000 0000  ................
0000d900: 0000 0180 0000 0000 0000 0000 0000 0000  ................
0000d910: 0010 0040 0000 0000 0000 0000 0000 0000  ...@............
0000d920: 0000 0000 8000 0000 0000 0010 0020 0000  ............. ..
0000d930: 00c0 0000 03e0 0200 0000 0000 0000 0000  ................
0000d940: 0000 0000 0000 0380 0038 0000 0020 0000  .........8... ..
0000d950: 0000 0080 0000 0000 0000 0000 0000 0000  ................
0000d960: 0000 0000 0000 0000 01a0 0008 0000 0020  ............... 
0000d970: 0000 0000 1000 0000 0000 0000 0000 0000  ................
0000d980: 0000 0000 0018 0100 0220 0200 0080 0040  ......... .....@
0000d990: 0020 0000 0000 0000 0000 0000 0000 0000  . ..............
0000d9a0: 0000 0000 0000 0000 0088 0020 0000 0200  ........... ....
0000d9b0: 0020 0000 0000 0060 0000 0000 0000 0000  . .....`........
0000d9c0: 0000 0000 0080 0080 0140 0020 0000 0020  .........@. ... 
0000d9d0: 0000 0010 0000 0000 0000 0000 0000 0000  ................
0000d9e0: 0000 0000 0000 0000 8000 0100 0000 0140  ...............@
0000d9f0: 0180 0000 0000 0200 0000 0000 0080 0000  ................
0000da00: 0000 0000 0080 0180 0320 0200 0210 0630  ......... .....0
0000da10: 0460 0080 0000 0000 0000 0000 0000 0000  .`..............
0000da20: 0000 0000 0040 0000 0040 0180 0100 0200  .....@...@......
0000da30: 0018 0030 02a0 0040 0000 0000 0080 0000  ...0...@........
0000da40: 0000 0000 0020 0040 0040 0040 0080 0080  ..... .@.@.@....
0000da50: 0080 0080 0000 0000 0000 0000 0000 0000  ................
0000da60: 0000 0000 0000 0000 0020 0000 0040 0040  ......... ...@.@
0000da70: 0000 0080 0080 0080 0000 0000 0000 2000  .............. .
0000da80: 0000 0380 0200 0040 0080 0080 0180 0100  .......@........
0000da90: 0200 0218 0000 0000 0000 0000 0000 0000  ................
0000daa0: 2000 0000 0120 0320 0040 00c0 0080 0080   .... . .@......
0000dab0: 0180 0000 0094 0040 0000 0000 2000 0000  .......@.... ...
0000dac0: 0000 0000 0200 0400 0080 0180 0000 0000  ................
0000dad0: 0060 0040 0380 0200 0000 0000 0000 0000  .`.@............
0000dae0: 0000 0000 0000 0100 0320 0040 0000 0010  ......... .@....
0000daf0: 0000 0030 00c0 0000 0000 0000 0000 0000  ...0............
0000db00: 0000 0000 0000 0100 0210 0220 0020 0420  ........... . . 
0000db10: 00c0 0040 0040 0040 0000 0000 0000 0000  ...@.@.@........
0000db20: 0000 0000 0000 0108 0100 0218 0210 0010  ................
0000db30: 0180 0000 0020 0480 0000 0000 0000 0020  ..... ......... 
0000db40: 0000 0050 0000 0000 0000 0200 0000 0800  ...P............
0000db50: 0008 0008 0200 0000 0000 0000 0000 0000  ................
0000db60: 0000 0000 0000 0100 0000 0080 0200 0800  ................
0000db70: 0000 0000 0000 0000 0000 0000 0000 0000  ................
0000db80: 0000 0100 0100 0200 0220 0260 0480 0400  ......... .`....
0000db90: 0400 00a0 0000 0000 0000 0000 0000 0000  ................
0000dba0: 0000 0080 0180 0000 0100 0220 00e0 0240  ........... ...@
0000dbb0: 0108 0030 0080 0000 0000 0000 0000 0000  ...0............
0000dbc0: 0000 0000 0000 02c0 0000 0000 0020 0020  ............. . 
0000dbd0: 00c0 0080 0080 0100 0100 0000 0000 0000  ................
0000dbe0: 0000 0000 0000 0000 0008 0008 0010 0020  ............... 
0000dbf0: 0020 0040 20c0 0080 0080 0200 0000 0000  . .@ ...........
0000dc00: 0000 0000 0010 00d0 0370 0640 0480 0080  .........p.@....
0000dc10: 0100 0010 0020 0000 0000 0000 0000 0000  ..... ..........
0000dc20: 8000 0000 0004 0044 0190 0320 0060 0000  .......D... .`..
0000dc30: 02d0 0090 0090 0030 0000 0400 0000 0000  .......0........
0000dc40: 0000 0000 0000 0180 0100 0200 0080 0080  ................
0000dc50: 0000 0000 0000 0000 0000 0000 0000 0000  ................
0000dc60: 0000 0000 4000 0000 0000 0120 0020 0080  ....@...... . ..
0000dc70: 0090 0070 0000 0000 0000 0000 0000 0000  ...p............
0000dc80: 0000 0080 0080 0380 0360 0630 0630 0630  .........`.0.0.0
0000dc90: 0460 0700 0700 0100 0000 0000 0000 0000  .`..............
0000dca0: 0000 0000 0040 0060 00b0 0398 0388 0208  .....@.`........
0000dcb0: 0218 0230 0060 1080 0000 8000 0000 0000  ...0.`..........
0000dcc0: 0000 0000 0040 0040 00c0 00c0 0080 0080  .....@.@........
0000dcd0: 0080 0180 0100 0000 0000 0000 0000 0000  ................
0000dce0: 0000 0000 0020 0020 0060 0060 0040 00c0  ..... . .`.`.@..
0000dcf0: 0080 0480 10c0 0000 0000 0000 0000 0000  ................
0000dd00: 0000 0000 06c0 06c0 0080 0180 0300 0300  ................
0000dd10: 0600 0628 0280 0000 0000 0000 0000 0000  ...(............
0000dd20: 0000 00c0 0160 0360 0060 00c0 0080 0180  .....`.`.`......
0000dd30: 0180 0102 0016 0000 0000 0000 0000 0000  ................
0000dd40: 0000 0000 0000 0600 0480 0180 0180 00e0  ................
0000dd50: 0060 00c0 0300 0600 0200 0000 0000 0000  .`..............
0000dd60: 0000 0000 00c0 0060 0060 00c0 0060 0030  .......`.`...`.0
0000dd70: 0030 0060 00c0 0180 0000 0000 0000 0000  .0.`............
0000dd80: 0000 0000 0100 0310 0210 0630 0420 0460  ...........0. .`
0000dd90: 0440 0060 0060 0040 0000 0000 0000 0000  .@.`.`.@........
0000dda0: 0000 0000 0080 0108 0118 0310 0210 0230  ...............0
0000ddb0: 0030 0030 0030 0020 0000 0000 0000 0000  .0.0.0. ........
0000ddc0: 0000 0000 0680 0200 0200 0200 0660 0810  .............`..
0000ddd0: 0018 0408 0600 0100 0000 0000 0000 0000  ................
0000dde0: 0100 0000 0060 0100 0500 01e0 0230 0008  .....`.......0..
0000ddf0: 0004 020c 0018 0000 0000 0000 0000 0000  ................
0000de00: 0000 0100 0200 0200 0600 06c8 0588 0598  ................
0000de10: 05b0 0620 0300 0000 0000 0000 0000 0000  ... ............
0000de20: 0000 0080 0180 0100 0100 032c 02c4 02cc  ...........,....
0000de30: 02d8 0138 0060 0000 0000 0000 0080 0000  ...8.`..........
0000de40: 0000 0000 0000 0c00 0710 0030 0060 0060  ...........0.`.`
0000de50: 00c0 0080 0180 0100 0300 0000 0000 0000  ................
0000de60: 0000 0000 0000 0300 0018 0018 0010 0030  ...............0
0000de70: 0060 0040 0080 0080 0080 0000 0080 0000  .`.@............
0000de80: 0000 0000 0010 0290 0760 04c0 0480 0300  .........`......
0000de90: 0160 0120 01e0 0080 0000 0000 0000 0000  .`. ............
0000dea0: 0000 0000 000c 006c 0198 0320 0340 00c0  .......l... .@..
0000deb0: 0090 0090 0090 0020 0000 0000 0000 0000  ....... ........
0000dec0: 0000 0000 0000 0100 0300 0280 0680 03c0  ................
0000ded0: 0160 0030 0010 0018 0008 0000 0000 0000  .`.0............
0000dee0: 0000 0000 0000 0080 00c0 0160 0160 00a0  ...........`.`..
0000def0: 00b0 0018 0008 000c 0004 0000 0000 0000  ................
0000df00: 0000 0000 0180 0300 0660 0660 0430 0430  .........`.`.0.0
0000df10: 0ce0 0c00 0700 0300 0000 0000 0000 0000  ................
0000df20: 0000 0000 00c0 0060 00b0 0198 0318 0218  .......`........
0000df30: 0318 0230 0040 00c0 0000 0000 0000 0000  ...0.@..........
0000df40: 0000 0040 0040 0040 00c0 0080 0080 0180  ...@.@.@........
0000df50: 0180 0100 0300 0100 0000 0000 0000 0000  ................
0000df60: 0000 0000 0020 0060 1040 0040 00c0 00c0  ..... .`.@.@....
0000df70: 0080 0080 0080 0000 0000 0000 0000 0000  ................
0000df80: 0000 0200 0680 0480 0080 0180 0300 0300  ................
0000df90: 0600 0608 0780 0000 0000 0000 0000 0000  ................
0000dfa0: 0000 00c0 0060 02e0 00e0 00c0 00c0 0180  .....`..........
0000dfb0: 0300 03c6 0002 0000 0000 0000 0000 0000  ................
0000dfc0: 0000 0000 0400 0f80 0480 0180 0380 01c0  ................
0000dfd0: 0060 00c0 0580 0600 0400 0000 0000 0000  .`..............
0000dfe0: 0000 0000 01c0 0060 0240 00c0 00e0 0030  .......`.@.....0
0000dff0: 0030 0060 00e0 0100 0180 0000 0000 0000  .0.`............
0000e000: 0000 0000 0220 0230 0630 0460 0c60 0440  ..... .0.0.`.`.@
0000e010: 06c0 0040 00c0 0040 0000 0000 0000 0000  ...@...@........
0000e020: 0000 0000 0190 1190 0318 0310 0630 0630  .............0.0
0000e030: 0330 0020 0020 0060 0000 0000 0000 0000  .0. . .`........
0000e040: 0000 0000 0600 0600 0200 0680 04e0 0830  ...............0
0000e050: 0018 0018 0600 0780 0000 0000 0000 0000  ................
0000e060: 0000 8030 0000 0300 0100 01c0 0030 0018  ...0.........0..
0000e070: 000c 020c 0318 0000 0000 0000 0000 0000  ................
0000e080: 0000 0300 0600 0600 0600 04d0 0d90 0d10  ................
0000e090: 0db0 06c0 0700 0000 0000 0000 0000 0000  ................
0000e0a0: 0000 0080 0180 0100 0308 026c 02ec 0688  ...........l....
0000e0b0: 06d8 0330 0040 0000 0000 0000 0000 0000  ...0.@..........
0000e0c0: 0000 0000 0000 0800 0ba0 0030 0060 0040  ...........0.`.@
0000e0d0: 00c0 0080 0180 0300 0300 0000 0000 0000  ................
0000e0e0: 0000 0000 0000 0380 0018 0018 0030 0030  .............0.0
0000e0f0: 0060 00c0 00c0 0080 0180 0000 0000 0000  .`..............
0000e100: 0000 0000 0030 00b0 0660 0cc0 0c80 0700  .....0...`......
0000e110: 0360 0320 0160 01c0 0000 0000 0000 0000  .`. .`..........
0000e120: 0000 0000 0008 00cc 0198 0370 07c0 00e0  ...........p....
0000e130: 01b0 0098 0090 0070 0000 0000 0000 0000  .......p........
0000e140: 0000 0000 0000 0300 0700 0680 0680 0640  ...............@
0000e150: 0360 0020 0030 0010 0000 0000 0000 0000  .`. .0..........
0000e160: 0000 0000 0000 0080 00c0 0360 0360 81e0  ...........`.`..
0000e170: 00b0 0018 0018 0008 000c 0000 0000 0000  ................
0000e180: 0000 0000 0180 0380 0640 0660 0e20 0c60  .........@.`. .`
0000e190: 0ce0 0d80 0e00 0200 0000 0000 0000 0000  ................
0000e1a0: 0000 0080 00c0 00e0 0270 03b0 0318 0718  .........p......
0000e1b0: 0638 0230 00e0 0000 0000 0000 0000 0000  .8.0............
0000e1c0: 0000 0000 0040 0080 0080 0080 0080 0180  .....@..........
0000e1d0: 0100 0300 0300 0300 0000 0000 0000 0000  ................
0000e1e0: 0000 1020 0060 0860 0040 0040 00c0 0080  ... .`.`.@.@....
0000e1f0: 0080 0080 0180 0000 0000 0000 0080 0000  ................
0000e200: 0000 0780 0680 0480 0180 0180 0300 0600  ................
0000e210: 0600 0430 0780 0000 0000 0000 0000 0000  ...0............
0000e220: 0000 80c0 0340 0360 08c0 00c0 00c0 0180  .....@.`........
0000e230: 0300 0386 000e 0000 0000 0000 0000 0000  ................
0000e240: 0000 0000 0000 0d00 0180 0380 0380 01c0  ................
0000e250: 00c0 0080 0700 0400 0400 0000 0000 0000  ................
0000e260: 0000 0000 0100 02c0 00e0 00c0 00e0 0030  ...............0
0000e270: 0038 0060 00c0 0180 0260 0040 0000 0000  .8.`.....`.@....
0000e280: 0000 0000 0220 0220 0620 0c60 0840 08c0  ..... . . .`.@..
0000e290: 0ec0 00c0 00c0 0080 0000 0000 0000 0000  ................
0000e2a0: 0000 0000 0100 0110 0210 0210 0630 0630  .............0.0
0000e2b0: 0060 0020 0060 0060 0000 0000 0000 0000  .`. .`.`........
0000e2c0: 0000 0000 0480 0400 0600 0600 04e0 0020  ............... 
0000e2d0: 0018 0418 0c20 0200 0000 0000 0000 0000  ..... ..........
0000e2e0: 0000 0040 0860 0380 0b00 02e0 0030 0018  ...@.`.......0..
0000e2f0: 000c 020c 0318 0060 0000 0000 0000 0000  .......`........
0000e300: 0000 0300 0600 0600 0400 0cd0 0d90 0f10  ................
0000e310: 0db0 0cc0 0600 0000 0000 0000 0000 0000  ................
0000e320: 0000 0180 0100 1300 0218 0618 06cc 0688  ................
0000e330: 0698 0770 00f0 0000 0000 0000 0000 0000  ...p............
0000e340: 0000 0000 0000 0800 0a20 0060 0060 10c0  ......... .`.`..
0000e350: 0080 0180 0100 0300 0200 0000 0000 0000  ................
0000e360: 0000 0000 0000 0210 0038 0010 0030 0020  .........8...0. 
0000e370: 0060 00c0 00c0 0180 0180 0000 0000 0000  .`..............
0000e380: 0000 0000 0020 03b0 06e0 0cc0 0c80 0700  ..... ..........
0000e390: 03e0 0320 0360 01c0 0000 0000 0000 0000  ... .`..........
0000e3a0: 0000 0000 0058 00cc 83bc 0660 07c0 00c0  .....X.....`....
0000e3b0: 01f0 01b0 01b0 0060 0000 0000 0000 0000  .......`........
0000e3c0: 0000 0000 0000 0300 0600 0580 0480 07c0  ................
0000e3d0: 0260 0060 0030 0010 0010 0000 0000 0000  .`.`.0..........
0000e3e0: 0000 0000 0000 0080 00e0 0340 0360 03e0  ...........@.`..
0000e3f0: 01b0 0038 0018 0008 0008 0000 0000 0000  ...8............
0000e400: 0000 0100 0100 0300 0640 0e40 0c60 0c60  .........@.@.`.`
0000e410: 08e0 0d80 0e00 0200 0000 0000 0000 0000  ................
0000e420: 0000 00c0 00c0 00e0 00f0 03b0 0618 0618  ................
0000e430: 0630 0460 00c0 0180 0000 0000 0000 0000  .0.`............
0000e440: 0000 0000 0080 0080 0080 0080 0180 0100  ................
0000e450: 0300 0300 0200 0200 0000 0000 0000 0000  ................
0000e460: 0004 0800 0060 2060 00c0 00c0 0080 00c0  .....` `........
0000e470: 0080 0180 01a0 0180 0000 0000 0080 0000  ................
0000e480: 0000 0700 0e80 0980 0180 0300 0204 0600  ................
0000e490: 0e00 0c10 0d00 0000 0000 0000 0000 0000  ................
0000e4a0: 0000 00c0 03e0 06c0 00c0 00c0 01c0 0380  ................
0000e4b0: 0300 0304 0070 0010 0000 0000 0000 0000  .....p..........
0000e4c0: 0000 0000 0000 0d80 0980 0380 0300 01c0  ................
0000e4d0: 00c0 0180 0700 0c00 0800 0000 0000 0000  ................
0000e4e0: 0000 0000 00c0 02c0 00c0 00c0 00c0 0060  ...............`
0000e4f0: 0060 00e0 0080 0390 0240 0000 0000 0000  .`.......@......
0000e500: 0000 0000 0200 0620 0460 0c60 0840 08c0  ....... .`.`.@..
0000e510: 0cc0 00c0 0080 0080 0000 0000 0000 0000  ................
0000e520: 0004 0000 0100 0310 0230 0430 0630 0460  .........0.0.0.`
0000e530: 06e0 0060 0060 0060 0000 0000 0000 0000  ...`.`.`........
0000e540: 0000 0180 0f80 0c00 0400 0400 0cc0 0060  ...............`
0000e550: 0030 0830 0c60 0400 0000 0000 0000 0000  .0.0.`..........
0000e560: 0000 0020 01e0 0280 2300 0040 0760 0018  ... ....#..@.`..
0000e570: 000c 0018 0230 0080 0000 0000 0000 0000  .....0..........
0000e580: 0000 0200 0600 0400 0c60 0dd0 0b30 0b30  .........`...0.0
0000e590: 0960 0cc0 0600 0000 0000 0000 0000 0000  .`..............
0000e5a0: 0000 0180 0300 0280 0610 0458 06c8 0588  ...........X....
0000e5b0: 0598 0760 00c0 0000 0000 0000 0080 0000  ...`............
0000e5c0: 0000 0000 0000 1800 1fe0 0060 00c0 00c0  ...........`....
0000e5d0: 0080 0180 0300 0300 0600 0000 0000 0000  ................
0000e5e0: 0000 0000 0000 0010 0030 0030 0020 0060  .........0.0. .`
0000e5f0: 00e0 00c0 0080 0180 0180 0120 0100 0000  ........... ....
0000e600: 0000 0000 00a0 03a0 0ee0 0c80 0d80 0b00  ................
0000e610: 0640 0240 0240 0180 0000 0000 0000 0000  .@.@.@..........
0000e620: 0000 0000 0018 00d8 03b0 0640 06c0 00c0  ...........@....
0000e630: 01f0 01a0 01a0 00e0 0000 0000 0000 0000  ................
0000e640: 0000 0000 0000 0700 0600 0580 0d80 1680  ................
0000e650: 06c0 0060 0020 0030 0010 0000 0000 0000  ...`. .0........
0000e660: 0000 0000 0880 0180 0080 02c0 02e0 03e0  ................
0000e670: 0170 0020 0018 0018 0008 0000 0000 0000  .p. ............
0000e680: 0000 0000 0300 0700 0600 0c40 0860 1860  ...........@.`.`
0000e690: 19c0 1f00 0c00 0000 0000 0000 0000 0000  ................
0000e6a0: 0000 0080 0080 0080 01e0 03b0 0630 0430  .............0.0
0000e6b0: 0630 04e0 00c0 0180 0000 8000 0000 0000  .0..............
0000e6c0: 0000 0080 0080 0080 0080 0180 0100 0300  ................
0000e6d0: 0300 0200 0200 0200 0000 0000 0000 0000  ................
0000e6e0: 0000 0000 0040 0040 00c0 00c0 00c0 0080  .....@.@........
0000e6f0: 0180 0180 0100 0100 0000 0000 0000 0000  ................
0000e700: 0000 0700 0c80 0980 0100 0300 0600 0400  ................
0000e710: 0c00 0c78 0d80 0000 0000 0000 0000 0000  ...x............
0000e720: 0000 0080 06e0 04c0 00c0 0180 01c0 0300  ................
0000e730: 0680 020c 00fc 0000 0000 0000 0000 0000  ................
0000e740: 0000 0000 0400 1e00 0980 0300 0700 0080  ................
0000e750: 00c0 0380 0f00 0c00 0000 0000 0000 0000  ................
0000e760: 0000 0000 0080 04c0 06c0 00c0 00c0 0060  ...............`
0000e770: 0060 00c0 0180 0300 0000 0000 0000 0002  .`..............
0000e780: 0000 0000 0600 0460 0c40 0840 18c0 18c0  .......`.@.@....
0000e790: 0880 0080 0080 0080 0000 0000 0000 0000  ................
0000e7a0: 0000 0000 0300 0230 0730 0630 0c60 0660  .......0.0.0.`.`
0000e7b0: 0160 0040 0060 0040 0000 0000 0000 0000  .`.@.`.@........
0000e7c0: 0000 0180 0f00 0c00 0400 0c00 0880 0020  ............... 
0000e7d0: 0030 0830 08c0 0000 0000 0000 0000 0000  .0.0............
0000e7e0: 0000 0010 01e0 0700 0200 0280 0620 0030  ............. .0
0000e7f0: 0018 0218 0470 01f0 0000 0000 0000 0000  .....p..........
0000e800: 0000 0600 0600 0c00 0cc0 09a0 1b30 1a20  .............0. 
0000e810: 1a60 0c80 0600 0000 0000 0000 0000 0000  .`..............
0000e820: 0000 0180 0300 0200 0400 06d0 0498 0598  ................
0000e830: 0db0 0460 00c0 0000 0000 0000 0000 0000  ...`............
0000e840: 0000 0000 0000 1800 1040 0040 00c0 0080  .........@.@....
0000e850: 0180 0300 0200 0600 0600 0000 0000 0000  ................
0000e860: 0000 0000 0000 0400 0030 0030 0060 1040  .........0.0.`.@
0000e870: 00c0 00a0 0180 0180 0300 0000 0000 0000  ................
0000e880: 0000 0000 0060 07e0 0cc0 1980 1980 0e00  .....`..........
0000e890: 06c0 0640 02c0 0300 0000 0000 0000 0000  ...@............
0000e8a0: 0000 0000 0018 0198 0770 07e0 0e80 01c0  .........p......
0000e8b0: 03e0 0320 01f0 00e0 0020 0000 0000 0000  ... ..... ......
0000e8c0: 0000 0000 0200 0600 0700 0d80 0d80 0d80  ................
0000e8d0: 04c0 0040 0060 0020 0000 0000 0000 0000  ...@.`. ........
0000e8e0: 0000 0000 0000 0180 01c0 06c0 06c0 0340  ...............@
0000e8f0: 0170 0030 0030 0010 0000 0000 0000 0000  .p.0.0..........
0000e900: 0000 0100 0300 0600 0cc0 0cc0 0840 1840  .............@.@
0000e910: 19c0 1b80 0e00 0400 0000 0000 0000 0000  ................
0000e920: 0000 0000 0080 00c0 01e0 0370 0730 0430  ...........p.0.0
0000e930: 4468 04e0 0180 0100 0000 0000 0000 0000  Dh..............
0000e940: 0000 0000 0080 0080 0180 0100 0100 0300  ................
0000e950: 0200 0600 0600 0000 0000 0000 0000 0000  ................
0000e960: 0000 0000 0040 0040 0080 0080 0080 0980  .....@.@........
0000e970: 0980 0100 0300 0200 0000 0000 0000 0000  ................
0000e980: 0000 0600 0880 0980 0300 0300 0640 0c00  .............@..
0000e990: 0c00 0870 0800 0000 0000 0000 0000 0000  ...p............
0000e9a0: 0000 0080 07c0 04c0 0080 0180 0380 0300  ................
0000e9b0: 0740 048c 00f8 0000 0000 0000 0000 0000  .@..............
0000e9c0: 0000 0000 0f00 1a00 1300 0700 0600 0380  ................
0000e9d0: 0080 0380 0e00 0c00 0000 0000 0000 0000  ................
0000e9e0: 0000 0000 0080 0480 0480 0080 00c0 0060  ...............`
0000e9f0: 0060 00c0 0180 0700 0000 0000 0000 0000  .`..............
0000ea00: 0000 0000 0400 0440 0840 18c0 1080 1080  .......@.@......
0000ea10: 1980 0080 0080 0080 0000 0000 0000 0000  ................
0000ea20: 0000 0000 0000 0220 0420 0470 0c60 0c60  ....... . .p.`.`
0000ea30: 0140 0060 0040 0040 0000 0000 0000 0000  .@.`.@.@........
0000ea40: 0000 0180 0e00 0800 0c00 0c00 0840 0060  .............@.`
0000ea50: 0030 0860 1bc0 0000 0000 0000 0000 0000  .0.`............
0000ea60: 0000 0000 03c0 0600 0600 0280 0660 0030  .............`.0
0000ea70: 0058 0450 04f0 0380 0000 0000 0000 0000  .X.P............
0000ea80: 0000 0600 0c00 0c00 0880 09a0 1b20 1e20  ............. . 
0000ea90: 1be0 0980 0c00 0000 0000 0000 0000 0000  ................
0000eaa0: 0000 0300 0700 0600 0630 04f8 0dd0 0f10  .........0......
0000eab0: 0db0 04e0 01c0 0000 0000 0000 0000 0000  ................
0000eac0: 0000 0000 0000 1000 1040 0040 00c0 0080  .........@.@....
0000ead0: 0180 0300 0200 0600 0400 0000 0000 0000  ................
0000eae0: 0000 0000 0000 0422 0030 0020 0070 0060  .......".0. .p.`
0000eaf0: 0080 0080 0100 0100 0300 0000 0000 0000  ................
0000eb00: 0000 0000 01e0 0760 0cc0 1980 1b00 0e00  .......`........
0000eb10: 0680 04c0 06c0 0300 0000 0000 0000 0000  ................
0000eb20: 0000 0000 0010 0198 07f0 0cc0 0f80 0180  ................
0000eb30: 0370 0320 0140 00c0 0000 0000 0000 0000  .p. .@..........
0000eb40: 0000 0000 0000 0600 0c00 0d00 0980 0e80  ................
0000eb50: 0480 00c0 0060 0020 0000 0000 0000 0000  .....`. ........
0000eb60: 0000 0000 0000 0100 01c0 06c0 04c0 15c0  ................
0000eb70: 0360 0020 0030 0010 0010 0000 0000 0000  .`. .0..........
0000eb80: 0000 0200 0600 0700 0c00 08c0 1840 18c0  .............@..
0000eb90: 1b80 1f00 0c00 0000 0000 0000 0000 0000  ................
0000eba0: 0000 0000 0080 00d0 01c0 0630 0e30 0c20  ...........0.0. 
0000ebb0: 0c70 00c0 0180 0300 0080 0000 0000 0000  .p..............
0000ebc0: 0000 0080 0080 0180 0100 0100 0300 0200  ................
0000ebd0: 0200 0600 0400 0000 0000 0000 0000 0000  ................
0000ebe0: 0000 0000 00c0 00c0 00c0 0080 0080 0180  ................
0000ebf0: 01c0 0300 0300 0100 0000 0000 0080 1000  ................
0000ec00: 0000 0f00 1d00 1900 0300 0600 0640 0c00  .............@..
0000ec10: 0810 08f0 0800 0000 0000 0000 0000 0000  ................
0000ec20: 0000 00c0 0680 0680 01c0 0180 0300 0380  ................
0000ec30: 0600 0008 00fc 0000 0000 4000 4000 0000  ..........@.@...
0000ec40: 0000 0000 0e00 1c00 0300 0600 0600 0180  ................
0000ec50: 0080 0300 0e00 0800 0000 0000 0000 0000  ................
0000ec60: 0000 0000 0000 04c0 04c0 01c0 0080 0040  ...............@
0000ec70: 00e0 00c0 01c0 0700 0400 0000 0000 0000  ................
0000ec80: 0000 0000 0440 0c40 0840 18c0 1080 1180  .....@.@.@......
0000ec90: 1180 0080 0080 0080 0000 0000 0000 0000  ................
0000eca0: 0000 0000 0200 06a0 0420 0c60 0840 0840  ......... .`.@.@
0000ecb0: 02c0 00c0 00c0 0080 0000 0000 0000 0000  ................
0000ecc0: 0000 0380 0e00 0800 0c00 0c00 1880 0060  ...............`
0000ecd0: 0030 1860 1980 0000 0000 0000 0000 0000  .0.`............
0000ece0: 0000 0000 0380 0700 0400 0200 0c40 0020  .............@. 
0000ecf0: 0018 0030 00f0 0140 0000 0000 0000 0000  ...0...@........
0000ed00: 0000 0600 0c00 0800 18c0 1b80 1320 1620  ............. . 
0000ed10: 12e0 1b80 0400 0000 0000 0000 0000 0000  ................
0000ed20: 0000 0300 0600 0400 0400 0cb8 0990 0b90  ................
0000ed30: 0b38 00c0 01c0 0000 0000 0000 0000 0000  .8..............
0000ed40: 0000 0000 0000 1800 0040 00c0 0080 0080  .........@......
0000ed50: 0180 0300 0600 0600 0400 0000 0000 0000  ................
0000ed60: 4000 8000 0000 0000 00b0 0070 0040 00e0  @..........p.@..
0000ed70: 0080 0080 0180 0380 0300 2000 0000 0020  .......... .... 
0000ed80: 0000 0000 0160 0f40 1880 1980 1b00 0c00  .....`.@........
0000ed90: 04c0 04c0 0680 0000 0000 0000 0000 0000  ................
0000eda0: 0000 0000 0010 01b0 0768 0cc0 0180 0180  .........h......
0000edb0: 0360 0360 0340 0080 0000 0000 0000 0000  .`.`.@..........
0000edc0: 0000 0000 0200 0600 0c00 0b00 0b00 0e80  ................
0000edd0: 0480 00c0 0040 0020 0020 0000 0000 0000  .....@. . ......
0000ede0: 0000 0000 0000 0100 0080 04e0 04c0 03c0  ................
0000edf0: 0240 0060 0020 0010 0000 0000 0000 0000  .@.`. ..........
0000ee00: 0000 0300 0200 0e00 0c80 1880 1880 18c0  ................
0000ee10: 1380 1e00 0c00 0000 0000 0000 0000 0000  ................
0000ee20: 0002 0000 0181 0080 01c0 0760 0c30 08b0  ...........`.0..
0000ee30: 0860 00e0 03c0 0180 0000 0000 0000 0000  .`..............
0000ee40: 0000 0080 0080 0100 0100 0100 0200 0200  ................
0000ee50: 0200 0600 0400 0000 0000 0000 0000 0000  ................
0000ee60: 2000 0000 0080 0080 0081 0000 0180 0180   ...............
0000ee70: 0180 0380 0200 0200 0000 0000 0000 0000  ................
0000ee80: 0000 0e00 0900 0100 0300 0600 0c00 0c00  ................
0000ee90: 1800 1880 0000 0000 0000 0000 0080 0000  ................
0000eea0: 0000 0081 0480 0c80 0180 0180 0200 0600  ................
0000eeb0: 0680 040e 00e8 0000 0000 0000 0000 0000  ................
0000eec0: 0000 0000 0e00 1000 0300 0400 0600 0080  ................
0000eed0: 0180 0300 0e00 1000 0000 0000 0000 0000  ................
0000eee0: 0001 0000 0000 04c0 08c0 0080 01c0 00c0  ................
0000eef0: 00c0 0080 0300 0780 0000 0000 0000 0000  ................
0000ef00: 0000 0000 0400 0c40 08c0 0880 1080 1180  .......@........
0000ef10: 1080 0080 0180 0180 0000 0000 0000 0000  ................
0000ef20: 0000 0000 0200 0620 0660 0c40 0840 0040  ....... .`.@.@.@
0000ef30: 05c0 00e0 00e0 0080 0000 0000 0000 2000  .............. .
0000ef40: 0000 0300 0800 0800 0800 1a00 0000 0000  ................
0000ef50: 0020 10e0 1180 0000 0000 0000 0000 0000  . ..............
0000ef60: 0000 0040 07c0 0400 0400 0480 0640 0030  ...@.........@.0
0000ef70: 0010 0038 0078 0380 0020 0080 0000 0000  ...8.x... ......
0000ef80: 0000 0400 0800 0800 0880 1ba0 1620 1460  ............. .`
0000ef90: 1640 1980 0000 0000 0000 0000 0000 0000  .@..............
0000efa0: 0000 0300 0700 0600 0c20 0cb0 0930 0b20  ......... ...0. 
0000efb0: 09f0 0890 0180 0000 0000 0000 0000 0000  ................
0000efc0: 0000 0000 0000 3100 0000 00c0 0080 0080  ......1.........
0000efd0: 0100 0300 0600 0400 0000 0000 0000 0000  ................
0000efe0: 8000 2000 0000 4000 01e0 0060 0050 00c0  .. ...@....`.P..
0000eff0: 0080 0180 0300 0300 0300 0000 0000 0000  ................
0000f000: 0000 0000 0040 0a40 1880 1180 1300 0000  .....@.@........
0000f010: 0480 0480 0680 0200 0000 0000 0080 0000  ................
0000f020: 8000 0000 0020 0190 07c0 1cc0 0180 0080  ..... ..........
0000f030: 03c0 0270 0260 0080 0000 0000 0000 0000  ...p.`..........
0000f040: 0000 0000 0600 0c00 0800 0900 1b00 0a80  ................
0000f050: 0080 0000 0040 0060 0000 0000 0000 0000  .....@.`........
0000f060: 0000 0000 0000 8300 0580 0480 0480 03d0  ................
0000f070: 0040 0060 0020 00b0 0000 0000 0000 0000  .@.`. ..........
0000f080: 0000 0000 0600 0400 0880 18c0 1040 10c0  .............@..
0000f090: 1180 1000 1800 0000 0000 0000 0000 0000  ................
0000f0a0: 0000 0000 0180 0180 0350 0268 0e20 0c20  .........P.h. . 
0000f0b0: 0872 0000 0180 0200 0000 0000 2000 0000  .r.......... ...
0000f0c0: 0000 0000 0180 0180 0100 0100 0300 0200  ................
0000f0d0: 0600 0400 0400 0000 0000 0000 0000 0000  ................
0000f0e0: 0000 0000 00c0 0080 0080 0080 0100 0180  ................
0000f0f0: 0300 0200 0200 0000 0000 0000 0000 0000  ................
0000f100: 0000 0800 1900 1100 0200 0600 0440 0800  .............@..
0000f110: 1800 18a0 0a00 0000 0000 0000 0080 0000  ................
0000f120: 0000 0180 0680 0880 0080 0100 0300 0600  ................
0000f130: 0400 048c 0040 0000 0800 0800 0000 0000  .....@..........
0000f140: 0000 0000 0800 1000 1300 0600 0600 0080  ................
0000f150: 0080 0300 0400 1800 0000 0000 0000 0000  ................
0000f160: 0000 0000 0000 0880 0080 0180 0000 0040  ...............@
0000f170: 10d0 0080 0340 0400 0000 0000 0000 0000  .....@..........
0000f180: 0000 0000 0440 0040 10c0 1080 1080 1080  .....@.@........
0000f190: 0880 0080 0180 0100 0000 0000 0000 0000  ................
0000f1a0: 0000 0000 0400 0420 0800 0800 0840 0890  ....... .....@..
0000f1b0: 0010 0080 0080 0080 0000 0000 0000 0000  ................
0000f1c0: 0000 0280 1c00 1800 0800 0800 1080 0040  ...............@
0000f1d0: 0020 0040 1000 0000 0000 0000 0000 0000  . .@............
0000f1e0: 0000 0000 0080 0400 0400 0080 0040 0130  .............@.0
0000f1f0: 001a 0c00 0800 0000 0000 0000 0000 0000  ................
0000f200: 0000 0400 0800 0800 1800 10a0 1660 1440  .............`.@
0000f210: 10c0 1100 0800 0000 0000 0000 0000 0000  ................
0000f220: 0800 0200 0400 0400 0410 0c38 0910 0a28  ...........8...(
0000f230: 0f38 00c0 0100 0000 0000 0000 0000 0000  .8..............
0000f240: 0000 0000 0000 3000 14c0 0080 0080 0100  ......0.........
0000f250: 0300 0200 0600 0400 0c00 0000 0000 0000  ................
0000f260: 0000 0000 0000 0000 00b0 0048 0041 0080  ...........H.A..
0000f270: 00a0 0100 0300 0300 0200 2000 0000 0000  .......... .....
0000f280: 0000 0000 0040 0040 1980 1100 1a00 0400  .....@.@........
0000f290: 0480 0480 0480 0300 0000 0000 0000 0000  ................
0000f2a0: 0000 0000 0030 0120 0430 0884 0d00 0180  .....0. .0......
0000f2b0: 0240 0200 02e0 0080 0000 0000 0000 0000  .@..............
0000f2c0: 0000 0000 0000 0e00 0800 0a00 1b00 1880  ................
0000f2d0: 0c80 00c0 0040 0040 0000 0000 0000 0000  .....@.@........
0000f2e0: 0000 0000 0000 0300 0100 0000 0c82 0380  ................
0000f2f0: 02e0 0000 0000 0020 0200 0000 0000 0000  ....... ........
0000f300: 0000 0200 0200 0000 0c00 0880 1880 1080  ................
0000f310: 1000 1000 0c00 0000 0000 0000 0080 0000  ................
0000f320: 0000 0000 0181 0181 0080 0440 0420 0a20  ...........@. . 
0000f330: 0c40 08c0 0300 0000 0000 0000 0000 0000  .@..............
0000f340: 0000 0000 0080 0100 0100 0000 0000 0000  ................
0000f350: 0600 0400 0400 0000 0000 0000 0080 0000  ................
0000f360: 0000 0000 0000 0000 8080 0080 0100 0100  ................
0000f370: 0200 0200 0200 0000 0000 0000 0000 0000  ................
0000f380: 0000 0400 1900 1300 0200 0000 0400 0c00  ................
0000f390: 1000 1800 0100 0000 0000 0000 0000 0000  ................
0000f3a0: 0010 4080 0080 0000 0180 0300 0200 0200  ..@.............
0000f3b0: 0600 0008 0080 0040 0000 0000 0000 0000  .......@........
0000f3c0: 0000 0000 0000 1000 0200 0000 0200 0180  ................
0000f3d0: 0180 0000 0800 0800 0000 0000 0000 0000  ................
0000f3e0: 0000 0000 8000 0180 0800 0080 0180 00c0  ................
0000f3f0: 00c0 0080 0000 0080 0000 0040 0000 0000  ...........@....
0000f400: 0000 0000 0000 0880 0800 1000 1080 1080  ................
0000f410: 1180 0000 0180 0000 0000 0000 0000 0000  ................
0000f420: 0000 0000 0000 0000 0460 0840 0840 0840  .........`.@.@.@
0000f430: 05c0 0000 0000 0000 0000 0000 0000 0000  ................
0000f440: 0000 0000 0000 0000 0800 1000 0080 0040  ...............@
0000f450: 0020 0020 0800 0000 0000 0000 0000 0000  . . ............
0000f460: 0000 0000 0000 0000 0400 0580 08c1 0000  ................
0000f470: 0010 0000 0420 0080 0000 0000 0000 0000  ..... ..........
0000f480: 0000 0400 0000 0800 1800 1100 0020 1020  ............. . 
0000f490: 0640 1800 0800 0000 0000 0000 0000 0000  .@..............
0000f4a0: 0000 0000 0400 0000 0801 0822 0b20 0a20  ...........". . 
0000f4b0: 0320 0c00 0000 0080 0000 0000 0000 0000  . ..............
0000f4c0: 0000 0000 0000 0000 0400 0000 0000 0080  ................
0000f4d0: 0100 0200 0000 0400 0400 0000 0000 0000  ................
0000f4e0: 0000 0000 0000 0000 0040 0040 0080 0080  .........@.@....
0000f4f0: 0080 0100 0800 0200 0000 0000 0000 0000  ................
0000f500: 0000 0000 0000 0080 1080 1000 1200 1800  ................
0000f510: 0480 0480 0480 0000 0000 0000 0000 0000  ................
0000f520: 0000 0001 0010 0030 0401 0800 0500 0180  .......0........
0000f530: 02c0 0040 02c0 0000 0000 0000 0000 0000  ...@............
0000f540: 0000 0000 0000 0000 0800 0900 0100 0900  ................
0000f550: 0080 0080 0040 0020 0000 0000 0000 0000  .....@. ........
0000f560: 0000 0000 2000 0200 0180 0c80 0080 0080  .... ...........
0000f570: 03c0 0040 0030 0020 0000 0000 0000 0000  ...@.0. ........
0000f580: 0000 0000 0200 0000 0880 0000 1000 1000  ................
0000f590: 0000 0000 0800 0400 0000 0000 0000 0000  ................
0000f5a0: 0000 0002 0001 0080 0001 0200 0000 0000  ................
0000f5b0: 0040 0000 0000 0000 0000 0000 0000 2000  .@............ .
0000f5c0: 0000 0000 0000 0000 0000 0200 0000 1000  ................
0000f5d0: 0400 0400 0000 0000 0000 0000 0080 0000  ................
0000f5e0: 0000 0002 0000 0080 0000 0000 0940 0000  .............@..
0000f5f0: 0100 0100 0000 0000 0000 0000 0000 0000  ................
0000f600: 0000 0000 1000 0000 0100 0000 0000 0000  ................
0000f610: 0000 1000 1000 0000 0000 0000 0000 0000  ................
0000f620: 0000 0000 0000 0000 0000 1800 0080 0000  ................
0000f630: 0200 0000 0000 0000 0000 0000 0000 0000  ................
0000f640: 0000 0000 0000 0200 1100 0000 0400 0180  ................
0000f650: 0000 0000 0000 0000 0000 0000 0000 0000  ................
0000f660: 0000 8000 0000 0080 0000 0000 0000 0000  ................
0000f670: 0000 0000 0000 0080 0000 0000 0000 0000  ................
0000f680: 0000 0000 0000 0000 0000 0000 0080 0000  ................
0000f690: 1000 0100 0000 0000 0000 0000 0000 0000  ................
0000f6a0: 0004 0000 0000 0440 0040 0000 0000 0080  .......@.@......
0000f6b0: 0040 0080 0080 0000 0000 0000 0000 0000  .@..............
0000f6c0: 0000 0000 0100 0800 0000 0800 0180 0000  ................
0000f6d0: 0060 0000 1000 0800 0000 0000 0000 0000  .`..............
0000f6e0: 0000 8180 0010 0000 0200 0280 0060 0000  .............`..
0000f6f0: 0080 0000 0400 0000 0000 0000 0000 0000  ................
0000f700: 0000 0000 0800 0000 0000 1000 0000 0000  ................
0000f710: 1000 0000 0400 0000 0000 0000 0000 0000  ................
0000f720: 0000 0000 0000 0000 0000 0020 0800 1800  ........... ....
0000f730: 0820 0400 0000 0000 0000 0000 0000 0000  . ..............
0000f740: 0000 0000 0000 0000 2800 0000 0080 0100  ........(.......
0000f750: 0000 0000 0000 0000 0000 0000 0000 0000  ................
0000f760: 0000 0000 0000 0000 0000 1000 0000 0000  ................
0000f770: 0080 0100 0000 0000 0000 0000 0000 0000  ................
0000f780: 0000 0000 0000 0000 0000 1000 0000 0000  ................
0000f790: 0080 0000 0000 0200 0000 0000 0000 0000  ................
0000f7a0: 0004 0006 0000 0010 0000 0000 0100 0180  ................
0000f7b0: 0040 0200 0200 0000 0000 8000 0000 0004  .@..............
0000f7c0: 0000 0000 0000 0000 0800 0000 0000 0800  ................
0000f7d0: 0080 0080 0040 0000 0000 0000 0000 0000  .....@..........
0000f7e0: 8000 0000 0200 0100 0100 0080 0080 1080  ................
0000f7f0: 0200 0060 0020 0030 0000 0000 0000 8000  ...`. .0........
0000f800: ffff ffff ffff ffff ffff ffff ffff ffff  ................
0000f810: ffff ffff ffff ffff ffff ffff ffff ffff  ................
0000f820: ffff ffff ffff ffff ffff ffff ffff ffff  ................
0000f830: ffff ffff ffff ffff ffff ffff ffff ffff  ................
0000f840: ffff ffff ffff ffff ffff ffff ffff ffff  ................
0000f850: ffff ffff ffff ffff ffff ffff ffff ffff  ................
0000f860: ffff ffff ffff ffff ffff ffff ffff ffff  ................
0000f870: ffff ffff ffff ffff ffff ffff ffff ffff  ................
0000f880: ffff ffff ffff ffff ffff ffff ffff ffff  ................
0000f890: ffff ffff ffff ffff ffff ffff ffff ffff  ................
0000f8a0: ffff ffff ffff ffff ffff ffff ffff ffff  ................
0000f8b0: ffff ffff ffff ffff ffff ffff ffff ffff  ................
0000f8c0: ffff ffff ffff ffff ffff ffff ffff ffff  ................
0000f8d0: ffff ffff ffff ffff ffff ffff ffff ffff  ................
0000f8e0: ffff ffff ffff ffff ffff ffff ffff ffff  ................
0000f8f0: ffff ffff ffff ffff ffff ffff ffff ffff  ................
0000f900: ffff ffff ffff ffff ffff ffff ffff ffff  ................
0000f910: ffff ffff ffff ffff ffff ffff ffff ffff  ................
0000f920: ffff ffff ffff ffff ffff ffff ffff ffff  ................
0000f930: ffff ffff ffff ffff ffff ffff ffff ffff  ................
0000f940: ffff ffff ffff ffff ffff ffff ffff ffff  ................
0000f950: ffff ffff ffff ffff ffff ffff ffff ffff  ................
0000f960: ffff ffff ffff ffff ffff ffff ffff ffff  ................
0000f970: ffff ffff ffff ffff ffff ffff ffff ffff  ................
0000f980: ffff ffff ffff ffff ffff ffff ffff ffff  ................
0000f990: ffff ffff ffff ffff ffff ffff ffff ffff  ................
0000f9a0: ffff ffff ffff ffff ffff ffff ffff ffff  ................
0000f9b0: ffff ffff ffff ffff ffff ffff ffff ffff  ................
0000f9c0: ffff ffff ffff ffff ffff ffff ffff ffff  ................
0000f9d0: ffff ffff ffff ffff ffff ffff ffff ffff  ................
0000f9e0: ffff ffff ffff ffff ffff ffff ffff ffff  ................
0000f9f0: ffff ffff ffff ffff ffff ffff ffff ffff  ................
0000fa00: ffff ffff ffff ffff ffff ffff ffff ffff  ................
0000fa10: ffff ffff ffff ffff ffff ffff ffff ffff  ................
0000fa20: ffff ffff ffff ffff ffff ffff ffff ffff  ................
0000fa30: ffff ffff ffff ffff ffff ffff ffff ffff  ................
0000fa40: ffff ffff ffff ffff ffff ffff ffff ffff  ................
0000fa50: ffff ffff ffff ffff ffff ffff ffff ffff  ................
0000fa60: ffff ffff ffff ffff ffff ffff ffff ffff  ................
0000fa70: ffff ffff ffff ffff ffff ffff ffff ffff  ................
0000fa80: ffff ffff ffff ffff ffff ffff ffff ffff  ................
0000fa90: ffff ffff ffff ffff ffff ffff ffff ffff  ................
0000faa0: ffff ffff ffff ffff ffff ffff ffff ffff  ................
0000fab0: ffff ffff ffff ffff ffff ffff ffff ffff  ................
0000fac0: ffff ffff ffff ffff ffff ffff ffff ffff  ................
0000fad0: ffff ffff ffff ffff ffff ffff ffff ffff  ................
0000fae0: ffff ffff ffff ffff ffff ffff ffff ffff  ................
0000faf0: ffff ffff ffff ffff ffff ffff ffff ffff  ................
0000fb00: ffff ffff ffff ffff ffff ffff ffff ffff  ................
0000fb10: ffff ffff ffff ffff ffff ffff ffff ffff  ................
0000fb20: ffff ffff ffff ffff ffff ffff ffff ffff  ................
0000fb30: ffff ffff ffff ffff ffff ffff ffff ffff  ................
0000fb40: ffff ffff ffff ffff ffff ffff ffff ffff  ................
0000fb50: ffff ffff ffff ffff ffff ffff ffff ffff  ................
0000fb60: ffff ffff ffff ffff ffff ffff ffff ffff  ................
0000fb70: ffff ffff ffff ffff ffff ffff ffff ffff  ................
0000fb80: ffff ffff ffff ffff ffff ffff ffff ffff  ................
0000fb90: ffff ffff ffff ffff ffff ffff ffff ffff  ................
0000fba0: ffff ffff ffff ffff ffff ffff ffff ffff  ................
0000fbb0: ffff ffff ffff ffff ffff ffff ffff ffff  ................
0000fbc0: ffff ffff ffff ffff ffff ffff ffff ffff  ................
0000fbd0: ffff ffff ffff ffff ffff ffff ffff ffff  ................
0000fbe0: ffff ffff ffff ffff ffff ffff ffff ffff  ................
0000fbf0: ffff ffff ffff ffff ffff ffff ffff ffff  ................
0000fc00: ffff ffff ffff ffff ffff ffff ffff ffff  ................
0000fc10: ffff ffff ffff ffff ffff ffff ffff ffff  ................
0000fc20: ffff ffff ffff ffff ffff ffff ffff ffff  ................
0000fc30: ffff ffff ffff ffff ffff ffff ffff ffff  ................
0000fc40: ffff ffff ffff ffff ffff ffff ffff ffff  ................
0000fc50: ffff ffff ffff ffff ffff ffff ffff ffff  ................
0000fc60: ffff ffff ffff ffff ffff ffff ffff ffff  ................
0000fc70: ffff ffff ffff ffff ffff ffff ffff ffff  ................
0000fc80: ffff ffff ffff ffff ffff ffff ffff ffff  ................
0000fc90: ffff ffff ffff ffff ffff ffff ffff ffff  ................
0000fca0: ffff ffff ffff ffff ffff ffff ffff ffff  ................
0000fcb0: ffff ffff ffff ffff ffff ffff ffff ffff  ................
0000fcc0: ffff ffff ffff ffff ffff ffff ffff ffff  ................
0000fcd0: ffff ffff ffff ffff ffff ffff ffff ffff  ................
0000fce0: ffff ffff ffff ffff ffff ffff ffff ffff  ................
0000fcf0: ffff ffff ffff ffff ffff ffff ffff ffff  ................
0000fd00: ffff ffff ffff ffff ffff ffff ffff ffff  ................
0000fd10: ffff ffff ffff ffff ffff ffff ffff ffff  ................
0000fd20: ffff ffff ffff ffff ffff ffff ffff ffff  ................
0000fd30: ffff ffff ffff ffff ffff ffff ffff ffff  ................
0000fd40: ffff ffff ffff ffff ffff ffff ffff ffff  ................
0000fd50: ffff ffff ffff ffff ffff ffff ffff ffff  ................
0000fd60: ffff ffff ffff ffff ffff ffff ffff ffff  ................
0000fd70: ffff ffff ffff ffff ffff ffff ffff ffff  ................
0000fd80: ffff ffff ffff ffff ffff ffff ffff ffff  ................
0000fd90: ffff ffff ffff ffff ffff ffff ffff ffff  ................
0000fda0: ffff ffff ffff ffff ffff ffff ffff ffff  ................
0000fdb0: ffff ffff ffff ffff ffff ffff ffff ffff  ................
0000fdc0: ffff ffff ffff ffff ffff ffff ffff ffff  ................
0000fdd0: ffff ffff ffff ffff ffff ffff ffff ffff  ................
0000fde0: ffff ffff ffff ffff ffff ffff ffff ffff  ................
0000fdf0: ffff ffff ffff ffff ffff ffff ffff ffff  ................
0000fe00: ffff ffff ffff ffff ffff ffff ffff ffff  ................
0000fe10: ffff ffff ffff ffff ffff ffff ffff ffff  ................
0000fe20: ffff ffff ffff ffff ffff ffff ffff ffff  ................
0000fe30: ffff ffff ffff ffff ffff ffff ffff ffff  ................
0000fe40: ffff ffff ffff ffff ffff ffff ffff ffff  ................
0000fe50: ffff ffff ffff ffff ffff ffff ffff ffff  ................
0000fe60: ffff ffff ffff ffff ffff ffff ffff ffff  ................
0000fe70: ffff ffff ffff ffff ffff ffff ffff ffff  ................
0000fe80: ffff ffff ffff ffff ffff ffff ffff ffff  ................
0000fe90: ffff ffff ffff ffff ffff ffff ffff ffff  ................
0000fea0: ffff ffff ffff ffff ffff ffff ffff ffff  ................
0000feb0: ffff ffff ffff ffff ffff ffff ffff ffff  ................
0000fec0: ffff ffff ffff ffff ffff ffff ffff ffff  ................
0000fed0: ffff ffff ffff ffff ffff ffff ffff ffff  ................
0000fee0: ffff ffff ffff ffff ffff ffff ffff ffff  ................
0000fef0: ffff ffff ffff ffff ffff ffff ffff ffff  ................
0000ff00: ffff ffff ffff ffff ffff ffff ffff ffff  ................
0000ff10: ffff ffff ffff ffff ffff ffff ffff ffff  ................
0000ff20: ffff ffff ffff ffff ffff ffff ffff ffff  ................
0000ff30: ffff ffff ffff ffff ffff ffff ffff ffff  ................
0000ff40: ffff ffff ffff ffff ffff ffff ffff ffff  ................
0000ff50: ffff ffff ffff ffff ffff ffff ffff ffff  ................
0000ff60: ffff ffff ffff ffff ffff ffff ffff ffff  ................
0000ff70: ffff ffff ffff ffff ffff ffff ffff ffff  ................
0000ff80: ffff ffff ffff ffff ffff ffff ffff ffff  ................
0000ff90: ffff ffff ffff ffff ffff ffff ffff ffff  ................
0000ffa0: ffff ffff ffff ffff ffff ffff ffff ffff  ................
0000ffb0: ffff ffff ffff ffff ffff ffff ffff ffff  ................
0000ffc0: ffff ffff ffff ffff ffff ffff ffff ffff  ................
0000ffd0: ffff ffff ffff ffff ffff ffff ffff ffff  ................
0000ffe0: ffff ffff ffff ffff ffff ffff ffff ffff  ................
0000fff0: ffff ffff ffff ffff ffff ffff ffff ffff  ................
