[0,0],
[0,0],
[0,0],
[0,0],
[0,0],
[0,0],
[0,0],
[0,0],
[0,0],
[0,0],
[0,0],
[0,0],
[0,0],
[0,0],
[0,0],
[0,0],
[0,0],
[0,0],
[0,0],
[0,0],
[0,0],
[0,0],
[0,0],
[0,0],
[0,0],
[0,0],
[0,0],
[0,0],
[0,0],
[0,0],
[0,0],
[0,0],
[0,0],
[0,0],
[0,0],
[0,0],
[0,0],
[0,0],
[0,0],
[0,0],
[0,0],
[0,0],
[0,0],
[0,0],
[0,0],
[0,0],
[0,0],
[0,0],
[0,0],
[0,0],
[0,0],
[0,0],
[0,0],
[0,0],
[0,0],
[0,0],
[0,0],
[0,0],
[0,0],
[0,0],
[0,0],
[0,0],
[0,0],
[0,0],
[0,0],
[0,0],
[0,0],
[0,0],
[0,0],
[0,0],
[0,0],
[0,0],
[0,0],
[0,0],
[0,0],
[0,0],
[0,0],
[0,0],
[0,0],
[0,0],
[0,0],
[0,0],
[0,0],
[0,0],
[0,0],
[0,0],
[0,0],
[0,0],
[0,0],
[0,0],
[0,0],
[0,0],
[0,0],
[0,0],
[0,0],
[0,0],
[0,0],
[0,0],
[0,0],
[0,0],
[0,0],
[0,0],
[0,0],
[0,0],
[0,0],
[0,0],
[0,0],
[0,0],
[0,0],
[0,0],
[0,0],
[0,0],
[0,0],
[0,0],
[0,0],
[0,0],
[0,0],
[0,0],
[0,0],
[0,0],
[0,0],
[0,0],
[0,0],
[0,0],
[0,0],
[0,0],
[0,0],
[0,0],
[0,0],
[0,0],
[0,0],
[0,0],
[0,0],
[0,0],
[0,0],
[0,0],
[0,0],
[0,0],
[0,0],
[0,0],
[0,0],
[0,0],
[0,0],
[0,0],
[0,0],
[0,0],
[0,0],
[0,0],
[0,0],
[0,0],
[0,0],
[0,0],
[0,0],
[0,0],
[0,0],
[0,0],
[0,0],
[0,0],
[0,0],
[0,0],
[0,0],
[0,0],
[0,0],
[0,0],
[0,0],
[0,0],
[0,0],
[0,0],
[0,0],
[0,0],
[0,0],
[0,0],
[0,0],
[0,0],
[0,0],
[0,0],
[0,0],
[0,0],
[0,0],
[0,0],
[0,0],
[0,0],
[0,0],
[0,0],
[0,0],
[0,0],
[0,0],
[0,0],
[0,0],
[0,0],
[0,0],
[0,0],
[0,0],
[0,0],
[0,0],
[0,0],
[0,0],
[0,0],
[0,0],
[0,0],
[0,0],
[0,0],
[0,0],
[0,0],
[0,0],
[0,0],
[0,0],
[0,0],
[0,0],
[0,0],
[0,0],
[0,0],
[0,0],
[0,0],
[0,0],
[0,0],
[0,0],
[0,0],
[0,0],
[0,0],
[0,0],
[0,0],
[0,0],
[0,0],
[0,0],
[0,0],
[0,0],
[0,0],
[0,0],
[0,0],
[0,0],
[0,0],
[0,0],
[0,0],
[0,0],
[0,0],
[0,0],
[0,0],
[0,0],
[0,0],
[0,0],
[0,0],
[0,0],
[0,0],
[0,0],
[0,0],
[0,0],
[0,0],
[0,0],
[0,0],
[0,0],
[0,0],
[0,0],
[0,0],
[0,0],
[0,0],
[0,0],
[0,0],
[0,0],
[0,0],
[0,0],
[0,0],
[0,0],
[0,0],
[0,0],
[0,0],
[0,0],
[0,0],
[0,0],
[0,0],
[0,0],
[0,0],
[0,0],
[0,0],
[0,0],
[0,0],
[0,0],
[0,0],
[0,0],
[0,0],
[0,0],
[0,0],
[0,0],
[0,0],
[0,0],
[0,0],
[0,0],
[0,0],
[0,0],
[0,0],
[0,0],
[0,0],
[0,0],
[0,0],
[0,0],
[0,0],
[0,0],
[0,0],
[0,0],
[0,0],
[0,0],
[0,0],
[0,0],
[0,0],
[0,0],
[0,0],
[0,0],
[0,0],
[-1,6],
[4,-18],
[0,0],
[0,0],
[0,0],
[0,0],
[0,0],
[0,0],
[0,0],
[0,0],
[0,0],
[0,0],
[0,0],
[0,0],
[8,-49],
[52,-4],
[0,0],
[0,0],
[0,0],
[0,0],
[0,0],
[0,0],
[0,0],
[0,0],
[0,0],
[0,0],
[0,0],
[0,0],
[42,-86],
[16,-68],
[0,0],
[0,0],
[0,0],
[0,0],
[0,0],
[0,0],
[0,0],
[0,0],
[0,0],
[0,0],
[0,0],
[0,0],
[1,-113],
[-32,-82],
[0,0],
[0,0],
[0,0],
[0,0],
[0,0],
[0,0],
[0,0],
[0,0],
[0,0],
[0,0],
[0,0],
[0,0],
[-32,-82],
[0,0],
[0,0],
[0,0],
[0,0],
[0,0],
[0,0],
[0,0],
[0,0],
[0,0],
[0,0],
[0,0],
[0,0],
[0,0],
[0,0],
[0,0],
[0,0],
[0,0],
[0,0],
[0,0],
[0,0],
[0,0],
[0,0],
[0,0],
[0,0],
[0,0],
[0,0],
[0,0],
[0,0],
[0,0],
[0,0],
[0,0],
[0,0],
[0,0],
[0,0],
[0,0],
[0,0],
[0,0],
[0,0],
[0,0],
[0,0],
[0,0],
[0,0],
[0,0],
[0,0],
[0,0],
[0,0],
[0,0],
[0,0],
[0,0],
[0,0],
[0,0],
[0,0],
[0,0],
[0,0],
[0,0],
[0,0],
[0,0],
[0,0],
[0,0],
[0,0],
[0,0],
[0,0],
[0,0],
[0,0],
[0,0],
[0,0],
[0,0],
[0,0],
[0,0],
[0,0],
[0,0],
[0,0],
[0,0],
[0,0],
[0,0],
[0,0],
[0,0],
[0,0],
[0,0],
[0,0],
[0,0],
[0,0],
[0,0],
[0,0],
[0,0],
[0,0],
[0,0],
[0,0],
[0,0],
[0,0],
[0,0],
[0,0],
[0,0],
[0,0],
[0,0],
[0,0],
[0,0],
[0,0],
[0,0],
[0,0],
[0,0],
[0,0],
[0,0],
[0,0],
[0,0],
[0,0],
[0,0],
[0,0],
[0,0],
[0,0],
[0,0],
[0,0],
[0,0],
[0,0],
[0,0],
[0,0],
[0,0],
[0,0],
[0,0],
[0,0],
[0,0],
[0,0],
[0,0],
[0,0],
[0,0],
[0,0],
[0,0],
[0,0],
[0,0],
[0,0],
[0,0],
[0,0],
[0,0],
[0,0],
[0,0],
[0,0],
[0,0],
[0,0],
[0,0],
[0,0],
[0,0],
[0,0],
[0,0],
[0,0],
[0,0],
[0,0],
[0,0],
[0,0],
[0,0],
[0,0],
[0,0],
[0,0],
[0,0],
[0,0],
[0,0],
[0,0],
[0,0],
[0,0],
[0,0],
[0,0],
[0,0],
[0,0],
[0,0],
[0,0],
[0,0],
[0,0],
[0,0],
[0,0],
[0,0],
[0,0],
[0,0],
[0,0],
[0,0],
[0,0],
[0,0],
[0,0],
[0,0],
[0,0],
[0,0],
[0,0],
[0,0],
[0,0],
[0,0],
[0,0],
[0,0],
[0,0],
[0,0],
[0,0],
[0,0],
[0,0],
[0,0],
[0,0],
[0,0],
[0,0],
[0,0],
[0,0],
[0,0],
[0,0],
[0,0],
[0,0],
[0,0],
[0,0],
[0,0],
[0,0],
[0,0],
[0,0],
[0,0],
[0,0],
[0,0],
[0,0],
[0,0],
[0,0],
[0,0],
[0,0],
[0,0],
[0,0],
[0,0],
[0,0],
[0,0],
[0,0],
[0,0],
[0,0],
[0,0],
[0,0],
[0,0],
[0,0],
[0,0],
[0,0],
[0,0],
[0,0],
[0,0],
[0,0],
[0,0],
[0,0],
[0,0],
[0,0],
[0,0],
[0,0],
[0,0],
[0,0],
[0,0],
[0,0],
[0,0],
[0,0],
[0,0],
[0,0],
[0,0],
[0,0],
[0,0],
[0,0],
[0,0],
[0,0],
[0,0],
[0,0],
[0,0],
[0,0],
[0,0],
[0,0],
[0,0],
[0,0],
[0,0],
[0,0],
[0,0],
[0,0],
[0,0],
[0,0],
[0,0],
[0,0],
[0,0],
[0,0],
[0,0],
[0,0],
[0,0],
[0,0],
[0,0],
[0,0],
[0,0],
[0,0],
[0,0],
[0,0],
[0,0],
[0,0],
[0,0],
[0,0],
[0,0],
[0,0],
[0,0],
[0,0],
[0,0],
[0,0],
[0,0],
[0,0],
[0,0],
[0,0],
[0,0],
[0,0],
[0,0],
[0,0],
[0,0],
[0,0],
[0,0],
[0,0],
[0,0],
[0,0],
[0,0],
[0,0],
[0,0],
[0,0],
[0,0],
[0,0],
[0,0],
[0,0],
[0,0],
[0,0],
[0,0],
[0,0],
[0,0],
[0,0],
[0,0],
[0,0],
[0,0],
[0,0],
[0,0],
[0,0],
[0,0],
[0,0],
[0,0],
[0,0],
[0,0],
[0,0],
[0,0],
[0,0],
[0,0],
[0,0],
[0,0],
[-37,13],
[47,-18],
[0,0],
[0,0],
[0,0],
[0,0],
[0,0],
[0,0],
[0,0],
[0,0],
[0,0],
[0,0],
[0,0],
[0,0],
[46,-69],
[53,6],
[0,0],
[0,0],
[0,0],
[0,0],
[0,0],
[0,0],
[0,0],
[0,0],
[0,0],
[0,0],
[0,0],
[0,0],
[44,-102],
[-13,110],
[0,0],
[0,0],
[0,0],
[0,0],
[0,0],
[0,0],
[0,0],
[0,0],
[0,0],
[0,0],
[0,0],
[0,0],
[-58,66],
[-19,86],
[0,0],
[0,0],
[0,0],
[0,0],
[0,0],
[0,0],
[0,0],
[0,0],
[0,0],
[0,0],
[0,0],
[0,0],
[-19,86],
[0,0],
[0,0],
[0,0],
[0,0],
[0,0],
[0,0],
[0,0],
[0,0],
[0,0],
[0,0],
[0,0],
[0,0],
[0,0],
[0,0],
[0,0],
[0,0],
[0,0],
[0,0],
[0,0],
[0,0],
[0,0],
[0,0],
[0,0],
[0,0],
[0,0],
[0,0],
[0,0],
[0,0],
[0,0],
[0,0],
[0,0],
[0,0],
[0,0],
[0,0],
[0,0],
[0,0],
[0,0],
[0,0],
[0,0],
[0,0],
[0,0],
[0,0],
[0,0],
[0,0],
[0,0],
[0,0],
[0,0],
[0,0],
[0,0],
[0,0],
[0,0],
[0,0],
[0,0],
[0,0],
[0,0],
[0,0],
[0,0],
[0,0],
[0,0],
[0,0],
[0,0],
[0,0],
[0,0],
[0,0],
[0,0],
[0,0],
[0,0],
[0,0],
[0,0],
[0,0],
[0,0],
[0,0],
[0,0],
[0,0],
[0,0],
[0,0],
[0,0],
[0,0],
[0,0],
[0,0],
[0,0],
[0,0],
[0,0],
[0,0],
[0,0],
[0,0],
[0,0],
[0,0],
[0,0],
[0,0],
[0,0],
[0,0],
[0,0],
[0,0],
[0,0],
[0,0],
[0,0],
[0,0],
[0,0],
[0,0],
[0,0],
[0,0],
[0,0],
[0,0],
[0,0],
[0,0],
[0,0],
[0,0],
[0,0],
[0,0],
[0,0],
[0,0],
[0,0],
[0,0],
[0,0],
[0,0],
[0,0],
[0,0],
[0,0],
[0,0],
[0,0],
[0,0],
[0,0],
[0,0],
[0,0],
[0,0],
[0,0],
[0,0],
[0,0],
[0,0],
[0,0],
[0,0],
[0,0],
[0,0],
[0,0],
[0,0],
[0,0],
[0,0],
[0,0],
[0,0],
[0,0],
[0,0],
[0,0],
[0,0],
[0,0],
[0,0],
[0,0],
[0,0],
[0,0],
[0,0],
[0,0],
[0,0],
[0,0],
[0,0],
[0,0],
[0,0],
[0,0],
[0,0],
[0,0],
[0,0],
[0,0],
[0,0],
[0,0],
[0,0],
[0,0],
[0,0],
[0,0],
[0,0],
[0,0],
[0,0],
[0,0],
[0,0],
[0,0],
[0,0],
[0,0],
[0,0],
[0,0],
[0,0],
[0,0],
[0,0],
[0,0],
[0,0],
[0,0],
[0,0],
[0,0],
[0,0],
[0,0],
[0,0],
[0,0],
[0,0],
[0,0],
[0,0],
[0,0],
[0,0],
[0,0],
[0,0],
[0,0],
[0,0],
[0,0],
[0,0],
[0,0],
[0,0],
[0,0],
[0,0],
[0,0],
[0,0],
[0,0],
[0,0],
[0,0],
[0,0],
[0,0],
[0,0],
[0,0],
[0,0],
[0,0],
[0,0],
[0,0],
[0,0],
[0,0],
[0,0],
[0,0],
[0,0],
[0,0],
[0,0],
[0,0],
[0,0],
[0,0],
[0,0],
[0,0],
[0,0],
[0,0],
[0,0],
[0,0],
[0,0],
[0,0],
[0,0],
[0,0],
[0,0],
[0,0],
[0,0],
[0,0],
[0,0],
[0,0],
[0,0],
[0,0],
[0,0],
[0,0],
[0,0],
[0,0],
[0,0],
[0,0],
[0,0],
[0,0],
[0,0],
[0,0],
[0,0],
[0,0],
[0,0],
[0,0],
[0,0],
[0,0],
[0,0],
[0,0],
[0,0],
[0,0],
[0,0],
[0,0],
[0,0],
[0,0],
[0,0],
[0,0],
[0,0],
[0,0],
[0,0],
[0,0],
[0,0],
[0,0],
[0,0],
[0,0],
[0,0],
[0,0],
[0,0],
[0,0],
[0,0],
[0,0],
[0,0],
[0,0],
[0,0],
[0,0],
[0,0],
[0,0],
[0,0],
[0,0],
[0,0],
[0,0],
[0,0],
[0,0],
[0,0],
[0,0],
[0,0],
[0,0],
[0,0],
[0,0],
[0,0],
[0,0],
[0,0],
[0,0],
[0,0],
[0,0],
[0,0],
[0,0],
[0,0],
[0,0],
[0,0],
[0,0],
[0,0],
[0,0],
[0,0],
[0,0],
[0,0],
[0,0],
[0,0],
[0,0],
[0,0],
[0,0],
[0,0],
[0,0],
[0,0],
[0,0],
[0,0],
[0,0],
[0,0],
[0,0],
[0,0],
[0,0],
[90,72],
[63,-21],
[0,0],
[0,0],
[0,0],
[0,0],
[0,0],
[0,0],
[0,0],
[0,0],
[0,0],
[0,0],
[0,0],
[0,0],
[158,-9],
[3,-66],
[0,0],
[0,0],
[0,0],
[0,0],
[0,0],
[0,0],
[0,0],
[0,0],
[0,0],
[0,0],
[0,0],
[0,0],
[-37,-148],
[-106,-106],
[0,0],
[0,0],
[0,0],
[0,0],
[0,0],
[0,0],
[0,0],
[0,0],
[0,0],
[0,0],
[0,0],
[0,0],
[-151,-128],
[-46,-61],
[0,0],
[0,0],
[0,0],
[0,0],
[0,0],
[0,0],
[0,0],
[0,0],
[0,0],
[0,0],
[0,0],
[0,0],
[-46,-61],
[0,0],
[0,0],
[0,0],
[0,0],
[0,0],
[0,0],
[0,0],
[0,0],
[0,0],
[0,0],
[0,0],
[0,0],
[0,0],
[0,0],
[0,0],
[0,0],
[0,0],
[0,0],
[0,0],
[0,0],
[0,0],
[0,0],
[0,0],
[0,0],
[0,0],
[0,0],
[0,0],
[0,0],
[0,0],
[0,0],
[0,0],
[0,0],
[0,0],
[0,0],
[0,0],
[0,0],
[0,0],
[0,0],
[0,0],
[0,0],
[0,0],
[0,0],
[0,0],
[0,0],
[0,0],
[0,0],
[0,0],
[0,0],
[0,0],
[0,0],
[0,0],
[0,0],
[0,0],
[0,0],
[0,0],
[0,0],
[0,0],
[0,0],
[0,0],
[0,0],
[0,0],
[0,0],
[0,0],
[0,0],
[0,0],
[0,0],
[0,0],
[0,0],
[0,0],
[0,0],
[0,0],
[0,0],
[0,0],
[0,0],
[0,0],
[0,0],
[0,0],
[0,0],
[0,0],
[0,0],
[0,0],
[0,0],
[0,0],
[0,0],
[0,0],
[0,0],
[0,0],
[0,0],
[0,0],
[0,0],
[0,0],
[0,0],
[0,0],
[0,0],
[0,0],
[0,0],
[0,0],
[0,0],
[0,0],
[0,0],
[0,0],
[0,0],
[0,0],
[0,0],
[0,0],
[0,0],
[0,0],
[0,0],
[0,0],
[0,0],
[0,0],
[0,0],
[0,0],
[0,0],
[0,0],
[0,0],
[0,0],
[0,0],
[0,0],
[0,0],
[0,0],
[0,0],
[0,0],
[0,0],
[0,0],
[0,0],
[0,0],
[0,0],
[0,0],
[0,0],
[0,0],
[0,0],
[0,0],
[0,0],
[0,0],
[0,0],
[0,0],
[0,0],
[0,0],
[0,0],
[0,0],
[0,0],
[0,0],
[0,0],
[0,0],
[0,0],
[0,0],
[0,0],
[0,0],
[0,0],
[0,0],
[0,0],
[0,0],
[0,0],
[0,0],
[0,0],
[0,0],
[0,0],
[0,0],
[0,0],
[0,0],
[0,0],
[0,0],
[0,0],
[0,0],
[0,0],
[0,0],
[0,0],
[0,0],
[0,0],
[0,0],
[0,0],
[0,0],
[0,0],
[0,0],
[0,0],
[0,0],
[0,0],
[0,0],
[0,0],
[0,0],
[0,0],
[0,0],
[0,0],
[0,0],
[0,0],
[0,0],
[0,0],
[0,0],
[0,0],
[0,0],
[0,0],
[0,0],
[0,0],
[0,0],
[0,0],
[0,0],
[0,0],
[0,0],
[0,0],
[0,0],
[0,0],
[0,0],
[0,0],
[0,0],
[0,0],
[0,0],
[0,0],
[0,0],
[0,0],
[0,0],
[0,0],
[0,0],
[0,0],
[0,0],
[0,0],
[0,0],
[0,0],
[0,0],
[0,0],
[0,0],
[0,0],
[0,0],
[0,0],
[0,0],
[0,0],
[0,0],
[0,0],
[0,0],
[0,0],
[0,0],
[0,0],
[0,0],
[0,0],
[0,0],
[0,0],
[0,0],
[0,0],
[0,0],
[0,0],
[0,0],
[0,0],
[0,0],
[0,0],
[0,0],
[0,0],
[0,0],
[0,0],
[0,0],
[0,0],
[0,0],
[0,0],
[0,0],
[0,0],
[0,0],
[0,0],
[0,0],
[0,0],
[0,0],
[0,0],
[0,0],
[0,0],
[0,0],
[0,0],
[0,0],
[0,0],
[0,0],
[0,0],
[0,0],
[0,0],
[0,0],
[0,0],
[0,0],
[0,0],
[0,0],
[0,0],
[0,0],
[0,0],
[0,0],
[0,0],
[0,0],
[0,0],
[0,0],
[0,0],
[0,0],
[0,0],
[0,0],
[0,0],
[0,0],
[0,0],
[0,0],
[0,0],
[0,0],
[0,0],
[0,0],
[0,0],
[0,0],
[0,0],
[0,0],
[0,0],
[0,0],
[0,0],
[0,0],
[0,0],
[0,0],
[0,0],
[0,0],
[0,0],
[0,0],
[0,0],
[0,0],
[0,0],
[0,0],
[0,0],
[0,0],
[0,0],
[0,0],
[0,0],
[0,0],
[0,0],
[0,0],
[0,0],
[0,0],
[0,0],
[0,0],
[0,0],
[0,0],
[0,0],
[0,0],
[0,0],
[0,0],
[0,0],
[0,0],
[0,0],
[0,0],
[58,-43],
[57,-52],
[0,0],
[0,0],
[0,0],
[0,0],
[0,0],
[0,0],
[0,0],
[0,0],
[0,0],
[0,0],
[0,0],
[0,0],
[135,-111],
[101,-147],
[0,0],
[0,0],
[0,0],
[0,0],
[0,0],
[0,0],
[0,0],
[0,0],
[0,0],
[0,0],
[0,0],
[0,0],
[144,-199],
[35,-106],
[0,0],
[0,0],
[0,0],
[0,0],
[0,0],
[0,0],
[0,0],
[0,0],
[0,0],
[0,0],
[0,0],
[0,0],
[58,-142],
[-9,-11],
[0,0],
[0,0],
[0,0],
[0,0],
[0,0],
[0,0],
[0,0],
[0,0],
[0,0],
[0,0],
[0,0],
[0,0],
[-9,-11],
[0,0],
[0,0],
[0,0],
[0,0],
[0,0],
[0,0],
[0,0],
[0,0],
[0,0],
[0,0],
[0,0],
[0,0],
[0,0],
[0,0],
[0,0],
[0,0],
[0,0],
[0,0],
[0,0],
[0,0],
[0,0],
[0,0],
[0,0],
[0,0],
[0,0],
[0,0],
[0,0],
[0,0],
[0,0],
[0,0],
[0,0],
[0,0],
[0,0],
[0,0],
[0,0],
[0,0],
[0,0],
[0,0],
[0,0],
[0,0],
[0,0],
[0,0],
[0,0],
[0,0],
[0,0],
[0,0],
[0,0],
[0,0],
[0,0],
[0,0],
[0,0],
[0,0],
[0,0],
[0,0],
[0,0],
[0,0],
[0,0],
[0,0],
[0,0],
[0,0],
[0,0],
[0,0],
[0,0],
[0,0],
[0,0],
[0,0],
[0,0],
[0,0],
[0,0],
[0,0],
[0,0],
[0,0],
[0,0],
[0,0],
[0,0],
[0,0],
[0,0],
[0,0],
[0,0],
[0,0],
[0,0],
[0,0],
[0,0],
[0,0],
[0,0],
[0,0],
[0,0],
[0,0],
[0,0],
[0,0],
[0,0],
[0,0],
[0,0],
[0,0],
[0,0],
[0,0],
[0,0],
[0,0],
[0,0],
[0,0],
[0,0],
[0,0],
[0,0],
[0,0],
[0,0],
[0,0],
[0,0],
[0,0],
[0,0],
[0,0],
[0,0],
[0,0],
[0,0],
[0,0],
[0,0],
[0,0],
[0,0],
[0,0],
[0,0],
[0,0],
[0,0],
[0,0],
[0,0],
[0,0],
[0,0],
[0,0],
[0,0],
[0,0],
[0,0],
[0,0],
[0,0],
[0,0],
[0,0],
[0,0],
[0,0],
[0,0],
[0,0],
[0,0],
[0,0],
[0,0],
[0,0],
[0,0],
[0,0],
[0,0],
[0,0],
[0,0],
[0,0],
[0,0],
[0,0],
[0,0],
[0,0],
[0,0],
[0,0],
[0,0],
[0,0],
[0,0],
[0,0],
[0,0],
[0,0],
[0,0],
[0,0],
[0,0],
[0,0],
[0,0],
[0,0],
[0,0],
[0,0],
[0,0],
[0,0],
[0,0],
[0,0],
[0,0],
[0,0],
[0,0],
[0,0],
[0,0],
[0,0],
[0,0],
[0,0],
[0,0],
[0,0],
[0,0],
[0,0],
[0,0],
[0,0],
[0,0],
[0,0],
[0,0],
[0,0],
[0,0],
[0,0],
[0,0],
[0,0],
[0,0],
[0,0],
[0,0],
[0,0],
[0,0],
[0,0],
[0,0],
[0,0],
[0,0],
[0,0],
[0,0],
[0,0],
[0,0],
[0,0],
[0,0],
[0,0],
[0,0],
[0,0],
[0,0],
[0,0],
[0,0],
[0,0],
[0,0],
[0,0],
[0,0],
[0,0],
[0,0],
[0,0],
[0,0],
[0,0],
[0,0],
[0,0],
[0,0],
[0,0],
[0,0],
[0,0],
[0,0],
[0,0],
[0,0],
[0,0],
[0,0],
[0,0],
[0,0],
[0,0],
[0,0],
[0,0],
[0,0],
[0,0],
[0,0],
[0,0],
[0,0],
[0,0],
[0,0],
[0,0],
[0,0],
[0,0],
[0,0],
[0,0],
[0,0],
[0,0],
[0,0],
[0,0],
[0,0],
[0,0],
[0,0],
[0,0],
[0,0],
[0,0],
[0,0],
[0,0],
[0,0],
[0,0],
[0,0],
[0,0],
[0,0],
[0,0],
[0,0],
[0,0],
[0,0],
[0,0],
[0,0],
[0,0],
[0,0],
[0,0],
[0,0],
[0,0],
[0,0],
[0,0],
[0,0],
[0,0],
[0,0],
[0,0],
[0,0],
[0,0],
[0,0],
[0,0],
[0,0],
[0,0],
[0,0],
[0,0],
[0,0],
[0,0],
[0,0],
[0,0],
[0,0],
[0,0],
[0,0],
[0,0],
[0,0],
[0,0],
[0,0],
[0,0],
[0,0],
[0,0],
[0,0],
[0,0],
[0,0],
[0,0],
[0,0],
[0,0],
[0,0],
[0,0],
[0,0],
[0,0],
[0,0],
[0,0],
[0,0],
[0,0],
[0,0],
[0,0],
[0,0],
[0,0],
[0,0],
[0,0],
[0,0],
[0,0],
[0,0],
[0,0],
[0,0],
[0,0],
[0,0],
[0,0],
[-28,-43],
[69,80],
[0,0],
[0,0],
[0,0],
[0,0],
[0,0],
[0,0],
[0,0],
[0,0],
[0,0],
[0,0],
[0,0],
[0,0],
[43,60],
[63,99],
[0,0],
[0,0],
[0,0],
[0,0],
[0,0],
[0,0],
[0,0],
[0,0],
[0,0],
[0,0],
[0,0],
[0,0],
[135,51],
[63,2],
[0,0],
[0,0],
[0,0],
[0,0],
[0,0],
[0,0],
[0,0],
[0,0],
[0,0],
[0,0],
[0,0],
[0,0],
[133,-69],
[69,-17],
[0,0],
[0,0],
[0,0],
[0,0],
[0,0],
[0,0],
[0,0],
[0,0],
[0,0],
[0,0],
[0,0],
[0,0],
[69,-17],
[0,0],
[0,0],
[0,0],
[0,0],
[0,0],
[0,0],
[0,0],
[0,0],
[0,0],
[0,0],
[0,0],
[0,0],
[0,0],
[0,0],
[0,0],
[0,0],
[0,0],
[0,0],
[0,0],
[0,0],
[0,0],
[0,0],
[0,0],
[0,0],
[0,0],
[0,0],
[0,0],
[0,0],
[0,0],
[0,0],
[0,0],
[0,0],
[0,0],
[0,0],
[0,0],
[0,0],
[0,0],
[0,0],
[0,0],
[0,0],
[0,0],
[0,0],
[0,0],
[0,0],
[0,0],
[0,0],
[0,0],
[0,0],
[0,0],
[0,0],
[0,0],
[0,0],
[0,0],
[0,0],
[0,0],
[0,0],
[0,0],
[0,0],
[0,0],
[0,0],
[0,0],
[0,0],
[0,0],
[0,0],
[0,0],
[0,0],
[0,0],
[0,0],
[0,0],
[0,0],
[0,0],
[0,0],
[0,0],
[0,0],
[0,0],
[0,0],
[0,0],
[0,0],
[0,0],
[0,0],
[0,0],
[0,0],
[0,0],
[0,0],
[0,0],
[0,0],
[0,0],
[0,0],
[0,0],
[0,0],
[0,0],
[0,0],
[0,0],
[0,0],
[0,0],
[0,0],
[0,0],
[0,0],
[0,0],
[0,0],
[0,0],
[0,0],
[0,0],
[0,0],
[0,0],
[0,0],
[0,0],
[0,0],
[0,0],
[0,0],
[0,0],
[0,0],
[0,0],
[0,0],
[0,0],
[0,0],
[0,0],
[0,0],
[0,0],
[0,0],
[0,0],
[0,0],
[0,0],
[0,0],
[0,0],
[0,0],
[0,0],
[0,0],
[0,0],
[0,0],
[0,0],
[0,0],
[0,0],
[0,0],
[0,0],
[0,0],
[0,0],
[0,0],
[0,0],
[0,0],
[0,0],
[0,0],
[0,0],
[0,0],
[0,0],
[0,0],
[0,0],
[0,0],
[0,0],
[0,0],
[0,0],
[0,0],
[0,0],
[0,0],
[0,0],
[0,0],
[0,0],
[0,0],
[0,0],
[0,0],
[0,0],
[0,0],
[0,0],
[0,0],
[0,0],
[0,0],
[0,0],
[0,0],
[0,0],
[0,0],
[0,0],
[0,0],
[0,0],
[0,0],
[0,0],
[0,0],
[0,0],
[0,0],
[0,0],
[0,0],
[0,0],
[0,0],
[0,0],
[0,0],
[0,0],
[0,0],
[0,0],
[0,0],
[0,0],
[0,0],
[0,0],
[0,0],
[0,0],
[0,0],
[0,0],
[0,0],
[0,0],
[0,0],
[0,0],
[0,0],
[0,0],
[0,0],
[0,0],
[0,0],
[0,0],
[0,0],
[0,0],
[0,0],
[0,0],
[0,0],
[0,0],
[0,0],
[0,0],
[0,0],
[0,0],
[0,0],
[0,0],
[0,0],
[0,0],
[0,0],
[0,0],
[0,0],
[0,0],
[0,0],
[0,0],
[0,0],
[0,0],
[0,0],
[0,0],
[0,0],
[0,0],
[0,0],
[0,0],
[0,0],
[0,0],
[0,0],
[0,0],
[0,0],
[0,0],
[0,0],
[0,0],
[0,0],
[0,0],
[0,0],
[0,0],
[0,0],
[0,0],
[0,0],
[0,0],
[0,0],
[0,0],
[0,0],
[0,0],
[0,0],
[0,0],
[0,0],
[0,0],
[0,0],
[0,0],
[0,0],
[0,0],
[0,0],
[0,0],
[0,0],
[0,0],
[0,0],
[0,0],
[0,0],
[0,0],
[0,0],
[0,0],
[0,0],
[0,0],
[0,0],
[0,0],
[0,0],
[0,0],
[0,0],
[0,0],
[0,0],
[0,0],
[0,0],
[0,0],
[0,0],
[0,0],
[0,0],
[0,0],
[0,0],
[0,0],
[0,0],
[0,0],
[0,0],
[0,0],
[0,0],
[0,0],
[0,0],
[0,0],
[0,0],
[0,0],
[0,0],
[0,0],
[0,0],
[0,0],
[0,0],
[0,0],
[0,0],
[0,0],
[0,0],
[0,0],
[0,0],
[0,0],
[0,0],
[0,0],
[0,0],
[0,0],
[0,0],
[0,0],
[0,0],
[0,0],
[0,0],
[0,0],
[0,0],
[0,0],
[0,0],
[0,0],
[0,0],
[0,0],
[0,0],
[0,0],
[0,0],
[0,0],
[0,0],
[0,0],
[0,0],
[0,0],
[-4,33],
[84,-60],
[0,0],
[0,0],
[0,0],
[0,0],
[0,0],
[0,0],
[0,0],
[0,0],
[0,0],
[0,0],
[0,0],
[0,0],
[70,16],
[-24,-60],
[0,0],
[0,0],
[0,0],
[0,0],
[0,0],
[0,0],
[0,0],
[0,0],
[0,0],
[0,0],
[0,0],
[0,0],
[-78,26],
[-46,64],
[0,0],
[0,0],
[0,0],
[0,0],
[0,0],
[0,0],
[0,0],
[0,0],
[0,0],
[0,0],
[0,0],
[0,0],
[-90,107],
[62,64],
[0,0],
[0,0],
[0,0],
[0,0],
[0,0],
[0,0],
[0,0],
[0,0],
[0,0],
[0,0],
[0,0],
[0,0],
[62,64],
[0,0],
[0,0],
[0,0],
[0,0],
[0,0],
[0,0],
[0,0],
[0,0],
[0,0],
[0,0],
[0,0],
[0,0],
[0,0],
[0,0],
[0,0],
[0,0],
[0,0],
[0,0],
[0,0],
[0,0],
[0,0],
[0,0],
[0,0],
[0,0],
[0,0],
[0,0],
[0,0],
[0,0],
[0,0],
[0,0],
[0,0],
[0,0],
[0,0],
[0,0],
[0,0],
[0,0],
[0,0],
[0,0],
[0,0],
[0,0],
[0,0],
[0,0],
[0,0],
[0,0],
[0,0],
[0,0],
[0,0],
[0,0],
[0,0],
[0,0],
[0,0],
[0,0],
[0,0],
[0,0],
[0,0],
[0,0],
[0,0],
[0,0],
[0,0],
[0,0],
[0,0],
[0,0],
[0,0],
[0,0],
[0,0],
[0,0],
[0,0],
[0,0],
[0,0],
[0,0],
[0,0],
[0,0],
[0,0],
[0,0],
[0,0],
[0,0],
[0,0],
[0,0],
[0,0],
[0,0],
[0,0],
[0,0],
[0,0],
[0,0],
[0,0],
[0,0],
[0,0],
[0,0],
[0,0],
[0,0],
[0,0],
[0,0],
[0,0],
[0,0],
[0,0],
[0,0],
[0,0],
[0,0],
[0,0],
[0,0],
[0,0],
[0,0],
[0,0],
[0,0],
[0,0],
[0,0],
[0,0],
[0,0],
[0,0],
[0,0],
[0,0],
[0,0],
[0,0],
[0,0],
[0,0],
[0,0],
[0,0],
[0,0],
[0,0],
[0,0],
[0,0],
[0,0],
[0,0],
[0,0],
[0,0],
[0,0],
[0,0],
[0,0],
[0,0],
[0,0],
[0,0],
[0,0],
[0,0],
[0,0],
[0,0],
[0,0],
[0,0],
[0,0],
[0,0],
[0,0],
[0,0],
[0,0],
[0,0],
[0,0],
[0,0],
[0,0],
[0,0],
[0,0],
[0,0],
[0,0],
[0,0],
[0,0],
[0,0],
[0,0],
[0,0],
[0,0],
[0,0],
[0,0],
[0,0],
[0,0],
[0,0],
[0,0],
[0,0],
[0,0],
[0,0],
[0,0],
[0,0],
[0,0],
[0,0],
[0,0],
[0,0],
[0,0],
[0,0],
[0,0],
[0,0],
[0,0],
[0,0],
[0,0],
[0,0],
[0,0],
[0,0],
[0,0],
[0,0],
[0,0],
[0,0],
[0,0],
[0,0],
[0,0],
[0,0],
[0,0],
[0,0],
[0,0],
[0,0],
[0,0],
[0,0],
[0,0],
[0,0],
[0,0],
[0,0],
[0,0],
[0,0],
[0,0],
[0,0],
[0,0],
[0,0],
[0,0],
[0,0],
[0,0],
[0,0],
[0,0],
[0,0],
[0,0],
[0,0],
[0,0],
[0,0],
[0,0],
[0,0],
[0,0],
[0,0],
[0,0],
[0,0],
[0,0],
[0,0],
[0,0],
[0,0],
[0,0],
[0,0],
[0,0],
[0,0],
[0,0],
[0,0],
[0,0],
[0,0],
[0,0],
[0,0],
[0,0],
[0,0],
[0,0],
[0,0],
[0,0],
[0,0],
[0,0],
[0,0],
[0,0],
[0,0],
[0,0],
[0,0],
[0,0],
[0,0],
[0,0],
[0,0],
[0,0],
[0,0],
[0,0],
[0,0],
[0,0],
[0,0],
[0,0],
[0,0],
[0,0],
[0,0],
[0,0],
[0,0],
[0,0],
[0,0],
[0,0],
[0,0],
[0,0],
[0,0],
[0,0],
[0,0],
[0,0],
[0,0],
[0,0],
[0,0],
[0,0],
[0,0],
[0,0],
[0,0],
[0,0],
[0,0],
[0,0],
[0,0],
[0,0],
[0,0],
[0,0],
[0,0],
[0,0],
[0,0],
[0,0],
[0,0],
[0,0],
[0,0],
[0,0],
[0,0],
[0,0],
[0,0],
[0,0],
[0,0],
[0,0],
[0,0],
[0,0],
[0,0],
[0,0],
[0,0],
[0,0],
[0,0],
[0,0],
[0,0],
[0,0],
[0,0],
[0,0],
[0,0],
[0,0],
[0,0],
[0,0],
[0,0],
[0,0],
[0,0],
[0,0],
[0,0],
[0,0],
[0,0],
[0,0],
[0,0],
[0,0],
[0,0],
[0,0],
[0,0],
[0,0],
[0,0],
[0,0],
[0,0],
[0,0],
[0,0],
[13,-39],
[-51,30],
[0,0],
[0,0],
[0,0],
[0,0],
[0,0],
[0,0],
[0,0],
[0,0],
[0,0],
[0,0],
[0,0],
[0,0],
[-30,54],
[-126,62],
[0,0],
[0,0],
[0,0],
[0,0],
[0,0],
[0,0],
[0,0],
[0,0],
[0,0],
[0,0],
[0,0],
[0,0],
[-67,89],
[-165,30],
[0,0],
[0,0],
[0,0],
[0,0],
[0,0],
[0,0],
[0,0],
[0,0],
[0,0],
[0,0],
[0,0],
[0,0],
[-114,-6],
[-90,-2],
[0,0],
[0,0],
[0,0],
[0,0],
[0,0],
[0,0],
[0,0],
[0,0],
[0,0],
[0,0],
[0,0],
[0,0],
[-90,-2],
[0,0],
[0,0],
[0,0],
[0,0],
[0,0],
[0,0],
[0,0],
[0,0],
[0,0],
[0,0],
[0,0],
[0,0],
[0,0],
[0,0],
[0,0],
[0,0],
[0,0],
[0,0],
[0,0],
[0,0],
[0,0],
[0,0],
[0,0],
[0,0],
[0,0],
[0,0],
[0,0],
[0,0],
[0,0],
[0,0],
[0,0],
[0,0],
[0,0],
[0,0],
[0,0],
[0,0],
[0,0],
[0,0],
[0,0],
[0,0],
[0,0],
[0,0],
[0,0],
[0,0],
[0,0],
[0,0],
[0,0],
[0,0],
[0,0],
[0,0],
[0,0],
[0,0],
[0,0],
[0,0],
[0,0],
[0,0],
[0,0],
[0,0],
[0,0],
[0,0],
[0,0],
[0,0],
[0,0],
[0,0],
[0,0],
[0,0],
[0,0],
[0,0],
[0,0],
[0,0],
[0,0],
[0,0],
[0,0],
[0,0],
[0,0],
[0,0],
[0,0],
[0,0],
[0,0],
[0,0],
[0,0],
[0,0],
[0,0],
[0,0],
[0,0],
[0,0],
[0,0],
[0,0],
[0,0],
[0,0],
[0,0],
[0,0],
[0,0],
[0,0],
[0,0],
[0,0],
[0,0],
[0,0],
[0,0],
[0,0],
[0,0],
[0,0],
[0,0],
[0,0],
[0,0],
[0,0],
[0,0],
[0,0],
[0,0],
[0,0],
[0,0],
[0,0],
[0,0],
[0,0],
[0,0],
[0,0],
[0,0],
[0,0],
[0,0],
[0,0],
[0,0],
[0,0],
[0,0],
[0,0],
[0,0],
[0,0],
[0,0],
[0,0],
[0,0],
[0,0],
[0,0],
[0,0],
[0,0],
[0,0],
[0,0],
[0,0],
[0,0],
[0,0],
[0,0],
[0,0],
[0,0],
[0,0],
[0,0],
[0,0],
[0,0],
[0,0],
[0,0],
[0,0],
[0,0],
[0,0],
[0,0],
[0,0],
[0,0],
[0,0],
[0,0],
[0,0],
[0,0],
[0,0],
[0,0],
[0,0],
[0,0],
[0,0],
[0,0],
[0,0],
[0,0],
[0,0],
[0,0],
[0,0],
[0,0],
[0,0],
[0,0],
[0,0],
[0,0],
[0,0],
[0,0],
[0,0],
[0,0],
[0,0],
[0,0],
[0,0],
[0,0],
[0,0],
[0,0],
[0,0],
[0,0],
[0,0],
[0,0],
[0,0],
[0,0],
[0,0],
[0,0],
[0,0],
[0,0],
[0,0],
[0,0],
[0,0],
[0,0],
[0,0],
[0,0],
[0,0],
[0,0],
[0,0],
[0,0],
[0,0],
[0,0],
[0,0],
[0,0],
[0,0],
[0,0],
[0,0],
[0,0],
[0,0],
[0,0],
[0,0],
[0,0],
[0,0],
[0,0],
[0,0],
[0,0],
[0,0],
[0,0],
[0,0],
[0,0],
[0,0],
[0,0],
[0,0],
[0,0],
[0,0],
[0,0],
[0,0],
[0,0],
[0,0],
[0,0],
[0,0],
[0,0],
[0,0],
[0,0],
[0,0],
[0,0],
[0,0],
[0,0],
[0,0],
[0,0],
[0,0],
[0,0],
[0,0],
[0,0],
[0,0],
[0,0],
[0,0],
[0,0],
[0,0],
[0,0],
[0,0],
[0,0],
[0,0],
[0,0],
[0,0],
[0,0],
[0,0],
[0,0],
[0,0],
[0,0],
[0,0],
[0,0],
[0,0],
[0,0],
[0,0],
[0,0],
[0,0],
[0,0],
[0,0],
[0,0],
[0,0],
[0,0],
[0,0],
[0,0],
[0,0],
[0,0],
[0,0],
[0,0],
[0,0],
[0,0],
[0,0],
[0,0],
[0,0],
[0,0],
[0,0],
[0,0],
[0,0],
[0,0],
[0,0],
[0,0],
[0,0],
[0,0],
[0,0],
[0,0],
[0,0],
[0,0],
[0,0],
[0,0],
[0,0],
[0,0],
[0,0],
[0,0],
[0,0],
[0,0],
[0,0],
[0,0],
[0,0],
[0,0],
[0,0],
[0,0],
[0,0],
[0,0],
[0,0],
[0,0],
[0,0],
[0,0],
[0,0],
[0,0],
[0,0],
[0,0],
[0,0],
[0,0],
[0,0],
[0,0],
[0,0],
[0,0],
[0,0],
[0,0],
[0,0],
[0,0],
[0,0],
[0,0],
[-82,-38],
[-55,17],
[0,0],
[0,0],
[0,0],
[0,0],
[0,0],
[0,0],
[0,0],
[0,0],
[0,0],
[0,0],
[0,0],
[0,0],
[-140,-83],
[-156,-48],
[0,0],
[0,0],
[0,0],
[0,0],
[0,0],
[0,0],
[0,0],
[0,0],
[0,0],
[0,0],
[0,0],
[0,0],
[-84,-179],
[-121,-117],
[0,0],
[0,0],
[0,0],
[0,0],
[0,0],
[0,0],
[0,0],
[0,0],
[0,0],
[0,0],
[0,0],
[0,0],
[-46,-186],
[-20,-52],
[0,0],
[0,0],
[0,0],
[0,0],
[0,0],
[0,0],
[0,0],
[0,0],
[0,0],
[0,0],
[0,0],
[0,0],
[-20,-52],
[0,0],
[0,0],
[0,0],
[0,0],
[0,0],
[0,0],
[0,0],
[0,0],
[0,0],
[0,0],
[0,0],
[0,0],
[0,0],
[0,0],
[0,0],
[0,0],
[0,0],
[0,0],
[0,0],
[0,0],
[0,0],
[0,0],
[0,0],
[0,0],
[0,0],
[0,0],
[0,0],
[0,0],
[0,0],
[0,0],
[0,0],
[0,0],
[0,0],
[0,0],
[0,0],
[0,0],
[0,0],
[0,0],
[0,0],
[0,0],
[0,0],
[0,0],
[0,0],
[0,0],
[0,0],
[0,0],
[0,0],
[0,0],
[0,0],
[0,0],
[0,0],
[0,0],
[0,0],
[0,0],
[0,0],
[0,0],
[0,0],
[0,0],
[0,0],
[0,0],
[0,0],
[0,0],
[0,0],
[0,0],
[0,0],
[0,0],
[0,0],
[0,0],
[0,0],
[0,0],
[0,0],
[0,0],
[0,0],
[0,0],
[0,0],
[0,0],
[0,0],
[0,0],
[0,0],
[0,0],
[0,0],
[0,0],
[0,0],
[0,0],
[0,0],
[0,0],
[0,0],
[0,0],
[0,0],
[0,0],
[0,0],
[0,0],
[0,0],
[0,0],
[0,0],
[0,0],
[0,0],
[0,0],
[0,0],
[0,0],
[0,0],
[0,0],
[0,0],
[0,0],
[0,0],
[0,0],
[0,0],
[0,0],
[0,0],
[0,0],
[0,0],
[0,0],
[0,0],
[0,0],
[0,0],
[0,0],
[0,0],
[0,0],
[0,0],
[0,0],
[0,0],
[0,0],
[0,0],
[0,0],
[0,0],
[0,0],
[0,0],
[0,0],
[0,0],
[0,0],
[0,0],
[0,0],
[0,0],
[0,0],
[0,0],
[0,0],
[0,0],
[0,0],
[0,0],
[-49,-92],
[-2,-39],
[-2,-44],
[0,0],
[0,0],
[0,0],
[0,0],
[0,0],
[0,0],
[0,0],
[0,0],
[0,0],
[0,0],
[0,0],
[70,-148],
[50,-32],
[-67,-70],
[0,0],
[0,0],
[0,0],
[0,0],
[0,0],
[0,0],
[0,0],
[0,0],
[0,0],
[0,0],
[0,0],
[87,-45],
[-19,-104],
[45,-28],
[0,0],
[0,0],
[0,0],
[0,0],
[0,0],
[0,0],
[0,0],
[0,0],
[0,0],
[0,0],
[0,0],
[48,-34],
[45,-28],
[0,0],
[0,0],
[0,0],
[0,0],
[0,0],
[0,0],
[0,0],
[0,0],
[0,0],
[0,0],
[0,0],
[0,0],
[0,0],
[0,0],
[0,0],
[0,0],
[0,0],
[0,0],
[0,0],
[0,0],
[0,0],
[0,0],
[0,0],
[0,0],
[0,0],
[0,0],
[0,0],
[0,0],
[0,0],
[0,0],
[0,0],
[0,0],
[0,0],
[0,0],
[0,0],
[0,0],
[0,0],
[0,0],
[0,0],
[0,0],
[0,0],
[0,0],
[0,0],
[0,0],
[0,0],
[0,0],
[0,0],
[0,0],
[0,0],
[0,0],
[0,0],
[0,0],
[0,0],
[0,0],
[0,0],
[0,0],
[0,0],
[0,0],
[0,0],
[0,0],
[0,0],
[0,0],
[0,0],
[0,0],
[0,0],
[0,0],
[0,0],
[0,0],
[0,0],
[0,0],
[0,0],
[0,0],
[0,0],
[0,0],
[0,0],
[0,0],
[0,0],
[0,0],
[0,0],
[0,0],
[0,0],
[0,0],
[0,0],
[0,0],
[0,0],
[0,0],
[0,0],
[0,0],
[0,0],
[0,0],
[0,0],
[0,0],
[0,0],
[0,0],
[0,0],
[0,0],
[0,0],
[0,0],
[0,0],
[0,0],
[0,0],
[0,0],
[0,0],
[0,0],
[0,0],
[0,0],
[0,0],
[0,0],
[0,0],
[0,0],
[0,0],
[0,0],
[0,0],
[0,0],
[0,0],
[0,0],
[0,0],
[0,0],
[0,0],
[0,0],
[0,0],
[0,0],
[0,0],
[0,0],
[0,0],
[0,0],
[0,0],
[0,0],
[0,0],
[0,0],
[0,0],
[0,0],
[0,0],
[0,0],
[0,0],
[0,0],
[0,0],
[0,0],
[0,0],
[0,0],
[0,0],
[0,0],
[0,0],
[0,0],
[0,0],
[0,0],
[0,0],
[0,0],
[0,0],
[0,0],
[0,0],
[0,0],
[-49,-92],
[-2,-39],
[-2,-44],
[0,0],
[0,0],
[0,0],
[0,0],
[0,0],
[0,0],
[0,0],
[0,0],
[0,0],
[0,0],
[0,0],
[70,-148],
[50,-32],
[-67,-70],
[0,0],
[0,0],
[0,0],
[0,0],
[0,0],
[0,0],
[0,0],
[0,0],
[0,0],
[0,0],
[0,0],
[87,-45],
[-19,-104],
[45,-28],
[0,0],
[0,0],
[0,0],
[0,0],
[0,0],
[0,0],
[0,0],
[0,0],
[0,0],
[0,0],
[0,0],
[48,-34],
[45,-28],
[0,0],
[0,0],
[0,0],
[0,0],
[0,0],
[0,0],
[0,0],
[0,0],
[0,0],
[0,0],
[0,0],
[0,0],
[0,0],
[0,0],
[0,0],
[0,0],
[0,0],
[0,0],
[0,0],
[0,0],
[0,0],
[0,0],
[0,0],
[0,0],
[0,0],
[0,0],
[0,0],
[0,0],
[0,0],
[0,0],
[0,0],
[0,0],
[0,0],
[0,0],
[0,0],
[0,0],
[0,0],
[0,0],
[0,0],
[0,0],
[0,0],
[0,0],
[0,0],
[0,0],
[0,0],
[0,0],
[0,0],
[0,0],
[0,0],
[0,0],
[0,0],
[0,0],
[0,0],
[0,0],
[0,0],
[0,0],
[0,0],
[0,0],
[0,0],
[0,0],
[0,0],
[0,0],
[0,0],
[0,0],
[0,0],
[0,0],
[0,0],
[0,0],
[0,0],
[0,0],
[0,0],
[0,0],
[0,0],
[0,0],
[0,0],
[0,0],
[0,0],
[0,0],
[0,0],
[0,0],
[0,0],
[0,0],
[0,0],
[0,0],
[0,0],
[0,0],
[0,0],
[0,0],
[0,0],
[0,0],
[0,0],
[0,0],
[0,0],
[0,0],
[0,0],
[0,0],
[0,0],
[0,0],
[0,0],
[0,0],
[0,0],
[0,0],
[0,0],
[0,0],
[0,0],
[0,0],
[0,0],
[0,0],
[0,0],
[0,0],
[0,0],
[0,0],
[0,0],
[0,0],
[0,0],
[0,0],
[0,0],
[0,0],
[0,0],
[0,0],
[0,0],
[0,0],
[0,0],
[0,0],
[0,0],
[0,0],
[0,0],
[0,0],
[0,0],
[0,0],
[0,0],
[0,0],
[0,0],
[0,0],
[0,0],
[0,0],
[0,0],
[0,0],
[-38,34],
[-15,15],
[-34,10],
[0,0],
[0,0],
[0,0],
[0,0],
[0,0],
[0,0],
[0,0],
[0,0],
[0,0],
[0,0],
[0,0],
[-114,-33],
[-26,-12],
[-46,-35],
[0,0],
[0,0],
[0,0],
[0,0],
[0,0],
[0,0],
[0,0],
[0,0],
[0,0],
[0,0],
[0,0],
[75,-83],
[44,5],
[-76,-80],
[0,0],
[0,0],
[0,0],
[0,0],
[0,0],
[0,0],
[0,0],
[0,0],
[0,0],
[0,0],
[0,0],
[132,21],
[-15,-88],
[46,-37],
[0,0],
[0,0],
[0,0],
[0,0],
[0,0],
[0,0],
[0,0],
[0,0],
[0,0],
[0,0],
[0,0],
[61,-8],
[46,-37],
[0,0],
[0,0],
[0,0],
[0,0],
[0,0],
[0,0],
[0,0],
[0,0],
[0,0],
[0,0],
[0,0],
[0,0],
[0,0],
[0,0],
[0,0],
[0,0],
[0,0],
[0,0],
[0,0],
[0,0],
[0,0],
[0,0],
[0,0],
[0,0],
[0,0],
[0,0],
[0,0],
[0,0],
[0,0],
[0,0],
[0,0],
[0,0],
[0,0],
[0,0],
[0,0],
[0,0],
[0,0],
[0,0],
[0,0],
[0,0],
[0,0],
[0,0],
[0,0],
[0,0],
[0,0],
[0,0],
[0,0],
[0,0],
[0,0],
[0,0],
[0,0],
[0,0],
[0,0],
[0,0],
[0,0],
[0,0],
[0,0],
[0,0],
[0,0],
[0,0],
[0,0],
[0,0],
[0,0],
[0,0],
[0,0],
[0,0],
[0,0],
[0,0],
[0,0],
[0,0],
[0,0],
[0,0],
[0,0],
[0,0],
[0,0],
[0,0],
[0,0],
[0,0],
[0,0],
[0,0],
[0,0],
[0,0],
[0,0],
[0,0],
[0,0],
[0,0],
[0,0],
[0,0],
[0,0],
[0,0],
[0,0],
[0,0],
[0,0],
[0,0],
[0,0],
[0,0],
[0,0],
[0,0],
[0,0],
[0,0],
[0,0],
[0,0],
[0,0],
[0,0],
[0,0],
[0,0],
[0,0],
[0,0],
[0,0],
[0,0],
[0,0],
[0,0],
[0,0],
[0,0],
[0,0],
[0,0],
[0,0],
[0,0],
[0,0],
[0,0],
[0,0],
[0,0],
[0,0],
[0,0],
[0,0],
[0,0],
[0,0],
[0,0],
[0,0],
[0,0],
[0,0],
[0,0],
[0,0],
[0,0],
[0,0],
[0,0],
[0,0],
[0,0],
[-38,34],
[-15,15],
[-34,10],
[0,0],
[0,0],
[0,0],
[0,0],
[0,0],
[0,0],
[0,0],
[0,0],
[0,0],
[0,0],
[0,0],
[-114,-33],
[-26,-12],
[-46,-35],
[0,0],
[0,0],
[0,0],
[0,0],
[0,0],
[0,0],
[0,0],
[0,0],
[0,0],
[0,0],
[0,0],
[95,-118],
[38,16],
[-67,-122],
[0,0],
[0,0],
[0,0],
[0,0],
[0,0],
[0,0],
[0,0],
[0,0],
[0,0],
[0,0],
[0,0],
[152,-45],
[-26,-184],
[48,-140],
[0,0],
[0,0],
[0,0],
[0,0],
[0,0],
[0,0],
[0,0],
[0,0],
[0,0],
[0,0],
[0,0],
[72,-168],
[43,-237],
[-38,-105],
[0,0],
[0,0],
[0,0],
[0,0],
[0,0],
[0,0],
[0,0],
[0,0],
[0,0],
[0,0],
[0,0],
[20,-161],
[-29,-137],
[-31,-44],
[0,0],
[0,0],
[0,0],
[0,0],
[0,0],
[0,0],
[0,0],
[0,0],
[0,0],
[0,0],
[0,0],
[9,-32],
[-31,-44],
[0,0],
[0,0],
[0,0],
[0,0],
[0,0],
[0,0],
[0,0],
[0,0],
[0,0],
[0,0],
[0,0],
[0,0],
[0,0],
[0,0],
[0,0],
[0,0],
[0,0],
[0,0],
[0,0],
[0,0],
[0,0],
[0,0],
[0,0],
[0,0],
[0,0],
[0,0],
[0,0],
[0,0],
[0,0],
[0,0],
[0,0],
[0,0],
[0,0],
[0,0],
[0,0],
[0,0],
[0,0],
[0,0],
[0,0],
[0,0],
[0,0],
[0,0],
[0,0],
[0,0],
[0,0],
[0,0],
[0,0],
[0,0],
[0,0],
[0,0],
[0,0],
[0,0],
[0,0],
[0,0],
[0,0],
[0,0],
[0,0],
[0,0],
[0,0],
[0,0],
[0,0],
[0,0],
[0,0],
[0,0],
[0,0],
[0,0],
[0,0],
[0,0],
[0,0],
[0,0],
[0,0],
[0,0],
[0,0],
[0,0],
[0,0],
[0,0],
[0,0],
[0,0],
[0,0],
[0,0],
[0,0],
[0,0],
[0,0],
[0,0],
[0,0],
[0,0],
[0,0],
[0,0],
[0,0],
[0,0],
[0,0],
[0,0],
[0,0],
[0,0],
[0,0],
[0,0],
[0,0],
[0,0],
[0,0],
[0,0],
[0,0],
[0,0],
[0,0],
[0,0],
[0,0],
[0,0],
[0,0],
[0,0],
[0,0],
[0,0],
[-119,88],
[-82,19],
[-56,-4],
[0,0],
[0,0],
[0,0],
[0,0],
[0,0],
[0,0],
[0,0],
[0,0],
[0,0],
[0,0],
[0,0],
[-188,0],
[-54,-16],
[-31,-40],
[0,0],
[0,0],
[0,0],
[0,0],
[0,0],
[0,0],
[0,0],
[0,0],
[0,0],
[0,0],
[0,0],
[84,-69],
[63,41],
[-58,-91],
[0,0],
[0,0],
[0,0],
[0,0],
[0,0],
[0,0],
[0,0],
[0,0],
[0,0],
[0,0],
[0,0],
[153,-46],
[-17,-153],
[48,-140],
[0,0],
[0,0],
[0,0],
[0,0],
[0,0],
[0,0],
[0,0],
[0,0],
[0,0],
[0,0],
[0,0],
[72,-168],
[43,-237],
[-38,-105],
[0,0],
[0,0],
[0,0],
[0,0],
[0,0],
[0,0],
[0,0],
[0,0],
[0,0],
[0,0],
[0,0],
[20,-161],
[-29,-137],
[-31,-44],
[0,0],
[0,0],
[0,0],
[0,0],
[0,0],
[0,0],
[0,0],
[0,0],
[0,0],
[0,0],
[0,0],
[9,-32],
[-31,-44],
[0,0],
[0,0],
[0,0],
[0,0],
[0,0],
[0,0],
[0,0],
[0,0],
[0,0],
[0,0],
[0,0],
[0,0],
[0,0],
[0,0],
[0,0],
[0,0],
[0,0],
[0,0],
[0,0],
[0,0],
[0,0],
[0,0],
[0,0],
[0,0],
[0,0],
[0,0],
[0,0],
[0,0],
[0,0],
[0,0],
[0,0],
[0,0],
[0,0],
[0,0],
[0,0],
[0,0],
[0,0],
[0,0],
[0,0],
[0,0],
[0,0],
[0,0],
[0,0],
[0,0],
[0,0],
[0,0],
[0,0],
[0,0],
[0,0],
[0,0],
[0,0],
[0,0],
[0,0],
[0,0],
[0,0],
[0,0],
[0,0],
[0,0],
[0,0],
[0,0],
[0,0],
[0,0],
[0,0],
[0,0],
[0,0],
[0,0],
[0,0],
[0,0],
[0,0],
[0,0],
[0,0],
[0,0],
[0,0],
[0,0],
[0,0],
[0,0],
[0,0],
[0,0],
[0,0],
[0,0],
[0,0],
[0,0],
[0,0],
[0,0],
[0,0],
[0,0],
[0,0],
[0,0],
[0,0],
[0,0],
[0,0],
[0,0],
[0,0],
[0,0],
[0,0],
[0,0],
[0,0],
[0,0],
[0,0],
[0,0],
[0,0],
[0,0],
[0,0],
[0,0],
[0,0],
[0,0],
[0,0],
[0,0],
[0,0],
[0,0],
[-129,124],
[-58,51],
[-56,-4],
[0,0],
[0,0],
[0,0],
[0,0],
[0,0],
[0,0],
[0,0],
[0,0],
[0,0],
[0,0],
[0,0],
[-206,9],
[-54,-9],
[-31,-40],
[0,0],
[0,0],
[0,0],
[0,0],
[0,0],
[0,0],
[0,0],
[0,0],
[0,0],
[0,0],
[0,0],
[108,-40],
[33,44],
[-58,-91],
[0,0],
[0,0],
[0,0],
[0,0],
[0,0],
[0,0],
[0,0],
[0,0],
[0,0],
[0,0],
[0,0],
[153,-46],
[-17,-153],
[48,-140],
[0,0],
[0,0],
[0,0],
[0,0],
[0,0],
[0,0],
[0,0],
[0,0],
[0,0],
[0,0],
[0,0],
[72,-168],
[43,-237],
[-38,-105],
[0,0],
[0,0],
[0,0],
[0,0],
[0,0],
[0,0],
[0,0],
[0,0],
[0,0],
[0,0],
[0,0],
[20,-161],
[-29,-137],
[-31,-44],
[0,0],
[0,0],
[0,0],
[0,0],
[0,0],
[0,0],
[0,0],
[0,0],
[0,0],
[0,0],
[0,0],
[9,-32],
[-31,-44],
[0,0],
[0,0],
[0,0],
[0,0],
[0,0],
[0,0],
[0,0],
[0,0],
[0,0],
[0,0],
[0,0],
[0,0],
[0,0],
[0,0],
[0,0],
[0,0],
[0,0],
[0,0],
[0,0],
[0,0],
[0,0],
[0,0],
[0,0],
[0,0],
[0,0],
[0,0],
[0,0],
[0,0],
[0,0],
[0,0],
[0,0],
[0,0],
[0,0],
[0,0],
[0,0],
[0,0],
[0,0],
[0,0],
[0,0],
[0,0],
[0,0],
[0,0],
[0,0],
[0,0],
[0,0],
[0,0],
[0,0],
[0,0],
[0,0],
[0,0],
[0,0],
[0,0],
[0,0],
[0,0],
[0,0],
[0,0],
[0,0],
[0,0],
[0,0],
[0,0],
[0,0],
[0,0],
[0,0],
[0,0],
[0,0],
[0,0],
[0,0],
[0,0],
[0,0],
[0,0],
[0,0],
[0,0],
[0,0],
[0,0],
[0,0],
[0,0],
[0,0],
[0,0],
[0,0],
[0,0],
[0,0],
[0,0],
[0,0],
[0,0],
[0,0],
[0,0],
[0,0],
[0,0],
[0,0],
[0,0],
[0,0],
[0,0],
[0,0],
[0,0],
[0,0],
[0,0],
[0,0],
[0,0],
[0,0],
[0,0],
[0,0],
[0,0],
[0,0],
[0,0],
[0,0],
[0,0],
[0,0],
[0,0],
[0,0],
[0,0],
[-149,98],
[-128,22],
[-105,-8],
[0,0],
[0,0],
[0,0],
[0,0],
[0,0],
[0,0],
[0,0],
[0,0],
[0,0],
[0,0],
[0,0],
[-174,-14],
[-74,-85],
[-64,-78],
[0,0],
[0,0],
[0,0],
[0,0],
[0,0],
[0,0],
[0,0],
[0,0],
[0,0],
[0,0],
[0,0],
[197,-86],
[73,-42],
[-33,-151],
[0,0],
[0,0],
[0,0],
[0,0],
[0,0],
[0,0],
[0,0],
[0,0],
[0,0],
[0,0],
[0,0],
[224,-108],
[-11,-226],
[57,-166],
[0,0],
[0,0],
[0,0],
[0,0],
[0,0],
[0,0],
[0,0],
[0,0],
[0,0],
[0,0],
[0,0],
[136,-190],
[68,-297],
[-38,-105],
[0,0],
[0,0],
[0,0],
[0,0],
[0,0],
[0,0],
[0,0],
[0,0],
[0,0],
[0,0],
[0,0],
[50,-170],
[-20,-163],
[-31,-44],
[0,0],
[0,0],
[0,0],
[0,0],
[0,0],
[0,0],
[0,0],
[0,0],
[0,0],
[0,0],
[0,0],
[9,-32],
[-31,-44],
[0,0],
[0,0],
[0,0],
[0,0],
[0,0],
[0,0],
[0,0],
[0,0],
[0,0],
[0,0],
[0,0],
[0,0],
[0,0],
[0,0],
[0,0],
[0,0],
[0,0],
[0,0],
[0,0],
[0,0],
[0,0],
[0,0],
[0,0],
[0,0],
[0,0],
[0,0],
[0,0],
[0,0],
[0,0],
[0,0],
[0,0],
[0,0],
[0,0],
[0,0],
[0,0],
[0,0],
[0,0],
[0,0],
[0,0],
[0,0],
[0,0],
[0,0],
[0,0],
[0,0],
[0,0],
[0,0],
[0,0],
[0,0],
[0,0],
[0,0],
[0,0],
[0,0],
[0,0],
[0,0],
[0,0],
[0,0],
[0,0],
[0,0],
[0,0],
[0,0],
[0,0],
[0,0],
[0,0],
[0,0],
[0,0],
[0,0],
[0,0],
[0,0],
[0,0],
[0,0],
[0,0],
[0,0],
[0,0],
[0,0],
[0,0],
[0,0],
[0,0],
[0,0],
[0,0],
[0,0],
[0,0],
[0,0],
[0,0],
[0,0],
[0,0],
[0,0],
[0,0],
[0,0],
[0,0],
[0,0],
[0,0],
[0,0],
[0,0],
[0,0],
[0,0],
[0,0],
[0,0],
[0,0],
[0,0],
[0,0],
[0,0],
[0,0],
[0,0],
[0,0],
[0,0],
[0,0],
[0,0],
[0,0],
[0,0],
[0,0],
[-149,98],
[-128,22],
[-105,-8],
[0,0],
[0,0],
[0,0],
[0,0],
[0,0],
[0,0],
[0,0],
[0,0],
[0,0],
[0,0],
[0,0],
[-174,-14],
[-74,-85],
[-64,-78],
[0,0],
[0,0],
[0,0],
[0,0],
[0,0],
[0,0],
[0,0],
[0,0],
[0,0],
[0,0],
[0,0],
[197,-86],
[73,-42],
[-33,-151],
[0,0],
[0,0],
[0,0],
[0,0],
[0,0],
[0,0],
[0,0],
[0,0],
[0,0],
[0,0],
[0,0],
[224,-108],
[-11,-226],
[57,-166],
[0,0],
[0,0],
[0,0],
[0,0],
[0,0],
[0,0],
[0,0],
[0,0],
[0,0],
[0,0],
[0,0],
[136,-190],
[68,-297],
[-38,-105],
[0,0],
[0,0],
[0,0],
[0,0],
[0,0],
[0,0],
[0,0],
[0,0],
[0,0],
[0,0],
[0,0],
[50,-170],
[-20,-163],
[-31,-44],
[0,0],
[0,0],
[0,0],
[0,0],
[0,0],
[0,0],
[0,0],
[0,0],
[0,0],
[0,0],
[0,0],
[9,-32],
[-31,-44],
[0,0],
[0,0],
[0,0],
[0,0],
[0,0],
[0,0],
[0,0],
[0,0],
[0,0],
[0,0],
[0,0],
[0,0],
[0,0],
[0,0],
[0,0],
[0,0],
[0,0],
[0,0],
[0,0],
[0,0],
[0,0],
[0,0],
[0,0],
[0,0],
[0,0],
[0,0],
[0,0],
[0,0],
[0,0],
[0,0],
[0,0],
[0,0],
[0,0],
[0,0],
[0,0],
[0,0],
[0,0],
[0,0],
[0,0],
[0,0],
[0,0],
[0,0],
[0,0],
[0,0],
[0,0],
[0,0],
[0,0],
[0,0],
[0,0],
[0,0],
[0,0],
[0,0],
[0,0],
[0,0],
[0,0],
[0,0],
[0,0],
[0,0],
[0,0],
[0,0],
[0,0],
[0,0],
[0,0],
[0,0],
[0,0],
[0,0],
[0,0],
[0,0],
[0,0],
[0,0],
[0,0],
[0,0],
[0,0],
[0,0],
[0,0],
[0,0],
[0,0],
[0,0],
[0,0],
[0,0],
[0,0],
[0,0],
[0,0],
[0,0],
[0,0],
[0,0],
[0,0],
[0,0],
[0,0],
[0,0],
[0,0],
[0,0],
[0,0],
[0,0],
[0,0],
[0,0],
[0,0],
[0,0],
[0,0],
[0,0],
[0,0],
[0,0],
[0,0],
[0,0],
[0,0],
[0,0],
[0,0],
[0,0],
[0,0],
[0,0],
[-165,113],
[-127,8],
[-112,-40],
[0,0],
[0,0],
[0,0],
[0,0],
[0,0],
[0,0],
[0,0],
[0,0],
[0,0],
[0,0],
[0,0],
[-147,-4],
[-70,-166],
[-74,-112],
[0,0],
[0,0],
[0,0],
[0,0],
[0,0],
[0,0],
[0,0],
[0,0],
[0,0],
[0,0],
[0,0],
[247,-102],
[58,-142],
[-41,-223],
[0,0],
[0,0],
[0,0],
[0,0],
[0,0],
[0,0],
[0,0],
[0,0],
[0,0],
[0,0],
[0,0],
[258,-141],
[-24,-364],
[49,-238],
[0,0],
[0,0],
[0,0],
[0,0],
[0,0],
[0,0],
[0,0],
[0,0],
[0,0],
[0,0],
[0,0],
[186,-238],
[54,-421],
[-39,-145],
[0,0],
[0,0],
[0,0],
[0,0],
[0,0],
[0,0],
[0,0],
[0,0],
[0,0],
[0,0],
[0,0],
[57,-213],
[-37,-220],
[-29,-82],
[0,0],
[0,0],
[0,0],
[0,0],
[0,0],
[0,0],
[0,0],
[0,0],
[0,0],
[0,0],
[0,0],
[-7,-49],
[-29,-82],
[0,0],
[0,0],
[0,0],
[0,0],
[0,0],
[0,0],
[0,0],
[0,0],
[0,0],
[0,0],
[0,0],
[0,0],
[0,0],
[0,0],
[0,0],
[0,0],
[0,0],
[0,0],
[0,0],
[0,0],
[0,0],
[0,0],
[0,0],
[0,0],
[0,0],
[0,0],
[0,0],
[0,0],
[0,0],
[0,0],
[0,0],
[0,0],
[0,0],
[0,0],
[0,0],
[0,0],
[0,0],
[0,0],
[0,0],
[0,0],
[0,0],
[0,0],
[0,0],
[0,0],
[0,0],
[0,0],
[0,0],
[0,0],
[0,0],
[0,0],
[0,0],
[0,0],
[0,0],
[0,0],
[0,0],
[0,0],
[0,0],
[0,0],
[0,0],
[0,0],
[0,0],
[0,0],
[0,0],
[0,0],
[0,0],
[0,0],
[0,0],
[0,0],
[0,0],
[0,0],
[0,0],
[0,0],
[0,0],
[0,0],
[0,0],
[0,0],
[0,0],
[0,0],
[0,0],
[0,0],
[0,0],
[0,0],
[0,0],
[0,0],
[0,0],
[0,0],
[0,0],
[0,0],
[0,0],
[0,0],
[0,0],
[0,0],
[0,0],
[0,0],
[0,0],
[0,0],
[0,0],
[0,0],
[0,0],
[0,0],
[0,0],
[0,0],
[0,0],
[0,0],
[0,0],
[0,0],
[0,0],
[0,0],
[0,0],
[0,0],
[-181,72],
[-121,-60],
[-92,-27],
[0,0],
[0,0],
[0,0],
[0,0],
[0,0],
[0,0],
[0,0],
[0,0],
[0,0],
[0,0],
[0,0],
[-155,-111],
[-2,-270],
[-41,-76],
[0,0],
[0,0],
[0,0],
[0,0],
[0,0],
[0,0],
[0,0],
[0,0],
[0,0],
[0,0],
[0,0],
[319,-210],
[96,-220],
[-21,-227],
[0,0],
[0,0],
[0,0],
[0,0],
[0,0],
[0,0],
[0,0],
[0,0],
[0,0],
[0,0],
[0,0],
[285,-248],
[-41,-433],
[56,-265],
[0,0],
[0,0],
[0,0],
[0,0],
[0,0],
[0,0],
[0,0],
[0,0],
[0,0],
[0,0],
[0,0],
[149,-303],
[61,-448],
[-39,-145],
[0,0],
[0,0],
[0,0],
[0,0],
[0,0],
[0,0],
[0,0],
[0,0],
[0,0],
[0,0],
[0,0],
[57,-213],
[-37,-220],
[-29,-82],
[0,0],
[0,0],
[0,0],
[0,0],
[0,0],
[0,0],
[0,0],
[0,0],
[0,0],
[0,0],
[0,0],
[-7,-49],
[-29,-82],
[0,0],
[0,0],
[0,0],
[0,0],
[0,0],
[0,0],
[0,0],
[0,0],
[0,0],
[0,0],
[0,0],
[0,0],
[0,0],
[0,0],
[0,0],
[0,0],
[0,0],
[0,0],
[0,0],
[0,0],
[0,0],
[0,0],
[0,0],
[0,0],
[0,0],
[0,0],
[0,0],
[0,0],
[0,0],
[0,0],
[0,0],
[0,0],
[0,0],
[0,0],
[0,0],
[0,0],
[0,0],
[0,0],
[0,0],
[0,0],
[0,0],
[0,0],
[0,0],
[0,0],
[0,0],
[0,0],
[0,0],
[0,0],
[0,0],
[0,0],
[0,0],
[0,0],
[0,0],
[0,0],
[0,0],
[0,0],
[0,0],
[0,0],
[0,0],
[0,0],
[0,0],
[0,0],
[0,0],
[0,0],
[0,0],
[0,0],
[0,0],
[0,0],
[0,0],
[0,0],
[0,0],
[0,0],
[0,0],
[0,0],
[0,0],
[0,0],
[0,0],
[0,0],
[0,0],
[0,0],
[0,0],
[0,0],
[0,0],
[0,0],
[0,0],
[0,0],
[0,0],
[0,0],
[0,0],
[0,0],
[0,0],
[0,0],
[0,0],
[0,0],
[0,0],
[0,0],
[0,0],
[0,0],
[0,0],
[0,0],
[0,0],
[0,0],
[0,0],
[0,0],
[0,0],
[0,0],
[0,0],
[0,0],
[0,0],
[0,0],
[-220,89],
[-152,-47],
[-91,-57],
[0,0],
[0,0],
[0,0],
[0,0],
[0,0],
[0,0],
[0,0],
[0,0],
[0,0],
[0,0],
[0,0],
[-147,-89],
[30,-307],
[-66,-80],
[0,0],
[0,0],
[0,0],
[0,0],
[0,0],
[0,0],
[0,0],
[0,0],
[0,0],
[0,0],
[0,0],
[324,-165],
[98,-237],
[-20,-257],
[0,0],
[0,0],
[0,0],
[0,0],
[0,0],
[0,0],
[0,0],
[0,0],
[0,0],
[0,0],
[0,0],
[273,-244],
[-71,-450],
[57,-295],
[0,0],
[0,0],
[0,0],
[0,0],
[0,0],
[0,0],
[0,0],
[0,0],
[0,0],
[0,0],
[0,0],
[157,-281],
[93,-485],
[-64,-149],
[0,0],
[0,0],
[0,0],
[0,0],
[0,0],
[0,0],
[0,0],
[0,0],
[0,0],
[0,0],
[0,0],
[62,-168],
[-35,-237],
[-28,-112],
[0,0],
[0,0],
[0,0],
[0,0],
[0,0],
[0,0],
[0,0],
[0,0],
[0,0],
[0,0],
[0,0],
[20,-62],
[-28,-112],
[0,0],
[0,0],
[0,0],
[0,0],
[0,0],
[0,0],
[0,0],
[0,0],
[0,0],
[0,0],
[0,0],
[0,0],
[0,0],
[0,0],
[0,0],
[0,0],
[0,0],
[0,0],
[0,0],
[0,0],
[0,0],
[0,0],
[0,0],
[0,0],
[0,0],
[0,0],
[0,0],
[0,0],
[0,0],
[0,0],
[0,0],
[0,0],
[0,0],
[0,0],
[0,0],
[0,0],
[0,0],
[0,0],
[0,0],
[0,0],
[0,0],
[0,0],
[0,0],
[0,0],
[0,0],
[0,0],
[0,0],
[0,0],
[0,0],
[0,0],
[0,0],
[0,0],
[0,0],
[0,0],
[0,0],
[0,0],
[0,0],
[0,0],
[0,0],
[0,0],
[0,0],
[0,0],
[0,0],
[0,0],
[0,0],
[0,0],
[0,0],
[0,0],
[0,0],
[0,0],
[0,0],
[0,0],
[0,0],
[0,0],
[0,0],
[0,0],
[0,0],
[0,0],
[0,0],
[0,0],
[0,0],
[0,0],
[0,0],
[0,0],
[0,0],
[0,0],
[0,0],
[0,0],
[0,0],
[0,0],
[0,0],
[0,0],
[0,0],
[0,0],
[0,0],
[0,0],
[0,0],
[0,0],
[0,0],
[0,0],
[0,0],
[0,0],
[0,0],
[0,0],
[0,0],
[0,0],
[0,0],
[0,0],
[0,0],
[0,0],
[-220,89],
[-152,-47],
[-91,-57],
[0,0],
[0,0],
[0,0],
[0,0],
[0,0],
[0,0],
[0,0],
[0,0],
[0,0],
[0,0],
[0,0],
[-147,-89],
[30,-307],
[-66,-80],
[0,0],
[0,0],
[0,0],
[0,0],
[0,0],
[0,0],
[0,0],
[0,0],
[0,0],
[0,0],
[0,0],
[304,-155],
[107,-241],
[-49,-291],
[0,0],
[0,0],
[0,0],
[0,0],
[0,0],
[0,0],
[0,0],
[0,0],
[0,0],
[0,0],
[0,0],
[288,-242],
[-66,-513],
[35,-347],
[0,0],
[0,0],
[0,0],
[0,0],
[0,0],
[0,0],
[0,0],
[0,0],
[0,0],
[0,0],
[0,0],
[210,-321],
[123,-581],
[-43,-174],
[0,0],
[0,0],
[0,0],
[0,0],
[0,0],
[0,0],
[0,0],
[0,0],
[0,0],
[0,0],
[0,0],
[107,-219],
[13,-281],
[-14,-119],
[0,0],
[0,0],
[0,0],
[0,0],
[0,0],
[0,0],
[0,0],
[0,0],
[0,0],
[0,0],
[0,0],
[47,-81],
[-14,-119],
[0,0],
[0,0],
[0,0],
[0,0],
[0,0],
[0,0],
[0,0],
[0,0],
[0,0],
[0,0],
[0,0],
[0,0],
[0,0],
[0,0],
[0,0],
[0,0],
[0,0],
[0,0],
[0,0],
[0,0],
[0,0],
[0,0],
[0,0],
[0,0],
[0,0],
[0,0],
[0,0],
[0,0],
[0,0],
[0,0],
[0,0],
[0,0],
[0,0],
[0,0],
[0,0],
[0,0],
[0,0],
[0,0],
[0,0],
[0,0],
[0,0],
[0,0],
[0,0],
[0,0],
[0,0],
[0,0],
[0,0],
[0,0],
[0,0],
[0,0],
[0,0],
[0,0],
[0,0],
[0,0],
[0,0],
[0,0],
[0,0],
[0,0],
[0,0],
[0,0],
[0,0],
[0,0],
[0,0],
[0,0],
[0,0],
[0,0],
[0,0],
[0,0],
[0,0],
[0,0],
[0,0],
[0,0],
[0,0],
[0,0],
[0,0],
[0,0],
[0,0],
[0,0],
[0,0],
[0,0],
[0,0],
[0,0],
[0,0],
[0,0],
[0,0],
[0,0],
[0,0],
[0,0],
[0,0],
[0,0],
[0,0],
[0,0],
[0,0],
[0,0],
[0,0],
[0,0],
[0,0],
[0,0],
[0,0],
[0,0],
[0,0],
[0,0],
[0,0],
[0,0],
[0,0],
[0,0],
[0,0],
[0,0],
[0,0],
[0,0],
[-220,89],
[-152,-47],
[-91,-57],
[0,0],
[0,0],
[0,0],
[0,0],
[0,0],
[0,0],
[0,0],
[0,0],
[0,0],
[0,0],
[0,0],
[-147,-89],
[30,-307],
[-66,-80],
[0,0],
[0,0],
[0,0],
[0,0],
[0,0],
[0,0],
[0,0],
[0,0],
[0,0],
[0,0],
[0,0],
[304,-155],
[107,-241],
[-49,-291],
[0,0],
[0,0],
[0,0],
[0,0],
[0,0],
[0,0],
[0,0],
[0,0],
[0,0],
[0,0],
[0,0],
[288,-242],
[-66,-513],
[35,-347],
[0,0],
[0,0],
[0,0],
[0,0],
[0,0],
[0,0],
[0,0],
[0,0],
[0,0],
[0,0],
[0,0],
[210,-321],
[123,-581],
[-43,-174],
[0,0],
[0,0],
[0,0],
[0,0],
[0,0],
[0,0],
[0,0],
[0,0],
[0,0],
[0,0],
[0,0],
[107,-219],
[13,-281],
[-14,-119],
[0,0],
[0,0],
[0,0],
[0,0],
[0,0],
[0,0],
[0,0],
[0,0],
[0,0],
[0,0],
[0,0],
[47,-81],
[-14,-119],
[0,0],
[0,0],
[0,0],
[0,0],
[0,0],
[0,0],
[0,0],
[0,0],
[0,0],
[0,0],
[0,0],
[0,0],
[0,0],
[0,0],
[0,0],
[0,0],
[0,0],
[0,0],
[0,0],
[0,0],
[0,0],
[0,0],
[0,0],
[0,0],
[0,0],
[0,0],
[0,0],
[0,0],
[0,0],
[0,0],
[0,0],
[0,0],
[0,0],
[0,0],
[0,0],
[0,0],
[0,0],
[0,0],
[0,0],
[0,0],
[0,0],
[0,0],
[0,0],
[0,0],
[0,0],
[0,0],
[0,0],
[0,0],
[0,0],
[0,0],
[0,0],
[0,0],
[0,0],
[0,0],
[0,0],
[0,0],
[0,0],
[0,0],
[0,0],
[0,0],
[0,0],
[0,0],
[0,0],
[0,0],
[0,0],
[0,0],
[0,0],
[0,0],
[0,0],
[0,0],
[0,0],
[0,0],
[0,0],
[0,0],
[0,0],
[0,0],
[0,0],
[0,0],
[0,0],
[0,0],
[0,0],
[0,0],
[0,0],
[0,0],
[0,0],
[0,0],
[0,0],
[0,0],
[0,0],
[0,0],
[0,0],
[0,0],
[0,0],
[0,0],
[0,0],
[0,0],
[0,0],
[0,0],
[0,0],
[0,0],
[0,0],
[0,0],
[0,0],
[0,0],
[0,0],
[0,0],
[0,0],
[0,0],
[0,0],
[0,0],
[-220,89],
[-152,-47],
[-91,-57],
[0,0],
[0,0],
[0,0],
[0,0],
[0,0],
[0,0],
[0,0],
[0,0],
[0,0],
[0,0],
[0,0],
[-166,-52],
[-8,-297],
[-90,-78],
[0,0],
[0,0],
[0,0],
[0,0],
[0,0],
[0,0],
[0,0],
[0,0],
[0,0],
[0,0],
[0,0],
[319,-138],
[104,-247],
[-50,-301],
[0,0],
[0,0],
[0,0],
[0,0],
[0,0],
[0,0],
[0,0],
[0,0],
[0,0],
[0,0],
[0,0],
[270,-224],
[-96,-561],
[23,-371],
[0,0],
[0,0],
[0,0],
[0,0],
[0,0],
[0,0],
[0,0],
[0,0],
[0,0],
[0,0],
[0,0],
[193,-335],
[111,-605],
[-43,-174],
[0,0],
[0,0],
[0,0],
[0,0],
[0,0],
[0,0],
[0,0],
[0,0],
[0,0],
[0,0],
[0,0],
[107,-219],
[13,-281],
[-14,-119],
[0,0],
[0,0],
[0,0],
[0,0],
[0,0],
[0,0],
[0,0],
[0,0],
[0,0],
[0,0],
[0,0],
[47,-81],
[-14,-119],
[0,0],
[0,0],
[0,0],
[0,0],
[0,0],
[0,0],
[0,0],
[0,0],
[0,0],
[0,0],
[0,0],
[0,0],
[0,0],
[0,0],
[0,0],
[0,0],
[0,0],
[0,0],
[0,0],
[0,0],
[0,0],
[0,0],
[0,0],
[0,0],
[0,0],
[0,0],
[0,0],
[0,0],
[0,0],
[0,0],
[0,0],
[0,0],
[0,0],
[0,0],
[0,0],
[0,0],
[0,0],
[0,0],
[0,0],
[0,0],
[0,0],
[0,0],
[0,0],
[0,0],
[0,0],
[0,0],
[0,0],
[0,0],
[0,0],
[0,0],
[0,0],
[0,0],
[0,0],
[0,0],
[0,0],
[0,0],
[0,0],
[0,0],
[0,0],
[0,0],
[0,0],
[0,0],
[0,0],
[0,0],
[0,0],
[0,0],
[0,0],
[0,0],
[0,0],
[0,0],
[0,0],
[0,0],
[0,0],
[0,0],
[0,0],
[0,0],
[0,0],
[0,0],
[0,0],
[0,0],
[0,0],
[0,0],
[0,0],
[0,0],
[0,0],
[0,0],
[0,0],
[0,0],
[0,0],
[0,0],
[0,0],
[0,0],
[0,0],
[0,0],
[0,0],
[0,0],
[0,0],
[0,0],
[0,0],
[0,0],
[0,0],
[0,0],
[0,0],
[0,0],
[0,0],
[0,0],
[0,0],
[0,0],
[0,0],
[0,0],
[-220,89],
[-152,-47],
[-91,-57],
[0,0],
[0,0],
[0,0],
[0,0],
[0,0],
[0,0],
[0,0],
[0,0],
[0,0],
[0,0],
[0,0],
[-166,-52],
[-8,-297],
[-90,-78],
[0,0],
[0,0],
[0,0],
[0,0],
[0,0],
[0,0],
[0,0],
[0,0],
[0,0],
[0,0],
[0,0],
[319,-138],
[104,-247],
[-50,-301],
[0,0],
[0,0],
[0,0],
[0,0],
[0,0],
[0,0],
[0,0],
[0,0],
[0,0],
[0,0],
[0,0],
[270,-224],
[-96,-561],
[23,-371],
[0,0],
[0,0],
[0,0],
[0,0],
[0,0],
[0,0],
[0,0],
[0,0],
[0,0],
[0,0],
[0,0],
[193,-335],
[111,-605],
[-43,-174],
[0,0],
[0,0],
[0,0],
[0,0],
[0,0],
[0,0],
[0,0],
[0,0],
[0,0],
[0,0],
[0,0],
[107,-219],
[13,-281],
[-14,-119],
[0,0],
[0,0],
[0,0],
[0,0],
[0,0],
[0,0],
[0,0],
[0,0],
[0,0],
[0,0],
[0,0],
[47,-81],
[-14,-119],
[0,0],
[0,0],
[0,0],
[0,0],
[0,0],
[0,0],
[0,0],
[0,0],
[0,0],
[0,0],
[0,0],
[0,0],
[0,0],
[0,0],
[0,0],
[0,0],
[0,0],
[0,0],
[0,0],
[0,0],
[0,0],
[0,0],
[0,0],
[0,0],
[0,0],
[0,0],
[0,0],
[0,0],
[0,0],
[0,0],
[0,0],
[0,0],
[0,0],
[0,0],
[0,0],
[0,0],
[0,0],
[0,0],
[0,0],
[0,0],
[0,0],
[0,0],
[0,0],
[0,0],
[0,0],
[0,0],
[0,0],
[0,0],
[0,0],
[0,0],
[0,0],
[0,0],
[0,0],
[0,0],
[0,0],
[0,0],
[0,0],
[0,0],
[0,0],
[0,0],
[0,0],
[0,0],
[0,0],
[0,0],
[0,0],
[0,0],
[0,0],
[0,0],
[0,0],
[0,0],
[0,0],
[0,0],
[0,0],
[0,0],
[0,0],
[0,0],
[0,0],
[0,0],
[0,0],
[0,0],
[0,0],
[0,0],
[0,0],
[0,0],
[0,0],
[0,0],
[0,0],
[0,0],
[0,0],
[0,0],
[0,0],
[0,0],
[0,0],
[0,0],
[0,0],
[0,0],
[0,0],
[0,0],
[0,0],
[0,0],
[0,0],
[0,0],
[0,0],
[0,0],
[0,0],
[0,0],
[0,0],
[0,0],
[0,0],
[0,0],
[-220,89],
[-152,-47],
[-91,-57],
[0,0],
[0,0],
[0,0],
[0,0],
[0,0],
[0,0],
[0,0],
[0,0],
[0,0],
[0,0],
[0,0],
[-166,-52],
[-8,-297],
[-90,-78],
[0,0],
[0,0],
[0,0],
[0,0],
[0,0],
[0,0],
[0,0],
[0,0],
[0,0],
[0,0],
[0,0],
[319,-138],
[104,-247],
[-50,-301],
[0,0],
[0,0],
[0,0],
[0,0],
[0,0],
[0,0],
[0,0],
[0,0],
[0,0],
[0,0],
[0,0],
[270,-224],
[-96,-561],
[23,-371],
[0,0],
[0,0],
[0,0],
[0,0],
[0,0],
[0,0],
[0,0],
[0,0],
[0,0],
[0,0],
[0,0],
[193,-335],
[111,-605],
[-43,-174],
[0,0],
[0,0],
[0,0],
[0,0],
[0,0],
[0,0],
[0,0],
[0,0],
[0,0],
[0,0],
[0,0],
[107,-219],
[13,-281],
[-14,-119],
[0,0],
[0,0],
[0,0],
[0,0],
[0,0],
[0,0],
[0,0],
[0,0],
[0,0],
[0,0],
[0,0],
[47,-81],
[-14,-119],
[0,0],
[0,0],
[0,0],
[0,0],
[0,0],
[0,0],
[0,0],
[0,0],
[0,0],
[0,0],
[0,0],
[0,0],
[0,0],
[0,0],
[0,0],
[0,0],
[0,0],
[0,0],
[0,0],
[0,0],
[0,0],
[0,0],
[0,0],
[0,0],
[0,0],
[0,0],
[0,0],
[0,0],
[0,0],
[0,0],
[0,0],
[0,0],
[0,0],
[0,0],
[0,0],
[0,0],
[0,0],
[0,0],
[0,0],
[0,0],
[0,0],
[0,0],
[0,0],
[0,0],
[0,0],
[0,0],
[0,0],
[0,0],
[0,0],
[0,0],
[0,0],
[0,0],
[0,0],
[0,0],
[0,0],
[0,0],
[0,0],
[0,0],
[0,0],
[0,0],
[0,0],
[0,0],
[0,0],
[0,0],
[0,0],
[0,0],
[0,0],
[0,0],
[0,0],
[0,0],
[0,0],
[0,0],
[0,0],
[0,0],
[0,0],
[0,0],
[0,0],
[0,0],
[0,0],
[0,0],
[0,0],
[0,0],
[0,0],
[0,0],
[0,0],
[0,0],
[0,0],
[0,0],
[0,0],
[0,0],
[0,0],
[0,0],
[0,0],
[0,0],
[0,0],
[0,0],
[0,0],
[0,0],
[0,0],
[0,0],
[0,0],
[0,0],
[0,0],
[0,0],
[0,0],
[0,0],
[0,0],
[0,0],
[0,0],
[0,0],
[0,0],
[0,0],
[0,0],
[0,0],
[0,0],
[0,0],
[0,0],
[0,0],
[0,0],
[0,0],
[0,0],
[0,0],
[0,0],
[0,0],
[-44,-68],
[-13,-4],
[-12,27],
[0,0],
[0,0],
[0,0],
[0,0],
[0,0],
[0,0],
[0,0],
[0,0],
[0,0],
[0,0],
[0,0],
[9,14],
[-69,23],
[-28,1],
[0,0],
[0,0],
[0,0],
[0,0],
[0,0],
[0,0],
[0,0],
[0,0],
[0,0],
[0,0],
[0,0],
[-69,1],
[-48,-29],
[4,-1],
[0,0],
[0,0],
[0,0],
[0,0],
[0,0],
[0,0],
[0,0],
[0,0],
[0,0],
[0,0],
[0,0],
[-20,-30],
[4,-1],
[0,0],
[0,0],
[0,0],
[0,0],
[0,0],
[0,0],
[0,0],
[0,0],
[0,0],
[0,0],
[0,0],
[0,0],
[0,0],
[0,0],
[0,0],
[0,0],
[0,0],
[0,0],
[0,0],
[0,0],
[0,0],
[0,0],
[0,0],
[0,0],
[0,0],
[0,0],
[0,0],
[0,0],
[0,0],
[0,0],
[0,0],
[0,0],
[0,0],
[0,0],
[0,0],
[0,0],
[0,0],
[0,0],
[0,0],
[0,0],
[0,0],
[0,0],
[0,0],
[0,0],
[0,0],
[0,0],
[0,0],
[0,0],
[0,0],
[0,0],
[0,0],
[0,0],
[0,0],
[0,0],
[0,0],
[0,0],
[0,0],
[0,0],
[0,0],
[0,0],
[0,0],
[0,0],
[0,0],
[0,0],
[0,0],
[0,0],
[0,0],
[0,0],
[0,0],
[0,0],
[0,0],
[0,0],
[0,0],
[0,0],
[0,0],
[0,0],
[0,0],
[0,0],
[0,0],
[0,0],
[0,0],
[0,0],
[0,0],
[0,0],
[0,0],
[0,0],
[0,0],
[0,0],
[0,0],
[0,0],
[0,0],
[0,0],
[0,0],
[0,0],
[0,0],
[0,0],
[0,0],
[0,0],
[0,0],
[0,0],
[0,0],
[0,0],
[0,0],
[0,0],
[0,0],
[0,0],
[0,0],
[0,0],
[0,0],
[0,0],
[0,0],
[0,0],
[0,0],
[0,0],
[0,0],
[0,0],
[0,0],
[0,0],
[0,0],
[0,0],
[0,0],
[0,0],
[0,0],
[0,0],
[0,0],
[0,0],
[0,0],
[0,0],
[0,0],
[0,0],
[0,0],
[0,0],
[0,0],
[0,0],
[0,0],
[0,0],
[0,0],
[0,0],
[0,0],
[0,0],
[0,0],
[0,0],
[0,0],
[0,0],
[0,0],
[0,0],
[0,0],
[0,0],
[0,0],
[0,0],
[0,0],
[0,0],
[-44,-68],
[-13,-4],
[-12,27],
[0,0],
[0,0],
[0,0],
[0,0],
[0,0],
[0,0],
[0,0],
[0,0],
[0,0],
[0,0],
[0,0],
[9,14],
[-69,23],
[-28,1],
[0,0],
[0,0],
[0,0],
[0,0],
[0,0],
[0,0],
[0,0],
[0,0],
[0,0],
[0,0],
[0,0],
[-69,1],
[-48,-29],
[4,-1],
[0,0],
[0,0],
[0,0],
[0,0],
[0,0],
[0,0],
[0,0],
[0,0],
[0,0],
[0,0],
[0,0],
[-20,-30],
[4,-1],
[0,0],
[0,0],
[0,0],
[0,0],
[0,0],
[0,0],
[0,0],
[0,0],
[0,0],
[0,0],
[0,0],
[0,0],
[0,0],
[0,0],
[0,0],
[0,0],
[0,0],
[0,0],
[0,0],
[0,0],
[0,0],
[0,0],
[0,0],
[0,0],
[0,0],
[0,0],
[0,0],
[0,0],
[0,0],
[0,0],
[0,0],
[0,0],
[0,0],
[0,0],
[0,0],
[0,0],
[0,0],
[0,0],
[0,0],
[0,0],
[0,0],
[0,0],
[0,0],
[0,0],
[0,0],
[0,0],
[0,0],
[0,0],
[0,0],
[0,0],
[0,0],
[0,0],
[0,0],
[0,0],
[0,0],
[0,0],
[0,0],
[0,0],
[0,0],
[0,0],
[0,0],
[0,0],
[0,0],
[0,0],
[0,0],
[0,0],
[0,0],
[0,0],
[0,0],
[0,0],
[0,0],
[0,0],
[0,0],
[0,0],
[0,0],
[0,0],
[0,0],
[0,0],
[0,0],
[0,0],
[0,0],
[0,0],
[0,0],
[0,0],
[0,0],
[0,0],
[0,0],
[0,0],
[0,0],
[0,0],
[0,0],
[0,0],
[0,0],
[0,0],
[0,0],
[0,0],
[0,0],
[0,0],
[0,0],
[0,0],
[0,0],
[0,0],
[0,0],
[0,0],
[0,0],
[0,0],
[0,0],
[0,0],
[0,0],
[0,0],
[0,0],
[0,0],
[0,0],
[0,0],
[0,0],
[0,0],
[0,0],
[0,0],
[0,0],
[0,0],
[0,0],
[0,0],
[0,0],
[0,0],
[0,0],
[0,0],
[0,0],
[0,0],
[0,0],
[0,0],
[0,0],
[0,0],
[0,0],
[0,0],
[0,0],
[0,0],
[0,0],
[0,0],
[-7,-17],
[26,9],
[8,19],
[0,0],
[0,0],
[0,0],
[0,0],
[0,0],
[0,0],
[0,0],
[0,0],
[0,0],
[0,0],
[0,0],
[-18,-103],
[30,25],
[-20,41],
[0,0],
[0,0],
[0,0],
[0,0],
[0,0],
[0,0],
[0,0],
[0,0],
[0,0],
[0,0],
[0,0],
[66,-33],
[-77,42],
[-42,9],
[0,0],
[0,0],
[0,0],
[0,0],
[0,0],
[0,0],
[0,0],
[0,0],
[0,0],
[0,0],
[0,0],
[-54,-24],
[-71,-17],
[6,12],
[0,0],
[0,0],
[0,0],
[0,0],
[0,0],
[0,0],
[0,0],
[0,0],
[0,0],
[0,0],
[0,0],
[-29,-26],
[6,12],
[0,0],
[0,0],
[0,0],
[0,0],
[0,0],
[0,0],
[0,0],
[0,0],
[0,0],
[0,0],
[0,0],
[0,0],
[0,0],
[0,0],
[0,0],
[0,0],
[0,0],
[0,0],
[0,0],
[0,0],
[0,0],
[0,0],
[0,0],
[0,0],
[0,0],
[0,0],
[0,0],
[0,0],
[0,0],
[0,0],
[0,0],
[0,0],
[0,0],
[0,0],
[0,0],
[0,0],
[0,0],
[0,0],
[0,0],
[0,0],
[0,0],
[0,0],
[0,0],
[0,0],
[0,0],
[0,0],
[0,0],
[0,0],
[0,0],
[0,0],
[0,0],
[0,0],
[0,0],
[0,0],
[0,0],
[0,0],
[0,0],
[0,0],
[0,0],
[0,0],
[0,0],
[0,0],
[0,0],
[0,0],
[0,0],
[0,0],
[0,0],
[0,0],
[0,0],
[0,0],
[0,0],
[0,0],
[0,0],
[0,0],
[0,0],
[0,0],
[0,0],
[0,0],
[0,0],
[0,0],
[0,0],
[0,0],
[0,0],
[0,0],
[0,0],
[0,0],
[0,0],
[0,0],
[0,0],
[0,0],
[0,0],
[0,0],
[0,0],
[0,0],
[0,0],
[0,0],
[0,0],
[0,0],
[0,0],
[0,0],
[0,0],
[0,0],
[0,0],
[0,0],
[0,0],
[0,0],
[0,0],
[0,0],
[0,0],
[0,0],
[0,0],
[0,0],
[0,0],
[0,0],
[0,0],
[0,0],
[0,0],
[0,0],
[0,0],
[0,0],
[0,0],
[0,0],
[0,0],
[0,0],
[0,0],
[0,0],
[0,0],
[0,0],
[0,0],
[0,0],
[0,0],
[0,0],
[0,0],
[0,0],
[0,0],
[0,0],
[0,0],
[0,0],
[-7,-17],
[26,9],
[8,19],
[0,0],
[0,0],
[0,0],
[0,0],
[0,0],
[0,0],
[0,0],
[0,0],
[0,0],
[0,0],
[0,0],
[-18,-103],
[30,25],
[-20,41],
[0,0],
[0,0],
[0,0],
[0,0],
[0,0],
[0,0],
[0,0],
[0,0],
[0,0],
[0,0],
[0,0],
[74,-19],
[-100,67],
[-60,13],
[0,0],
[0,0],
[0,0],
[0,0],
[0,0],
[0,0],
[0,0],
[0,0],
[0,0],
[0,0],
[0,0],
[-65,-15],
[-109,29],
[-35,7],
[0,0],
[0,0],
[0,0],
[0,0],
[0,0],
[0,0],
[0,0],
[0,0],
[0,0],
[0,0],
[0,0],
[-65,-36],
[-37,2],
[-3,-22],
[0,0],
[0,0],
[0,0],
[0,0],
[0,0],
[0,0],
[0,0],
[0,0],
[0,0],
[0,0],
[0,0],
[-22,-27],
[-8,-44],
[20,-13],
[0,0],
[0,0],
[0,0],
[0,0],
[0,0],
[0,0],
[0,0],
[0,0],
[0,0],
[0,0],
[0,0],
[-5,-22],
[20,-13],
[0,0],
[0,0],
[0,0],
[0,0],
[0,0],
[0,0],
[0,0],
[0,0],
[0,0],
[0,0],
[0,0],
[0,0],
[0,0],
[0,0],
[0,0],
[0,0],
[0,0],
[0,0],
[0,0],
[0,0],
[0,0],
[0,0],
[0,0],
[0,0],
[0,0],
[0,0],
[0,0],
[0,0],
[0,0],
[0,0],
[0,0],
[0,0],
[0,0],
[0,0],
[0,0],
[0,0],
[0,0],
[0,0],
[0,0],
[0,0],
[0,0],
[0,0],
[0,0],
[0,0],
[0,0],
[0,0],
[0,0],
[0,0],
[0,0],
[0,0],
[0,0],
[0,0],
[0,0],
[0,0],
[0,0],
[0,0],
[0,0],
[0,0],
[0,0],
[0,0],
[0,0],
[0,0],
[0,0],
[0,0],
[0,0],
[0,0],
[0,0],
[0,0],
[0,0],
[0,0],
[0,0],
[0,0],
[0,0],
[0,0],
[0,0],
[0,0],
[0,0],
[0,0],
[0,0],
[0,0],
[0,0],
[0,0],
[0,0],
[0,0],
[0,0],
[0,0],
[0,0],
[0,0],
[0,0],
[0,0],
[0,0],
[0,0],
[0,0],
[0,0],
[0,0],
[0,0],
[0,0],
[0,0],
[0,0],
[0,0],
[0,0],
[0,0],
[0,0],
[0,0],
[0,0],
[0,0],
[0,0],
[0,0],
[0,0],
[0,0],
[-53,-66],
[9,-110],
[-11,-71],
[0,0],
[0,0],
[0,0],
[0,0],
[0,0],
[0,0],
[0,0],
[0,0],
[0,0],
[0,0],
[0,0],
[-52,-194],
[60,-95],
[42,43],
[0,0],
[0,0],
[0,0],
[0,0],
[0,0],
[0,0],
[0,0],
[0,0],
[0,0],
[0,0],
[0,0],
[47,-115],
[-54,18],
[-77,-9],
[0,0],
[0,0],
[0,0],
[0,0],
[0,0],
[0,0],
[0,0],
[0,0],
[0,0],
[0,0],
[0,0],
[-64,-44],
[-126,7],
[-35,7],
[0,0],
[0,0],
[0,0],
[0,0],
[0,0],
[0,0],
[0,0],
[0,0],
[0,0],
[0,0],
[0,0],
[-65,-36],
[-37,2],
[-3,-22],
[0,0],
[0,0],
[0,0],
[0,0],
[0,0],
[0,0],
[0,0],
[0,0],
[0,0],
[0,0],
[0,0],
[-22,-27],
[-8,-44],
[20,-13],
[0,0],
[0,0],
[0,0],
[0,0],
[0,0],
[0,0],
[0,0],
[0,0],
[0,0],
[0,0],
[0,0],
[-5,-22],
[20,-13],
[0,0],
[0,0],
[0,0],
[0,0],
[0,0],
[0,0],
[0,0],
[0,0],
[0,0],
[0,0],
[0,0],
[0,0],
[0,0],
[0,0],
[0,0],
[0,0],
[0,0],
[0,0],
[0,0],
[0,0],
[0,0],
[0,0],
[0,0],
[0,0],
[0,0],
[0,0],
[0,0],
[0,0],
[0,0],
[0,0],
[0,0],
[0,0],
[0,0],
[0,0],
[0,0],
[0,0],
[0,0],
[0,0],
[0,0],
[0,0],
[0,0],
[0,0],
[0,0],
[0,0],
[0,0],
[0,0],
[0,0],
[0,0],
[0,0],
[0,0],
[0,0],
[0,0],
[0,0],
[0,0],
[0,0],
[0,0],
[0,0],
[0,0],
[0,0],
[0,0],
[0,0],
[0,0],
[0,0],
[0,0],
[0,0],
[0,0],
[0,0],
[0,0],
[0,0],
[0,0],
[0,0],
[0,0],
[0,0],
[0,0],
[0,0],
[0,0],
[0,0],
[0,0],
[0,0],
[0,0],
[0,0],
[0,0],
[0,0],
[0,0],
[0,0],
[0,0],
[0,0],
[0,0],
[0,0],
[0,0],
[0,0],
[0,0],
[0,0],
[0,0],
[0,0],
[0,0],
[0,0],
[0,0],
[0,0],
[0,0],
[0,0],
[0,0],
[0,0],
[0,0],
[0,0],
[0,0],
[0,0],
[0,0],
[0,0],
[0,0],
[-66,-68],
[-45,-123],
[-11,-71],
[0,0],
[0,0],
[0,0],
[0,0],
[0,0],
[0,0],
[0,0],
[0,0],
[0,0],
[0,0],
[0,0],
[-71,-237],
[65,-182],
[42,43],
[0,0],
[0,0],
[0,0],
[0,0],
[0,0],
[0,0],
[0,0],
[0,0],
[0,0],
[0,0],
[0,0],
[16,-141],
[-15,36],
[-77,-9],
[0,0],
[0,0],
[0,0],
[0,0],
[0,0],
[0,0],
[0,0],
[0,0],
[0,0],
[0,0],
[0,0],
[-64,-44],
[-126,7],
[-35,7],
[0,0],
[0,0],
[0,0],
[0,0],
[0,0],
[0,0],
[0,0],
[0,0],
[0,0],
[0,0],
[0,0],
[-65,-36],
[-37,2],
[-3,-22],
[0,0],
[0,0],
[0,0],
[0,0],
[0,0],
[0,0],
[0,0],
[0,0],
[0,0],
[0,0],
[0,0],
[-22,-27],
[-8,-44],
[20,-13],
[0,0],
[0,0],
[0,0],
[0,0],
[0,0],
[0,0],
[0,0],
[0,0],
[0,0],
[0,0],
[0,0],
[-5,-22],
[20,-13],
[0,0],
[0,0],
[0,0],
[0,0],
[0,0],
[0,0],
[0,0],
[0,0],
[0,0],
[0,0],
[0,0],
[0,0],
[0,0],
[0,0],
[0,0],
[0,0],
[0,0],
[0,0],
[0,0],
[0,0],
[0,0],
[0,0],
[0,0],
[0,0],
[0,0],
[0,0],
[0,0],
[0,0],
[0,0],
[0,0],
[0,0],
[0,0],
[0,0],
[0,0],
[0,0],
[0,0],
[0,0],
[0,0],
[0,0],
[0,0],
[0,0],
[0,0],
[0,0],
[0,0],
[0,0],
[0,0],
[0,0],
[0,0],
[0,0],
[0,0],
[0,0],
[0,0],
[0,0],
[0,0],
[0,0],
[0,0],
[0,0],
[0,0],
[0,0],
[0,0],
[0,0],
[0,0],
[0,0],
[0,0],
[0,0],
[0,0],
[0,0],
[0,0],
[0,0],
[0,0],
[0,0],
[0,0],
[0,0],
[0,0],
[0,0],
[0,0],
[0,0],
[0,0],
[0,0],
[0,0],
[0,0],
[0,0],
[0,0],
[0,0],
[0,0],
[0,0],
[0,0],
[0,0],
[0,0],
[0,0],
[0,0],
[0,0],
[0,0],
[0,0],
[0,0],
[0,0],
[0,0],
[0,0],
[0,0],
[0,0],
[0,0],
[0,0],
[0,0],
[0,0],
[0,0],
[0,0],
[0,0],
[0,0],
[0,0],
[0,0],
[-61,-3],
[-21,-36],
[0,-29],
[0,0],
[0,0],
[0,0],
[0,0],
[0,0],
[0,0],
[0,0],
[0,0],
[0,0],
[0,0],
[0,0],
[-13,-105],
[127,-27],
[62,118],
[0,0],
[0,0],
[0,0],
[0,0],
[0,0],
[0,0],
[0,0],
[0,0],
[0,0],
[0,0],
[0,0],
[81,-6],
[23,176],
[-89,42],
[0,0],
[0,0],
[0,0],
[0,0],
[0,0],
[0,0],
[0,0],
[0,0],
[0,0],
[0,0],
[0,0],
[-23,59],
[-117,112],
[-56,25],
[0,0],
[0,0],
[0,0],
[0,0],
[0,0],
[0,0],
[0,0],
[0,0],
[0,0],
[0,0],
[0,0],
[-26,11],
[-49,53],
[-3,-22],
[0,0],
[0,0],
[0,0],
[0,0],
[0,0],
[0,0],
[0,0],
[0,0],
[0,0],
[0,0],
[0,0],
[-12,-15],
[-29,-26],
[20,-13],
[0,0],
[0,0],
[0,0],
[0,0],
[0,0],
[0,0],
[0,0],
[0,0],
[0,0],
[0,0],
[0,0],
[-5,-22],
[20,-13],
[0,0],
[0,0],
[0,0],
[0,0],
[0,0],
[0,0],
[0,0],
[0,0],
[0,0],
[0,0],
[0,0],
[0,0],
[0,0],
[0,0],
[0,0],
[0,0],
[0,0],
[0,0],
[0,0],
[0,0],
[0,0],
[0,0],
[0,0],
[0,0],
[0,0],
[0,0],
[0,0],
[0,0],
[0,0],
[0,0],
[0,0],
[0,0],
[0,0],
[0,0],
[0,0],
[0,0],
[0,0],
[0,0],
[0,0],
[0,0],
[0,0],
[0,0],
[0,0],
[0,0],
[0,0],
[0,0],
[0,0],
[0,0],
[0,0],
[0,0],
[0,0],
[0,0],
[0,0],
[0,0],
[0,0],
[0,0],
[0,0],
[0,0],
[0,0],
[0,0],
[0,0],
[0,0],
[0,0],
[0,0],
[0,0],
[0,0],
[0,0],
[0,0],
[0,0],
[0,0],
[0,0],
[0,0],
[0,0],
[0,0],
[0,0],
[0,0],
[0,0],
[0,0],
[0,0],
[0,0],
[0,0],
[0,0],
[0,0],
[0,0],
[0,0],
[0,0],
[0,0],
[0,0],
[0,0],
[0,0],
[0,0],
[0,0],
[0,0],
[0,0],
[0,0],
[0,0],
[0,0],
[0,0],
[0,0],
[0,0],
[0,0],
[0,0],
[0,0],
[0,0],
[0,0],
[0,0],
[0,0],
[0,0],
[0,0],
[0,0],
[-61,-3],
[-21,-36],
[0,-29],
[0,0],
[0,0],
[0,0],
[0,0],
[0,0],
[0,0],
[0,0],
[0,0],
[0,0],
[0,0],
[0,0],
[-13,-105],
[127,-27],
[62,118],
[0,0],
[0,0],
[0,0],
[0,0],
[0,0],
[0,0],
[0,0],
[0,0],
[0,0],
[0,0],
[0,0],
[81,-6],
[23,176],
[-89,42],
[0,0],
[0,0],
[0,0],
[0,0],
[0,0],
[0,0],
[0,0],
[0,0],
[0,0],
[0,0],
[0,0],
[-23,59],
[-117,112],
[-56,25],
[0,0],
[0,0],
[0,0],
[0,0],
[0,0],
[0,0],
[0,0],
[0,0],
[0,0],
[0,0],
[0,0],
[-26,11],
[-49,53],
[-3,-22],
[0,0],
[0,0],
[0,0],
[0,0],
[0,0],
[0,0],
[0,0],
[0,0],
[0,0],
[0,0],
[0,0],
[-12,-15],
[-29,-26],
[20,-13],
[0,0],
[0,0],
[0,0],
[0,0],
[0,0],
[0,0],
[0,0],
[0,0],
[0,0],
[0,0],
[0,0],
[-5,-22],
[20,-13],
[0,0],
[0,0],
[0,0],
[0,0],
[0,0],
[0,0],
[0,0],
[0,0],
[0,0],
[0,0],
[0,0],
[0,0],
[0,0],
[0,0],
[0,0],
[0,0],
[0,0],
[0,0],
[0,0],
[0,0],
[0,0],
[0,0],
[0,0],
[0,0],
[0,0],
[0,0],
[0,0],
[0,0],
[0,0],
[0,0],
[0,0],
[0,0],
[0,0],
[0,0],
[0,0],
[0,0],
[0,0],
[0,0],
[0,0],
[0,0],
[0,0],
[0,0],
[0,0],
[0,0],
[0,0],
[0,0],
[0,0],
[0,0],
[0,0],
[0,0],
[0,0],
[0,0],
[0,0],
[0,0],
[0,0],
[0,0],
[0,0],
[0,0],
[0,0],
[0,0],
[0,0],
[0,0],
[0,0],
[0,0],
[0,0],
[0,0],
[0,0],
[0,0],
[0,0],
[0,0],
[0,0],
[0,0],
[0,0],
[0,0],
[0,0],
[0,0],
[0,0],
[0,0],
[0,0],
[0,0],
[0,0],
[0,0],
[0,0],
[0,0],
[0,0],
[0,0],
[0,0],
[0,0],
[0,0],
[0,0],
[0,0],
[0,0],
[0,0],
[0,0],
[0,0],
[0,0],
[0,0],
[0,0],
[0,0],
[0,0],
[0,0],
[0,0],
[0,0],
[0,0],
[0,0],
[0,0],
[0,0],
[0,0],
[0,0],
[0,0],
[-70,-30],
[-24,-29],
[-8,-30],
[0,0],
[0,0],
[0,0],
[0,0],
[0,0],
[0,0],
[0,0],
[0,0],
[0,0],
[0,0],
[0,0],
[-25,-137],
[98,-18],
[34,132],
[0,0],
[0,0],
[0,0],
[0,0],
[0,0],
[0,0],
[0,0],
[0,0],
[0,0],
[0,0],
[0,0],
[57,-58],
[-10,222],
[-115,68],
[0,0],
[0,0],
[0,0],
[0,0],
[0,0],
[0,0],
[0,0],
[0,0],
[0,0],
[0,0],
[0,0],
[-31,29],
[-148,170],
[-82,51],
[0,0],
[0,0],
[0,0],
[0,0],
[0,0],
[0,0],
[0,0],
[0,0],
[0,0],
[0,0],
[0,0],
[-25,8],
[-77,104],
[-21,5],
[0,0],
[0,0],
[0,0],
[0,0],
[0,0],
[0,0],
[0,0],
[0,0],
[0,0],
[0,0],
[0,0],
[-8,-13],
[-31,23],
[22,-1],
[0,0],
[0,0],
[0,0],
[0,0],
[0,0],
[0,0],
[0,0],
[0,0],
[0,0],
[0,0],
[0,0],
[11,0],
[22,-1],
[0,0],
[0,0],
[0,0],
[0,0],
[0,0],
[0,0],
[0,0],
[0,0],
[0,0],
[0,0],
[0,0],
[0,0],
[0,0],
[0,0],
[0,0],
[0,0],
[0,0],
[0,0],
[0,0],
[0,0],
[0,0],
[0,0],
[0,0],
[0,0],
[0,0],
[0,0],
[0,0],
[0,0],
[0,0],
[0,0],
[0,0],
[0,0],
[0,0],
[0,0],
[0,0],
[0,0],
[0,0],
[0,0],
[0,0],
[0,0],
[0,0],
[0,0],
[0,0],
[0,0],
[0,0],
[0,0],
[0,0],
[0,0],
[0,0],
[0,0],
[0,0],
[0,0],
[0,0],
[0,0],
[0,0],
[0,0],
[0,0],
[0,0],
[0,0],
[0,0],
[0,0],
[0,0],
[0,0],
[0,0],
[0,0],
[0,0],
[0,0],
[0,0],
[0,0],
[0,0],
[0,0],
[0,0],
[0,0],
[0,0],
[0,0],
[0,0],
[0,0],
[0,0],
[0,0],
[0,0],
[0,0],
[0,0],
[0,0],
[0,0],
[0,0],
[0,0],
[0,0],
[0,0],
[0,0],
[0,0],
[0,0],
[0,0],
[0,0],
[0,0],
[0,0],
[0,0],
[0,0],
[0,0],
[0,0],
[0,0],
[0,0],
[0,0],
[0,0],
[0,0],
[0,0],
[0,0],
[0,0],
[0,0],
[0,0],
[0,0],
[-99,-75],
[-52,-23],
[-17,-18],
[0,0],
[0,0],
[0,0],
[0,0],
[0,0],
[0,0],
[0,0],
[0,0],
[0,0],
[0,0],
[0,0],
[-78,-202],
[21,-43],
[74,161],
[0,0],
[0,0],
[0,0],
[0,0],
[0,0],
[0,0],
[0,0],
[0,0],
[0,0],
[0,0],
[0,0],
[-50,-217],
[-43,172],
[-103,57],
[0,0],
[0,0],
[0,0],
[0,0],
[0,0],
[0,0],
[0,0],
[0,0],
[0,0],
[0,0],
[0,0],
[-147,-146],
[-169,123],
[-119,23],
[0,0],
[0,0],
[0,0],
[0,0],
[0,0],
[0,0],
[0,0],
[0,0],
[0,0],
[0,0],
[0,0],
[-58,-28],
[-114,76],
[-21,5],
[0,0],
[0,0],
[0,0],
[0,0],
[0,0],
[0,0],
[0,0],
[0,0],
[0,0],
[0,0],
[0,0],
[-8,-13],
[-31,23],
[22,-1],
[0,0],
[0,0],
[0,0],
[0,0],
[0,0],
[0,0],
[0,0],
[0,0],
[0,0],
[0,0],
[0,0],
[11,0],
[22,-1],
[0,0],
[0,0],
[0,0],
[0,0],
[0,0],
[0,0],
[0,0],
[0,0],
[0,0],
[0,0],
[0,0],
[0,0],
[0,0],
[0,0],
[0,0],
[0,0],
[0,0],
[0,0],
[0,0],
[0,0],
[0,0],
[0,0],
[0,0],
[0,0],
[0,0],
[0,0],
[0,0],
[0,0],
[0,0],
[0,0],
[0,0],
[0,0],
[0,0],
[0,0],
[0,0],
[0,0],
[0,0],
[0,0],
[0,0],
[0,0],
[0,0],
[0,0],
[0,0],
[0,0],
[0,0],
[0,0],
[0,0],
[0,0],
[0,0],
[0,0],
[0,0],
[0,0],
[0,0],
[0,0],
[0,0],
[0,0],
[0,0],
[0,0],
[0,0],
[0,0],
[0,0],
[0,0],
[0,0],
[0,0],
[0,0],
[0,0],
[0,0],
[0,0],
[0,0],
[0,0],
[0,0],
[0,0],
[0,0],
[0,0],
[0,0],
[0,0],
[0,0],
[0,0],
[0,0],
[0,0],
[0,0],
[0,0],
[0,0],
[0,0],
[0,0],
[0,0],
[0,0],
[0,0],
[0,0],
[0,0],
[0,0],
[0,0],
[0,0],
[0,0],
[0,0],
[0,0],
[0,0],
[0,0],
[0,0],
[0,0],
[0,0],
[0,0],
[0,0],
[0,0],
[0,0],
[0,0],
[0,0],
[0,0],
[0,0],
[0,0],
[-122,-107],
[-64,-19],
[-54,-14],
[0,0],
[0,0],
[0,0],
[0,0],
[0,0],
[0,0],
[0,0],
[0,0],
[0,0],
[0,0],
[0,0],
[-103,-227],
[5,-48],
[105,174],
[0,0],
[0,0],
[0,0],
[0,0],
[0,0],
[0,0],
[0,0],
[0,0],
[0,0],
[0,0],
[0,0],
[-49,-233],
[5,184],
[-103,47],
[0,0],
[0,0],
[0,0],
[0,0],
[0,0],
[0,0],
[0,0],
[0,0],
[0,0],
[0,0],
[0,0],
[-153,-179],
[-181,117],
[-156,27],
[0,0],
[0,0],
[0,0],
[0,0],
[0,0],
[0,0],
[0,0],
[0,0],
[0,0],
[0,0],
[0,0],
[-83,-53],
[-130,71],
[10,18],
[0,0],
[0,0],
[0,0],
[0,0],
[0,0],
[0,0],
[0,0],
[0,0],
[0,0],
[0,0],
[0,0],
[-7,-29],
[17,35],
[22,-11],
[0,0],
[0,0],
[0,0],
[0,0],
[0,0],
[0,0],
[0,0],
[0,0],
[0,0],
[0,0],
[0,0],
[28,-1],
[22,-11],
[0,0],
[0,0],
[0,0],
[0,0],
[0,0],
[0,0],
[0,0],
[0,0],
[0,0],
[0,0],
[0,0],
[0,0],
[0,0],
[0,0],
[0,0],
[0,0],
[0,0],
[0,0],
[0,0],
[0,0],
[0,0],
[0,0],
[0,0],
[0,0],
[0,0],
[0,0],
[0,0],
[0,0],
[0,0],
[0,0],
[0,0],
[0,0],
[0,0],
[0,0],
[0,0],
[0,0],
[0,0],
[0,0],
[0,0],
[0,0],
[0,0],
[0,0],
[0,0],
[0,0],
[0,0],
[0,0],
[0,0],
[0,0],
[0,0],
[0,0],
[0,0],
[0,0],
[0,0],
[0,0],
[0,0],
[0,0],
[0,0],
[0,0],
[0,0],
[0,0],
[0,0],
[0,0],
[0,0],
[0,0],
[0,0],
[0,0],
[0,0],
[0,0],
[0,0],
[0,0],
[0,0],
[0,0],
[0,0],
[0,0],
[0,0],
[0,0],
[0,0],
[0,0],
[0,0],
[0,0],
[0,0],
[0,0],
[0,0],
[0,0],
[0,0],
[0,0],
[0,0],
[0,0],
[0,0],
[0,0],
[0,0],
[0,0],
[0,0],
[0,0],
[0,0],
[0,0],
[0,0],
[0,0],
[0,0],
[0,0],
[0,0],
[0,0],
[0,0],
[0,0],
[0,0],
[0,0],
[0,0],
[0,0],
[0,0],
[0,0],
[-122,-107],
[-64,-19],
[-54,-14],
[0,0],
[0,0],
[0,0],
[0,0],
[0,0],
[0,0],
[0,0],
[0,0],
[0,0],
[0,0],
[0,0],
[-103,-227],
[5,-48],
[105,174],
[0,0],
[0,0],
[0,0],
[0,0],
[0,0],
[0,0],
[0,0],
[0,0],
[0,0],
[0,0],
[0,0],
[-26,-244],
[0,189],
[-131,38],
[0,0],
[0,0],
[0,0],
[0,0],
[0,0],
[0,0],
[0,0],
[0,0],
[0,0],
[0,0],
[0,0],
[-128,-206],
[-217,119],
[-201,24],
[0,0],
[0,0],
[0,0],
[0,0],
[0,0],
[0,0],
[0,0],
[0,0],
[0,0],
[0,0],
[0,0],
[-99,-64],
[-164,99],
[18,15],
[0,0],
[0,0],
[0,0],
[0,0],
[0,0],
[0,0],
[0,0],
[0,0],
[0,0],
[0,0],
[0,0],
[-11,1],
[39,57],
[47,-20],
[0,0],
[0,0],
[0,0],
[0,0],
[0,0],
[0,0],
[0,0],
[0,0],
[0,0],
[0,0],
[0,0],
[42,24],
[47,-20],
[0,0],
[0,0],
[0,0],
[0,0],
[0,0],
[0,0],
[0,0],
[0,0],
[0,0],
[0,0],
[0,0],
[0,0],
[0,0],
[0,0],
[0,0],
[0,0],
[0,0],
[0,0],
[0,0],
[0,0],
[0,0],
[0,0],
[0,0],
[0,0],
[0,0],
[0,0],
[0,0],
[0,0],
[0,0],
[0,0],
[0,0],
[0,0],
[0,0],
[0,0],
[0,0],
[0,0],
[0,0],
[0,0],
[0,0],
[0,0],
[0,0],
[0,0],
[0,0],
[0,0],
[0,0],
[0,0],
[0,0],
[0,0],
[0,0],
[0,0],
[0,0],
[0,0],
[0,0],
[0,0],
[0,0],
[0,0],
[0,0],
[0,0],
[0,0],
[0,0],
[0,0],
[0,0],
[0,0],
[0,0],
[0,0],
[0,0],
[0,0],
[0,0],
[0,0],
[0,0],
[0,0],
[0,0],
[0,0],
[0,0],
[0,0],
[0,0],
[0,0],
[0,0],
[0,0],
[0,0],
[0,0],
[0,0],
[0,0],
[0,0],
[0,0],
[0,0],
[0,0],
[0,0],
[0,0],
[0,0],
[0,0],
[0,0],
[0,0],
[0,0],
[0,0],
[0,0],
[0,0],
[0,0],
[0,0],
[0,0],
[0,0],
[0,0],
[0,0],
[0,0],
[0,0],
[0,0],
[0,0],
[0,0],
[0,0],
[0,0],
[-122,-107],
[-64,-19],
[-54,-14],
[0,0],
[0,0],
[0,0],
[0,0],
[0,0],
[0,0],
[0,0],
[0,0],
[0,0],
[0,0],
[0,0],
[-103,-227],
[5,-48],
[105,174],
[0,0],
[0,0],
[0,0],
[0,0],
[0,0],
[0,0],
[0,0],
[0,0],
[0,0],
[0,0],
[0,0],
[-26,-244],
[0,189],
[-131,38],
[0,0],
[0,0],
[0,0],
[0,0],
[0,0],
[0,0],
[0,0],
[0,0],
[0,0],
[0,0],
[0,0],
[-128,-206],
[-217,119],
[-201,24],
[0,0],
[0,0],
[0,0],
[0,0],
[0,0],
[0,0],
[0,0],
[0,0],
[0,0],
[0,0],
[0,0],
[-99,-64],
[-164,99],
[18,15],
[0,0],
[0,0],
[0,0],
[0,0],
[0,0],
[0,0],
[0,0],
[0,0],
[0,0],
[0,0],
[0,0],
[-11,1],
[39,57],
[47,-20],
[0,0],
[0,0],
[0,0],
[0,0],
[0,0],
[0,0],
[0,0],
[0,0],
[0,0],
[0,0],
[0,0],
[42,24],
[47,-20],
[0,0],
[0,0],
[0,0],
[0,0],
[0,0],
[0,0],
[0,0],
[0,0],
[0,0],
[0,0],
[0,0],
[0,0],
[0,0],
[0,0],
[0,0],
[0,0],
[0,0],
[0,0],
[0,0],
[0,0],
[0,0],
[0,0],
[0,0],
[0,0],
[0,0],
[0,0],
[0,0],
[0,0],
[0,0],
[0,0],
[0,0],
[0,0],
[0,0],
[0,0],
[0,0],
[0,0],
[0,0],
[0,0],
[0,0],
[0,0],
[0,0],
[0,0],
[0,0],
[0,0],
[0,0],
[0,0],
[0,0],
[0,0],
[0,0],
[0,0],
[0,0],
[0,0],
[0,0],
[0,0],
[0,0],
[0,0],
[0,0],
[0,0],
[0,0],
[0,0],
[0,0],
[0,0],
[0,0],
[0,0],
[0,0],
[0,0],
[0,0],
[0,0],
[0,0],
[0,0],
[0,0],
[0,0],
[0,0],
[0,0],
[0,0],
[0,0],
[0,0],
[0,0],
[0,0],
[0,0],
[0,0],
[0,0],
[0,0],
[0,0],
[0,0],
[0,0],
[0,0],
[0,0],
[0,0],
[0,0],
[0,0],
[0,0],
[0,0],
[0,0],
[0,0],
[0,0],
[0,0],
[0,0],
[0,0],
[0,0],
[0,0],
[0,0],
[0,0],
[0,0],
[0,0],
[0,0],
[0,0],
[0,0],
[0,0],
[0,0],
[-122,-107],
[-64,-19],
[-54,-14],
[0,0],
[0,0],
[0,0],
[0,0],
[0,0],
[0,0],
[0,0],
[0,0],
[0,0],
[0,0],
[0,0],
[-74,-208],
[43,1],
[120,192],
[0,0],
[0,0],
[0,0],
[0,0],
[0,0],
[0,0],
[0,0],
[0,0],
[0,0],
[0,0],
[0,0],
[-3,-210],
[9,246],
[-152,54],
[0,0],
[0,0],
[0,0],
[0,0],
[0,0],
[0,0],
[0,0],
[0,0],
[0,0],
[0,0],
[0,0],
[-97,-227],
[-238,116],
[-218,19],
[0,0],
[0,0],
[0,0],
[0,0],
[0,0],
[0,0],
[0,0],
[0,0],
[0,0],
[0,0],
[0,0],
[-82,-78],
[-181,94],
[18,15],
[0,0],
[0,0],
[0,0],
[0,0],
[0,0],
[0,0],
[0,0],
[0,0],
[0,0],
[0,0],
[0,0],
[-11,1],
[39,57],
[47,-20],
[0,0],
[0,0],
[0,0],
[0,0],
[0,0],
[0,0],
[0,0],
[0,0],
[0,0],
[0,0],
[0,0],
[42,24],
[47,-20],
[0,0],
[0,0],
[0,0],
[0,0],
[0,0],
[0,0],
[0,0],
[0,0],
[0,0],
[0,0],
[0,0],
[0,0],
[0,0],
[0,0],
[0,0],
[0,0],
[0,0],
[0,0],
[0,0],
[0,0],
[0,0],
[0,0],
[0,0],
[0,0],
[0,0],
[0,0],
[0,0],
[0,0],
[0,0],
[0,0],
[0,0],
[0,0],
[0,0],
[0,0],
[0,0],
[0,0],
[0,0],
[0,0],
[0,0],
[0,0],
[0,0],
[0,0],
[0,0],
[0,0],
[0,0],
[0,0],
[0,0],
[0,0],
[0,0],
[0,0],
[0,0],
[0,0],
[0,0],
[0,0],
[0,0],
[0,0],
[0,0],
[0,0],
[0,0],
[0,0],
[0,0],
[0,0],
[0,0],
[0,0],
[0,0],
[0,0],
[0,0],
[0,0],
[0,0],
[0,0],
[0,0],
[0,0],
[0,0],
[0,0],
[0,0],
[0,0],
[0,0],
[0,0],
[0,0],
[0,0],
[0,0],
[0,0],
[0,0],
[0,0],
[0,0],
[0,0],
[0,0],
[0,0],
[0,0],
[0,0],
[0,0],
[0,0],
[0,0],
[0,0],
[0,0],
[0,0],
[0,0],
[0,0],
[0,0],
[0,0],
[0,0],
[0,0],
[0,0],
[0,0],
[0,0],
[0,0],
[0,0],
[0,0],
[0,0],
[0,0],
[-122,-107],
[-64,-19],
[-54,-14],
[0,0],
[0,0],
[0,0],
[0,0],
[0,0],
[0,0],
[0,0],
[0,0],
[0,0],
[0,0],
[0,0],
[-74,-208],
[43,1],
[120,192],
[0,0],
[0,0],
[0,0],
[0,0],
[0,0],
[0,0],
[0,0],
[0,0],
[0,0],
[0,0],
[0,0],
[-3,-210],
[9,246],
[-152,54],
[0,0],
[0,0],
[0,0],
[0,0],
[0,0],
[0,0],
[0,0],
[0,0],
[0,0],
[0,0],
[0,0],
[-97,-227],
[-238,116],
[-218,19],
[0,0],
[0,0],
[0,0],
[0,0],
[0,0],
[0,0],
[0,0],
[0,0],
[0,0],
[0,0],
[0,0],
[-82,-78],
[-181,94],
[18,15],
[0,0],
[0,0],
[0,0],
[0,0],
[0,0],
[0,0],
[0,0],
[0,0],
[0,0],
[0,0],
[0,0],
[-11,1],
[39,57],
[47,-20],
[0,0],
[0,0],
[0,0],
[0,0],
[0,0],
[0,0],
[0,0],
[0,0],
[0,0],
[0,0],
[0,0],
[42,24],
[47,-20],
[0,0],
[0,0],
[0,0],
[0,0],
[0,0],
[0,0],
[0,0],
[0,0],
[0,0],
[0,0],
[0,0],
[0,0],
[0,0],
[0,0],
[0,0],
[0,0],
[0,0],
[0,0],
[0,0],
[0,0],
[0,0],
[0,0],
[0,0],
[0,0],
[0,0],
[0,0],
[0,0],
[0,0],
[0,0],
[0,0],
[0,0],
[0,0],
[0,0],
[0,0],
[0,0],
[0,0],
[0,0],
[0,0],
[0,0],
[0,0],
[0,0],
[0,0],
[0,0],
[0,0],
[0,0],
[0,0],
[0,0],
[0,0],
[0,0],
[0,0],
[0,0],
[0,0],
[0,0],
[0,0],
[0,0],
[0,0],
[0,0],
[0,0],
[0,0],
[0,0],
[0,0],
[0,0],
[0,0],
[0,0],
[0,0],
[0,0],
[0,0],
[0,0],
[0,0],
[0,0],
[0,0],
[0,0],
[0,0],
[0,0],
[0,0],
[0,0],
[0,0],
[0,0],
[0,0],
[0,0],
[0,0],
[0,0],
[0,0],
[0,0],
[0,0],
[0,0],
[0,0],
[0,0],
[0,0],
[0,0],
[0,0],
[0,0],
[0,0],
[0,0],
[0,0],
[0,0],
[0,0],
[0,0],
[0,0],
[0,0],
[0,0],
[0,0],
[0,0],
[0,0],
[0,0],
[0,0],
[0,0],
[0,0],
[0,0],
[0,0],
[-122,-107],
[-64,-19],
[-54,-14],
[0,0],
[0,0],
[0,0],
[0,0],
[0,0],
[0,0],
[0,0],
[0,0],
[0,0],
[0,0],
[0,0],
[-74,-208],
[43,1],
[120,192],
[0,0],
[0,0],
[0,0],
[0,0],
[0,0],
[0,0],
[0,0],
[0,0],
[0,0],
[0,0],
[0,0],
[-3,-210],
[9,246],
[-152,54],
[0,0],
[0,0],
[0,0],
[0,0],
[0,0],
[0,0],
[0,0],
[0,0],
[0,0],
[0,0],
[0,0],
[-97,-227],
[-238,116],
[-218,19],
[0,0],
[0,0],
[0,0],
[0,0],
[0,0],
[0,0],
[0,0],
[0,0],
[0,0],
[0,0],
[0,0],
[-82,-78],
[-181,94],
[18,15],
[0,0],
[0,0],
[0,0],
[0,0],
[0,0],
[0,0],
[0,0],
[0,0],
[0,0],
[0,0],
[0,0],
[-11,1],
[39,57],
[47,-20],
[0,0],
[0,0],
[0,0],
[0,0],
[0,0],
[0,0],
[0,0],
[0,0],
[0,0],
[0,0],
[0,0],
[42,24],
[47,-20],
[0,0],
[0,0],
[0,0],
[0,0],
[0,0],
[0,0],
[0,0],
[0,0],
[0,0],
[0,0],
[0,0],
[0,0],
[0,0],
[0,0],
[0,0],
[0,0],
[0,0],
[0,0],
[0,0],
[0,0],
[0,0],
[0,0],
[0,0],
[0,0],
[0,0],
[0,0],
[0,0],
[0,0],
[0,0],
[0,0],
[0,0],
[0,0],
[0,0],
[0,0],
[0,0],
[0,0],
[0,0],
[0,0],
[0,0],
[0,0],
[0,0],
[0,0],
[0,0],
[0,0],
[0,0],
[0,0],
[0,0],
[0,0],
[0,0],
[0,0],
[0,0],
[0,0],
[0,0],
[0,0],
[0,0],
[0,0],
[0,0],
[0,0],
[0,0],
[0,0],
[0,0],
[0,0],
[0,0],
[0,0],
[0,0],
[0,0],
[0,0],
[0,0],
[0,0],
[0,0],
[0,0],
[0,0],
[0,0],
[0,0],
[0,0],
[0,0],
[0,0],
[0,0],
[0,0],
[0,0],
[0,0],
[0,0],
[0,0],
[0,0],
[0,0],
[0,0],
[0,0],
[0,0],
[0,0],
[0,0],
[0,0],
[0,0],
[0,0],
[0,0],
[0,0],
[0,0],
[0,0],
[0,0],
[0,0],
[0,0],
[0,0],
[0,0],
[0,0],
[0,0],
[0,0],
[0,0],
[0,0],
[0,0],
[0,0],
[0,0],
[0,0],
[0,0],
[0,0],
[0,0],
[0,0],
[0,0],
[0,0],
[0,0],
[0,0],
[0,0],
[0,0],
[0,0],
[0,0],
[0,0],
[-81,45],
[-26,-23],
[-32,29],
[0,0],
[0,0],
[0,0],
[0,0],
[0,0],
[0,0],
[0,0],
[0,0],
[0,0],
[0,0],
[0,0],
[-63,-3],
[-53,9],
[4,65],
[0,0],
[0,0],
[0,0],
[0,0],
[0,0],
[0,0],
[0,0],
[0,0],
[0,0],
[0,0],
[0,0],
[-68,14],
[-1,122],
[83,24],
[0,0],
[0,0],
[0,0],
[0,0],
[0,0],
[0,0],
[0,0],
[0,0],
[0,0],
[0,0],
[0,0],
[-5,57],
[83,24],
[0,0],
[0,0],
[0,0],
[0,0],
[0,0],
[0,0],
[0,0],
[0,0],
[0,0],
[0,0],
[0,0],
[0,0],
[0,0],
[0,0],
[0,0],
[0,0],
[0,0],
[0,0],
[0,0],
[0,0],
[0,0],
[0,0],
[0,0],
[0,0],
[0,0],
[0,0],
[0,0],
[0,0],
[0,0],
[0,0],
[0,0],
[0,0],
[0,0],
[0,0],
[0,0],
[0,0],
[0,0],
[0,0],
[0,0],
[0,0],
[0,0],
[0,0],
[0,0],
[0,0],
[0,0],
[0,0],
[0,0],
[0,0],
[0,0],
[0,0],
[0,0],
[0,0],
[0,0],
[0,0],
[0,0],
[0,0],
[0,0],
[0,0],
[0,0],
[0,0],
[0,0],
[0,0],
[0,0],
[0,0],
[0,0],
[0,0],
[0,0],
[0,0],
[0,0],
[0,0],
[0,0],
[0,0],
[0,0],
[0,0],
[0,0],
[0,0],
[0,0],
[0,0],
[0,0],
[0,0],
[0,0],
[0,0],
[0,0],
[0,0],
[0,0],
[0,0],
[0,0],
[0,0],
[0,0],
[0,0],
[0,0],
[0,0],
[0,0],
[0,0],
[0,0],
[0,0],
[0,0],
[0,0],
[0,0],
[0,0],
[0,0],
[0,0],
[0,0],
[0,0],
[0,0],
[0,0],
[0,0],
[0,0],
[0,0],
[0,0],
[0,0],
[0,0],
[0,0],
[0,0],
[0,0],
[0,0],
[0,0],
[0,0],
[0,0],
[0,0],
[0,0],
[0,0],
[0,0],
[0,0],
[0,0],
[0,0],
[0,0],
[0,0],
[0,0],
[0,0],
[0,0],
[0,0],
[0,0],
[0,0],
[0,0],
[0,0],
[0,0],
[0,0],
[0,0],
[0,0],
[0,0],
[0,0],
[0,0],
[0,0],
[0,0],
[0,0],
[0,0],
[0,0],
[0,0],
[0,0],
[0,0],
[0,0],
[-81,45],
[-26,-23],
[-32,29],
[0,0],
[0,0],
[0,0],
[0,0],
[0,0],
[0,0],
[0,0],
[0,0],
[0,0],
[0,0],
[0,0],
[-63,-3],
[-53,9],
[4,65],
[0,0],
[0,0],
[0,0],
[0,0],
[0,0],
[0,0],
[0,0],
[0,0],
[0,0],
[0,0],
[0,0],
[-68,14],
[-1,122],
[83,24],
[0,0],
[0,0],
[0,0],
[0,0],
[0,0],
[0,0],
[0,0],
[0,0],
[0,0],
[0,0],
[0,0],
[-5,57],
[83,24],
[0,0],
[0,0],
[0,0],
[0,0],
[0,0],
[0,0],
[0,0],
[0,0],
[0,0],
[0,0],
[0,0],
[0,0],
[0,0],
[0,0],
[0,0],
[0,0],
[0,0],
[0,0],
[0,0],
[0,0],
[0,0],
[0,0],
[0,0],
[0,0],
[0,0],
[0,0],
[0,0],
[0,0],
[0,0],
[0,0],
[0,0],
[0,0],
[0,0],
[0,0],
[0,0],
[0,0],
[0,0],
[0,0],
[0,0],
[0,0],
[0,0],
[0,0],
[0,0],
[0,0],
[0,0],
[0,0],
[0,0],
[0,0],
[0,0],
[0,0],
[0,0],
[0,0],
[0,0],
[0,0],
[0,0],
[0,0],
[0,0],
[0,0],
[0,0],
[0,0],
[0,0],
[0,0],
[0,0],
[0,0],
[0,0],
[0,0],
[0,0],
[0,0],
[0,0],
[0,0],
[0,0],
[0,0],
[0,0],
[0,0],
[0,0],
[0,0],
[0,0],
[0,0],
[0,0],
[0,0],
[0,0],
[0,0],
[0,0],
[0,0],
[0,0],
[0,0],
[0,0],
[0,0],
[0,0],
[0,0],
[0,0],
[0,0],
[0,0],
[0,0],
[0,0],
[0,0],
[0,0],
[0,0],
[0,0],
[0,0],
[0,0],
[0,0],
[0,0],
[0,0],
[0,0],
[0,0],
[0,0],
[0,0],
[0,0],
[0,0],
[0,0],
[0,0],
[0,0],
[0,0],
[0,0],
[0,0],
[0,0],
[0,0],
[0,0],
[0,0],
[0,0],
[0,0],
[0,0],
[0,0],
[0,0],
[0,0],
[0,0],
[0,0],
[0,0],
[0,0],
[0,0],
[0,0],
[0,0],
[0,0],
[0,0],
[0,0],
[0,0],
[0,0],
[-10,-26],
[26,-13],
[25,-14],
[0,0],
[0,0],
[0,0],
[0,0],
[0,0],
[0,0],
[0,0],
[0,0],
[0,0],
[0,0],
[0,0],
[-74,20],
[-4,-61],
[-5,29],
[0,0],
[0,0],
[0,0],
[0,0],
[0,0],
[0,0],
[0,0],
[0,0],
[0,0],
[0,0],
[0,0],
[-100,14],
[-73,-4],
[17,81],
[0,0],
[0,0],
[0,0],
[0,0],
[0,0],
[0,0],
[0,0],
[0,0],
[0,0],
[0,0],
[0,0],
[-140,28],
[-6,136],
[94,26],
[0,0],
[0,0],
[0,0],
[0,0],
[0,0],
[0,0],
[0,0],
[0,0],
[0,0],
[0,0],
[0,0],
[-23,55],
[94,26],
[0,0],
[0,0],
[0,0],
[0,0],
[0,0],
[0,0],
[0,0],
[0,0],
[0,0],
[0,0],
[0,0],
[0,0],
[0,0],
[0,0],
[0,0],
[0,0],
[0,0],
[0,0],
[0,0],
[0,0],
[0,0],
[0,0],
[0,0],
[0,0],
[0,0],
[0,0],
[0,0],
[0,0],
[0,0],
[0,0],
[0,0],
[0,0],
[0,0],
[0,0],
[0,0],
[0,0],
[0,0],
[0,0],
[0,0],
[0,0],
[0,0],
[0,0],
[0,0],
[0,0],
[0,0],
[0,0],
[0,0],
[0,0],
[0,0],
[0,0],
[0,0],
[0,0],
[0,0],
[0,0],
[0,0],
[0,0],
[0,0],
[0,0],
[0,0],
[0,0],
[0,0],
[0,0],
[0,0],
[0,0],
[0,0],
[0,0],
[0,0],
[0,0],
[0,0],
[0,0],
[0,0],
[0,0],
[0,0],
[0,0],
[0,0],
[0,0],
[0,0],
[0,0],
[0,0],
[0,0],
[0,0],
[0,0],
[0,0],
[0,0],
[0,0],
[0,0],
[0,0],
[0,0],
[0,0],
[0,0],
[0,0],
[0,0],
[0,0],
[0,0],
[0,0],
[0,0],
[0,0],
[0,0],
[0,0],
[0,0],
[0,0],
[0,0],
[0,0],
[0,0],
[0,0],
[0,0],
[0,0],
[0,0],
[0,0],
[0,0],
[0,0],
[0,0],
[0,0],
[0,0],
[0,0],
[0,0],
[0,0],
[0,0],
[0,0],
[0,0],
[0,0],
[0,0],
[0,0],
[0,0],
[0,0],
[0,0],
[0,0],
[0,0],
[0,0],
[0,0],
[0,0],
[0,0],
[0,0],
[0,0],
[0,0],
[0,0],
[0,0],
[0,0],
[-10,-26],
[26,-13],
[25,-14],
[0,0],
[0,0],
[0,0],
[0,0],
[0,0],
[0,0],
[0,0],
[0,0],
[0,0],
[0,0],
[0,0],
[-74,20],
[-4,-61],
[-5,29],
[0,0],
[0,0],
[0,0],
[0,0],
[0,0],
[0,0],
[0,0],
[0,0],
[0,0],
[0,0],
[0,0],
[-110,11],
[-118,11],
[-69,88],
[0,0],
[0,0],
[0,0],
[0,0],
[0,0],
[0,0],
[0,0],
[0,0],
[0,0],
[0,0],
[0,0],
[-190,14],
[-146,162],
[-119,5],
[0,0],
[0,0],
[0,0],
[0,0],
[0,0],
[0,0],
[0,0],
[0,0],
[0,0],
[0,0],
[0,0],
[-75,47],
[-129,-43],
[-164,-79],
[0,0],
[0,0],
[0,0],
[0,0],
[0,0],
[0,0],
[0,0],
[0,0],
[0,0],
[0,0],
[0,0],
[-13,-49],
[-165,-131],
[-37,-51],
[0,0],
[0,0],
[0,0],
[0,0],
[0,0],
[0,0],
[0,0],
[0,0],
[0,0],
[0,0],
[0,0],
[-1,-52],
[-37,-51],
[0,0],
[0,0],
[0,0],
[0,0],
[0,0],
[0,0],
[0,0],
[0,0],
[0,0],
[0,0],
[0,0],
[0,0],
[0,0],
[0,0],
[0,0],
[0,0],
[0,0],
[0,0],
[0,0],
[0,0],
[0,0],
[0,0],
[0,0],
[0,0],
[0,0],
[0,0],
[0,0],
[0,0],
[0,0],
[0,0],
[0,0],
[0,0],
[0,0],
[0,0],
[0,0],
[0,0],
[0,0],
[0,0],
[0,0],
[0,0],
[0,0],
[0,0],
[0,0],
[0,0],
[0,0],
[0,0],
[0,0],
[0,0],
[0,0],
[0,0],
[0,0],
[0,0],
[0,0],
[0,0],
[0,0],
[0,0],
[0,0],
[0,0],
[0,0],
[0,0],
[0,0],
[0,0],
[0,0],
[0,0],
[0,0],
[0,0],
[0,0],
[0,0],
[0,0],
[0,0],
[0,0],
[0,0],
[0,0],
[0,0],
[0,0],
[0,0],
[0,0],
[0,0],
[0,0],
[0,0],
[0,0],
[0,0],
[0,0],
[0,0],
[0,0],
[0,0],
[0,0],
[0,0],
[0,0],
[0,0],
[0,0],
[0,0],
[0,0],
[0,0],
[0,0],
[0,0],
[0,0],
[0,0],
[0,0],
[0,0],
[0,0],
[0,0],
[0,0],
[0,0],
[0,0],
[0,0],
[0,0],
[0,0],
[0,0],
[0,0],
[24,-4],
[73,2],
[62,-14],
[0,0],
[0,0],
[0,0],
[0,0],
[0,0],
[0,0],
[0,0],
[0,0],
[0,0],
[0,0],
[0,0],
[-27,112],
[52,-37],
[-12,11],
[0,0],
[0,0],
[0,0],
[0,0],
[0,0],
[0,0],
[0,0],
[0,0],
[0,0],
[0,0],
[0,0],
[-118,95],
[-115,-42],
[-57,47],
[0,0],
[0,0],
[0,0],
[0,0],
[0,0],
[0,0],
[0,0],
[0,0],
[0,0],
[0,0],
[0,0],
[-192,20],
[-134,121],
[-119,5],
[0,0],
[0,0],
[0,0],
[0,0],
[0,0],
[0,0],
[0,0],
[0,0],
[0,0],
[0,0],
[0,0],
[-75,47],
[-129,-43],
[-164,-79],
[0,0],
[0,0],
[0,0],
[0,0],
[0,0],
[0,0],
[0,0],
[0,0],
[0,0],
[0,0],
[0,0],
[-13,-49],
[-165,-131],
[-37,-51],
[0,0],
[0,0],
[0,0],
[0,0],
[0,0],
[0,0],
[0,0],
[0,0],
[0,0],
[0,0],
[0,0],
[-1,-52],
[-37,-51],
[0,0],
[0,0],
[0,0],
[0,0],
[0,0],
[0,0],
[0,0],
[0,0],
[0,0],
[0,0],
[0,0],
[0,0],
[0,0],
[0,0],
[0,0],
[0,0],
[0,0],
[0,0],
[0,0],
[0,0],
[0,0],
[0,0],
[0,0],
[0,0],
[0,0],
[0,0],
[0,0],
[0,0],
[0,0],
[0,0],
[0,0],
[0,0],
[0,0],
[0,0],
[0,0],
[0,0],
[0,0],
[0,0],
[0,0],
[0,0],
[0,0],
[0,0],
[0,0],
[0,0],
[0,0],
[0,0],
[0,0],
[0,0],
[0,0],
[0,0],
[0,0],
[0,0],
[0,0],
[0,0],
[0,0],
[0,0],
[0,0],
[0,0],
[0,0],
[0,0],
[0,0],
[0,0],
[0,0],
[0,0],
[0,0],
[0,0],
[0,0],
[0,0],
[0,0],
[0,0],
[0,0],
[0,0],
[0,0],
[0,0],
[0,0],
[0,0],
[0,0],
[0,0],
[0,0],
[0,0],
[0,0],
[0,0],
[0,0],
[0,0],
[0,0],
[0,0],
[0,0],
[0,0],
[0,0],
[0,0],
[0,0],
[0,0],
[0,0],
[0,0],
[0,0],
[0,0],
[0,0],
[0,0],
[0,0],
[0,0],
[0,0],
[0,0],
[0,0],
[0,0],
[0,0],
[0,0],
[0,0],
[0,0],
[0,0],
[0,0],
[54,-45],
[104,39],
[62,-14],
[0,0],
[0,0],
[0,0],
[0,0],
[0,0],
[0,0],
[0,0],
[0,0],
[0,0],
[0,0],
[0,0],
[-31,157],
[112,-31],
[-12,11],
[0,0],
[0,0],
[0,0],
[0,0],
[0,0],
[0,0],
[0,0],
[0,0],
[0,0],
[0,0],
[0,0],
[-120,142],
[-117,-6],
[-57,47],
[0,0],
[0,0],
[0,0],
[0,0],
[0,0],
[0,0],
[0,0],
[0,0],
[0,0],
[0,0],
[0,0],
[-192,20],
[-134,121],
[-119,5],
[0,0],
[0,0],
[0,0],
[0,0],
[0,0],
[0,0],
[0,0],
[0,0],
[0,0],
[0,0],
[0,0],
[-75,47],
[-129,-43],
[-164,-79],
[0,0],
[0,0],
[0,0],
[0,0],
[0,0],
[0,0],
[0,0],
[0,0],
[0,0],
[0,0],
[0,0],
[-13,-49],
[-165,-131],
[-37,-51],
[0,0],
[0,0],
[0,0],
[0,0],
[0,0],
[0,0],
[0,0],
[0,0],
[0,0],
[0,0],
[0,0],
[-1,-52],
[-37,-51],
[0,0],
[0,0],
[0,0],
[0,0],
[0,0],
[0,0],
[0,0],
[0,0],
[0,0],
[0,0],
[0,0],
[0,0],
[0,0],
[0,0],
[0,0],
[0,0],
[0,0],
[0,0],
[0,0],
[0,0],
[0,0],
[0,0],
[0,0],
[0,0],
[0,0],
[0,0],
[0,0],
[0,0],
[0,0],
[0,0],
[0,0],
[0,0],
[0,0],
[0,0],
[0,0],
[0,0],
[0,0],
[0,0],
[0,0],
[0,0],
[0,0],
[0,0],
[0,0],
[0,0],
[0,0],
[0,0],
[0,0],
[0,0],
[0,0],
[0,0],
[0,0],
[0,0],
[0,0],
[0,0],
[0,0],
[0,0],
[0,0],
[0,0],
[0,0],
[0,0],
[0,0],
[0,0],
[0,0],
[0,0],
[0,0],
[0,0],
[0,0],
[0,0],
[0,0],
[0,0],
[0,0],
[0,0],
[0,0],
[0,0],
[0,0],
[0,0],
[0,0],
[0,0],
[0,0],
[0,0],
[0,0],
[0,0],
[0,0],
[0,0],
[0,0],
[0,0],
[0,0],
[0,0],
[0,0],
[0,0],
[0,0],
[0,0],
[0,0],
[0,0],
[0,0],
[0,0],
[0,0],
[0,0],
[0,0],
[0,0],
[0,0],
[0,0],
[0,0],
[0,0],
[0,0],
[0,0],
[0,0],
[0,0],
[0,0],
[0,0],
[62,-86],
[91,-2],
[61,-41],
[0,0],
[0,0],
[0,0],
[0,0],
[0,0],
[0,0],
[0,0],
[0,0],
[0,0],
[0,0],
[0,0],
[-71,89],
[60,-102],
[-17,-32],
[0,0],
[0,0],
[0,0],
[0,0],
[0,0],
[0,0],
[0,0],
[0,0],
[0,0],
[0,0],
[0,0],
[-179,61],
[-161,-72],
[-54,44],
[0,0],
[0,0],
[0,0],
[0,0],
[0,0],
[0,0],
[0,0],
[0,0],
[0,0],
[0,0],
[0,0],
[-238,-48],
[-143,69],
[-112,18],
[0,0],
[0,0],
[0,0],
[0,0],
[0,0],
[0,0],
[0,0],
[0,0],
[0,0],
[0,0],
[0,0],
[-121,11],
[-126,-46],
[-164,-79],
[0,0],
[0,0],
[0,0],
[0,0],
[0,0],
[0,0],
[0,0],
[0,0],
[0,0],
[0,0],
[0,0],
[-24,-71],
[-158,-118],
[-37,-51],
[0,0],
[0,0],
[0,0],
[0,0],
[0,0],
[0,0],
[0,0],
[0,0],
[0,0],
[0,0],
[0,0],
[-1,-52],
[-37,-51],
[0,0],
[0,0],
[0,0],
[0,0],
[0,0],
[0,0],
[0,0],
[0,0],
[0,0],
[0,0],
[0,0],
[0,0],
[0,0],
[0,0],
[0,0],
[0,0],
[0,0],
[0,0],
[0,0],
[0,0],
[0,0],
[0,0],
[0,0],
[0,0],
[0,0],
[0,0],
[0,0],
[0,0],
[0,0],
[0,0],
[0,0],
[0,0],
[0,0],
[0,0],
[0,0],
[0,0],
[0,0],
[0,0],
[0,0],
[0,0],
[0,0],
[0,0],
[0,0],
[0,0],
[0,0],
[0,0],
[0,0],
[0,0],
[0,0],
[0,0],
[0,0],
[0,0],
[0,0],
[0,0],
[0,0],
[0,0],
[0,0],
[0,0],
[0,0],
[0,0],
[0,0],
[0,0],
[0,0],
[0,0],
[0,0],
[0,0],
[0,0],
[0,0],
[0,0],
[0,0],
[0,0],
[0,0],
[0,0],
[0,0],
[0,0],
[0,0],
[0,0],
[0,0],
[0,0],
[0,0],
[0,0],
[0,0],
[0,0],
[0,0],
[0,0],
[0,0],
[0,0],
[0,0],
[0,0],
[0,0],
[0,0],
[0,0],
[0,0],
[0,0],
[0,0],
[0,0],
[0,0],
[0,0],
[0,0],
[0,0],
[0,0],
[0,0],
[0,0],
[0,0],
[0,0],
[0,0],
[0,0],
[0,0],
[0,0],
[0,0],
[62,-86],
[91,-2],
[61,-41],
[0,0],
[0,0],
[0,0],
[0,0],
[0,0],
[0,0],
[0,0],
[0,0],
[0,0],
[0,0],
[0,0],
[-71,89],
[60,-102],
[-17,-32],
[0,0],
[0,0],
[0,0],
[0,0],
[0,0],
[0,0],
[0,0],
[0,0],
[0,0],
[0,0],
[0,0],
[-179,61],
[-161,-72],
[-54,44],
[0,0],
[0,0],
[0,0],
[0,0],
[0,0],
[0,0],
[0,0],
[0,0],
[0,0],
[0,0],
[0,0],
[-238,-48],
[-143,69],
[-112,18],
[0,0],
[0,0],
[0,0],
[0,0],
[0,0],
[0,0],
[0,0],
[0,0],
[0,0],
[0,0],
[0,0],
[-121,11],
[-126,-46],
[-164,-79],
[0,0],
[0,0],
[0,0],
[0,0],
[0,0],
[0,0],
[0,0],
[0,0],
[0,0],
[0,0],
[0,0],
[-24,-71],
[-158,-118],
[-37,-51],
[0,0],
[0,0],
[0,0],
[0,0],
[0,0],
[0,0],
[0,0],
[0,0],
[0,0],
[0,0],
[0,0],
[-1,-52],
[-37,-51],
[0,0],
[0,0],
[0,0],
[0,0],
[0,0],
[0,0],
[0,0],
[0,0],
[0,0],
[0,0],
[0,0],
[0,0],
[0,0],
[0,0],
[0,0],
[0,0],
[0,0],
[0,0],
[0,0],
[0,0],
[0,0],
[0,0],
[0,0],
[0,0],
[0,0],
[0,0],
[0,0],
[0,0],
[0,0],
[0,0],
[0,0],
[0,0],
[0,0],
[0,0],
[0,0],
[0,0],
[0,0],
[0,0],
[0,0],
[0,0],
[0,0],
[0,0],
[0,0],
[0,0],
[0,0],
[0,0],
[0,0],
[0,0],
[0,0],
[0,0],
[0,0],
[0,0],
[0,0],
[0,0],
[0,0],
[0,0],
[0,0],
[0,0],
[0,0],
[0,0],
[0,0],
[0,0],
[0,0],
[0,0],
[0,0],
[0,0],
[0,0],
[0,0],
[0,0],
[0,0],
[0,0],
[0,0],
[0,0],
[0,0],
[0,0],
[0,0],
[0,0],
[0,0],
[0,0],
[0,0],
[0,0],
[0,0],
[0,0],
[0,0],
[0,0],
[0,0],
[0,0],
[0,0],
[0,0],
[0,0],
[0,0],
[0,0],
[0,0],
[0,0],
[0,0],
[0,0],
[0,0],
[0,0],
[0,0],
[0,0],
[0,0],
[0,0],
[0,0],
[0,0],
[0,0],
[0,0],
[0,0],
[0,0],
[0,0],
[0,0],
[81,-84],
[107,28],
[43,-68],
[0,0],
[0,0],
[0,0],
[0,0],
[0,0],
[0,0],
[0,0],
[0,0],
[0,0],
[0,0],
[0,0],
[-52,112],
[42,-100],
[-46,-77],
[0,0],
[0,0],
[0,0],
[0,0],
[0,0],
[0,0],
[0,0],
[0,0],
[0,0],
[0,0],
[0,0],
[-186,85],
[-208,-126],
[-117,-11],
[0,0],
[0,0],
[0,0],
[0,0],
[0,0],
[0,0],
[0,0],
[0,0],
[0,0],
[0,0],
[0,0],
[-263,-62],
[-224,5],
[-175,-37],
[0,0],
[0,0],
[0,0],
[0,0],
[0,0],
[0,0],
[0,0],
[0,0],
[0,0],
[0,0],
[0,0],
[-165,-5],
[-223,-140],
[-209,-107],
[0,0],
[0,0],
[0,0],
[0,0],
[0,0],
[0,0],
[0,0],
[0,0],
[0,0],
[0,0],
[0,0],
[-68,-108],
[-221,-184],
[-71,-61],
[0,0],
[0,0],
[0,0],
[0,0],
[0,0],
[0,0],
[0,0],
[0,0],
[0,0],
[0,0],
[0,0],
[-19,-90],
[-71,-61],
[0,0],
[0,0],
[0,0],
[0,0],
[0,0],
[0,0],
[0,0],
[0,0],
[0,0],
[0,0],
[0,0],
[0,0],
[0,0],
[0,0],
[0,0],
[0,0],
[0,0],
[0,0],
[0,0],
[0,0],
[0,0],
[0,0],
[0,0],
[0,0],
[0,0],
[0,0],
[0,0],
[0,0],
[0,0],
[0,0],
[0,0],
[0,0],
[0,0],
[0,0],
[0,0],
[0,0],
[0,0],
[0,0],
[0,0],
[0,0],
[0,0],
[0,0],
[0,0],
[0,0],
[0,0],
[0,0],
[0,0],
[0,0],
[0,0],
[0,0],
[0,0],
[0,0],
[0,0],
[0,0],
[0,0],
[0,0],
[0,0],
[0,0],
[0,0],
[0,0],
[0,0],
[0,0],
[0,0],
[0,0],
[0,0],
[0,0],
[0,0],
[0,0],
[0,0],
[0,0],
[0,0],
[0,0],
[0,0],
[0,0],
[0,0],
[0,0],
[0,0],
[0,0],
[0,0],
[0,0],
[0,0],
[0,0],
[0,0],
[0,0],
[0,0],
[0,0],
[0,0],
[0,0],
[0,0],
[0,0],
[0,0],
[0,0],
[0,0],
[0,0],
[0,0],
[0,0],
[0,0],
[0,0],
[0,0],
[0,0],
[0,0],
[0,0],
[0,0],
[0,0],
[0,0],
[0,0],
[0,0],
[0,0],
[0,0],
[0,0],
[119,-60],
[122,14],
[105,-46],
[0,0],
[0,0],
[0,0],
[0,0],
[0,0],
[0,0],
[0,0],
[0,0],
[0,0],
[0,0],
[0,0],
[0,117],
[135,-56],
[15,-39],
[0,0],
[0,0],
[0,0],
[0,0],
[0,0],
[0,0],
[0,0],
[0,0],
[0,0],
[0,0],
[0,0],
[-112,110],
[-144,-34],
[-149,37],
[0,0],
[0,0],
[0,0],
[0,0],
[0,0],
[0,0],
[0,0],
[0,0],
[0,0],
[0,0],
[0,0],
[-216,0],
[-269,71],
[-206,-5],
[0,0],
[0,0],
[0,0],
[0,0],
[0,0],
[0,0],
[0,0],
[0,0],
[0,0],
[0,0],
[0,0],
[-178,13],
[-254,-108],
[-209,-107],
[0,0],
[0,0],
[0,0],
[0,0],
[0,0],
[0,0],
[0,0],
[0,0],
[0,0],
[0,0],
[0,0],
[-68,-108],
[-221,-184],
[-71,-61],
[0,0],
[0,0],
[0,0],
[0,0],
[0,0],
[0,0],
[0,0],
[0,0],
[0,0],
[0,0],
[0,0],
[-19,-90],
[-71,-61],
[0,0],
[0,0],
[0,0],
[0,0],
[0,0],
[0,0],
[0,0],
[0,0],
[0,0],
[0,0],
[0,0],
[0,0],
[0,0],
[0,0],
[0,0],
[0,0],
[0,0],
[0,0],
[0,0],
[0,0],
[0,0],
[0,0],
[0,0],
[0,0],
[0,0],
[0,0],
[0,0],
[0,0],
[0,0],
[0,0],
[0,0],
[0,0],
[0,0],
[0,0],
[0,0],
[0,0],
[0,0],
[0,0],
[0,0],
[0,0],
[0,0],
[0,0],
[0,0],
[0,0],
[0,0],
[0,0],
[0,0],
[0,0],
[0,0],
[0,0],
[0,0],
[0,0],
[0,0],
[0,0],
[0,0],
[0,0],
[0,0],
[0,0],
[0,0],
[0,0],
[0,0],
[0,0],
[0,0],
[0,0],
[0,0],
[0,0],
[0,0],
[0,0],
[0,0],
[0,0],
[0,0],
[0,0],
[0,0],
[0,0],
[0,0],
[0,0],
[0,0],
[0,0],
[0,0],
[0,0],
[0,0],
[0,0],
[0,0],
[0,0],
[0,0],
[0,0],
[0,0],
[0,0],
[0,0],
[0,0],
[0,0],
[0,0],
[0,0],
[0,0],
[0,0],
[0,0],
[0,0],
[0,0],
[0,0],
[0,0],
[0,0],
[0,0],
[0,0],
[0,0],
[0,0],
[0,0],
[0,0],
[0,0],
[0,0],
[0,0],
[107,-66],
[129,51],
[119,-4],
[0,0],
[0,0],
[0,0],
[0,0],
[0,0],
[0,0],
[0,0],
[0,0],
[0,0],
[0,0],
[0,0],
[9,172],
[165,-14],
[-20,-3],
[0,0],
[0,0],
[0,0],
[0,0],
[0,0],
[0,0],
[0,0],
[0,0],
[0,0],
[0,0],
[0,0],
[-60,97],
[-209,39],
[-164,36],
[0,0],
[0,0],
[0,0],
[0,0],
[0,0],
[0,0],
[0,0],
[0,0],
[0,0],
[0,0],
[0,0],
[-258,31],
[-277,107],
[-192,37],
[0,0],
[0,0],
[0,0],
[0,0],
[0,0],
[0,0],
[0,0],
[0,0],
[0,0],
[0,0],
[0,0],
[-169,68],
[-224,-66],
[-244,-71],
[0,0],
[0,0],
[0,0],
[0,0],
[0,0],
[0,0],
[0,0],
[0,0],
[0,0],
[0,0],
[0,0],
[-16,-121],
[-286,-111],
[-86,-62],
[0,0],
[0,0],
[0,0],
[0,0],
[0,0],
[0,0],
[0,0],
[0,0],
[0,0],
[0,0],
[0,0],
[-49,-53],
[-86,-62],
[0,0],
[0,0],
[0,0],
[0,0],
[0,0],
[0,0],
[0,0],
[0,0],
[0,0],
[0,0],
[0,0],
[0,0],
[0,0],
[0,0],
[0,0],
[0,0],
[0,0],
[0,0],
[0,0],
[0,0],
[0,0],
[0,0],
[0,0],
[0,0],
[0,0],
[0,0],
[0,0],
[0,0],
[0,0],
[0,0],
[0,0],
[0,0],
[0,0],
[0,0],
[0,0],
[0,0],
[0,0],
[0,0],
[0,0],
[0,0],
[0,0],
[0,0],
[0,0],
[0,0],
[0,0],
[0,0],
[0,0],
[0,0],
[0,0],
[0,0],
[0,0],
[0,0],
[0,0],
[0,0],
[0,0],
[0,0],
[0,0],
[0,0],
[0,0],
[0,0],
[0,0],
[0,0],
[0,0],
[0,0],
[0,0],
[0,0],
[0,0],
[0,0],
[0,0],
[0,0],
[0,0],
[0,0],
[0,0],
[0,0],
[0,0],
[0,0],
[0,0],
[0,0],
[0,0],
[0,0],
[0,0],
[0,0],
[0,0],
[0,0],
[0,0],
[0,0],
[0,0],
[0,0],
[0,0],
[0,0],
[0,0],
[0,0],
[0,0],
[0,0],
[0,0],
[0,0],
[0,0],
[0,0],
[0,0],
[0,0],
[0,0],
[0,0],
[0,0],
[0,0],
[0,0],
[0,0],
[0,0],
[0,0],
[0,0],
[0,0],
[107,-66],
[129,51],
[119,-4],
[0,0],
[0,0],
[0,0],
[0,0],
[0,0],
[0,0],
[0,0],
[0,0],
[0,0],
[0,0],
[0,0],
[9,172],
[165,-14],
[-20,-3],
[0,0],
[0,0],
[0,0],
[0,0],
[0,0],
[0,0],
[0,0],
[0,0],
[0,0],
[0,0],
[0,0],
[-80,104],
[-196,23],
[-176,49],
[0,0],
[0,0],
[0,0],
[0,0],
[0,0],
[0,0],
[0,0],
[0,0],
[0,0],
[0,0],
[0,0],
[-280,-4],
[-263,109],
[-230,63],
[0,0],
[0,0],
[0,0],
[0,0],
[0,0],
[0,0],
[0,0],
[0,0],
[0,0],
[0,0],
[0,0],
[-146,35],
[-241,-43],
[-259,-109],
[0,0],
[0,0],
[0,0],
[0,0],
[0,0],
[0,0],
[0,0],
[0,0],
[0,0],
[0,0],
[0,0],
[17,-120],
[-293,-157],
[-75,-113],
[0,0],
[0,0],
[0,0],
[0,0],
[0,0],
[0,0],
[0,0],
[0,0],
[0,0],
[0,0],
[0,0],
[-41,-61],
[-75,-113],
[0,0],
[0,0],
[0,0],
[0,0],
[0,0],
[0,0],
[0,0],
[0,0],
[0,0],
[0,0],
[0,0],
[0,0],
[0,0],
[0,0],
[0,0],
[0,0],
[0,0],
[0,0],
[0,0],
[0,0],
[0,0],
[0,0],
[0,0],
[0,0],
[0,0],
[0,0],
[0,0],
[0,0],
[0,0],
[0,0],
[0,0],
[0,0],
[0,0],
[0,0],
[0,0],
[0,0],
[0,0],
[0,0],
[0,0],
[0,0],
[0,0],
[0,0],
[0,0],
[0,0],
[0,0],
[0,0],
[0,0],
[0,0],
[0,0],
[0,0],
[0,0],
[0,0],
[0,0],
[0,0],
[0,0],
[0,0],
[0,0],
[0,0],
[0,0],
[0,0],
[0,0],
[0,0],
[0,0],
[0,0],
[0,0],
[0,0],
[0,0],
[0,0],
[0,0],
[0,0],
[0,0],
[0,0],
[0,0],
[0,0],
[0,0],
[0,0],
[0,0],
[0,0],
[0,0],
[0,0],
[0,0],
[0,0],
[0,0],
[0,0],
[0,0],
[0,0],
[0,0],
[0,0],
[0,0],
[0,0],
[0,0],
[0,0],
[0,0],
[0,0],
[0,0],
[0,0],
[0,0],
[0,0],
[0,0],
[0,0],
[0,0],
[0,0],
[0,0],
[0,0],
[0,0],
[0,0],
[0,0],
[0,0],
[0,0],
[0,0],
[107,-66],
[129,51],
[119,-4],
[0,0],
[0,0],
[0,0],
[0,0],
[0,0],
[0,0],
[0,0],
[0,0],
[0,0],
[0,0],
[0,0],
[9,172],
[165,-14],
[-20,-3],
[0,0],
[0,0],
[0,0],
[0,0],
[0,0],
[0,0],
[0,0],
[0,0],
[0,0],
[0,0],
[0,0],
[-80,104],
[-196,23],
[-176,49],
[0,0],
[0,0],
[0,0],
[0,0],
[0,0],
[0,0],
[0,0],
[0,0],
[0,0],
[0,0],
[0,0],
[-280,-4],
[-263,109],
[-230,63],
[0,0],
[0,0],
[0,0],
[0,0],
[0,0],
[0,0],
[0,0],
[0,0],
[0,0],
[0,0],
[0,0],
[-146,35],
[-241,-43],
[-259,-109],
[0,0],
[0,0],
[0,0],
[0,0],
[0,0],
[0,0],
[0,0],
[0,0],
[0,0],
[0,0],
[0,0],
[17,-120],
[-293,-157],
[-75,-113],
[0,0],
[0,0],
[0,0],
[0,0],
[0,0],
[0,0],
[0,0],
[0,0],
[0,0],
[0,0],
[0,0],
[-41,-61],
[-75,-113],
[0,0],
[0,0],
[0,0],
[0,0],
[0,0],
[0,0],
[0,0],
[0,0],
[0,0],
[0,0],
[0,0],
[0,0],
[0,0],
[0,0],
[0,0],
[0,0],
[0,0],
[0,0],
[0,0],
[0,0],
[0,0],
[0,0],
[0,0],
[0,0],
[0,0],
[0,0],
[0,0],
[0,0],
[0,0],
[0,0],
[0,0],
[0,0],
[0,0],
[0,0],
[0,0],
[0,0],
[0,0],
[0,0],
[0,0],
[0,0],
[0,0],
[0,0],
[0,0],
[0,0],
[0,0],
[0,0],
[0,0],
[0,0],
[0,0],
[0,0],
[0,0],
[0,0],
[0,0],
[0,0],
[0,0],
[0,0],
[0,0],
[0,0],
[0,0],
[0,0],
[0,0],
[0,0],
[0,0],
[0,0],
[0,0],
[0,0],
[0,0],
[0,0],
[0,0],
[0,0],
[0,0],
[0,0],
[0,0],
[0,0],
[0,0],
[0,0],
[0,0],
[0,0],
[0,0],
[0,0],
[0,0],
[0,0],
[0,0],
[0,0],
[0,0],
[0,0],
[0,0],
[0,0],
[0,0],
[0,0],
[0,0],
[0,0],
[0,0],
[0,0],
[0,0],
[0,0],
[0,0],
[0,0],
[0,0],
[0,0],
[0,0],
[0,0],
[0,0],
[0,0],
[0,0],
[0,0],
[0,0],
[0,0],
[0,0],
[0,0],
[107,-66],
[129,51],
[119,-4],
[0,0],
[0,0],
[0,0],
[0,0],
[0,0],
[0,0],
[0,0],
[0,0],
[0,0],
[0,0],
[0,0],
[52,163],
[199,-9],
[-9,-13],
[0,0],
[0,0],
[0,0],
[0,0],
[0,0],
[0,0],
[0,0],
[0,0],
[0,0],
[0,0],
[0,0],
[-103,126],
[-228,7],
[-187,51],
[0,0],
[0,0],
[0,0],
[0,0],
[0,0],
[0,0],
[0,0],
[0,0],
[0,0],
[0,0],
[0,0],
[-347,-3],
[-321,107],
[-242,64],
[0,0],
[0,0],
[0,0],
[0,0],
[0,0],
[0,0],
[0,0],
[0,0],
[0,0],
[0,0],
[0,0],
[-181,30],
[-253,-42],
[-259,-109],
[0,0],
[0,0],
[0,0],
[0,0],
[0,0],
[0,0],
[0,0],
[0,0],
[0,0],
[0,0],
[0,0],
[17,-120],
[-293,-157],
[-75,-113],
[0,0],
[0,0],
[0,0],
[0,0],
[0,0],
[0,0],
[0,0],
[0,0],
[0,0],
[0,0],
[0,0],
[-41,-61],
[-75,-113],
[0,0],
[0,0],
[0,0],
[0,0],
[0,0],
[0,0],
[0,0],
[0,0],
[0,0],
[0,0],
[0,0],
[0,0],
[0,0],
[0,0],
[0,0],
[0,0],
[0,0],
[0,0],
[0,0],
[0,0],
[0,0],
[0,0],
[0,0],
[0,0],
[0,0],
[0,0],
[0,0],
[0,0],
[0,0],
[0,0],
[0,0],
[0,0],
[0,0],
[0,0],
[0,0],
[0,0],
[0,0],
[0,0],
[0,0],
[0,0],
[0,0],
[0,0],
[0,0],
[0,0],
[0,0],
[0,0],
[0,0],
[0,0],
[0,0],
[0,0],
[0,0],
[0,0],
[0,0],
[0,0],
[0,0],
[0,0],
[0,0],
[0,0],
[0,0],
[0,0],
[0,0],
[0,0],
[0,0],
[0,0],
[0,0],
[0,0],
[0,0],
[0,0],
[0,0],
[0,0],
[0,0],
[0,0],
[0,0],
[0,0],
[0,0],
[0,0],
[0,0],
[0,0],
[0,0],
[0,0],
[0,0],
[0,0],
[0,0],
[0,0],
[0,0],
[0,0],
[0,0],
[0,0],
[0,0],
[0,0],
[0,0],
[0,0],
[0,0],
[0,0],
[0,0],
[0,0],
[0,0],
[0,0],
[0,0],
[0,0],
[0,0],
[0,0],
[0,0],
[0,0],
[0,0],
[0,0],
[0,0],
[0,0],
[0,0],
[0,0],
[107,-66],
[129,51],
[119,-4],
[0,0],
[0,0],
[0,0],
[0,0],
[0,0],
[0,0],
[0,0],
[0,0],
[0,0],
[0,0],
[0,0],
[52,163],
[199,-9],
[-9,-13],
[0,0],
[0,0],
[0,0],
[0,0],
[0,0],
[0,0],
[0,0],
[0,0],
[0,0],
[0,0],
[0,0],
[-103,126],
[-228,7],
[-187,51],
[0,0],
[0,0],
[0,0],
[0,0],
[0,0],
[0,0],
[0,0],
[0,0],
[0,0],
[0,0],
[0,0],
[-347,-3],
[-321,107],
[-242,64],
[0,0],
[0,0],
[0,0],
[0,0],
[0,0],
[0,0],
[0,0],
[0,0],
[0,0],
[0,0],
[0,0],
[-181,30],
[-253,-42],
[-259,-109],
[0,0],
[0,0],
[0,0],
[0,0],
[0,0],
[0,0],
[0,0],
[0,0],
[0,0],
[0,0],
[0,0],
[17,-120],
[-293,-157],
[-75,-113],
[0,0],
[0,0],
[0,0],
[0,0],
[0,0],
[0,0],
[0,0],
[0,0],
[0,0],
[0,0],
[0,0],
[-41,-61],
[-75,-113],
[0,0],
[0,0],
[0,0],
[0,0],
[0,0],
[0,0],
[0,0],
[0,0],
[0,0],
[0,0],
[0,0],
[0,0],
[0,0],
[0,0],
[0,0],
[0,0],
[0,0],
[0,0],
[0,0],
[0,0],
[0,0],
[0,0],
[0,0],
[0,0],
[0,0],
[0,0],
[0,0],
[0,0],
[0,0],
[0,0],
[0,0],
[0,0],
[0,0],
[0,0],
[0,0],
[0,0],
[0,0],
[0,0],
[0,0],
[0,0],
[0,0],
[0,0],
[0,0],
[0,0],
[0,0],
[0,0],
[0,0],
[0,0],
[0,0],
[0,0],
[0,0],
[0,0],
[0,0],
[0,0],
[0,0],
[0,0],
[0,0],
[0,0],
[0,0],
[0,0],
[0,0],
[0,0],
[0,0],
[0,0],
[0,0],
[0,0],
[0,0],
[0,0],
[0,0],
[0,0],
[0,0],
[0,0],
[0,0],
[0,0],
[0,0],
[0,0],
[0,0],
[0,0],
[0,0],
[0,0],
[0,0],
[0,0],
[0,0],
[0,0],
[0,0],
[0,0],
[0,0],
[0,0],
[0,0],
[0,0],
[0,0],
[0,0],
[0,0],
[0,0],
[0,0],
[0,0],
[0,0],
[0,0],
[0,0],
[0,0],
[0,0],
[0,0],
[0,0],
[0,0],
[0,0],
[0,0],
[0,0],
[0,0],
[0,0],
[0,0],
[107,-66],
[129,51],
[119,-4],
[0,0],
[0,0],
[0,0],
[0,0],
[0,0],
[0,0],
[0,0],
[0,0],
[0,0],
[0,0],
[0,0],
[52,163],
[199,-9],
[-9,-13],
[0,0],
[0,0],
[0,0],
[0,0],
[0,0],
[0,0],
[0,0],
[0,0],
[0,0],
[0,0],
[0,0],
[-103,126],
[-228,7],
[-187,51],
[0,0],
[0,0],
[0,0],
[0,0],
[0,0],
[0,0],
[0,0],
[0,0],
[0,0],
[0,0],
[0,0],
[-347,-3],
[-321,107],
[-242,64],
[0,0],
[0,0],
[0,0],
[0,0],
[0,0],
[0,0],
[0,0],
[0,0],
[0,0],
[0,0],
[0,0],
[-181,30],
[-253,-42],
[-259,-109],
[0,0],
[0,0],
[0,0],
[0,0],
[0,0],
[0,0],
[0,0],
[0,0],
[0,0],
[0,0],
[0,0],
[17,-120],
[-293,-157],
[-75,-113],
[0,0],
[0,0],
[0,0],
[0,0],
[0,0],
[0,0],
[0,0],
[0,0],
[0,0],
[0,0],
[0,0],
[-41,-61],
[-75,-113],
[0,0],
[0,0],
[0,0],
[0,0],
[0,0],
[0,0],
[0,0],
[0,0],
[0,0],
[0,0],
[0,0],
[0,0],
[0,0],
[0,0],
[0,0],
[0,0],
[0,0],
[0,0],
[0,0],
[0,0],
[0,0],
[0,0],
[0,0],
[0,0],
[0,0],
[0,0],
[0,0],
[0,0],
[0,0],
[0,0],
[0,0],
[0,0],
[0,0],
[0,0],
[0,0],
[0,0],
[0,0],
[0,0],
[0,0],
[0,0],
[0,0],
[0,0],
[0,0],
[0,0],
[0,0],
[0,0],
[0,0],
[0,0],
[0,0],
[0,0],
[0,0],
[0,0],
[0,0],
[0,0],
[0,0],
[0,0],
[0,0],
[0,0],
[0,0],
[0,0],
[0,0],
[0,0],
[0,0],
[0,0],
[0,0],
[0,0],
[0,0],
[0,0],
[0,0],
[0,0],
[0,0],
[0,0],
[0,0],
[0,0],
[0,0],
[0,0],
[0,0],
[0,0],
[0,0],
[0,0],
[0,0],
[0,0],
[0,0],
[0,0],
[0,0],
[0,0],
[0,0],
[0,0],
[0,0],
[0,0],
[0,0],
[0,0],
[0,0],
[0,0],
[0,0],
[0,0],
[0,0],
[0,0],
[0,0],
[0,0],
[0,0],
[0,0],
[0,0],
[0,0],
[0,0],
[0,0],
[0,0],
[0,0],
[0,0],
[0,0],
[0,0],
[0,0],
[0,0],
[0,0],
[0,0],
[0,0],
[0,0],
[0,0],
[0,0],
[0,0],
[0,0],
[0,0],
[0,0],
[0,0],
[23,-53],
[32,-115],
[13,-69],
[0,0],
[0,0],
[0,0],
[0,0],
[0,0],
[0,0],
[0,0],
[0,0],
[0,0],
[0,0],
[0,0],
[55,-152],
[37,-171],
[-57,2],
[0,0],
[0,0],
[0,0],
[0,0],
[0,0],
[0,0],
[0,0],
[0,0],
[0,0],
[0,0],
[0,0],
[-25,-100],
[-129,74],
[-37,-6],
[0,0],
[0,0],
[0,0],
[0,0],
[0,0],
[0,0],
[0,0],
[0,0],
[0,0],
[0,0],
[0,0],
[-72,72],
[-37,-6],
[0,0],
[0,0],
[0,0],
[0,0],
[0,0],
[0,0],
[0,0],
[0,0],
[0,0],
[0,0],
[0,0],
[0,0],
[0,0],
[0,0],
[0,0],
[0,0],
[0,0],
[0,0],
[0,0],
[0,0],
[0,0],
[0,0],
[0,0],
[0,0],
[0,0],
[0,0],
[0,0],
[0,0],
[0,0],
[0,0],
[0,0],
[0,0],
[0,0],
[0,0],
[0,0],
[0,0],
[0,0],
[0,0],
[0,0],
[0,0],
[0,0],
[0,0],
[0,0],
[0,0],
[0,0],
[0,0],
[0,0],
[0,0],
[0,0],
[0,0],
[0,0],
[0,0],
[0,0],
[0,0],
[0,0],
[0,0],
[0,0],
[0,0],
[0,0],
[0,0],
[0,0],
[0,0],
[0,0],
[0,0],
[0,0],
[0,0],
[0,0],
[0,0],
[0,0],
[0,0],
[0,0],
[0,0],
[0,0],
[0,0],
[0,0],
[0,0],
[0,0],
[0,0],
[0,0],
[0,0],
[0,0],
[0,0],
[0,0],
[0,0],
[0,0],
[0,0],
[0,0],
[0,0],
[0,0],
[0,0],
[0,0],
[0,0],
[0,0],
[0,0],
[0,0],
[0,0],
[0,0],
[0,0],
[0,0],
[0,0],
[0,0],
[0,0],
[0,0],
[0,0],
[0,0],
[0,0],
[0,0],
[0,0],
[0,0],
[0,0],
[0,0],
[0,0],
[0,0],
[0,0],
[0,0],
[0,0],
[0,0],
[0,0],
[0,0],
[0,0],
[0,0],
[0,0],
[0,0],
[0,0],
[0,0],
[0,0],
[0,0],
[0,0],
[0,0],
[0,0],
[0,0],
[0,0],
[0,0],
[0,0],
[0,0],
[0,0],
[0,0],
[0,0],
[0,0],
[0,0],
[0,0],
[0,0],
[0,0],
[0,0],
[0,0],
[0,0],
[0,0],
[0,0],
[0,0],
[0,0],
[0,0],
[0,0],
[23,-53],
[32,-115],
[13,-69],
[0,0],
[0,0],
[0,0],
[0,0],
[0,0],
[0,0],
[0,0],
[0,0],
[0,0],
[0,0],
[0,0],
[55,-152],
[37,-171],
[-57,2],
[0,0],
[0,0],
[0,0],
[0,0],
[0,0],
[0,0],
[0,0],
[0,0],
[0,0],
[0,0],
[0,0],
[-25,-100],
[-129,74],
[-37,-6],
[0,0],
[0,0],
[0,0],
[0,0],
[0,0],
[0,0],
[0,0],
[0,0],
[0,0],
[0,0],
[0,0],
[-72,72],
[-37,-6],
[0,0],
[0,0],
[0,0],
[0,0],
[0,0],
[0,0],
[0,0],
[0,0],
[0,0],
[0,0],
[0,0],
[0,0],
[0,0],
[0,0],
[0,0],
[0,0],
[0,0],
[0,0],
[0,0],
[0,0],
[0,0],
[0,0],
[0,0],
[0,0],
[0,0],
[0,0],
[0,0],
[0,0],
[0,0],
[0,0],
[0,0],
[0,0],
[0,0],
[0,0],
[0,0],
[0,0],
[0,0],
[0,0],
[0,0],
[0,0],
[0,0],
[0,0],
[0,0],
[0,0],
[0,0],
[0,0],
[0,0],
[0,0],
[0,0],
[0,0],
[0,0],
[0,0],
[0,0],
[0,0],
[0,0],
[0,0],
[0,0],
[0,0],
[0,0],
[0,0],
[0,0],
[0,0],
[0,0],
[0,0],
[0,0],
[0,0],
[0,0],
[0,0],
[0,0],
[0,0],
[0,0],
[0,0],
[0,0],
[0,0],
[0,0],
[0,0],
[0,0],
[0,0],
[0,0],
[0,0],
[0,0],
[0,0],
[0,0],
[0,0],
[0,0],
[0,0],
[0,0],
[0,0],
[0,0],
[0,0],
[0,0],
[0,0],
[0,0],
[0,0],
[0,0],
[0,0],
[0,0],
[0,0],
[0,0],
[0,0],
[0,0],
[0,0],
[0,0],
[0,0],
[0,0],
[0,0],
[0,0],
[0,0],
[0,0],
[0,0],
[0,0],
[0,0],
[0,0],
[0,0],
[0,0],
[0,0],
[0,0],
[0,0],
[0,0],
[0,0],
[0,0],
[0,0],
[0,0],
[0,0],
[0,0],
[0,0],
[0,0],
[0,0],
[0,0],
[0,0],
[0,0],
[0,0],
[0,0],
[0,0],
[0,0],
[0,0],
[0,0],
[0,0],
[-9,24],
[20,0],
[19,-24],
[0,0],
[0,0],
[0,0],
[0,0],
[0,0],
[0,0],
[0,0],
[0,0],
[0,0],
[0,0],
[0,0],
[55,-24],
[100,-152],
[37,-105],
[0,0],
[0,0],
[0,0],
[0,0],
[0,0],
[0,0],
[0,0],
[0,0],
[0,0],
[0,0],
[0,0],
[126,-153],
[64,-242],
[-62,-41],
[0,0],
[0,0],
[0,0],
[0,0],
[0,0],
[0,0],
[0,0],
[0,0],
[0,0],
[0,0],
[0,0],
[-21,-128],
[-160,9],
[-47,-37],
[0,0],
[0,0],
[0,0],
[0,0],
[0,0],
[0,0],
[0,0],
[0,0],
[0,0],
[0,0],
[0,0],
[-98,50],
[-47,-37],
[0,0],
[0,0],
[0,0],
[0,0],
[0,0],
[0,0],
[0,0],
[0,0],
[0,0],
[0,0],
[0,0],
[0,0],
[0,0],
[0,0],
[0,0],
[0,0],
[0,0],
[0,0],
[0,0],
[0,0],
[0,0],
[0,0],
[0,0],
[0,0],
[0,0],
[0,0],
[0,0],
[0,0],
[0,0],
[0,0],
[0,0],
[0,0],
[0,0],
[0,0],
[0,0],
[0,0],
[0,0],
[0,0],
[0,0],
[0,0],
[0,0],
[0,0],
[0,0],
[0,0],
[0,0],
[0,0],
[0,0],
[0,0],
[0,0],
[0,0],
[0,0],
[0,0],
[0,0],
[0,0],
[0,0],
[0,0],
[0,0],
[0,0],
[0,0],
[0,0],
[0,0],
[0,0],
[0,0],
[0,0],
[0,0],
[0,0],
[0,0],
[0,0],
[0,0],
[0,0],
[0,0],
[0,0],
[0,0],
[0,0],
[0,0],
[0,0],
[0,0],
[0,0],
[0,0],
[0,0],
[0,0],
[0,0],
[0,0],
[0,0],
[0,0],
[0,0],
[0,0],
[0,0],
[0,0],
[0,0],
[0,0],
[0,0],
[0,0],
[0,0],
[0,0],
[0,0],
[0,0],
[0,0],
[0,0],
[0,0],
[0,0],
[0,0],
[0,0],
[0,0],
[0,0],
[0,0],
[0,0],
[0,0],
[0,0],
[0,0],
[0,0],
[0,0],
[0,0],
[0,0],
[0,0],
[0,0],
[0,0],
[0,0],
[0,0],
[0,0],
[0,0],
[0,0],
[0,0],
[0,0],
[0,0],
[0,0],
[0,0],
[0,0],
[0,0],
[0,0],
[0,0],
[0,0],
[0,0],
[0,0],
[0,0],
[0,0],
[0,0],
[0,0],
[-9,24],
[20,0],
[19,-24],
[0,0],
[0,0],
[0,0],
[0,0],
[0,0],
[0,0],
[0,0],
[0,0],
[0,0],
[0,0],
[0,0],
[55,-24],
[100,-152],
[37,-105],
[0,0],
[0,0],
[0,0],
[0,0],
[0,0],
[0,0],
[0,0],
[0,0],
[0,0],
[0,0],
[0,0],
[138,-184],
[62,-277],
[-83,-27],
[0,0],
[0,0],
[0,0],
[0,0],
[0,0],
[0,0],
[0,0],
[0,0],
[0,0],
[0,0],
[0,0],
[-6,-177],
[-212,-44],
[-102,-60],
[0,0],
[0,0],
[0,0],
[0,0],
[0,0],
[0,0],
[0,0],
[0,0],
[0,0],
[0,0],
[0,0],
[-125,14],
[-131,-60],
[-43,-2],
[0,0],
[0,0],
[0,0],
[0,0],
[0,0],
[0,0],
[0,0],
[0,0],
[0,0],
[0,0],
[0,0],
[-30,14],
[-43,30],
[-9,35],
[0,0],
[0,0],
[0,0],
[0,0],
[0,0],
[0,0],
[0,0],
[0,0],
[0,0],
[0,0],
[0,0],
[0,32],
[-9,35],
[0,0],
[0,0],
[0,0],
[0,0],
[0,0],
[0,0],
[0,0],
[0,0],
[0,0],
[0,0],
[0,0],
[0,0],
[0,0],
[0,0],
[0,0],
[0,0],
[0,0],
[0,0],
[0,0],
[0,0],
[0,0],
[0,0],
[0,0],
[0,0],
[0,0],
[0,0],
[0,0],
[0,0],
[0,0],
[0,0],
[0,0],
[0,0],
[0,0],
[0,0],
[0,0],
[0,0],
[0,0],
[0,0],
[0,0],
[0,0],
[0,0],
[0,0],
[0,0],
[0,0],
[0,0],
[0,0],
[0,0],
[0,0],
[0,0],
[0,0],
[0,0],
[0,0],
[0,0],
[0,0],
[0,0],
[0,0],
[0,0],
[0,0],
[0,0],
[0,0],
[0,0],
[0,0],
[0,0],
[0,0],
[0,0],
[0,0],
[0,0],
[0,0],
[0,0],
[0,0],
[0,0],
[0,0],
[0,0],
[0,0],
[0,0],
[0,0],
[0,0],
[0,0],
[0,0],
[0,0],
[0,0],
[0,0],
[0,0],
[0,0],
[0,0],
[0,0],
[0,0],
[0,0],
[0,0],
[0,0],
[0,0],
[0,0],
[0,0],
[0,0],
[0,0],
[0,0],
[0,0],
[0,0],
[0,0],
[0,0],
[0,0],
[0,0],
[0,0],
[0,0],
[0,0],
[0,0],
[0,0],
[0,0],
[0,0],
[0,0],
[-12,71],
[25,57],
[13,7],
[0,0],
[0,0],
[0,0],
[0,0],
[0,0],
[0,0],
[0,0],
[0,0],
[0,0],
[0,0],
[0,0],
[-26,116],
[9,-44],
[-11,-82],
[0,0],
[0,0],
[0,0],
[0,0],
[0,0],
[0,0],
[0,0],
[0,0],
[0,0],
[0,0],
[0,0],
[28,-168],
[-106,-313],
[-151,-56],
[0,0],
[0,0],
[0,0],
[0,0],
[0,0],
[0,0],
[0,0],
[0,0],
[0,0],
[0,0],
[0,0],
[-58,-207],
[-280,-73],
[-102,-60],
[0,0],
[0,0],
[0,0],
[0,0],
[0,0],
[0,0],
[0,0],
[0,0],
[0,0],
[0,0],
[0,0],
[-125,14],
[-131,-60],
[-43,-2],
[0,0],
[0,0],
[0,0],
[0,0],
[0,0],
[0,0],
[0,0],
[0,0],
[0,0],
[0,0],
[0,0],
[-30,14],
[-43,30],
[-9,35],
[0,0],
[0,0],
[0,0],
[0,0],
[0,0],
[0,0],
[0,0],
[0,0],
[0,0],
[0,0],
[0,0],
[0,32],
[-9,35],
[0,0],
[0,0],
[0,0],
[0,0],
[0,0],
[0,0],
[0,0],
[0,0],
[0,0],
[0,0],
[0,0],
[0,0],
[0,0],
[0,0],
[0,0],
[0,0],
[0,0],
[0,0],
[0,0],
[0,0],
[0,0],
[0,0],
[0,0],
[0,0],
[0,0],
[0,0],
[0,0],
[0,0],
[0,0],
[0,0],
[0,0],
[0,0],
[0,0],
[0,0],
[0,0],
[0,0],
[0,0],
[0,0],
[0,0],
[0,0],
[0,0],
[0,0],
[0,0],
[0,0],
[0,0],
[0,0],
[0,0],
[0,0],
[0,0],
[0,0],
[0,0],
[0,0],
[0,0],
[0,0],
[0,0],
[0,0],
[0,0],
[0,0],
[0,0],
[0,0],
[0,0],
[0,0],
[0,0],
[0,0],
[0,0],
[0,0],
[0,0],
[0,0],
[0,0],
[0,0],
[0,0],
[0,0],
[0,0],
[0,0],
[0,0],
[0,0],
[0,0],
[0,0],
[0,0],
[0,0],
[0,0],
[0,0],
[0,0],
[0,0],
[0,0],
[0,0],
[0,0],
[0,0],
[0,0],
[0,0],
[0,0],
[0,0],
[0,0],
[0,0],
[0,0],
[0,0],
[0,0],
[0,0],
[0,0],
[0,0],
[0,0],
[0,0],
[0,0],
[0,0],
[0,0],
[0,0],
[0,0],
[0,0],
[0,0],
[0,0],
[-11,45],
[48,-16],
[13,7],
[0,0],
[0,0],
[0,0],
[0,0],
[0,0],
[0,0],
[0,0],
[0,0],
[0,0],
[0,0],
[0,0],
[-19,105],
[9,-13],
[-11,-82],
[0,0],
[0,0],
[0,0],
[0,0],
[0,0],
[0,0],
[0,0],
[0,0],
[0,0],
[0,0],
[0,0],
[19,-193],
[-191,-298],
[-151,-56],
[0,0],
[0,0],
[0,0],
[0,0],
[0,0],
[0,0],
[0,0],
[0,0],
[0,0],
[0,0],
[0,0],
[-58,-207],
[-280,-73],
[-102,-60],
[0,0],
[0,0],
[0,0],
[0,0],
[0,0],
[0,0],
[0,0],
[0,0],
[0,0],
[0,0],
[0,0],
[-125,14],
[-131,-60],
[-43,-2],
[0,0],
[0,0],
[0,0],
[0,0],
[0,0],
[0,0],
[0,0],
[0,0],
[0,0],
[0,0],
[0,0],
[-30,14],
[-43,30],
[-9,35],
[0,0],
[0,0],
[0,0],
[0,0],
[0,0],
[0,0],
[0,0],
[0,0],
[0,0],
[0,0],
[0,0],
[0,32],
[-9,35],
[0,0],
[0,0],
[0,0],
[0,0],
[0,0],
[0,0],
[0,0],
[0,0],
[0,0],
[0,0],
[0,0],
[0,0],
[0,0],
[0,0],
[0,0],
[0,0],
[0,0],
[0,0],
[0,0],
[0,0],
[0,0],
[0,0],
[0,0],
[0,0],
[0,0],
[0,0],
[0,0],
[0,0],
[0,0],
[0,0],
[0,0],
[0,0],
[0,0],
[0,0],
[0,0],
[0,0],
[0,0],
[0,0],
[0,0],
[0,0],
[0,0],
[0,0],
[0,0],
[0,0],
[0,0],
[0,0],
[0,0],
[0,0],
[0,0],
[0,0],
[0,0],
[0,0],
[0,0],
[0,0],
[0,0],
[0,0],
[0,0],
[0,0],
[0,0],
[0,0],
[0,0],
[0,0],
[0,0],
[0,0],
[0,0],
[0,0],
[0,0],
[0,0],
[0,0],
[0,0],
[0,0],
[0,0],
[0,0],
[0,0],
[0,0],
[0,0],
[0,0],
[0,0],
[0,0],
[0,0],
[0,0],
[0,0],
[0,0],
[0,0],
[0,0],
[0,0],
[0,0],
[0,0],
[0,0],
[0,0],
[0,0],
[0,0],
[0,0],
[0,0],
[0,0],
[0,0],
[0,0],
[0,0],
[0,0],
[0,0],
[0,0],
[0,0],
[0,0],
[0,0],
[0,0],
[0,0],
[0,0],
[0,0],
[0,0],
[0,0],
[34,120],
[76,50],
[18,42],
[0,0],
[0,0],
[0,0],
[0,0],
[0,0],
[0,0],
[0,0],
[0,0],
[0,0],
[0,0],
[0,0],
[106,229],
[60,97],
[-14,-24],
[0,0],
[0,0],
[0,0],
[0,0],
[0,0],
[0,0],
[0,0],
[0,0],
[0,0],
[0,0],
[0,0],
[167,-152],
[-158,-256],
[-141,-48],
[0,0],
[0,0],
[0,0],
[0,0],
[0,0],
[0,0],
[0,0],
[0,0],
[0,0],
[0,0],
[0,0],
[41,-194],
[-278,-52],
[-84,-75],
[0,0],
[0,0],
[0,0],
[0,0],
[0,0],
[0,0],
[0,0],
[0,0],
[0,0],
[0,0],
[0,0],
[-107,13],
[-121,-52],
[-43,-2],
[0,0],
[0,0],
[0,0],
[0,0],
[0,0],
[0,0],
[0,0],
[0,0],
[0,0],
[0,0],
[0,0],
[-43,-8],
[-25,15],
[-9,35],
[0,0],
[0,0],
[0,0],
[0,0],
[0,0],
[0,0],
[0,0],
[0,0],
[0,0],
[0,0],
[0,0],
[0,32],
[-9,35],
[0,0],
[0,0],
[0,0],
[0,0],
[0,0],
[0,0],
[0,0],
[0,0],
[0,0],
[0,0],
[0,0],
[0,0],
[0,0],
[0,0],
[0,0],
[0,0],
[0,0],
[0,0],
[0,0],
[0,0],
[0,0],
[0,0],
[0,0],
[0,0],
[0,0],
[0,0],
[0,0],
[0,0],
[0,0],
[0,0],
[0,0],
[0,0],
[0,0],
[0,0],
[0,0],
[0,0],
[0,0],
[0,0],
[0,0],
[0,0],
[0,0],
[0,0],
[0,0],
[0,0],
[0,0],
[0,0],
[0,0],
[0,0],
[0,0],
[0,0],
[0,0],
[0,0],
[0,0],
[0,0],
[0,0],
[0,0],
[0,0],
[0,0],
[0,0],
[0,0],
[0,0],
[0,0],
[0,0],
[0,0],
[0,0],
[0,0],
[0,0],
[0,0],
[0,0],
[0,0],
[0,0],
[0,0],
[0,0],
[0,0],
[0,0],
[0,0],
[0,0],
[0,0],
[0,0],
[0,0],
[0,0],
[0,0],
[0,0],
[0,0],
[0,0],
[0,0],
[0,0],
[0,0],
[0,0],
[0,0],
[0,0],
[0,0],
[0,0],
[0,0],
[0,0],
[0,0],
[0,0],
[0,0],
[0,0],
[0,0],
[0,0],
[0,0],
[0,0],
[0,0],
[0,0],
[0,0],
[0,0],
[0,0],
[0,0],
[0,0],
[34,120],
[76,50],
[18,42],
[0,0],
[0,0],
[0,0],
[0,0],
[0,0],
[0,0],
[0,0],
[0,0],
[0,0],
[0,0],
[0,0],
[106,229],
[60,97],
[-14,-24],
[0,0],
[0,0],
[0,0],
[0,0],
[0,0],
[0,0],
[0,0],
[0,0],
[0,0],
[0,0],
[0,0],
[167,-152],
[-158,-256],
[-141,-48],
[0,0],
[0,0],
[0,0],
[0,0],
[0,0],
[0,0],
[0,0],
[0,0],
[0,0],
[0,0],
[0,0],
[41,-194],
[-278,-52],
[-84,-75],
[0,0],
[0,0],
[0,0],
[0,0],
[0,0],
[0,0],
[0,0],
[0,0],
[0,0],
[0,0],
[0,0],
[-107,13],
[-121,-52],
[-43,-2],
[0,0],
[0,0],
[0,0],
[0,0],
[0,0],
[0,0],
[0,0],
[0,0],
[0,0],
[0,0],
[0,0],
[-43,-8],
[-25,15],
[-9,35],
[0,0],
[0,0],
[0,0],
[0,0],
[0,0],
[0,0],
[0,0],
[0,0],
[0,0],
[0,0],
[0,0],
[0,32],
[-9,35],
[0,0],
[0,0],
[0,0],
[0,0],
[0,0],
[0,0],
[0,0],
[0,0],
[0,0],
[0,0],
[0,0],
[0,0],
[0,0],
[0,0],
[0,0],
[0,0],
[0,0],
[0,0],
[0,0],
[0,0],
[0,0],
[0,0],
[0,0],
[0,0],
[0,0],
[0,0],
[0,0],
[0,0],
[0,0],
[0,0],
[0,0],
[0,0],
[0,0],
[0,0],
[0,0],
[0,0],
[0,0],
[0,0],
[0,0],
[0,0],
[0,0],
[0,0],
[0,0],
[0,0],
[0,0],
[0,0],
[0,0],
[0,0],
[0,0],
[0,0],
[0,0],
[0,0],
[0,0],
[0,0],
[0,0],
[0,0],
[0,0],
[0,0],
[0,0],
[0,0],
[0,0],
[0,0],
[0,0],
[0,0],
[0,0],
[0,0],
[0,0],
[0,0],
[0,0],
[0,0],
[0,0],
[0,0],
[0,0],
[0,0],
[0,0],
[0,0],
[0,0],
[0,0],
[0,0],
[0,0],
[0,0],
[0,0],
[0,0],
[0,0],
[0,0],
[0,0],
[0,0],
[0,0],
[0,0],
[0,0],
[0,0],
[0,0],
[0,0],
[0,0],
[0,0],
[0,0],
[0,0],
[0,0],
[0,0],
[0,0],
[0,0],
[0,0],
[0,0],
[0,0],
[0,0],
[0,0],
[0,0],
[0,0],
[0,0],
[0,0],
[32,128],
[63,65],
[16,41],
[0,0],
[0,0],
[0,0],
[0,0],
[0,0],
[0,0],
[0,0],
[0,0],
[0,0],
[0,0],
[0,0],
[107,229],
[26,112],
[-37,-36],
[0,0],
[0,0],
[0,0],
[0,0],
[0,0],
[0,0],
[0,0],
[0,0],
[0,0],
[0,0],
[0,0],
[138,-168],
[-208,-272],
[-169,-49],
[0,0],
[0,0],
[0,0],
[0,0],
[0,0],
[0,0],
[0,0],
[0,0],
[0,0],
[0,0],
[0,0],
[17,-230],
[-333,-57],
[-112,-76],
[0,0],
[0,0],
[0,0],
[0,0],
[0,0],
[0,0],
[0,0],
[0,0],
[0,0],
[0,0],
[0,0],
[-129,-31],
[-163,-72],
[-69,-2],
[0,0],
[0,0],
[0,0],
[0,0],
[0,0],
[0,0],
[0,0],
[0,0],
[0,0],
[0,0],
[0,0],
[-68,-44],
[-46,-5],
[-14,46],
[0,0],
[0,0],
[0,0],
[0,0],
[0,0],
[0,0],
[0,0],
[0,0],
[0,0],
[0,0],
[0,0],
[5,12],
[-14,46],
[0,0],
[0,0],
[0,0],
[0,0],
[0,0],
[0,0],
[0,0],
[0,0],
[0,0],
[0,0],
[0,0],
[0,0],
[0,0],
[0,0],
[0,0],
[0,0],
[0,0],
[0,0],
[0,0],
[0,0],
[0,0],
[0,0],
[0,0],
[0,0],
[0,0],
[0,0],
[0,0],
[0,0],
[0,0],
[0,0],
[0,0],
[0,0],
[0,0],
[0,0],
[0,0],
[0,0],
[0,0],
[0,0],
[0,0],
[0,0],
[0,0],
[0,0],
[0,0],
[0,0],
[0,0],
[0,0],
[0,0],
[0,0],
[0,0],
[0,0],
[0,0],
[0,0],
[0,0],
[0,0],
[0,0],
[0,0],
[0,0],
[0,0],
[0,0],
[0,0],
[0,0],
[0,0],
[0,0],
[0,0],
[0,0],
[0,0],
[0,0],
[0,0],
[0,0],
[0,0],
[0,0],
[0,0],
[0,0],
[0,0],
[0,0],
[0,0],
[0,0],
[0,0],
[0,0],
[0,0],
[0,0],
[0,0],
[0,0],
[0,0],
[0,0],
[0,0],
[0,0],
[0,0],
[0,0],
[0,0],
[0,0],
[0,0],
[0,0],
[0,0],
[0,0],
[0,0],
[0,0],
[0,0],
[0,0],
[0,0],
[0,0],
[0,0],
[0,0],
[0,0],
[0,0],
[0,0],
[0,0],
[0,0],
[0,0],
[0,0],
[-20,115],
[-6,117],
[-52,62],
[0,0],
[0,0],
[0,0],
[0,0],
[0,0],
[0,0],
[0,0],
[0,0],
[0,0],
[0,0],
[0,0],
[-75,304],
[-115,243],
[-177,3],
[0,0],
[0,0],
[0,0],
[0,0],
[0,0],
[0,0],
[0,0],
[0,0],
[0,0],
[0,0],
[0,0],
[-109,-19],
[-432,-135],
[-274,20],
[0,0],
[0,0],
[0,0],
[0,0],
[0,0],
[0,0],
[0,0],
[0,0],
[0,0],
[0,0],
[0,0],
[-180,-129],
[-518,52],
[-145,-25],
[0,0],
[0,0],
[0,0],
[0,0],
[0,0],
[0,0],
[0,0],
[0,0],
[0,0],
[0,0],
[0,0],
[-209,9],
[-196,-21],
[-69,-2],
[0,0],
[0,0],
[0,0],
[0,0],
[0,0],
[0,0],
[0,0],
[0,0],
[0,0],
[0,0],
[0,0],
[-68,-44],
[-46,-5],
[-14,46],
[0,0],
[0,0],
[0,0],
[0,0],
[0,0],
[0,0],
[0,0],
[0,0],
[0,0],
[0,0],
[0,0],
[5,12],
[-14,46],
[0,0],
[0,0],
[0,0],
[0,0],
[0,0],
[0,0],
[0,0],
[0,0],
[0,0],
[0,0],
[0,0],
[0,0],
[0,0],
[0,0],
[0,0],
[0,0],
[0,0],
[0,0],
[0,0],
[0,0],
[0,0],
[0,0],
[0,0],
[0,0],
[0,0],
[0,0],
[0,0],
[0,0],
[0,0],
[0,0],
[0,0],
[0,0],
[0,0],
[0,0],
[0,0],
[0,0],
[0,0],
[0,0],
[0,0],
[0,0],
[0,0],
[0,0],
[0,0],
[0,0],
[0,0],
[0,0],
[0,0],
[0,0],
[0,0],
[0,0],
[0,0],
[0,0],
[0,0],
[0,0],
[0,0],
[0,0],
[0,0],
[0,0],
[0,0],
[0,0],
[0,0],
[0,0],
[0,0],
[0,0],
[0,0],
[0,0],
[0,0],
[0,0],
[0,0],
[0,0],
[0,0],
[0,0],
[0,0],
[0,0],
[0,0],
[0,0],
[0,0],
[0,0],
[0,0],
[0,0],
[0,0],
[0,0],
[0,0],
[0,0],
[0,0],
[0,0],
[0,0],
[0,0],
[0,0],
[0,0],
[0,0],
[0,0],
[0,0],
[0,0],
[0,0],
[0,0],
[0,0],
[0,0],
[0,0],
[0,0],
[0,0],
[0,0],
[0,0],
[0,0],
[0,0],
[0,0],
[0,0],
[0,0],
[0,0],
[0,0],
[-47,113],
[4,116],
[-82,54],
[0,0],
[0,0],
[0,0],
[0,0],
[0,0],
[0,0],
[0,0],
[0,0],
[0,0],
[0,0],
[0,0],
[-34,330],
[-126,236],
[-200,5],
[0,0],
[0,0],
[0,0],
[0,0],
[0,0],
[0,0],
[0,0],
[0,0],
[0,0],
[0,0],
[0,0],
[-125,-84],
[-496,-143],
[-311,31],
[0,0],
[0,0],
[0,0],
[0,0],
[0,0],
[0,0],
[0,0],
[0,0],
[0,0],
[0,0],
[0,0],
[-248,-141],
[-545,62],
[-175,-33],
[0,0],
[0,0],
[0,0],
[0,0],
[0,0],
[0,0],
[0,0],
[0,0],
[0,0],
[0,0],
[0,0],
[-168,35],
[-207,-28],
[-92,0],
[0,0],
[0,0],
[0,0],
[0,0],
[0,0],
[0,0],
[0,0],
[0,0],
[0,0],
[0,0],
[0,0],
[-84,-109],
[-110,-13],
[-51,57],
[0,0],
[0,0],
[0,0],
[0,0],
[0,0],
[0,0],
[0,0],
[0,0],
[0,0],
[0,0],
[0,0],
[-36,2],
[-51,57],
[0,0],
[0,0],
[0,0],
[0,0],
[0,0],
[0,0],
[0,0],
[0,0],
[0,0],
[0,0],
[0,0],
[0,0],
[0,0],
[0,0],
[0,0],
[0,0],
[0,0],
[0,0],
[0,0],
[0,0],
[0,0],
[0,0],
[0,0],
[0,0],
[0,0],
[0,0],
[0,0],
[0,0],
[0,0],
[0,0],
[0,0],
[0,0],
[0,0],
[0,0],
[0,0],
[0,0],
[0,0],
[0,0],
[0,0],
[0,0],
[0,0],
[0,0],
[0,0],
[0,0],
[0,0],
[0,0],
[0,0],
[0,0],
[0,0],
[0,0],
[0,0],
[0,0],
[0,0],
[0,0],
[0,0],
[0,0],
[0,0],
[0,0],
[0,0],
[0,0],
[0,0],
[0,0],
[0,0],
[0,0],
[0,0],
[0,0],
[0,0],
[0,0],
[0,0],
[0,0],
[0,0],
[0,0],
[0,0],
[0,0],
[0,0],
[0,0],
[0,0],
[0,0],
[0,0],
[0,0],
[0,0],
[0,0],
[0,0],
[0,0],
[0,0],
[0,0],
[0,0],
[0,0],
[0,0],
[0,0],
[0,0],
[0,0],
[0,0],
[0,0],
[0,0],
[0,0],
[0,0],
[0,0],
[0,0],
[0,0],
[0,0],
[0,0],
[0,0],
[0,0],
[0,0],
[0,0],
[0,0],
[0,0],
[0,0],
[0,0],
[-47,113],
[4,116],
[-82,54],
[0,0],
[0,0],
[0,0],
[0,0],
[0,0],
[0,0],
[0,0],
[0,0],
[0,0],
[0,0],
[0,0],
[-34,330],
[-126,236],
[-200,5],
[0,0],
[0,0],
[0,0],
[0,0],
[0,0],
[0,0],
[0,0],
[0,0],
[0,0],
[0,0],
[0,0],
[-102,-106],
[-504,-149],
[-318,16],
[0,0],
[0,0],
[0,0],
[0,0],
[0,0],
[0,0],
[0,0],
[0,0],
[0,0],
[0,0],
[0,0],
[-220,-155],
[-533,32],
[-194,-48],
[0,0],
[0,0],
[0,0],
[0,0],
[0,0],
[0,0],
[0,0],
[0,0],
[0,0],
[0,0],
[0,0],
[-155,34],
[-190,-58],
[-107,-29],
[0,0],
[0,0],
[0,0],
[0,0],
[0,0],
[0,0],
[0,0],
[0,0],
[0,0],
[0,0],
[0,0],
[-67,-124],
[-116,-48],
[-54,28],
[0,0],
[0,0],
[0,0],
[0,0],
[0,0],
[0,0],
[0,0],
[0,0],
[0,0],
[0,0],
[0,0],
[-27,-4],
[-54,28],
[0,0],
[0,0],
[0,0],
[0,0],
[0,0],
[0,0],
[0,0],
[0,0],
[0,0],
[0,0],
[0,0],
[0,0],
[0,0],
[0,0],
[0,0],
[0,0],
[0,0],
[0,0],
[0,0],
[0,0],
[0,0],
[0,0],
[0,0],
[0,0],
[0,0],
[0,0],
[0,0],
[0,0],
[0,0],
[0,0],
[0,0],
[0,0],
[0,0],
[0,0],
[0,0],
[0,0],
[0,0],
[0,0],
[0,0],
[0,0],
[0,0],
[0,0],
[0,0],
[0,0],
[0,0],
[0,0],
[0,0],
[0,0],
[0,0],
[0,0],
[0,0],
[0,0],
[0,0],
[0,0],
[0,0],
[0,0],
[0,0],
[0,0],
[0,0],
[0,0],
[0,0],
[0,0],
[0,0],
[0,0],
[0,0],
[0,0],
[0,0],
[0,0],
[0,0],
[0,0],
[0,0],
[0,0],
[0,0],
[0,0],
[0,0],
[0,0],
[0,0],
[0,0],
[0,0],
[0,0],
[0,0],
[0,0],
[0,0],
[0,0],
[0,0],
[0,0],
[0,0],
[0,0],
[0,0],
[0,0],
[0,0],
[0,0],
[0,0],
[0,0],
[0,0],
[0,0],
[0,0],
[0,0],
[0,0],
[0,0],
[0,0],
[0,0],
[0,0],
[0,0],
[0,0],
[0,0],
[0,0],
[0,0],
[0,0],
[0,0],
[-47,113],
[4,116],
[-82,54],
[0,0],
[0,0],
[0,0],
[0,0],
[0,0],
[0,0],
[0,0],
[0,0],
[0,0],
[0,0],
[0,0],
[-34,330],
[-126,236],
[-200,5],
[0,0],
[0,0],
[0,0],
[0,0],
[0,0],
[0,0],
[0,0],
[0,0],
[0,0],
[0,0],
[0,0],
[-102,-106],
[-504,-149],
[-318,16],
[0,0],
[0,0],
[0,0],
[0,0],
[0,0],
[0,0],
[0,0],
[0,0],
[0,0],
[0,0],
[0,0],
[-220,-155],
[-533,32],
[-194,-48],
[0,0],
[0,0],
[0,0],
[0,0],
[0,0],
[0,0],
[0,0],
[0,0],
[0,0],
[0,0],
[0,0],
[-155,34],
[-190,-58],
[-107,-29],
[0,0],
[0,0],
[0,0],
[0,0],
[0,0],
[0,0],
[0,0],
[0,0],
[0,0],
[0,0],
[0,0],
[-67,-124],
[-116,-48],
[-54,28],
[0,0],
[0,0],
[0,0],
[0,0],
[0,0],
[0,0],
[0,0],
[0,0],
[0,0],
[0,0],
[0,0],
[-27,-4],
[-54,28],
[0,0],
[0,0],
[0,0],
[0,0],
[0,0],
[0,0],
[0,0],
[0,0],
[0,0],
[0,0],
[0,0],
[0,0],
[0,0],
[0,0],
[0,0],
[0,0],
[0,0],
[0,0],
[0,0],
[0,0],
[0,0],
[0,0],
[0,0],
[0,0],
[0,0],
[0,0],
[0,0],
[0,0],
[0,0],
[0,0],
[0,0],
[0,0],
[0,0],
[0,0],
[0,0],
[0,0],
[0,0],
[0,0],
[0,0],
[0,0],
[0,0],
[0,0],
[0,0],
[0,0],
[0,0],
[0,0],
[0,0],
[0,0],
[0,0],
[0,0],
[0,0],
[0,0],
[0,0],
[0,0],
[0,0],
[0,0],
[0,0],
[0,0],
[0,0],
[0,0],
[0,0],
[0,0],
[0,0],
[0,0],
[0,0],
[0,0],
[0,0],
[0,0],
[0,0],
[0,0],
[0,0],
[0,0],
[0,0],
[0,0],
[0,0],
[0,0],
[0,0],
[0,0],
[0,0],
[0,0],
[0,0],
[0,0],
[0,0],
[0,0],
[0,0],
[0,0],
[0,0],
[0,0],
[0,0],
[0,0],
[0,0],
[0,0],
[0,0],
[0,0],
[0,0],
[0,0],
[0,0],
[0,0],
[0,0],
[0,0],
[0,0],
[0,0],
[0,0],
[0,0],
[0,0],
[0,0],
[0,0],
[0,0],
[0,0],
[0,0],
[-47,113],
[4,116],
[-82,54],
[0,0],
[0,0],
[0,0],
[0,0],
[0,0],
[0,0],
[0,0],
[0,0],
[0,0],
[0,0],
[0,0],
[-31,377],
[-147,268],
[-206,12],
[0,0],
[0,0],
[0,0],
[0,0],
[0,0],
[0,0],
[0,0],
[0,0],
[0,0],
[0,0],
[0,0],
[-105,-121],
[-537,-164],
[-339,11],
[0,0],
[0,0],
[0,0],
[0,0],
[0,0],
[0,0],
[0,0],
[0,0],
[0,0],
[0,0],
[0,0],
[-246,-155],
[-576,25],
[-201,-65],
[0,0],
[0,0],
[0,0],
[0,0],
[0,0],
[0,0],
[0,0],
[0,0],
[0,0],
[0,0],
[0,0],
[-170,49],
[-197,-75],
[-107,-29],
[0,0],
[0,0],
[0,0],
[0,0],
[0,0],
[0,0],
[0,0],
[0,0],
[0,0],
[0,0],
[0,0],
[-67,-124],
[-116,-48],
[-54,28],
[0,0],
[0,0],
[0,0],
[0,0],
[0,0],
[0,0],
[0,0],
[0,0],
[0,0],
[0,0],
[0,0],
[-27,-4],
[-54,28],
[0,0],
[0,0],
[0,0],
[0,0],
[0,0],
[0,0],
[0,0],
[0,0],
[0,0],
[0,0],
[0,0],
[0,0],
[0,0],
[0,0],
[0,0],
[0,0],
[0,0],
[0,0],
[0,0],
[0,0],
[0,0],
[0,0],
[0,0],
[0,0],
[0,0],
[0,0],
[0,0],
[0,0],
[0,0],
[0,0],
[0,0],
[0,0],
[0,0],
[0,0],
[0,0],
[0,0],
[0,0],
[0,0],
[0,0],
[0,0],
[0,0],
[0,0],
[0,0],
[0,0],
[0,0],
[0,0],
[0,0],
[0,0],
[0,0],
[0,0],
[0,0],
[0,0],
[0,0],
[0,0],
[0,0],
[0,0],
[0,0],
[0,0],
[0,0],
[0,0],
[0,0],
[0,0],
[0,0],
[0,0],
[0,0],
[0,0],
[0,0],
[0,0],
[0,0],
[0,0],
[0,0],
[0,0],
[0,0],
[0,0],
[0,0],
[0,0],
[0,0],
[0,0],
[0,0],
[0,0],
[0,0],
[0,0],
[0,0],
[0,0],
[0,0],
[0,0],
[0,0],
[0,0],
[0,0],
[0,0],
[0,0],
[0,0],
[0,0],
[0,0],
[0,0],
[0,0],
[0,0],
[0,0],
[0,0],
[0,0],
[0,0],
[0,0],
[0,0],
[0,0],
[0,0],
[0,0],
[0,0],
[0,0],
[0,0],
[0,0],
[-47,113],
[4,116],
[-82,54],
[0,0],
[0,0],
[0,0],
[0,0],
[0,0],
[0,0],
[0,0],
[0,0],
[0,0],
[0,0],
[0,0],
[-31,377],
[-147,268],
[-206,12],
[0,0],
[0,0],
[0,0],
[0,0],
[0,0],
[0,0],
[0,0],
[0,0],
[0,0],
[0,0],
[0,0],
[-105,-121],
[-537,-164],
[-339,11],
[0,0],
[0,0],
[0,0],
[0,0],
[0,0],
[0,0],
[0,0],
[0,0],
[0,0],
[0,0],
[0,0],
[-246,-155],
[-576,25],
[-201,-65],
[0,0],
[0,0],
[0,0],
[0,0],
[0,0],
[0,0],
[0,0],
[0,0],
[0,0],
[0,0],
[0,0],
[-170,49],
[-197,-75],
[-107,-29],
[0,0],
[0,0],
[0,0],
[0,0],
[0,0],
[0,0],
[0,0],
[0,0],
[0,0],
[0,0],
[0,0],
[-67,-124],
[-116,-48],
[-54,28],
[0,0],
[0,0],
[0,0],
[0,0],
[0,0],
[0,0],
[0,0],
[0,0],
[0,0],
[0,0],
[0,0],
[-27,-4],
[-54,28],
[0,0],
[0,0],
[0,0],
[0,0],
[0,0],
[0,0],
[0,0],
[0,0],
[0,0],
[0,0],
[0,0],
[0,0],
[0,0],
[0,0],
[0,0],
[0,0],
[0,0],
[0,0],
[0,0],
[0,0],
[0,0],
[0,0],
[0,0],
[0,0],
[0,0],
[0,0],
[0,0],
[0,0],
[0,0],
[0,0],
[0,0],
[0,0],
[0,0],
[0,0],
[0,0],
[0,0],
[0,0],
[0,0],
[0,0],
[0,0],
[0,0],
[0,0],
[0,0],
[0,0],
[0,0],
[0,0],
[0,0],
[0,0],
[0,0],
[0,0],
[0,0],
[0,0],
[0,0],
[0,0],
[0,0],
[0,0],
[0,0],
[0,0],
[0,0],
[0,0],
[0,0],
[0,0],
[0,0],
[0,0],
[0,0],
[0,0],
[0,0],
[0,0],
[0,0],
[0,0],
[0,0],
[0,0],
[0,0],
[0,0],
[0,0],
[0,0],
[0,0],
[0,0],
[0,0],
[0,0],
[0,0],
[0,0],
[0,0],
[0,0],
[0,0],
[0,0],
[0,0],
[0,0],
[0,0],
[0,0],
[0,0],
[0,0],
[0,0],
[0,0],
[0,0],
[0,0],
[0,0],
[0,0],
[0,0],
[0,0],
[0,0],
[0,0],
[0,0],
[0,0],
[0,0],
[0,0],
[0,0],
[0,0],
[0,0],
[0,0],
[-47,113],
[4,116],
[-82,54],
[0,0],
[0,0],
[0,0],
[0,0],
[0,0],
[0,0],
[0,0],
[0,0],
[0,0],
[0,0],
[0,0],
[-31,377],
[-147,268],
[-206,12],
[0,0],
[0,0],
[0,0],
[0,0],
[0,0],
[0,0],
[0,0],
[0,0],
[0,0],
[0,0],
[0,0],
[-105,-121],
[-537,-164],
[-339,11],
[0,0],
[0,0],
[0,0],
[0,0],
[0,0],
[0,0],
[0,0],
[0,0],
[0,0],
[0,0],
[0,0],
[-246,-155],
[-576,25],
[-201,-65],
[0,0],
[0,0],
[0,0],
[0,0],
[0,0],
[0,0],
[0,0],
[0,0],
[0,0],
[0,0],
[0,0],
[-170,49],
[-197,-75],
[-107,-29],
[0,0],
[0,0],
[0,0],
[0,0],
[0,0],
[0,0],
[0,0],
[0,0],
[0,0],
[0,0],
[0,0],
[-67,-124],
[-116,-48],
[-54,28],
[0,0],
[0,0],
[0,0],
[0,0],
[0,0],
[0,0],
[0,0],
[0,0],
[0,0],
[0,0],
[0,0],
[-27,-4],
[-54,28],
[0,0],
[0,0],
[0,0],
[0,0],
[0,0],
[0,0],
[0,0],
[0,0],
[0,0],
[0,0],
[0,0],
[0,0],
[0,0],
[0,0],
[0,0],
[0,0],
[0,0],
[0,0],
[0,0],
[0,0],
[0,0],
[0,0],
[24,7],
[0,0],
[0,0],
[0,0],
[0,0],
[26,37],
[0,0],
[0,0],
[0,0],
[0,0],
[28,53],
[0,0],
[0,0],
[0,0],
[0,0],
[0,0],
[0,0],
[0,0],
[0,0],
[0,0],
[-31,-35],
[0,0],
[0,0],
[0,0],
[0,0],
[47,-113],
[0,0],
[0,0],
[0,0],
[0,0],
[17,-22],
[0,0],
[0,0],
[0,0],
[0,0],
[28,53],
[0,0],
[0,0],
[0,0],
[0,0],
[0,0],
[0,0],
[0,0],
[0,0],
[0,0],
[-31,-35],
[0,0],
[0,0],
[0,0],
[0,0],
[24,-136],
[-1,-23],
[0,0],
[0,0],
[0,0],
[15,-38],
[25,-23],
[0,0],
[0,0],
[0,0],
[-35,59],
[-4,12],
[0,0],
[0,0],
[0,0],
[0,0],
[0,0],
[0,0],
[0,0],
[0,0],
[-31,-35],
[0,0],
[0,0],
[0,0],
[0,0],
[52,-181],
[25,-51],
[0,0],
[0,0],
[0,0],
[81,-66],
[33,-45],
[0,0],
[0,0],
[0,0],
[3,32],
[-7,24],
[0,0],
[0,0],
[0,0],
[0,0],
[0,0],
[0,0],
[0,0],
[0,0],
[-3,-26],
[11,-4],
[0,0],
[0,0],
[0,0],
[36,-216],
[24,-74],
[0,0],
[0,0],
[0,0],
[6,-79],
[-13,-30],
[0,0],
[0,0],
[0,0],
[-43,47],
[-7,24],
[0,0],
[0,0],
[0,0],
[0,0],
[0,0],
[0,0],
[0,0],
[0,0],
[15,-11],
[11,-4],
[0,0],
[0,0],
[0,0],
[53,-189],
[42,-59],
[0,0],
[0,0],
[0,0],
[7,-93],
[25,14],
[0,0],
[53,-189],
